3.24万/月,1.8元/m²/天,600m²,商业街店铺,60个月,金山区 -山阳,杭州湾大道1888号,3.24万/月,押2付6,60个月,物业类型,二手房,商业街店铺-临街,空置中,餐饮美食-餐馆,1-2层/共2层,面宽10m、层高5.5m、进深18m,办公、学生、居民,暂无数据,"['上水', '下水', '管煤', '可明火']","[['金山3路; 金山8路; 莲石专线; 浦卫线; 石青专线[南段]; 松卫专线', 'A', '金山区人民政府', '距离0.67km']]"
1.05万/月,1元/m²/天,350m²,临街门面,12个月,金山区 -石化,杭州湾大道1888号,1.05万/月,押1付6,12个月,物业类型,新房,临街门面-临街,空置中,餐饮美食-餐馆,1层/共1层,面宽15m、层高6.9m、进深30m,办公、居民、旅游,"物业费1元/m²/天,电费1元/度,水费1元/吨","['排烟', '货梯', '客梯', '中央空调']","[['金山3路; 金山8路; 莲石专线; 浦卫线; 石青专线[南段]; 松卫专线', 'A', '金山区人民政府', '距离0.67km']]"
4500元/月,3元/m²/天,50m²,临街门面,6个月,金山区 -金山新城,龙皓路1738弄,4500元/月,押1付6,6个月,物业类型,新房,临街门面-临街,空置中,暂无数据,1-2层/共2层,面宽5m、层高6.9m、进深10m,居民、其他,暂无数据,['停车位'],"[['金山4路; 金山8路', 'A', '西静路龙皓路', '距离0.23km']]"
,,,,,,,,,,,,,,,,,,,[],[]
6000元/月,10元/m²/天,20m²,商业街店铺,12个月,金山区 -石化,卫零路,6000元/月,押1付3,12个月,物业类型,二手房,商业街店铺-临街,经营中,餐饮美食-小吃店,1层/共1层,面宽4m、层高3m、进深5m,办公、学生、居民,暂无数据,"['上水', '下水', '380v']","[['虹桥枢纽7路; 金山1路内圈[师大二附中方向]; 金山1路外圈[工人文化宫方向]; 金山2路; 金山3路; 金山6路; 金山7路; 金山9路; 金石线; 浦卫线; 山阳二路; 山阳二路工业区; 上石线; 石胡专线; 石化三线; 石梅线; 石南专线; 石青专线[南段]; 石漕线; 松卫线; 松卫专线; 塘卫线; 朱卫线高速; 朱卫专线[地面]', 'A', '石化汽车站', '距离0.21km']]"
7.31万/月,2.2元/m²/天,1107m²,临街门面,36个月,金山区 -石化,卫零路,7.31万/月,押2付3,36个月,物业类型,二手房,临街门面-临街,空置中,餐饮美食-餐馆,独栋/共3层,面宽20m、层高4m、进深18m,办公、居民、学生,暂无数据,"['天燃气', '管煤', '380v', '货梯', '客梯', '可明火']",[]
6万/月,4元/m²/天,500m²,商业街店铺,6个月,金山区 -石化,山鑫城市广场,6万/月,押1付6,6个月,物业类型,二手房,商业街店铺-临街,空置中,餐饮美食-餐馆,1层/共12层,面宽10m、层高6.8m、进深30m,办公、居民、学生,暂无数据,"['上水', '下水', '排烟', '排污', '停车位', '中央空调', '可明火']",[]
3万/月,10元/m²/天,100m²,商业街店铺,24个月,金山区 -漕泾,通河路,3万/月,押3付3,24个月,物业类型,新房,商业街店铺-临街,空置中,暂无数据,1层/共1层,面宽10m、层高4m、进深10m,办公、学生、居民,暂无数据,"['网络', '暖气', '天燃气', '上水', '下水', '排烟', '排污', '管煤', '停车位', '380v', '扶梯', '货梯', '客梯', '中央空调', '外摆区', '可明火']","[['地铁1号线', 'A', '通河新村', '距离0.66km']]"
68.58万/月,1.2元/m²/天,19049.34m²,其他,暂无数据,金山区 -枫泾,叶榭镇,68.58万/月,押2付3,暂无数据,物业类型,二手房,其他-临街,空置中,暂无数据,独栋/共4层,面宽1m、层高1m、进深1m,办公、居民、旅游,暂无数据,"['上水', '下水', '排污']","[['882路', 'A', '叶榭镇', '距离0.00km']]"
8000元/月,13.33元/m²/天,20m²,档口摊位,12个月,金山区 -金山周边,绿色米兰奥特莱斯,8000元/月,押2付2,12个月,物业类型,新房,档口摊位-临街,空置中,餐饮美食-小吃店,-1层/共6层,面宽3.5m、层高3.8m、进深6m,办公、学生、居民,暂无数据,"['网络', '暖气', '天燃气', '上水', '下水', '排烟', '排污', '管煤', '停车位', '380v', '扶梯', '货梯', '客梯', '中央空调', '可明火']","[['地铁10号线', 'A', '国权路', '距离0.79km']]"
30万/月,2元/m²/天,5000m²,商业街店铺,6个月,金山区 -金山周边,卫清西路,30万/月,押1付6,6个月,物业类型,二手房,商业街店铺-临街,空置中,餐饮美食-餐馆,独栋/共4层,面宽35m、层高5m、进深32m,旅游、居民、办公,暂无数据,"['上水', '下水', '排烟', '排污', '停车位', '客梯', '可明火']","[['金山3路; 金山5路; 金张卫支线; 上石线', 'A', '金山区医保中心', '距离0.94km']]"
1.55万/月,2.5元/m²/天,207m²,临街门面,6个月,金山区 -石化,龙胜东路828弄,1.55万/月,押1付6,6个月,物业类型,二手房,临街门面-临街,空置中,生活服务-职介所,1-2层/共2层,面宽4m、层高6m、进深10m,居民、旅游、学生,暂无数据,"['上水', '下水', '停车位', '可明火']","[['金山铁路大站停[车墩/亭林]; 金山铁路大站停新桥/亭林; 金山铁路站站停; 金山铁路直达', 'A', '金山卫站', '距离0.71km']]"
30万/月,2元/m²/天,5000m²,购物百货中心,60个月,金山区 -朱行,卫清西路188号,30万/月,押1付6,60个月,物业类型,二手房,购物百货中心-临街,空置中,餐饮美食-餐馆,独栋/共4层,面宽50m、层高5.5m、进深40m,办公、学生、居民,暂无数据,"['网络', '暖气', '天燃气', '上水', '下水', '排烟', '排污', '管煤', '停车位', '380v', '客梯', '可明火']","[['金山3路; 金山5路; 金张卫支线; 上石线', 'A', '金山区医保中心', '距离0.60km']]"
1.71万/月,1.5元/m²/天,380m²,临街门面,6个月,金山区 -石化,蒙山路,1.71万/月,押1付6,6个月,物业类型,二手房,临街门面-临街,空置中,休闲娱乐-足浴,1-3层/共5层,面宽20m、层高6.9m、进深19m,办公、学生、居民,"物业费1元/m²/天,电费1元/度,水费1元/吨","['网络', '上水', '货梯', '客梯', '中央空调', '外摆区', '可明火']",[]
1700元/月,0.71元/m²/天,80m²,临街门面,12个月,金山区 -金山卫,金山卫镇社区卫生服务中心-西门,1700元/月,押1付3,12个月,物业类型,二手房,临街门面-临街,经营中,餐饮美食-小吃店,1层/共1层,面宽43m、层高3.6m、进深20m,居民、办公、其他,"物业费1元/m²/天,电费1.3元/度,水费6元/吨","['上水', '下水', '可明火']","[['金山2路; 金山卫二路; 金山卫二路砖瓦厂', 'A', '板桥西路古城路', '距离0.75km']]"
1.8万/月,3.33元/m²/天,180m²,商业街店铺,36个月,金山区 -石化,隆安路/蒙山路(路口),1.8万/月,押2付4,36个月,物业类型,二手房,商业街店铺-临街,空置中,百货超市-超市,1层/共4层,面宽8m、层高5m、进深20m,办公、居民,暂无数据,"['上水', '下水', '排烟', '380v', '可明火']","[['金山1路内圈[师大二附中方向]; 金山1路外圈[工人文化宫方向]; 金山5路; 山阳二路; 朱钱卫线', 'A', '上师大二附中', '距离0.59km']]"
4200元/月,2.5元/m²/天,56m²,临街门面,12个月,金山区 -石化,卫清西路,4200元/月,押1付12,12个月,物业类型,新房,临街门面-临街,空置中,电器通讯-电脑店,-9层/共2层,面宽3.8m、层高5.5m、进深15m,办公、学生、居民、其他,"物业费3.5元/m²/天,电费1元/度,水费5元/吨","['上水', '下水', '扶梯']","[['金山3路; 金山5路; 金张卫支线; 上石线', 'A', '金山区医保中心', '距离0.63km']]"
8333元/月,11.11元/m²/天,25m²,商业街店铺,12个月,金山区 -张堰,中侨职业技术学院(金山校区),8333元/月,押1付11,12个月,物业类型,新房,商业街店铺-临街,经营中,其他,独栋/共1层,面宽6m、层高4m、进深4m,学生,"物业费1元/m²/天,电费1元/度,水费1元/吨","['暖气', '上水', '下水', '停车位']","[['莲卫专线', 'A', '中侨学院', '距离0.27km']]"
,,,,,,,,,,,,,,,,,,,[],[]
6000元/月,0.99元/m²/天,203m²,其他,36个月,金山区 -亭林,上海电器城,6000元/月,押1付12,36个月,物业类型,二手房,其他-临街,空置中,家居建材-五金店,2-3层/共4层,面宽40m、层高4m、进深12m,其他,"物业费2元/m²/天,电费1.2元/度,水费6元/吨","['停车位', '外摆区']","[['南金线; 南青专线[南段]; 浦卫线', 'A', '横塘桥', '距离1.13km']]"
7.32万/月,2.2元/m²/天,1108.77m²,临街门面,36个月,金山区 -金山卫,金山区卫零路617号,7.32万/月,押1付6,36个月,物业类型,二手房,临街门面-临街,经营中,餐饮美食-餐馆,1-3层/共3层,面宽4m、层高3.95m、进深8m,学生、居民、办公,"物业费0.8元/m²/天,电费1元/度,水费5.5元/吨","['网络', '上水', '下水', '排烟', '排污', '停车位', '可明火']","[['金山6路; 莲石专线; 浦卫线; 石青专线[南段]; 石漕线; 松卫线; 松卫专线; 朱钱卫线; 朱卫专线[地面]', 'A', '卫零路金山大道', '距离0.75km']]"
5070元/月,1.3元/m²/天,130m²,商业街店铺,36个月,金山区 -金山新城,格林豪泰酒店(上海市金山万达广场龙翔路快捷酒店),5070元/月,押2付2,36个月,物业类型,新房,商业街店铺-临街,空置中,其他,2层/共3层,面宽13m、层高4.5m、进深10m,办公、学生、居民,"物业费2.5元/m²/天,电费1.5元/度,水费1元/吨","['停车位', '扶梯', '货梯', '客梯']","[['金山3路; 金山8路; 莲石专线; 浦卫线; 石青专线[南段]; 松卫专线', 'A', '金山区人民政府', '距离0.78km']]"
8000元/月,4.44元/m²/天,60m²,商业街店铺,12个月,金山区 -山阳,蒙山北路/龙翔路(路口),8000元/月,押3付3,12个月,物业类型,二手房,商业街店铺-临街,经营中,美容美发-美发店,1层/共1层,面宽6m、层高3.8m、进深10m,居民、学生、办公、旅游、其他,"物业费1元/m²/天,电费1元/度,水费1元/吨","['网络', '暖气', '排污', '停车位', '中央空调', '外摆区', '可明火']","[['金山3路; 金山8路; 莲石专线; 浦卫线; 石青专线[南段]; 松卫专线', 'A', '金山区人民政府', '距离0.96km']]"
6320元/月,1.32元/m²/天,160m²,商业街店铺,12个月,金山区 -山阳,上海市金山区蒙山北路515号,6320元/月,押1付3,12个月,物业类型,二手房,商业街店铺-临街,经营中,美容美发-美容院,3层/共3层,面宽15m、层高3.8m、进深6m,居民、办公、其他、旅游、学生,"物业费13.3元/m²/天,电费1元/度,水费1元/吨","['网络', '下水', '排污', '停车位', '扶梯', '客梯', '外摆区']","[['金山3路; 金山8路; 莲石专线; 浦卫线; 石青专线[南段]; 松卫专线', 'A', '金山区人民政府', '距离0.92km']]"
1.35万/月,3.52元/m²/天,128m²,社区底商,12个月,金山区 -张堰,美溪里,1.35万/月,押1付3,12个月,物业类型,二手房,社区底商-临街,空置中,其他,1层/共2层,面宽30m、层高60m、进深60m,办公、学生、居民、其他,"物业费2元/m²/天,电费2元/度,水费2元/吨","['上水', '下水']","[['虹桥枢纽7路; 金张卫支线; 松卫线; 塘卫线; 朱石专线', 'A', '张堰', '距离0.58km']]"
1.57万/月,2.5元/m²/天,209.37m²,社区底商,36个月,金山区 -金山新城,卫清东路2907,1.57万/月,押3付3,36个月,物业类型,新房,社区底商-临街,空置中,生活服务-宠物店,1-2层/共2层,面宽7m、层高4.5m、进深18m,办公、学生、居民、旅游,物业费5元/m²/天,"['上水', '下水', '停车位', '扶梯']","[['金山10路; 金山4路; 金山7路', 'A', '金山卫站北广场', '距离0.79km']]"
13.23万/月,2.1元/m²/天,2100m²,临街门面,24个月,金山区 -金山新城,龙胜东路868号,13.23万/月,押3付3,24个月,物业类型,二手房,临街门面-临街,空置中,休闲娱乐-夜总会,1-2层/共2层,面宽50m、层高4.5m、进深20m,办公、学生、居民、旅游,物业费5元/m²/天,"['天燃气', '上水', '下水', '排烟', '排污', '管煤', '停车位', '扶梯', '客梯', '中央空调', '可明火']","[['金山铁路大站停[车墩/亭林]; 金山铁路大站停新桥/亭林; 金山铁路站站停; 金山铁路直达', 'A', '金山卫站', '距离0.84km']]"
1800元/月,1.3元/m²/天,46m²,社区底商,12个月,金山区 -亭林,长三角物流中心,1800元/月,押1付6,12个月,物业类型,二手房,社区底商-临街,空置中,其他,1层/共5层,面宽6m、层高4.5m、进深7m,办公,暂无数据,"['上水', '下水', '排污', '停车位', '外摆区']","[['亭漕线[金山203路]', 'A', '亭耀路林珍路', '距离0.87km']]"
730元/月,0.7元/m²/天,35m²,社区底商,12个月,金山区 -亭林,长三角物流中心,730元/月,押1付3,12个月,物业类型,二手房,社区底商-临街,空置中,其他,1层/共5层,面宽1.5m、层高5m、进深8m,办公,水费1元/吨,"['上水', '下水', '停车位']","[['亭漕线[金山203路]', 'A', '亭耀路林珍路', '距离0.87km']]"
2200元/月,0.72元/m²/天,102m²,社区底商,12个月,金山区 -亭林,长三角物流中心,2200元/月,押1付3,12个月,物业类型,二手房,社区底商-临街,空置中,其他,1层/共5层,面宽3.5m、层高5m、进深12m,办公、居民,水费3元/吨,"['上水', '下水', '排污', '外摆区']","[['亭漕线[金山203路]', 'A', '亭耀路林珍路', '距离0.87km']]"
1万/月,3.92元/m²/天,85m²,商业街店铺,12个月,金山区,万达广场(上海金山店),1万/月,押2付3,12个月,物业类型,新房,商业街店铺-临街,空置中,餐饮美食-餐馆,1层/共2层,面宽6.5m、层高5.7m、进深16m,办公、居民、旅游、学生,"物业费7.5元/m²/天,电费1.09元/度,水费6.1元/吨","['网络', '天燃气', '上水', '下水', '排烟', '排污', '管煤', '停车位', '380v', '扶梯', '货梯', '客梯', '中央空调', '外摆区', '可明火']","[['金山10路; 金山11路; 金山3路; 金山6路; 金山8路; 山阳一路区间; 松卫线; 朱卫专线[地面]', 'A', '龙航路金山医院', '距离0.59km']]"
1800元/月,0.65元/m²/天,92m²,其他,12个月,金山区 -亭林,长三角物流中心,1800元/月,押1付6,12个月,物业类型,二手房,其他,经营中,其他,1层/共6层,面宽3.9m、层高4.5m、进深12m,其他,暂无数据,"['排污', '外摆区']","[['亭漕线[金山203路]', 'A', '亭耀路林珍路', '距离0.87km']]"
1.05万/月,4.07元/m²/天,86m²,商业街店铺,12个月,金山区 -石化,万达广场(上海金山店),1.05万/月,押2付3,12个月,物业类型,新房,商业街店铺,空置中,餐饮美食-餐馆,1层/共1层,面宽5.5m、层高5m、进深15m,办公、学生、旅游、其他,"物业费3.5元/m²/天,电费1元/度,水费1元/吨","['网络', '暖气', '天燃气', '上水', '下水', '排烟', '排污', '管煤', '停车位', '380v', '扶梯', '货梯', '客梯', '外摆区', '可明火']","[['金山10路; 金山11路; 金山3路; 金山6路; 金山8路; 山阳一路区间; 松卫线; 朱卫专线[地面]', 'A', '龙航路金山医院', '距离0.59km']]"
6000元/月,1.82元/m²/天,110m²,商业街店铺,36个月,金山区 -金山周边,创意造型(龙胜东路店),6000元/月,押2付3,36个月,物业类型,二手房,商业街店铺-临街,空置中,百货超市-干货杂货店,1层/共1层,面宽10m、层高3.5m、进深10m,办公、旅游、其他、学生、居民,"物业费4元/m²/天,电费1.2元/度,水费6元/吨","['上水', '下水', '排污', '380v']","[['金山铁路大站停[车墩/亭林]; 金山铁路大站停新桥/亭林; 金山铁路站站停; 金山铁路直达', 'A', '金山卫站', '距离0.64km']]"
9500元/月,2.75元/m²/天,115m²,临街门面,暂无数据,金山区 -金山新城,龙翔路,9500元/月,押1付6,暂无数据,物业类型,二手房,临街门面-临街,经营中,餐饮美食-餐馆,1层/共1层,面宽4m、层高5m、进深28m,学生、居民、办公、旅游,"物业费1元/m²/天,电费1元/度,水费5元/吨","['网络', '暖气', '上水', '下水', '排烟', '排污', '停车位', '380v', '中央空调', '可明火']","[['金山6路; 金山8路; 金张卫支线; 石漕线', 'A', '蒙山北路龙航路', '距离1.05km']]"
3.24万/月,1.8元/m²/天,600m²,商业街店铺,60个月,金山区 -山阳,杭州湾大道1888号,3.24万/月,押2付6,60个月,物业类型,二手房,商业街店铺-临街,空置中,餐饮美食-餐馆,1-2层/共2层,面宽10m、层高5.5m、进深18m,办公、学生、居民,暂无数据,"['上水', '下水', '管煤', '可明火']",[]
1.05万/月,1元/m²/天,350m²,临街门面,12个月,金山区 -石化,杭州湾大道1888号,1.05万/月,押1付6,12个月,物业类型,新房,临街门面-临街,空置中,餐饮美食-餐馆,1层/共1层,面宽15m、层高6.9m、进深30m,办公、居民、旅游,"物业费1元/m²/天,电费1元/度,水费1元/吨","['排烟', '货梯', '客梯', '中央空调']","[['金山3路; 金山8路; 莲石专线; 浦卫线; 石青专线[南段]; 松卫专线', 'A', '金山区人民政府', '距离0.67km']]"
4500元/月,3元/m²/天,50m²,临街门面,6个月,金山区 -金山新城,龙皓路1738弄,4500元/月,押1付6,6个月,物业类型,新房,临街门面-临街,空置中,暂无数据,1-2层/共2层,面宽5m、层高6.9m、进深10m,居民、其他,暂无数据,['停车位'],"[['金山4路; 金山8路', 'A', '西静路龙皓路', '距离0.23km']]"
,,,,,,,,,,,,,,,,,,,[],[]
6000元/月,10元/m²/天,20m²,商业街店铺,12个月,金山区 -石化,卫零路,6000元/月,押1付3,12个月,物业类型,二手房,商业街店铺-临街,经营中,餐饮美食-小吃店,1层/共1层,面宽4m、层高3m、进深5m,办公、学生、居民,暂无数据,"['上水', '下水', '380v']","[['虹桥枢纽7路; 金山1路内圈[师大二附中方向]; 金山1路外圈[工人文化宫方向]; 金山2路; 金山3路; 金山6路; 金山7路; 金山9路; 金石线; 浦卫线; 山阳二路; 山阳二路工业区; 上石线; 石胡专线; 石化三线; 石梅线; 石南专线; 石青专线[南段]; 石漕线; 松卫线; 松卫专线; 塘卫线; 朱卫线高速; 朱卫专线[地面]', 'A', '石化汽车站', '距离0.21km']]"
7.31万/月,2.2元/m²/天,1107m²,临街门面,36个月,金山区 -石化,卫零路,7.31万/月,押2付3,36个月,物业类型,二手房,临街门面-临街,空置中,餐饮美食-餐馆,独栋/共3层,面宽20m、层高4m、进深18m,办公、居民、学生,暂无数据,"['天燃气', '管煤', '380v', '货梯', '客梯', '可明火']",[]
6万/月,4元/m²/天,500m²,商业街店铺,6个月,金山区 -石化,山鑫城市广场,6万/月,押1付6,6个月,物业类型,二手房,商业街店铺-临街,空置中,餐饮美食-餐馆,1层/共12层,面宽10m、层高6.8m、进深30m,办公、居民、学生,暂无数据,"['上水', '下水', '排烟', '排污', '停车位', '中央空调', '可明火']",[]
3万/月,10元/m²/天,100m²,商业街店铺,24个月,金山区 -漕泾,通河路,3万/月,押3付3,24个月,物业类型,新房,商业街店铺-临街,空置中,暂无数据,1层/共1层,面宽10m、层高4m、进深10m,办公、学生、居民,暂无数据,"['网络', '暖气', '天燃气', '上水', '下水', '排烟', '排污', '管煤', '停车位', '380v', '扶梯', '货梯', '客梯', '中央空调', '外摆区', '可明火']","[['地铁1号线', 'A', '通河新村', '距离0.66km']]"
68.58万/月,1.2元/m²/天,19049.34m²,其他,暂无数据,金山区 -枫泾,叶榭镇,68.58万/月,押2付3,暂无数据,物业类型,二手房,其他-临街,空置中,暂无数据,独栋/共4层,面宽1m、层高1m、进深1m,办公、居民、旅游,暂无数据,"['上水', '下水', '排污']","[['882路', 'A', '叶榭镇', '距离0.00km']]"
8000元/月,13.33元/m²/天,20m²,档口摊位,12个月,金山区 -金山周边,绿色米兰奥特莱斯,8000元/月,押2付2,12个月,物业类型,新房,档口摊位-临街,空置中,餐饮美食-小吃店,-1层/共6层,面宽3.5m、层高3.8m、进深6m,办公、学生、居民,暂无数据,"['网络', '暖气', '天燃气', '上水', '下水', '排烟', '排污', '管煤', '停车位', '380v', '扶梯', '货梯', '客梯', '中央空调', '可明火']","[['地铁10号线', 'A', '国权路', '距离0.79km']]"
30万/月,2元/m²/天,5000m²,商业街店铺,6个月,金山区 -金山周边,卫清西路,30万/月,押1付6,6个月,物业类型,二手房,商业街店铺-临街,空置中,餐饮美食-餐馆,独栋/共4层,面宽35m、层高5m、进深32m,旅游、居民、办公,暂无数据,"['上水', '下水', '排烟', '排污', '停车位', '客梯', '可明火']","[['金山3路; 金山5路; 金张卫支线; 上石线', 'A', '金山区医保中心', '距离0.94km']]"
1.55万/月,2.5元/m²/天,207m²,临街门面,6个月,金山区 -石化,龙胜东路828弄,1.55万/月,押1付6,6个月,物业类型,二手房,临街门面-临街,空置中,生活服务-职介所,1-2层/共2层,面宽4m、层高6m、进深10m,居民、旅游、学生,暂无数据,"['上水', '下水', '停车位', '可明火']",[]
30万/月,2元/m²/天,5000m²,购物百货中心,60个月,金山区 -朱行,卫清西路188号,30万/月,押1付6,60个月,物业类型,二手房,购物百货中心-临街,空置中,餐饮美食-餐馆,独栋/共4层,面宽50m、层高5.5m、进深40m,办公、学生、居民,暂无数据,"['网络', '暖气', '天燃气', '上水', '下水', '排烟', '排污', '管煤', '停车位', '380v', '客梯', '可明火']","[['金山3路; 金山5路; 金张卫支线; 上石线', 'A', '金山区医保中心', '距离0.60km']]"
1.71万/月,1.5元/m²/天,380m²,临街门面,6个月,金山区 -石化,蒙山路,1.71万/月,押1付6,6个月,物业类型,二手房,临街门面-临街,空置中,休闲娱乐-足浴,1-3层/共5层,面宽20m、层高6.9m、进深19m,办公、学生、居民,"物业费1元/m²/天,电费1元/度,水费1元/吨","['网络', '上水', '货梯', '客梯', '中央空调', '外摆区', '可明火']","[['金山3路; 金山5路; 金张卫支线; 上石线', 'A', '金山区医保中心', '距离0.08km']]"
1700元/月,0.71元/m²/天,80m²,临街门面,12个月,金山区 -金山卫,金山卫镇社区卫生服务中心-西门,1700元/月,押1付3,12个月,物业类型,二手房,临街门面-临街,经营中,餐饮美食-小吃店,1层/共1层,面宽43m、层高3.6m、进深20m,居民、办公、其他,"物业费1元/m²/天,电费1.3元/度,水费6元/吨","['上水', '下水', '可明火']","[['金山2路; 金山卫二路; 金山卫二路砖瓦厂', 'A', '板桥西路古城路', '距离0.75km']]"
1.8万/月,3.33元/m²/天,180m²,商业街店铺,36个月,金山区 -石化,隆安路/蒙山路(路口),1.8万/月,押2付4,36个月,物业类型,二手房,商业街店铺-临街,空置中,百货超市-超市,1层/共4层,面宽8m、层高5m、进深20m,办公、居民,暂无数据,"['上水', '下水', '排烟', '380v', '可明火']","[['金山1路内圈[师大二附中方向]; 金山1路外圈[工人文化宫方向]; 金山5路; 山阳二路; 朱钱卫线', 'A', '上师大二附中', '距离0.59km']]"
4200元/月,2.5元/m²/天,56m²,临街门面,12个月,金山区 -石化,卫清西路,4200元/月,押1付12,12个月,物业类型,新房,临街门面-临街,空置中,电器通讯-电脑店,-9层/共2层,面宽3.8m、层高5.5m、进深15m,办公、学生、居民、其他,"物业费3.5元/m²/天,电费1元/度,水费5元/吨","['上水', '下水', '扶梯']","[['金山3路; 金山5路; 金张卫支线; 上石线', 'A', '金山区医保中心', '距离0.63km']]"
8333元/月,11.11元/m²/天,25m²,商业街店铺,12个月,金山区 -张堰,中侨职业技术学院(金山校区),8333元/月,押1付11,12个月,物业类型,新房,商业街店铺-临街,经营中,其他,独栋/共1层,面宽6m、层高4m、进深4m,学生,"物业费1元/m²/天,电费1元/度,水费1元/吨","['暖气', '上水', '下水', '停车位']","[['莲卫专线', 'A', '中侨学院', '距离0.27km']]"
,,,,,,,,,,,,,,,,,,,[],[]
6000元/月,0.99元/m²/天,203m²,其他,36个月,金山区 -亭林,上海电器城,6000元/月,押1付12,36个月,物业类型,二手房,其他-临街,空置中,家居建材-五金店,2-3层/共4层,面宽40m、层高4m、进深12m,其他,"物业费2元/m²/天,电费1.2元/度,水费6元/吨","['停车位', '外摆区']","[['南金线; 南青专线[南段]; 浦卫线', 'A', '横塘桥', '距离1.13km']]"
7.32万/月,2.2元/m²/天,1108.77m²,临街门面,36个月,金山区 -金山卫,金山区卫零路617号,7.32万/月,押1付6,36个月,物业类型,二手房,临街门面-临街,经营中,餐饮美食-餐馆,1-3层/共3层,面宽4m、层高3.95m、进深8m,学生、居民、办公,"物业费0.8元/m²/天,电费1元/度,水费5.5元/吨","['网络', '上水', '下水', '排烟', '排污', '停车位', '可明火']","[['金山6路; 莲石专线; 浦卫线; 石青专线[南段]; 石漕线; 松卫线; 松卫专线; 朱钱卫线; 朱卫专线[地面]', 'A', '卫零路金山大道', '距离0.75km']]"
5070元/月,1.3元/m²/天,130m²,商业街店铺,36个月,金山区 -金山新城,格林豪泰酒店(上海市金山万达广场龙翔路快捷酒店),5070元/月,押2付2,36个月,物业类型,新房,商业街店铺-临街,空置中,其他,2层/共3层,面宽13m、层高4.5m、进深10m,办公、学生、居民,"物业费2.5元/m²/天,电费1.5元/度,水费1元/吨","['停车位', '扶梯', '货梯', '客梯']","[['金山3路; 金山8路; 莲石专线; 浦卫线; 石青专线[南段]; 松卫专线', 'A', '金山区人民政府', '距离0.78km']]"
8000元/月,4.44元/m²/天,60m²,商业街店铺,12个月,金山区 -山阳,蒙山北路/龙翔路(路口),8000元/月,押3付3,12个月,物业类型,二手房,商业街店铺-临街,经营中,美容美发-美发店,1层/共1层,面宽6m、层高3.8m、进深10m,居民、学生、办公、旅游、其他,"物业费1元/m²/天,电费1元/度,水费1元/吨","['网络', '暖气', '排污', '停车位', '中央空调', '外摆区', '可明火']","[['金山3路; 金山8路; 莲石专线; 浦卫线; 石青专线[南段]; 松卫专线', 'A', '金山区人民政府', '距离0.96km']]"
6320元/月,1.32元/m²/天,160m²,商业街店铺,12个月,金山区 -山阳,上海市金山区蒙山北路515号,6320元/月,押1付3,12个月,物业类型,二手房,商业街店铺-临街,经营中,美容美发-美容院,3层/共3层,面宽15m、层高3.8m、进深6m,居民、办公、其他、旅游、学生,"物业费13.3元/m²/天,电费1元/度,水费1元/吨","['网络', '下水', '排污', '停车位', '扶梯', '客梯', '外摆区']","[['金山3路; 金山8路; 莲石专线; 浦卫线; 石青专线[南段]; 松卫专线', 'A', '金山区人民政府', '距离0.92km']]"
1.35万/月,3.52元/m²/天,128m²,社区底商,12个月,金山区 -张堰,美溪里,1.35万/月,押1付3,12个月,物业类型,二手房,社区底商-临街,空置中,其他,1层/共2层,面宽30m、层高60m、进深60m,办公、学生、居民、其他,"物业费2元/m²/天,电费2元/度,水费2元/吨","['上水', '下水']","[['虹桥枢纽7路; 金张卫支线; 松卫线; 塘卫线; 朱石专线', 'A', '张堰', '距离0.58km']]"
1.57万/月,2.5元/m²/天,209.37m²,社区底商,36个月,金山区 -金山新城,卫清东路2907,1.57万/月,押3付3,36个月,物业类型,新房,社区底商-临街,空置中,生活服务-宠物店,1-2层/共2层,面宽7m、层高4.5m、进深18m,办公、学生、居民、旅游,物业费5元/m²/天,"['上水', '下水', '停车位', '扶梯']","[['金山10路; 金山4路; 金山7路', 'A', '金山卫站北广场', '距离0.79km']]"
13.23万/月,2.1元/m²/天,2100m²,临街门面,24个月,金山区 -金山新城,龙胜东路868号,13.23万/月,押3付3,24个月,物业类型,二手房,临街门面-临街,空置中,休闲娱乐-夜总会,1-2层/共2层,面宽50m、层高4.5m、进深20m,办公、学生、居民、旅游,物业费5元/m²/天,"['天燃气', '上水', '下水', '排烟', '排污', '管煤', '停车位', '扶梯', '客梯', '中央空调', '可明火']","[['金山铁路大站停[车墩/亭林]; 金山铁路大站停新桥/亭林; 金山铁路站站停; 金山铁路直达', 'A', '金山卫站', '距离0.84km']]"
1800元/月,1.3元/m²/天,46m²,社区底商,12个月,金山区 -亭林,长三角物流中心,1800元/月,押1付6,12个月,物业类型,二手房,社区底商-临街,空置中,其他,1层/共5层,面宽6m、层高4.5m、进深7m,办公,暂无数据,"['上水', '下水', '排污', '停车位', '外摆区']","[['亭漕线[金山203路]', 'A', '亭耀路林珍路', '距离0.87km']]"
730元/月,0.7元/m²/天,35m²,社区底商,12个月,金山区 -亭林,长三角物流中心,730元/月,押1付3,12个月,物业类型,二手房,社区底商-临街,空置中,其他,1层/共5层,面宽1.5m、层高5m、进深8m,办公,水费1元/吨,"['上水', '下水', '停车位']","[['亭漕线[金山203路]', 'A', '亭耀路林珍路', '距离0.87km']]"
2200元/月,0.72元/m²/天,102m²,社区底商,12个月,金山区 -亭林,长三角物流中心,2200元/月,押1付3,12个月,物业类型,二手房,社区底商-临街,空置中,其他,1层/共5层,面宽3.5m、层高5m、进深12m,办公、居民,水费3元/吨,"['上水', '下水', '排污', '外摆区']","[['亭漕线[金山203路]', 'A', '亭耀路林珍路', '距离0.87km']]"
1万/月,3.92元/m²/天,85m²,商业街店铺,12个月,金山区,万达广场(上海金山店),1万/月,押2付3,12个月,物业类型,新房,商业街店铺-临街,空置中,餐饮美食-餐馆,1层/共2层,面宽6.5m、层高5.7m、进深16m,办公、居民、旅游、学生,"物业费7.5元/m²/天,电费1.09元/度,水费6.1元/吨","['网络', '天燃气', '上水', '下水', '排烟', '排污', '管煤', '停车位', '380v', '扶梯', '货梯', '客梯', '中央空调', '外摆区', '可明火']","[['金山10路; 金山11路; 金山3路; 金山6路; 金山8路; 山阳一路区间; 松卫线; 朱卫专线[地面]', 'A', '龙航路金山医院', '距离0.59km']]"
1800元/月,0.65元/m²/天,92m²,其他,12个月,金山区 -亭林,长三角物流中心,1800元/月,押1付6,12个月,物业类型,二手房,其他,经营中,其他,1层/共6层,面宽3.9m、层高4.5m、进深12m,其他,暂无数据,"['排污', '外摆区']","[['亭漕线[金山203路]', 'A', '亭耀路林珍路', '距离0.87km']]"
1.05万/月,4.07元/m²/天,86m²,商业街店铺,12个月,金山区 -石化,万达广场(上海金山店),1.05万/月,押2付3,12个月,物业类型,新房,商业街店铺,空置中,餐饮美食-餐馆,1层/共1层,面宽5.5m、层高5m、进深15m,办公、学生、旅游、其他,"物业费3.5元/m²/天,电费1元/度,水费1元/吨","['网络', '暖气', '天燃气', '上水', '下水', '排烟', '排污', '管煤', '停车位', '380v', '扶梯', '货梯', '客梯', '外摆区', '可明火']","[['金山10路; 金山11路; 金山3路; 金山6路; 金山8路; 山阳一路区间; 松卫线; 朱卫专线[地面]', 'A', '龙航路金山医院', '距离0.59km']]"
6000元/月,1.82元/m²/天,110m²,商业街店铺,36个月,金山区 -金山周边,创意造型(龙胜东路店),6000元/月,押2付3,36个月,物业类型,二手房,商业街店铺-临街,空置中,百货超市-干货杂货店,1层/共1层,面宽10m、层高3.5m、进深10m,办公、旅游、其他、学生、居民,"物业费4元/m²/天,电费1.2元/度,水费6元/吨","['上水', '下水', '排污', '380v']","[['金山铁路大站停[车墩/亭林]; 金山铁路大站停新桥/亭林; 金山铁路站站停; 金山铁路直达', 'A', '金山卫站', '距离0.64km']]"
9500元/月,2.75元/m²/天,115m²,临街门面,暂无数据,金山区 -金山新城,龙翔路,9500元/月,押1付6,暂无数据,物业类型,二手房,临街门面-临街,经营中,餐饮美食-餐馆,1层/共1层,面宽4m、层高5m、进深28m,学生、居民、办公、旅游,"物业费1元/m²/天,电费1元/度,水费5元/吨","['网络', '暖气', '上水', '下水', '排烟', '排污', '停车位', '380v', '中央空调', '可明火']","[['金山6路; 金山8路; 金张卫支线; 石漕线', 'A', '蒙山北路龙航路', '距离1.05km']]"
2700元/月,1.41元/m²/天,64m²,临街门面,3个月,金山区 -朱泾,上海市金山区罗星南路158,2700元/月,押1付3,3个月,物业类型,新房,临街门面-临街,空置中,休闲娱乐-养生馆,1层/共2层,面宽4m、层高4m、进深8m,办公、旅游、学生、居民,"物业费1元/m²/天,电费1元/度,水费1元/吨","['网络', '停车位', '扶梯', '中央空调']","[['朱泾二路内圈[车站方向]; 朱泾二路外圈[医院方向]; 朱泾三路; 朱泾三路区间', 'A', '罗星南路', '距离0.40km']]"
3618.45元/月,1.5元/m²/天,80.41m²,商业街店铺,12个月,金山区 -金山新城,金山乐和城招商中心,3618.45元/月,押3付3,12个月,物业类型,新房,商业街店铺,空置中,暂无数据,2层/共2层,面宽4.5m、层高3.6m、进深8m,办公、学生、居民、旅游、其他,暂无数据,"['上水', '下水', '停车位', '扶梯']","[['虹桥枢纽7路; 金山8路; 金石线; 塘卫线; 朱石专线', 'A', '学府路龙皓路', '距离0.19km']]"
1.65万/月,1.06元/m²/天,520m²,商业街店铺,12个月,金山区 -朱泾,万安市场,1.65万/月,押2付6,12个月,物业类型,新房,商业街店铺-临街,经营中,休闲娱乐-足浴,2-3层/共3层,面宽50m、层高3m、进深3m,居民、其他,"物业费10元/m²/天,电费1元/度,水费5元/吨","['网络', '暖气', '上水', '下水', '排烟', '排污', '管煤', '380v', '扶梯', '客梯', '中央空调']","[['朱泾一路内圈[医院方向]; 朱泾一路外圈[车站方向]', 'A', '紫金广场', '距离0.15km']]"
6000元/月,3.77元/m²/天,53m²,商业街店铺,24个月,金山区 -枫泾,金山嘴渔村,6000元/月,押1付3,24个月,物业类型,二手房,商业街店铺-临街,空置中,餐饮美食-餐馆,1层/共1层,面宽6m、层高6m、进深6m,办公、居民、旅游,"物业费3元/m²/天,电费1元/度,水费5元/吨","['网络', '暖气', '天燃气', '上水', '下水', '排烟', '排污', '管煤', '停车位', '380v', '扶梯', '货梯', '客梯', '中央空调', '外摆区', '可明火']","[['奉卫线; 石胡专线; 石南专线', 'A', '沪杭公路金山嘴', '距离0.08km']]"
3000元/月,1.52元/m²/天,66m²,商业街店铺,24个月,金山区 -金山周边,万达广场(上海金山店),3000元/月,押2付6,24个月,物业类型,新房,商业街店铺,空置中,生活服务-干洗店,2层/共2层,面宽3.5m、层高5.8m、进深12m,其他,"物业费10元/m²/天,电费1元/度,水费2元/吨","['上水', '下水', '排烟', '管煤', '停车位', '380v', '货梯', '客梯']","[['金山10路; 金山11路; 金山3路; 金山6路; 金山8路; 山阳一路区间; 松卫线; 朱卫专线[地面]', 'A', '龙航路金山医院', '距离0.59km']]"
3800元/月,0.97元/m²/天,130m²,商业街店铺,12个月,金山区 -朱泾,上海市金山区金龙新街941弄-75,3800元/月,押1付3,12个月,物业类型,二手房,商业街店铺-临街,空置中,其他,1-2层/共2层,面宽1m、层高1m、进深1m,办公、学生、居民、旅游、其他,暂无数据,"['网络', '天燃气', '上水', '下水', '排烟', '排污', '停车位', '380v', '可明火']",[]
1700元/月,0.94元/m²/天,60m²,商业街店铺,3个月,金山区 -山阳,金山悦立方商业广场,1700元/月,押1付3,3个月,物业类型,新房,商业街店铺-临街,空置中,餐饮美食-餐馆,2层/共2层,面宽3.3m、层高3.8m、进深15m,办公、旅游、居民,"物业费1元/m²/天,电费1元/度,水费1元/吨","['天燃气', '上水', '下水', '管煤', '可明火']",[]
3500元/月,2.91元/m²/天,40.15m²,临街门面,12个月,金山区 -枫泾,上海市金山区商城路106号,3500元/月,押1付12,12个月,物业类型,新房,临街门面-临街,空置中,其他,1层/共1层,面宽3.8m、层高3.2m、进深10.8m,其他,"物业费5元/m²/天,电费0.9元/度,水费5.4元/吨","['网络', '上水', '下水', '排烟', '排污']","[['枫戚快线; 枫泾9路内圈[枫阳路方向]; 枫泾9路外圈[枫兰路方向]; 枫泾二路; 枫泾六路; 枫泾七路; 枫泾一路; 金枫线; 莲枫专线; 青枫专线; 松新枫线; 朱枫线', 'A', '枫湾路泾波路(正荣璟园)', '距离0.47km']]"
5000元/月,2.76元/m²/天,60.3m²,临街门面,24个月,金山区 -山阳,老北京炸酱面(龙翔路店),5000元/月,押1付3,24个月,物业类型,新房,临街门面-临街,空置中,餐饮美食-餐馆,1层/共1层,面宽4m、层高4m、进深10m,居民,"物业费1元/m²/天,电费1.2元/度,水费1元/吨","['上水', '下水', '排烟', '排污', '管煤', '可明火']","[['金山3路; 金山8路; 莲石专线; 浦卫线; 石青专线[南段]; 松卫专线', 'A', '金山区人民政府', '距离0.92km']]"
100元/月,面议,1500m²,商业街店铺,6个月,金山区 -亭林,亭林镇,100元/月,押0付3,6个月,物业类型,新房,商业街店铺-临街,经营中,汽修美容-汽车美容店,1层/共2层,面宽24m、层高7m、进深30m,办公、学生、居民、旅游、其他,"物业费1元/m²/天,电费1元/度,水费6元/吨","['网络', '暖气', '天燃气', '上水', '下水', '排烟', '排污', '管煤', '停车位', '380v', '扶梯', '货梯', '客梯', '中央空调', '外摆区', '可明火']","[['虹桥枢纽7路; 南金线; 塘卫线; 朱卫专线[地面]', 'A', '亭林西街', '距离0.33km']]"
1620元/月,5.4元/m²/天,10m²,临街门面,12个月,金山区 -金山卫,克莉丝汀(板桥西路店),1620元/月,押1付12,12个月,物业类型,二手房,临街门面-临街,经营中,其他,1层/共2层,面宽3m、层高3m、进深3.5m,居民、学生、办公,"物业费1元/m²/天,电费1元/度,水费5元/吨","['暖气', '上水', '下水', '停车位', '中央空调']","[['金山2路; 金山卫一路', 'A', '板桥西路学府路', '距离0.26km']]"
2.4万/月,1.33元/m²/天,600m²,购物百货中心,12个月,金山区 -石化,米艺优尚大食堂,2.4万/月,押2付6,12个月,物业类型,二手房,购物百货中心-临街,空置中,医疗器械-诊所,1层/共2层,面宽18m、层高4m、进深30m,学生、居民、旅游,"物业费2元/m²/天,电费1元/度,水费6元/吨","['暖气', '天燃气', '上水', '下水', '排烟', '排污', '管煤', '停车位', '380v', '外摆区', '可明火']","[['金山1路内圈[师大二附中方向]; 金山2路; 金山3路; 金山6路; 莲石专线; 上石线; 石化三线; 石化一线', 'A', '象州路富川路', '距离0.40km']]"
5000元/月,2.08元/m²/天,80m²,临街门面,12个月,金山区 -枫泾,和平街,5000元/月,押1付12,12个月,物业类型,二手房,临街门面-临街,经营中,餐饮美食-餐馆,2层/共2层,面宽3m、层高6m、进深12m,旅游,"物业费1元/m²/天,电费1元/度,水费3元/吨","['网络', '上水', '下水', '排烟', '排污', '可明火']","[['枫泾8路内圈[枫阳路方向]; 枫泾8路外圈[枫湾路方向]', 'A', '新泾路白牛路(枫溪公园)', '距离0.26km']]"
7856.94元/月,2.6元/m²/天,100.73m²,商业街店铺,12个月,金山区 -金山新城,金山乐和城招商中心,7856.94元/月,押3付3,12个月,物业类型,新房,商业街店铺-临街,空置中,服饰鞋包-服装店,1层/共2层,面宽4.5m、层高3.8m、进深6m,办公、学生、居民、旅游、其他,暂无数据,"['上水', '下水', '排烟', '排污', '停车位', '扶梯']","[['虹桥枢纽7路; 金山8路; 金石线; 塘卫线; 朱石专线', 'A', '学府路龙皓路', '距离0.19km']]"
3.14万/月,3元/m²/天,348.79m²,商业街店铺,12个月,金山区 -金山新城,龙皓路2052号,3.14万/月,押3付3,12个月,物业类型,新房,商业街店铺-临街,空置中,暂无数据,1-2层/共2层,面宽8m、层高3.8m、进深10m,办公、学生、居民、旅游、其他,暂无数据,"['上水', '下水', '排烟', '排污', '停车位', '扶梯']","[['虹桥枢纽7路; 金山8路; 金石线; 塘卫线; 朱石专线', 'A', '学府路龙皓路', '距离0.26km']]"
2800元/月,1.73元/m²/天,54m²,社区底商,24个月,金山区 -石化,恒峰门窗(板桥西路店),2800元/月,押2付12,24个月,物业类型,二手房,社区底商-临街,空置中,家居建材-装饰装修材料店,1层/共1层,面宽4m、层高3m、进深13.5m,居民,"物业费1元/m²/天,电费1元/度,水费1元/吨","['上水', '下水']","[['金山3路; 金山5路; 金张卫支线; 上石线', 'A', '金山区医保中心', '距离0.19km']]"
1.2万/月,3.74元/m²/天,107m²,社区底商,24个月,金山区 -金山新城,龙轩路,1.2万/月,押3付3,24个月,物业类型,二手房,社区底商-临街,空置中,生活服务-职介所,1层/共1层,面宽7m、层高4m、进深10m,办公、学生、居民、旅游,物业费5元/m²/天,"['上水', '下水', '停车位', '中央空调']",[]
5833元/月,2.09元/m²/天,93m²,社区底商,12个月,金山区 -金山新城,海芙路,5833元/月,押1付6,12个月,物业类型,新房,社区底商-临街,空置中,其他,1-2层/共2层,面宽5m、层高5m、进深9m,办公、居民、其他,"物业费3元/m²/天,电费1元/度,水费0.5元/吨","['网络', '上水', '下水', '排污', '380v']","[['金山11路; 莲卫专线; 松卫线', 'A', '杭州湾大道龙航路', '距离0.95km']]"
6700元/月,6.98元/m²/天,32m²,临街门面,暂无数据,金山区 -金山新城,龙皓路328号,6700元/月,押3付1,暂无数据,物业类型,新房,临街门面-临街,经营中,美容美发-美发店,1层/共4层,面宽4m、层高5m、进深8m,旅游、学生、居民、其他,"物业费1元/m²/天,电费1.5元/度,水费5元/吨","['网络', '上水', '下水', '380v']","[['上石线; 松卫专线', 'A', '山阳', '距离0.71km']]"
3000元/月,1.19元/m²/天,84m²,商业街店铺,暂无数据,金山区 -金山新城,金山海汇街,3000元/月,押1付3,暂无数据,物业类型,新房,商业街店铺-临街,空置中,餐饮美食-餐馆,1层/共2层,面宽5.5m、层高5.7m、进深16m,办公、学生、旅游、居民、其他,"物业费1元/m²/天,电费1元/度,水费6元/吨","['网络', '天燃气', '上水', '下水', '排烟', '排污', '外摆区', '可明火']","[['金山11路; 莲卫专线; 松卫线', 'A', '杭州湾大道龙航路', '距离0.53km']]"
1.5万/月,55.56元/m²/天,9m²,商业街店铺,暂无数据,金山区 -山阳,万达广场(上海金山店),1.5万/月,押2付3,暂无数据,物业类型,二手房,商业街店铺-临街,空置中,餐饮美食-小吃店,1层/共1层,面宽2.5m、层高4m、进深3m,办公、学生、居民、旅游、其他,"物业费1元/m²/天,电费1.09元/度,水费6元/吨","['停车位', '外摆区']","[['金山10路; 金山11路; 金山3路; 金山6路; 金山8路; 山阳一路区间; 松卫线; 朱卫专线[地面]', 'A', '龙航路金山医院', '距离0.59km']]"
1.8万/月,3.33元/m²/天,180m²,商业街店铺,12个月,金山区 -金山新城,上海市金山区龙轩路,1.8万/月,押2付6,12个月,物业类型,新房,商业街店铺-临街,经营中,餐饮美食-餐馆,独栋/共2层,面宽6m、层高5m、进深12m,办公、学生、居民、旅游、其他,"物业费1元/m²/天,电费1元/度,水费5.8元/吨","['网络', '上水', '下水', '排烟', '排污', '停车位', '380v', '扶梯', '中央空调', '外摆区', '可明火']",[]
1.5万/月,0.83元/m²/天,600m²,商业街店铺,12个月,金山区 -金山工业区,朱行开乐大街129号二楼三楼,1.5万/月,押2付6,12个月,物业类型,新房,商业街店铺-临街,经营中,餐饮美食-餐馆,-3--2层/共4层,面宽9m、层高4m、进深9m,办公、居民,"物业费1元/m²/天,电费1元/度,水费1元/吨","['网络', '天燃气', '上水', '下水', '排污', '停车位', '380v', '扶梯', '货梯', '客梯', '中央空调', '可明火']","[['金漕线; 上石线; 石青专线[南段]; 松卫专线', 'A', '朱行', '距离0.37km']]"
1.3万/月,10.83元/m²/天,40m²,商业街店铺,12个月,金山区 -金山新城,万达广场(上海金山店),1.3万/月,押2付3,12个月,物业类型,二手房,商业街店铺,经营中,餐饮美食-小吃店,1层/共2层,面宽3m、层高5.8m、进深14m,办公、学生、居民、旅游、其他,"物业费7.5元/m²/天,电费1.09元/度,水费5.63元/吨","['上水', '下水', '排烟', '排污', '管煤', '380v', '扶梯', '货梯', '客梯', '外摆区', '可明火']","[['金山10路; 金山11路; 金山3路; 金山6路; 金山8路; 山阳一路区间; 松卫线; 朱卫专线[地面]', 'A', '龙航路金山医院', '距离0.59km']]"
3.6万/月,3元/m²/天,400m²,商业街店铺,12个月,金山区 -金山新城,海汇街招商中心,3.6万/月,押2付3,12个月,物业类型,二手房,商业街店铺-临街,经营中,美容美发-美容院,1层/共1层,面宽1m、层高1m、进深1m,办公,"物业费1元/m²/天,电费1元/度,水费1元/吨","['暖气', '停车位', '中央空调']","[['金山11路; 莲卫专线; 松卫线', 'A', '杭州湾大道龙航路', '距离0.54km']]"
11.4万/月,1.19元/m²/天,3200m²,临街门面,99个月,金山区 -石化,蒙山路/卫清西路(路口),11.4万/月,押1付6,99个月,物业类型,新房,临街门面-临街,经营中,酒店宾馆-宾馆酒店,1-4层/共4层,面宽10m、层高4.5m、进深20m,办公、学生、居民、其他、旅游,"物业费1元/m²/天,电费1元/度,水费1元/吨","['网络', '上水', '下水', '客梯']",[]
6000元/月,1.9元/m²/天,105m²,商业街店铺,12个月,金山区 -朱泾,人民路/东林街(路口),6000元/月,押6付1,12个月,物业类型,二手房,商业街店铺-临街,空置中,餐饮美食-餐馆,1层/共2层,面宽6m、层高9m、进深4.5m,办公、学生、居民、旅游、其他,"物业费0.1元/m²/天,电费0.7元/度,水费6元/吨","['网络', '暖气', '天燃气', '上水', '下水', '排烟', '排污', '管煤', '停车位', '380v', '扶梯', '货梯', '客梯', '中央空调', '外摆区', '可明火']","[['金枫线; 金张卫支线; 金漕线; 南金线; 朱钱卫线; 朱松线; 朱卫线高速; 朱卫专线[地面]; 朱泾六路/1650路; 朱泾五路; 莘金专线', 'A', '金山汽车站', '距离0.23km']]"
7000元/月,0.78元/m²/天,300m²,商业街店铺,6个月,金山区 -朱泾,沈浦泾路/沈浦泾南路(路口),7000元/月,押2付6,6个月,物业类型,二手房,商业街店铺-临街,经营中,教育培训-培训机构,3层/共3层,面宽12m、层高3.5m、进深25m,学生,"物业费1元/m²/天,电费1元/度,水费1元/吨","['网络', '客梯']","[['金枫线; 金张卫支线; 金漕线; 南金线; 朱钱卫线; 朱松线; 朱卫线高速; 朱卫专线[地面]; 朱泾六路/1650路; 朱泾五路; 莘金专线', 'A', '金山汽车站', '距离0.52km']]"
1.2万/月,4.3元/m²/天,93m²,商业街店铺,12个月,金山区 -金山新城,上海金山(万达店),1.2万/月,押2付3,12个月,物业类型,二手房,商业街店铺-临街,空置中,其他,-1层/共1层,面宽4.5m、层高5.8m、进深17m,办公、学生、居民、旅游、其他,"物业费7.5元/m²/天,电费1.09元/度,水费5.63元/吨","['网络', '暖气', '天燃气', '上水', '下水', '排烟', '排污', '管煤', '停车位', '380v', '扶梯', '货梯', '客梯', '外摆区', '可明火']","[['金山11路; 莲卫专线; 松卫线', 'A', '杭州湾大道龙航路', '距离0.61km']]"
5700元/月,8.64元/m²/天,22m²,商业街店铺,12个月,金山区 -朱泾,东林街,5700元/月,押2付6,12个月,物业类型,二手房,商业街店铺-临街,经营中,餐饮美食-冷饮甜品店,1层/共2层,面宽2.8m、层高3.2m、进深8m,旅游、其他、居民,"物业费1元/m²/天,电费1元/度,水费1元/吨","['网络', '上水', '下水', '380v']","[['金枫线; 金张卫支线; 金漕线; 南金线; 朱钱卫线; 朱松线; 朱卫线高速; 朱卫专线[地面]; 朱泾六路/1650路; 朱泾五路; 莘金专线', 'A', '金山汽车站', '距离0.38km']]"
4200元/月,0.7元/m²/天,200m²,临街门面,暂无数据,金山区 -金山工业区,东平南路,4200元/月,押1付12,暂无数据,物业类型,新房,临街门面-临街,经营中,其他,1层/共4层,面宽3.8m、层高3m、进深11m,办公、旅游、学生、居民、其他,"物业费1元/m²/天,电费1元/度,水费5元/吨","['网络', '天燃气', '上水', '下水', '排烟', '排污', '停车位', '中央空调', '外摆区', '可明火']","[['金山6路; 莲石专线; 浦卫线; 石青专线[南段]; 石漕线; 松卫线; 松卫专线; 朱钱卫线; 朱卫专线[地面]', 'A', '卫零路金山大道', '距离0.89km']]"
78万/月,1元/m²/天,26000m²,购物百货中心,99个月,金山区 -朱泾,金龙新街/罗星南路(路口),78万/月,押3付3,99个月,物业类型,二手房,购物百货中心-临街,经营中,百货超市-超市,独栋/共4层,面宽99m、层高4m、进深60m,办公、学生、居民、旅游、其他,"物业费1元/m²/天,电费1元/度,水费1元/吨","['天燃气', '上水', '下水', '排烟', '排污', '管煤', '停车位', '380v', '扶梯', '货梯', '客梯', '外摆区', '可明火']","[['朱泾二路内圈[车站方向]; 朱泾二路外圈[医院方向]; 朱泾三路; 朱泾三路区间', 'A', '罗星南路', '距离0.03km']]"
3500元/月,2.43元/m²/天,48m²,商业街店铺,12个月,金山区 -金山卫,金山区金山国贸城,3500元/月,押1付12,12个月,物业类型,新房,商业街店铺-临街,经营中,家居建材-建材店,1层/共1层,面宽48m、层高2.7m、进深15m,其他,"物业费1.2元/m²/天,电费1元/度,水费4元/吨",['外摆区'],"[['朱钱卫线', 'A', '金山大道卫宏路', '距离0.07km']]"
10元/月,面议,2200m²,购物百货中心,12个月,金山区 -石化,卫零路185号,10元/月,押1付3,12个月,物业类型,新房,购物百货中心-临街,经营中,百货超市-超市,-1层/共5层,面宽40m、层高3m、进深55m,居民、学生、旅游、办公,"物业费1元/m²/天,电费1元/度,水费5元/吨","['网络', '上水', '下水', '排烟', '排污', '停车位', '380v', '扶梯', '货梯', '客梯', '中央空调']",[]
2.4万/月,2.54元/m²/天,315m²,临街门面,12个月,金山区 -朱泾,塘园路/金龙新街(路口),2.4万/月,押1付6,12个月,物业类型,二手房,临街门面-临街,空置中,家居建材-装饰装修材料店,1-2层/共2层,面宽8m、层高4m、进深20m,办公、居民、其他,"电费1.2元/度,水费6元/吨","['上水', '下水', '停车位', '客梯']",[]
5000元/月,2.38元/m²/天,70m²,商业街店铺,12个月,金山区 -朱泾,秀州街,5000元/月,押1付6,12个月,物业类型,二手房,商业街店铺-临街,空置中,百货超市-烟酒茶叶店,1层/共1层,面宽8m、层高3.5m、进深9m,办公、学生、居民、旅游、其他,暂无数据,"['上水', '下水', '停车位']",[]
3.2万/月,0.88元/m²/天,1209m²,临街门面,36个月,金山区 -石化,集久网网吧(蒙山路店),3.2万/月,押2付6,36个月,物业类型,二手房,临街门面-临街,经营中,其他,3层/共4层,面宽9m、层高4.5m、进深15m,办公、学生、居民、旅游,暂无数据,"['上水', '下水', '排污', '客梯']","[['金山3路; 金山5路; 金张卫支线; 上石线', 'A', '金山区医保中心', '距离0.35km']]"
4000元/月,1.22元/m²/天,109m²,临街门面,暂无数据,金山区 -朱泾,好药师大药房(秀洲药店),4000元/月,押0付12,暂无数据,物业类型,新房,临街门面-临街,经营中,服饰鞋包-服装店,1层/共1层,面宽9m、层高6m、进深11m,居民,"物业费1元/m²/天,电费1元/度,水费5元/吨","['上水', '下水', '停车位']","[['朱泾一路内圈[医院方向]; 朱泾一路外圈[车站方向]', 'A', '紫金广场', '距离0.66km']]"
2600元/月,0.54元/m²/天,160m²,商业街店铺,1个月,金山区 -吕巷,溪北路/溪南路(路口),2600元/月,押1付12,1个月,物业类型,新房,商业街店铺-临街,经营中,餐饮美食-餐馆,1层/共2层,面宽5m、层高7m、进深8m,办公、学生、居民、其他、旅游,"物业费1元/m²/天,电费1元/度,水费1元/吨","['网络', '暖气', '天燃气', '上水', '下水', '排烟', '排污', '管煤', '停车位', '380v', '扶梯', '货梯', '客梯', '中央空调', '外摆区', '可明火']","[['吕巷三路', 'A', '社保所', '距离0.06km']]"
7000元/月,1.13元/m²/天,206m²,商业街店铺,24个月,金山区 -朱泾,塘园路/金龙新街(路口),7000元/月,押1付6,24个月,物业类型,二手房,商业街店铺-临街,空置中,暂无数据,1-3层/共3层,面宽8m、层高4m、进深12m,办公、居民、旅游,暂无数据,"['上水', '下水', '停车位', '客梯']","[['朱泾7路内圈[临源街方向]; 朱泾7路外圈[健康路方向]; 朱泾二路内圈[车站方向]; 朱泾二路外圈[医院方向]; 朱泾三路; 朱泾三路区间', 'A', '塘园路', '距离0.04km']]"
3万/月,3.33元/m²/天,300m²,商业街店铺,60个月,金山区 -山阳,卫清西路,3万/月,押3付3,60个月,物业类型,新房,商业街店铺-临街,空置中,餐饮美食-餐馆,1-2层/共2层,面宽12m、层高3.7m、进深24m,办公、学生、居民、旅游、其他,"物业费0.04元/m²/天,电费1.1元/度,水费1.9元/吨","['网络', '上水', '下水', '排烟', '排污', '管煤', '停车位', '380v', '扶梯', '外摆区', '可明火']","[['金山3路; 金山5路; 金张卫支线; 上石线', 'A', '金山区医保中心', '距离0.86km']]"
4400元/月,1.77元/m²/天,83m²,商业街店铺,12个月,金山区 -山阳,大吉大利今晚吃鸡,4400元/月,押1付12,12个月,物业类型,新房,商业街店铺-临街,经营中,餐饮美食-小吃店,1-2层/共2层,面宽6m、层高8m、进深16m,其他,"物业费4.5元/m²/天,电费0.82元/度,水费3.29元/吨",['停车位'],"[['金山6路; 莲石专线; 浦卫线; 石青专线[南段]; 石漕线; 松卫线; 松卫专线; 朱钱卫线; 朱卫专线[地面]', 'A', '卫零路金山大道', '距离0.68km']]"
2400元/月,1.6元/m²/天,50m²,临街门面,12个月,金山区 -朱泾,天衣无缝(金龙新街),2400元/月,押0付1,12个月,物业类型,新房,临街门面-临街,经营中,家居建材-建材店,1层/共1层,面宽4.8m、层高3m、进深9m,居民,"物业费1元/m²/天,电费1元/度,水费1元/吨",['停车位'],"[['朱泾7路内圈[临源街方向]; 朱泾7路外圈[健康路方向]; 朱泾二路内圈[车站方向]; 朱泾二路外圈[医院方向]; 朱泾三路; 朱泾三路区间', 'A', '塘园路', '距离0.23km']]"
2000元/月,0.43元/m²/天,154m²,写字楼配套,12个月,金山区 -金山新城,上海旧机动车交易市场(金山分市场),2000元/月,押1付12,12个月,物业类型,新房,写字楼配套-临街,空置中,其他,1-3层/共3层,面宽24m、层高3.5m、进深7m,办公、居民、其他,"物业费3元/m²/天,电费1.3元/度,水费6.5元/吨","['上水', '下水', '排污', '380v']",[]
1.36万/月,1.3元/m²/天,350m²,商业街店铺,12个月,金山区 -金山新城,上海市旧机动车交易市场金山分市场办证中心,1.36万/月,押1付12,12个月,物业类型,二手房,商业街店铺-临街,空置中,汽修美容-汽车美容店,1层/共1层,面宽21m、层高3.5m、进深16m,办公、居民、旅游、其他,"物业费3元/m²/天,电费1.25元/度,水费6.5元/吨","['上水', '下水', '排污', '停车位', '380v']","[['朱钱卫线', 'A', '金山大道卫宏路', '距离0.60km']]"
1万/月,3.33元/m²/天,100m²,商业街店铺,3个月,金山区 -金山新城,龙皓路-路侧停车位,1万/月,押1付3,3个月,物业类型,二手房,商业街店铺-临街,经营中,餐饮美食-面包店,-1层/共1层,面宽9m、层高4m、进深12m,办公、学生、旅游、居民,"物业费5元/m²/天,电费1.4元/度,水费2元/吨","['网络', '暖气', '天燃气', '上水', '下水', '排烟', '排污', '管煤', '停车位', '380v', '扶梯', '中央空调', '外摆区', '可明火']","[['虹桥枢纽7路; 金山8路; 金石线; 塘卫线; 朱石专线', 'A', '学府路龙皓路', '距离0.25km']]"
850元/月,0.63元/m²/天,45m²,其他,3个月,金山区 -亭林,长三角物流中心,850元/月,押1付6,3个月,物业类型,新房,其他-临街,空置中,家居建材-五金店,1层/共1层,面宽3m、层高4m、进深15m,居民,"物业费1元/m²/天,电费1元/度,水费1元/吨",['停车位'],"[['亭漕线[金山203路]', 'A', '亭耀路林珍路', '距离0.87km']]"
2.41万/月,1.2元/m²/天,670m²,商业街店铺,36个月,金山区 -金山新城,龙皓路,2.41万/月,押1付6,36个月,物业类型,新房,商业街店铺-临街,空置中,电器通讯-通讯用品店,1-2层/共3层,面宽20m、层高4.8m、进深33.5m,办公、学生、居民,"物业费2元/m²/天,电费1元/度,水费3.8元/吨","['380v', '客梯']","[['虹桥枢纽7路; 金山8路; 金石线; 塘卫线; 朱石专线', 'A', '学府路龙皓路', '距离0.79km']]"
1500元/月,0.36元/m²/天,140m²,商业街店铺,12个月,金山区 -亭林,长三角物流中心,1500元/月,押2付6,12个月,物业类型,新房,商业街店铺-临街,空置中,其他,1层/共1层,面宽36m、层高45m、进深60m,居民、其他、旅游、办公,"物业费1元/m²/天,电费1元/度,水费4元/吨","['上水', '下水', '排污', '停车位', '380v', '外摆区']","[['亭漕线[金山203路]', 'A', '亭耀路林珍路', '距离0.87km']]"
6000元/月,1.16元/m²/天,172m²,临街门面,12个月,金山区 -金山新城,卫清西路1039号,6000元/月,押2付6,12个月,物业类型,二手房,临街门面-临街,经营中,休闲娱乐-足浴,1-2层/共2层,面宽4m、层高5m、进深14m,居民、学生、办公、旅游,"物业费1元/m²/天,电费1元/度,水费2元/吨","['网络', '暖气', '天燃气', '上水', '下水', '排烟', '排污', '管煤', '停车位', '380v', '中央空调', '外摆区', '可明火']","[['金山3路; 金山5路; 金张卫支线; 上石线', 'A', '金山区医保中心', '距离0.32km']]"
7500元/月,1.42元/m²/天,176m²,社区底商,3个月,金山区 -石化,龙胜路卫零路,7500元/月,押1付3,3个月,物业类型,二手房,社区底商-临街,经营中,其他,1层/共2层,面宽6m、层高4m、进深29m,办公、学生、居民、其他,"物业费1元/m²/天,电费1.2元/度,水费1元/吨","['网络', '上水', '下水', '排烟', '排污', '停车位']","[['虹桥枢纽7路; 金山1路内圈[师大二附中方向]; 金山1路外圈[工人文化宫方向]; 金山2路; 金山3路; 金山6路; 金山7路; 金山9路; 金石线; 浦卫线; 山阳二路; 山阳二路工业区; 上石线; 石胡专线; 石化三线; 石梅线; 石南专线; 石青专线[南段]; 石漕线; 松卫线; 松卫专线; 塘卫线; 朱卫线高速; 朱卫专线[地面]', 'A', '石化汽车站', '距离0.75km']]"
1700元/月,2.83元/m²/天,20m²,商业街店铺,12个月,金山区,上海市金山区山阳镇中心幼儿园,1700元/月,押1付12,12个月,物业类型,二手房,商业街店铺-临街,经营中,餐饮美食-面包店,1层/共1层,面宽3m、层高4m、进深6m,学生、居民,"物业费1元/m²/天,电费1.1元/度,水费4元/吨","['天燃气', '停车位', '可明火']","[['山阳二路; 山阳二路工业区; 山阳一路; 山阳一路区间', 'A', '山阳小学', '距离0.17km']]"
8.5万/月,3.41元/m²/天,830m²,临街门面,12个月,金山区 -金山卫,卫清西路,8.5万/月,押1付3,12个月,物业类型,新房,临街门面-临街,空置中,其他,2层/共5层,面宽30m、层高4.8m、进深25m,居民,"物业费1元/m²/天,电费1.3元/度,水费6元/吨","['网络', '上水', '下水', '客梯']","[['金山3路; 金山5路; 金张卫支线; 上石线', 'A', '金山区医保中心', '距离0.75km']]"
2000元/月,1.42元/m²/天,47m²,商业街店铺,12个月,金山区 -金山卫,金山国际贸易城,2000元/月,押2付3,12个月,物业类型,新房,商业街店铺-临街,空置中,家居建材-五金店,1层/共3层,面宽4.5m、层高4.5m、进深10m,其他,"物业费3元/m²/天,电费1元/度,水费1元/吨",['停车位'],"[['朱钱卫线', 'A', '金山大道卫宏路', '距离0.33km']]"
4800元/月,2.35元/m²/天,68m²,商业街店铺,12个月,金山区,御景龙庭,4800元/月,押1付6,12个月,物业类型,新房,商业街店铺-临街,空置中,其他,1层/共1层,面宽4.4m、层高3.5m、进深15m,办公、学生、居民、旅游、其他,"物业费1元/m²/天,电费1元/度,水费5.4元/吨",['停车位'],"[['枫戚快线; 虹桥枢纽7路; 金石线; 塘卫线; 朱石专线', 'A', '学府路金山大道', '距离0.29km']]"
7500元/月,1.41元/m²/天,177m²,商业街店铺,24个月,金山区 -石化,龙胜路/卫零路(路口),7500元/月,押1付3,24个月,物业类型,二手房,商业街店铺-临街,经营中,休闲娱乐-养生馆,1层/共3层,面宽7m、层高5m、进深23m,办公、旅游、其他、学生、居民,"物业费1元/m²/天,电费1元/度,水费1元/吨","['网络', '暖气', '上水', '下水', '排烟', '排污', '380v', '中央空调', '可明火']",[]
3000元/月,1.51元/m²/天,66.18m²,商业街店铺,24个月,金山区 -朱泾,金龙新街,3000元/月,押1付3,24个月,物业类型,新房,商业街店铺-临街,空置中,百货超市-超市,1层/共3层,面宽6m、层高3m、进深10m,居民,"物业费3元/m²/天,电费10元/度,水费6元/吨",['停车位'],"[['朱泾二路内圈[车站方向]; 朱泾二路外圈[医院方向]; 朱泾三路; 朱泾三路区间', 'A', '罗星南路', '距离0.65km']]"
4500元/月,10元/m²/天,15m²,购物百货中心,12个月,金山区 -石化,百联金山购物中心,4500元/月,押3付1,12个月,物业类型,二手房,购物百货中心,经营中,餐饮美食-餐馆,1层/共1层,面宽5m、层高3m、进深3m,办公、学生、居民、旅游、其他,暂无数据,"['网络', '停车位', '380v', '扶梯', '货梯', '客梯', '中央空调']",[]
3000元/月,0.69元/m²/天,145m²,商业街店铺,6个月,金山区 -枫泾,中大街/南大街(路口),3000元/月,押1付6,6个月,物业类型,二手房,商业街店铺-临街,经营中,餐饮美食-水果食品店,1层/共2层,面宽13m、层高3m、进深13m,旅游、居民、学生、办公,"物业费1元/m²/天,电费1.3元/度,水费1元/吨","['网络', '下水', '停车位', '中央空调', '外摆区']",[]
2500元/月,0.69元/m²/天,120m²,临街门面,12个月,金山区 -朱泾,上海市金山区万安街256号,2500元/月,押1付6,12个月,物业类型,二手房,临街门面-临街,空置中,美容美发-SPA馆,1-3层/共3层,面宽4.2m、层高3m、进深11m,办公、居民、旅游、其他,"物业费1元/m²/天,电费1.2元/度,水费6元/吨","['网络', '上水', '下水', '排烟', '停车位', '扶梯', '客梯', '可明火']","[['朱泾一路内圈[医院方向]; 朱泾一路外圈[车站方向]', 'A', '沈浦泾路万安街', '距离0.15km']]"
3580元/月,1.99元/m²/天,60m²,商业街店铺,24个月,金山区 -枫泾,上海市金山区枫丽路202,3580元/月,押0付12,24个月,物业类型,新房,商业街店铺-临街,经营中,服饰鞋包-服装店,1层/共2层,面宽3.8m、层高4.5m、进深12m,居民、旅游、学生、办公,"物业费1元/m²/天,电费1元/度,水费2元/吨","['网络', '上水', '下水', '排烟', '排污', '停车位', '中央空调']","[['枫泾8路内圈[枫阳路方向]; 枫泾8路外圈[枫湾路方向]', 'A', '新泾路白牛路(枫溪公园)', '距离0.09km']]"
8000元/月,2.96元/m²/天,90m²,商业街店铺,36个月,金山区 -金山新城,金山海汇街,8000元/月,押2付3,36个月,物业类型,新房,商业街店铺,空置中,餐饮美食-餐馆,1层/共1层,面宽5m、层高5.8m、进深18m,办公、学生、居民,"物业费7.5元/m²/天,电费1.09元/度,水费5.63元/吨","['网络', '暖气', '上水', '下水', '排烟', '排污', '管煤', '380v', '扶梯', '货梯', '客梯', '中央空调', '可明火']","[['金山11路; 莲卫专线; 松卫线', 'A', '杭州湾大道龙航路', '距离0.53km']]"
2万/月,1.67元/m²/天,400m²,商业街店铺,3个月,金山区 -石化,九好设计装饰,2万/月,押1付3,3个月,物业类型,二手房,商业街店铺-临街,空置中,家居建材-装饰装修材料店,独栋/共4层,面宽8m、层高4m、进深8m,办公,"物业费11元/m²/天,电费1元/度,水费5.63元/吨","['网络', '天燃气', '上水', '下水', '排烟', '停车位', '扶梯']","[['金山10路; 金山4路; 金山7路', 'A', '金山卫站北广场', '距离0.88km']]"
1300元/月,3.61元/m²/天,12m²,临街门面,12个月,金山区 -枫泾,和平街,1300元/月,押1付12,12个月,物业类型,二手房,临街门面-临街,经营中,百货超市-小卖铺,1层/共1层,面宽2m、层高3m、进深6m,旅游、居民,"物业费1元/m²/天,电费1元/度,水费1元/吨","['上水', '下水', '排污', '外摆区']",[]
2000元/月,0.01元/m²/天,4687m²,购物百货中心,12个月,金山区 -金山新城,麦当劳(金山红星美凯龙DT餐厅),2000元/月,押2付2,12个月,物业类型,新房,购物百货中心-临街,空置中,餐饮美食,-1-3层/共4层,面宽4m、层高5m、进深5m,办公、学生、居民、旅游、其他,"物业费0.5元/m²/天,电费1.5元/度,水费6.78元/吨","['网络', '暖气', '天燃气', '上水', '下水', '排烟', '排污', '管煤', '停车位', '380v', '扶梯', '货梯', '客梯', '中央空调', '外摆区']","[['金山3路; 金山8路; 莲石专线; 浦卫线; 石青专线[南段]; 松卫专线', 'A', '金山区人民政府', '距离0.79km']]"
3000元/月,5.88元/m²/天,17m²,商业街店铺,3个月,金山区 -山阳,上海市金山区海芙路,3000元/月,押1付3,3个月,物业类型,二手房,商业街店铺-临街,经营中,餐饮美食-餐馆,1层/共1层,面宽5m、层高8m、进深7m,办公、学生、居民,"物业费1元/m²/天,电费1.5元/度,水费1元/吨","['上水', '下水', '排烟', '排污', '停车位', '380v', '外摆区', '可明火']",[]
1.2万/月,2.82元/m²/天,141.93m²,商业街店铺,12个月,金山区 -张堰,中侨职业技术学院(金山校区),1.2万/月,押1付12,12个月,物业类型,新房,商业街店铺-临街,空置中,餐饮美食-餐馆,2层/共2层,面宽8m、层高5.5m、进深8.8m,学生、居民、其他,"物业费1元/m²/天,电费0.81元/度,水费3.5元/吨","['网络', '上水', '下水', '排烟', '排污', '停车位', '380v', '客梯']","[['莲卫专线', 'A', '中侨学院', '距离0.27km']]"
4000元/月,0.07元/m²/天,2000m²,档口摊位,12个月,金山区 -吕巷,吕巷镇,4000元/月,押1付1,12个月,物业类型,新房,档口摊位,空置中,百货超市-超市,1层/共1层,面宽40m、层高5m、进深50m,办公、学生、居民、其他,暂无数据,"['上水', '下水', '排烟', '排污', '管煤']","[['金石线; 莲廊专线; 朱石专线', 'A', '吕巷', '距离0.55km']]"
4000元/月,0.04元/m²/天,3000m²,档口摊位,12个月,金山区 -金山卫,金山区,4000元/月,押1付1,12个月,物业类型,新房,档口摊位,空置中,百货超市-超市,1层/共1层,面宽50m、层高5m、进深60m,居民、旅游、其他,暂无数据,"['上水', '下水', '排烟', '排污', '管煤']","[['金山3路; 金山8路; 莲石专线; 浦卫线; 石青专线[南段]; 松卫专线', 'A', '金山区人民政府', '距离0.24km']]"
4万/月,0.89元/m²/天,1500m²,购物百货中心,12个月,金山区 -朱泾,朱泾公园路,4万/月,押2付6,12个月,物业类型,二手房,购物百货中心-临街,空置中,休闲娱乐-网吧,3层/共3层,面宽50m、层高3.5m、进深30m,居民、办公、其他,"物业费1元/m²/天,电费1元/度,水费1元/吨","['网络', '暖气', '上水', '下水', '排烟', '排污', '停车位', '客梯', '中央空调', '可明火']","[['朱枫线; 朱泾7路内圈[临源街方向]; 朱泾7路外圈[健康路方向]; 朱泾二路内圈[车站方向]; 朱泾二路外圈[医院方向]; 朱泾一路内圈[医院方向]; 朱泾一路外圈[车站方向]', 'A', '中心医院', '距离0.34km']]"
1.13万/月,0.9元/m²/天,420m²,临街门面,36个月,金山区 -金山工业区,立新街228号,1.13万/月,押1付6,36个月,物业类型,二手房,临街门面-临街,空置中,教育培训-培训机构,1-2层/共3层,面宽19m、层高4.2m、进深22m,居民、其他,暂无数据,"['上水', '下水', '停车位']","[['金山工业区二路; 金山工业区一路', 'A', '朱行社区服务中心', '距离0.44km']]"
1000元/月,0.28元/m²/天,120m²,商业街店铺,12个月,金山区 -金山卫,万寿新村-4号楼,1000元/月,押1付3,12个月,物业类型,新房,商业街店铺-临街,经营中,美容美发-SPA馆,-9层/共1层,面宽10m、层高3m、进深7m,其他、居民、旅游、办公,"物业费2元/m²/天,电费1元/度,水费1元/吨","['网络', '上水', '下水', '排烟', '排污', '停车位', '外摆区', '可明火']","[['金山2路; 金山卫一路', 'A', '板桥西路学府路', '距离0.62km']]"
3000元/月,1.82元/m²/天,55m²,商业街店铺,12个月,金山区 -山阳,万达广场(上海金山店),3000元/月,押2付3,12个月,物业类型,二手房,商业街店铺-临街,空置中,餐饮美食-餐馆,1层/共2层,面宽4.2m、层高5.8m、进深15m,办公、学生、居民、旅游、其他,暂无数据,"['网络', '暖气', '天燃气', '上水', '下水', '排烟', '排污', '管煤', '停车位', '380v', '扶梯', '货梯', '客梯', '中央空调', '外摆区', '可明火']","[['金山10路; 金山11路; 金山3路; 金山6路; 金山8路; 山阳一路区间; 松卫线; 朱卫专线[地面]', 'A', '龙航路金山医院', '距离0.59km']]"
1350元/月,3.46元/m²/天,13m²,临街门面,12个月,金山区 -枫泾,枫泾古镇,1350元/月,押1付6,12个月,物业类型,新房,临街门面-临街,经营中,百货超市-工艺品店,1层/共1层,面宽1.85m、层高3m、进深7m,旅游、学生、居民,"物业费1元/m²/天,电费1元/度,水费4元/吨","['下水', '380v', '外摆区', '可明火']","[['枫泾8路内圈[枫阳路方向]; 枫泾8路外圈[枫湾路方向]', 'A', '新泾路白牛路(枫溪公园)', '距离0.26km']]"
1.1万/月,3.24元/m²/天,113m²,临街门面,12个月,金山区 -金山新城,万达广场(上海金山店),1.1万/月,押2付3,12个月,物业类型,新房,临街门面-临街,经营中,休闲娱乐-瑜伽馆,1层/共1层,面宽4.5m、层高5.7m、进深15m,办公、学生、居民、其他、旅游,"物业费7.5元/m²/天,电费1.09元/度,水费6元/吨","['网络', '暖气', '天燃气', '上水', '下水', '排烟', '排污', '管煤', '停车位', '380v', '扶梯', '货梯', '客梯', '中央空调', '外摆区']","[['金山10路; 金山11路; 金山3路; 金山6路; 金山8路; 山阳一路区间; 松卫线; 朱卫专线[地面]', 'A', '龙航路金山医院', '距离0.59km']]"
2500元/月,2.19元/m²/天,38m²,临街门面,36个月,金山区 -亭林,美卡莱(松隐店),2500元/月,押2付6,36个月,物业类型,二手房,临街门面-临街,经营中,餐饮美食-小吃店,2层/共2层,面宽33m、层高3.5m、进深9.9m,办公、学生、居民、其他,"物业费1元/m²/天,电费1元/度,水费1元/吨","['网络', '上水', '下水', '排烟', '排污', '380v', '扶梯', '中央空调', '可明火']","[['虹桥枢纽8路; 莲金专线; 南金线; 塘卫线; 朱卫专线[地面]; 莘金专线', 'A', '松隐', '距离0.18km']]"
,,,,,,,,,,,,,,,,,,,[],[]
1.06万/月,1.1元/m²/天,320m²,临街门面,12个月,金山区 -亭林,中国邮政储蓄银行(松隐邮局营业部),1.06万/月,押4付12,12个月,物业类型,新房,临街门面-临街,空置中,百货超市-小卖铺,1-2层/共2层,面宽16m、层高7m、进深10m,居民,"物业费0.5元/m²/天,电费1.2元/度,水费6元/吨","['上水', '下水', '排污']","[['亭林一路', 'A', '松隐中学', '距离0.21km']]"
1.2万/月,1.88元/m²/天,213m²,商业街店铺,12个月,金山区 -金山新城,万达广场(上海金山店),1.2万/月,押2付3,12个月,物业类型,新房,商业街店铺-临街,空置中,生活服务-干洗店,2层/共2层,面宽4.5m、层高5.7m、进深14m,学生、居民、办公、其他、旅游,"物业费7.5元/m²/天,电费1.09元/度,水费6元/吨","['网络', '暖气', '天燃气', '上水', '下水', '排烟', '排污', '管煤', '停车位', '380v', '扶梯', '货梯', '客梯', '中央空调', '外摆区']","[['金山10路; 金山11路; 金山3路; 金山6路; 金山8路; 山阳一路区间; 松卫线; 朱卫专线[地面]', 'A', '龙航路金山医院', '距离0.59km']]"
1250元/月,0.91元/m²/天,46m²,社区底商,12个月,金山区 -亭林,长三角物流中心,1250元/月,押1付6,12个月,物业类型,二手房,社区底商-临街,空置中,其他,1层/共5层,面宽3.8m、层高4.5m、进深12m,办公,暂无数据,"['上水', '下水', '排污', '停车位', '外摆区']","[['亭漕线[金山203路]', 'A', '亭耀路林珍路', '距离0.87km']]"
730元/月,0.7元/m²/天,35m²,社区底商,12个月,金山区 -亭林,长三角物流中心,730元/月,押1付3,12个月,物业类型,二手房,社区底商-临街,空置中,暂无数据,1层/共5层,面宽1.5m、层高5m、进深8m,办公,暂无数据,"['上水', '下水', '排污']","[['亭漕线[金山203路]', 'A', '亭耀路林珍路', '距离0.87km']]"
2200元/月,0.72元/m²/天,102m²,社区底商,12个月,金山区 -亭林,长三角物流中心,2200元/月,押1付6,12个月,物业类型,二手房,社区底商-临街,空置中,其他,1层/共5层,面宽3.5m、层高5m、进深12m,办公,水费3元/吨,"['上水', '下水', '排污', '外摆区']","[['亭漕线[金山203路]', 'A', '亭耀路林珍路', '距离0.87km']]"
6700元/月,1.24元/m²/天,180m²,临街门面,12个月,金山区 -金山周边,海汇街,6700元/月,押2付3,12个月,物业类型,二手房,临街门面-临街,经营中,餐饮美食-餐馆,1层/共2层,面宽5m、层高5.6m、进深17m,办公、学生、居民、旅游、其他,暂无数据,"['网络', '暖气', '天燃气', '上水', '下水', '排烟', '排污', '管煤', '停车位', '380v', '扶梯', '货梯', '客梯', '中央空调', '外摆区', '可明火']","[['金山3路; 金山8路; 莲石专线; 浦卫线; 石青专线[南段]; 松卫专线', 'A', '金山区人民政府', '距离0.67km']]"
1.2万/月,4.65元/m²/天,86m²,商业街店铺,12个月,金山区,万达广场(上海金山店),1.2万/月,押2付3,12个月,物业类型,二手房,商业街店铺-临街,空置中,餐饮美食-餐馆,1层/共1层,面宽6m、层高5.5m、进深16m,办公、居民、旅游、其他、学生,"物业费3.5元/m²/天,电费1元/度,水费1元/吨","['网络', '暖气', '天燃气', '上水', '下水', '排烟', '排污', '管煤', '停车位', '380v', '扶梯', '货梯', '客梯', '中央空调', '外摆区', '可明火']","[['金山10路; 金山11路; 金山3路; 金山6路; 金山8路; 山阳一路区间; 松卫线; 朱卫专线[地面]', 'A', '龙航路金山医院', '距离0.59km']]"
13.23万/月,2.1元/m²/天,2100m²,临街门面,36个月,金山区 -金山新城,龙胜东路868号,13.23万/月,押3付3,36个月,物业类型,二手房,临街门面-临街,空置中,休闲娱乐-休闲中心,1层/共2层,面宽50m、层高4.5m、进深20m,办公、学生、居民、旅游,物业费5元/m²/天,"['天燃气', '上水', '下水', '排烟', '排污', '停车位', '可明火']","[['金山铁路大站停[车墩/亭林]; 金山铁路大站停新桥/亭林; 金山铁路站站停; 金山铁路直达', 'A', '金山卫站', '距离0.84km']]"
1.2万/月,3.74元/m²/天,107m²,社区底商,24个月,金山区 -金山新城,海盛路/龙轩路(路口),1.2万/月,押3付3,24个月,物业类型,二手房,社区底商-临街,经营中,生活服务-职介所,1层/共1层,面宽7m、层高4m、进深10m,办公、学生、居民、旅游,物业费5元/m²/天,"['上水', '下水', '中央空调']","[['金山5路; 山阳一路; 山阳一路区间; 上石线; 朱卫专线[地面]', 'A', '龙皓路海丰路', '距离0.92km']]"
4000元/月,1.67元/m²/天,80m²,临街门面,12个月,金山区 -金山新城,卫0路934号,4000元/月,押3付12,12个月,物业类型,二手房,临街门面-临街,空置中,休闲娱乐-棋牌馆,1层/共1层,面宽4m、层高4m、进深20m,办公、学生、居民、旅游、其他,暂无数据,"['上水', '下水', '停车位', '380v']","[['金山6路; 莲石专线; 浦卫线; 石青专线[南段]; 石漕线; 松卫线; 松卫专线; 朱钱卫线; 朱卫专线[地面]', 'A', '卫零路金山大道', '距离0.07km']]"
3000元/月,2.5元/m²/天,40m²,临街门面,12个月,金山区 -金山新城,龙皓路2235号,3000元/月,押1付3,12个月,物业类型,二手房,临街门面-临街,经营中,美容美发-美容院,1-2层/共2层,面宽4m、层高3m、进深7m,办公、学生、居民、其他,"物业费1元/m²/天,电费1元/度,水费3元/吨","['网络', '上水', '下水', '排污', '停车位', '扶梯', '中央空调']","[['虹桥枢纽7路; 金山8路; 金石线; 塘卫线; 朱石专线', 'A', '学府路龙皓路', '距离0.26km']]"
4500元/月,1.76元/m²/天,85m²,临街门面,6个月,金山区 -金山新城,万达广场(上海金山店),4500元/月,押2付3,6个月,物业类型,新房,临街门面-临街,空置中,服饰鞋包-箱包店,1层/共2层,面宽4.5m、层高5.5m、进深14m,办公、旅游、居民、学生、其他,"物业费7.5元/m²/天,电费1.09元/度,水费6元/吨","['网络', '暖气', '天燃气', '上水', '下水', '排烟', '排污', '管煤', '停车位', '380v', '扶梯', '货梯', '客梯', '中央空调', '外摆区']","[['金山10路; 金山11路; 金山3路; 金山6路; 金山8路; 山阳一路区间; 松卫线; 朱卫专线[地面]', 'A', '龙航路金山医院', '距离0.59km']]"
1300元/月,0.82元/m²/天,53m²,商业街店铺,12个月,金山区 -亭林,大亭公路,1300元/月,押2付6,12个月,物业类型,二手房,商业街店铺,经营中,其他,1层/共3层,面宽3.55m、层高2.7m、进深12m,其他、办公,"物业费2元/m²/天,电费1.2元/度,水费6.25元/吨","['网络', '暖气', '上水', '下水', '排烟', '排污', '停车位']","[['奉贤28路; 庄行1线', 'A', '三城路腾庄路', '距离0.96km']]"
1500元/月,1.67元/m²/天,30m²,临街门面,12个月,金山区 -金山卫,山康花苑-北门,1500元/月,押1付6,12个月,物业类型,二手房,临街门面-临街,经营中,其他,1层/共1层,面宽3m、层高4m、进深10m,居民,"物业费50元/m²/天,电费1.2元/度,水费6元/吨","['上水', '下水', '中央空调']","[['金山4路; 金山8路', 'A', '西静路龙皓路', '距离0.44km']]"
8000元/月,4.44元/m²/天,60m²,商业街店铺,12个月,金山区 -山阳,蒙山北路/龙翔路(路口),8000元/月,押3付3,12个月,物业类型,二手房,商业街店铺-临街,经营中,美容美发-美发店,1层/共1层,面宽6m、层高3.8m、进深10m,居民、学生、办公、旅游、其他,"物业费1元/m²/天,电费1元/度,水费1元/吨","['网络', '暖气', '排污', '停车位', '中央空调', '外摆区', '可明火']","[['金山3路; 金山8路; 莲石专线; 浦卫线; 石青专线[南段]; 松卫专线', 'A', '金山区人民政府', '距离0.96km']]"
6000元/月,2.86元/m²/天,70m²,商业街店铺,12个月,金山区 -金山新城,万达广场(上海金山店),6000元/月,押2付3,12个月,物业类型,新房,商业街店铺-临街,空置中,餐饮美食-餐馆,1层/共2层,面宽4.2m、层高5.7m、进深15m,办公、旅游、学生、居民,"物业费7.5元/m²/天,电费1.09元/度,水费6.01元/吨","['网络', '天燃气', '上水', '下水', '排烟', '排污', '管煤', '380v', '扶梯', '货梯', '客梯', '中央空调', '外摆区', '可明火']","[['金山10路; 金山11路; 金山3路; 金山6路; 金山8路; 山阳一路区间; 松卫线; 朱卫专线[地面]', 'A', '龙航路金山医院', '距离0.59km']]"
1800元/月,1.25元/m²/天,48m²,临街门面,6个月,金山区 -山阳,婵艺国际瑜伽,1800元/月,押1付1,6个月,物业类型,新房,临街门面-临街,经营中,美容美发-美发店,1层/共1层,面宽3m、层高15m、进深15m,居民、办公、其他,"物业费1元/m²/天,电费1元/度,水费5元/吨","['暖气', '停车位', '客梯', '中央空调']","[['金山10路; 金山11路; 金山3路; 金山6路; 金山8路; 山阳一路区间; 松卫线; 朱卫专线[地面]', 'A', '龙航路金山医院', '距离0.74km']]"
1万/月,1.11元/m²/天,300m²,商业街店铺,12个月,金山区 -石化,米艺优尚大食堂,1万/月,押2付6,12个月,物业类型,二手房,商业街店铺,空置中,餐饮美食-咖啡馆,1层/共2层,面宽9m、层高4m、进深32m,居民、学生、旅游,"物业费2元/m²/天,电费1.2元/度,水费6元/吨","['天燃气', '上水', '下水', '排烟', '排污', '管煤', '停车位', '380v', '外摆区', '可明火']","[['金山1路内圈[师大二附中方向]; 金山2路; 金山3路; 金山6路; 莲石专线; 上石线; 石化三线; 石化一线', 'A', '象州路富川路', '距离0.40km']]"
3500元/月,0.73元/m²/天,160m²,临街门面,12个月,金山区 -吕巷,康兴路116号,3500元/月,押3付12,12个月,物业类型,新房,临街门面-临街,空置中,休闲娱乐-歌舞团,1-2层/共3层,面宽6m、层高3.8m、进深12m,办公、学生、居民、旅游,"物业费1元/m²/天,电费1元/度,水费1元/吨","['网络', '暖气', '上水', '下水', '排污', '停车位', '扶梯', '客梯', '中央空调']","[['金石线; 莲廊专线; 朱石专线', 'A', '吕巷', '距离0.27km']]"
7000元/月,2.22元/m²/天,105m²,商业街店铺,36个月,金山区 -朱泾,金龙新街/罗星南路(路口),7000元/月,押1付12,36个月,物业类型,二手房,商业街店铺-临街,空置中,餐饮美食-水果食品店,1-2层/共2层,面宽4m、层高6.5m、进深13m,办公、学生、居民、旅游、其他,暂无数据,"['上水', '下水', '停车位']","[['朱泾二路内圈[车站方向]; 朱泾二路外圈[医院方向]; 朱泾三路; 朱泾三路区间', 'A', '罗星南路', '距离0.03km']]"
2000元/月,0.01元/m²/天,4568m²,购物百货中心,12个月,金山区 -金山新城,麦当劳(金山红星美凯龙DT餐厅),2000元/月,押2付2,12个月,物业类型,新房,购物百货中心-临街,空置中,餐饮美食,-1-3层/共4层,面宽5m、层高5m、进深5m,办公、学生、居民、旅游、其他,"物业费0.5元/m²/天,电费1.5元/度,水费6.78元/吨","['网络', '暖气', '天燃气', '上水', '下水', '排烟', '排污', '管煤', '停车位', '380v', '扶梯', '货梯', '客梯', '中央空调', '外摆区']","[['金山3路; 金山8路; 莲石专线; 浦卫线; 石青专线[南段]; 松卫专线', 'A', '金山区人民政府', '距离0.79km']]"
5万/月,111.11元/m²/天,15m²,社区底商,12个月,金山区 -张堰,新华东路41号,5万/月,押1付6,12个月,物业类型,新房,社区底商-临街,经营中,餐饮美食-小吃店,1层/共1层,面宽3.5m、层高2.7m、进深8m,学生、居民,"物业费10元/m²/天,电费1.2元/度,水费10元/吨","['排烟', '停车位']","[['虹桥枢纽7路; 金张卫支线; 松卫线; 塘卫线; 朱石专线', 'A', '张堰', '距离0.49km']]"
8500元/月,2.18元/m²/天,130m²,商业街店铺,12个月,金山区 -金山卫,吉卖隆生活超市(金山店),8500元/月,押1付12,12个月,物业类型,新房,商业街店铺-临街,空置中,餐饮美食-餐馆,1层/共1层,面宽8m、层高3m、进深16m,学生、办公、居民、其他,"物业费1元/m²/天,电费1元/度,水费1元/吨",['380v'],"[['金山2路; 金山卫一路', 'A', '板桥西路学府路', '距离0.10km']]"
1.13万/月,0.9元/m²/天,420m²,临街门面,36个月,金山区 -金山工业区,立新街228号,1.13万/月,押1付6,36个月,物业类型,二手房,临街门面-临街,空置中,教育培训-培训机构,1-2层/共3层,面宽19m、层高4.2m、进深21m,居民、其他,暂无数据,"['上水', '下水', '停车位', '380v']","[['金山工业区二路; 金山工业区一路', 'A', '朱行社区服务中心', '距离0.44km']]"
2000元/月,1.33元/m²/天,50m²,临街门面,3个月,金山区 -张堰,新建路,2000元/月,押1付3,3个月,物业类型,二手房,临街门面-临街,经营中,美容美发-美发店,1-2层/共2层,面宽7m、层高3m、进深4m,居民,"物业费0.1元/m²/天,电费1元/度,水费4.5元/吨","['网络', '上水', '下水', '排污', '可明火']","[['张堰二路', 'A', '牡丹小区', '距离0.31km']]"
1.53万/月,30元/m²/天,17m²,商业街店铺,12个月,金山区 -山阳,万达广场(上海金山店),1.53万/月,押2付3,12个月,物业类型,二手房,商业街店铺-临街,经营中,餐饮美食-小吃店,1层/共1层,面宽2m、层高5.6m、进深8m,办公、居民、学生、其他、旅游,"物业费7.5元/m²/天,电费1.09元/度,水费5元/吨","['网络', '暖气', '天燃气', '上水', '下水', '排烟', '排污', '管煤', '停车位', '380v', '扶梯', '货梯', '客梯', '中央空调', '外摆区', '可明火']","[['金山10路; 金山11路; 金山3路; 金山6路; 金山8路; 山阳一路区间; 松卫线; 朱卫专线[地面]', 'A', '龙航路金山医院', '距离0.59km']]"
1700元/月,0.94元/m²/天,60m²,商业街店铺,12个月,金山区 -山阳,金山悦立方商业广场,1700元/月,押1付3,12个月,物业类型,新房,商业街店铺-临街,空置中,其他,2层/共2层,面宽3.2m、层高3.8m、进深10.8m,办公、居民、旅游、其他,"物业费3元/m²/天,电费1.2元/度,水费1元/吨","['上水', '下水', '排烟', '排污', '可明火']","[['金山5路; 山阳一路; 山阳一路区间; 上石线; 朱卫专线[地面]', 'A', '龙皓路海丰路', '距离0.72km']]"
800元/月,0.58元/m²/天,46m²,社区底商,12个月,金山区 -亭林,长三角物流中心,800元/月,押1付6,12个月,物业类型,二手房,社区底商-临街,空置中,其他,1层/共5层,面宽3.5m、层高5m、进深12m,办公,水费3元/吨,"['上水', '下水', '排污', '停车位']","[['亭漕线[金山203路]', 'A', '亭耀路林珍路', '距离0.87km']]"
1.7万/月,3.15元/m²/天,180m²,商业街店铺,12个月,金山区 -金山新城,红星国际广场-东北1门,1.7万/月,押2付3,12个月,物业类型,新房,商业街店铺-临街,经营中,餐饮美食-小吃店,1层/共1层,面宽10m、层高5.6m、进深16m,办公、居民、旅游,"物业费16元/m²/天,电费1.5元/度,水费1元/吨","['网络', '天燃气', '上水', '排烟', '排污', '停车位', '380v', '客梯', '中央空调', '可明火']","[['金山5路; 山阳一路; 山阳一路区间; 上石线; 朱卫专线[地面]', 'A', '龙皓路海丰路', '距离0.75km']]"
9000元/月,3.53元/m²/天,85m²,商业街店铺,12个月,金山区 -金山新城,万达广场(上海金山店),9000元/月,押2付3,12个月,物业类型,二手房,商业街店铺,经营中,餐饮美食-餐馆,1层/共1层,面宽4.5m、层高5.8m、进深16m,办公、学生、居民、旅游、其他,"物业费7.5元/m²/天,电费1.09元/度,水费5.63元/吨","['天燃气', '上水', '下水', '排烟', '排污', '管煤', '380v', '扶梯', '货梯', '客梯', '外摆区', '可明火']","[['金山10路; 金山11路; 金山3路; 金山6路; 金山8路; 山阳一路区间; 松卫线; 朱卫专线[地面]', 'A', '龙航路金山医院', '距离0.59km']]"
2200元/月,2.44元/m²/天,30m²,商业街店铺,12个月,金山区 -亭林,松隐大街与松隐中心路交叉口,2200元/月,押1付12,12个月,物业类型,二手房,商业街店铺-临街,空置中,服饰鞋包-服装店,1层/共1层,面宽4m、层高2.8m、进深5m,居民、其他,"物业费1元/m²/天,电费1元/度,水费5元/吨",['上水'],"[['亭林一路', 'A', '松隐中学', '距离0.22km']]"
1300元/月,0.82元/m²/天,53m²,商业街店铺,12个月,金山区 -亭林,上海市金山区,1300元/月,押2付6,12个月,物业类型,二手房,商业街店铺,经营中,家居建材-五金店,1层/共3层,面宽5.33m、层高2.7m、进深12m,办公、居民、其他,"物业费2元/m²/天,电费6元/度,水费1.2元/吨","['网络', '暖气', '上水', '下水', '排烟', '排污', '停车位']","[['金漕线; 石胡专线; 亭漕线[金山203路]', 'A', '陆家桥', '距离0.67km']]"
7000元/月,3.89元/m²/天,60m²,商业街店铺,6个月,金山区 -石化,卫0北路755号,7000元/月,押1付6,6个月,物业类型,二手房,商业街店铺-临街,空置中,餐饮美食-餐馆,1层/共1层,面宽6m、层高2.5m、进深12m,办公、学生、居民,暂无数据,"['下水', '排烟', '排污', '380v']","[['金山6路; 金山8路; 金张卫支线; 石漕线', 'A', '蒙山北路龙航路', '距离0.65km']]"
3750元/月,1.79元/m²/天,70m²,临街门面,6个月,金山区 -石化,学府路,3750元/月,押1付6,6个月,物业类型,二手房,临街门面-临街,经营中,家居建材-建材店,1层/共1层,面宽7m、层高3m、进深7.5m,办公、学生、居民、旅游、其他,"物业费2元/m²/天,电费1元/度,水费2元/吨","['网络', '上水', '下水', '排烟', '排污', '管煤', '380v', '外摆区', '可明火']",[]
3500元/月,0.73元/m²/天,160m²,临街门面,12个月,金山区 -吕巷,康兴路116号,3500元/月,押3付12,12个月,物业类型,新房,临街门面-临街,空置中,休闲娱乐-棋牌馆,1-2层/共3层,面宽6m、层高3.8m、进深12m,办公、学生、居民、旅游、其他,"物业费1元/m²/天,电费1元/度,水费1元/吨","['网络', '暖气', '天燃气', '上水', '下水', '排烟', '停车位', '扶梯', '货梯', '客梯', '中央空调', '外摆区']",[]
2000元/月,0.22元/m²/天,300m²,商业街店铺,12个月,金山区 -漕泾,金上海家园,2000元/月,押1付3,12个月,物业类型,新房,商业街店铺-临街,空置中,百货超市-超市,1层/共1层,面宽1m、层高1m、进深1m,办公,"物业费1元/m²/天,电费1元/度,水费1元/吨","['上水', '下水', '客梯']","[['地铁12号线', 'A', '宁国路', '距离1.12km']]"
9200元/月,2.92元/m²/天,105m²,临街门面,12个月,金山区 -石化,卫零北路,9200元/月,押1付6,12个月,物业类型,二手房,临街门面-临街,经营中,其他,1层/共1层,面宽6m、层高5.8m、进深16m,办公、学生、居民、其他,"物业费1.8元/m²/天,电费0.78元/度,水费2.9元/吨","['上水', '下水', '排污', '停车位', '外摆区']","[['张堰二路; 张堰一路', 'A', '漕廊公路', '距离0.30km']]"
2000元/月,0.01元/m²/天,4568m²,购物百货中心,3个月,金山区 -金山新城,麦当劳(金山红星美凯龙DT餐厅),2000元/月,押2付2,3个月,物业类型,新房,购物百货中心-临街,空置中,餐饮美食,-1-3层/共4层,面宽4m、层高5m、进深8m,办公、学生、居民、旅游、其他,"物业费0.5元/m²/天,电费1.5元/度,水费5.68元/吨","['网络', '暖气', '天燃气', '上水', '下水', '排烟', '排污', '管煤', '停车位', '380v', '扶梯', '货梯', '客梯', '中央空调', '外摆区']","[['金山3路; 金山8路; 莲石专线; 浦卫线; 石青专线[南段]; 松卫专线', 'A', '金山区人民政府', '距离0.79km']]"
1300元/月,0.94元/m²/天,46m²,社区底商,12个月,金山区 -亭林,长三角物流中心,1300元/月,押1付6,12个月,物业类型,二手房,社区底商-临街,空置中,暂无数据,1层/共5层,面宽4m、层高5m、进深12m,办公、居民,暂无数据,"['上水', '下水', '排烟', '排污', '外摆区']","[['亭漕线[金山203路]', 'A', '亭耀路林珍路', '距离0.87km']]"
6000元/月,6.67元/m²/天,30m²,临街门面,12个月,金山区 -石化,金山石化汽车站,6000元/月,押1付1,12个月,物业类型,二手房,临街门面-临街,经营中,餐饮美食-小吃店,1层/共1层,面宽5m、层高3m、进深6m,办公、学生、居民、旅游、其他,暂无数据,"['上水', '下水', '380v']","[['虹桥枢纽7路; 金山1路内圈[师大二附中方向]; 金山1路外圈[工人文化宫方向]; 金山2路; 金山3路; 金山6路; 金山7路; 金山9路; 金石线; 浦卫线; 山阳二路; 山阳二路工业区; 上石线; 石胡专线; 石化三线; 石梅线; 石南专线; 石青专线[南段]; 石漕线; 松卫线; 松卫专线; 塘卫线; 朱卫线高速; 朱卫专线[地面]', 'A', '石化汽车站', '距离0.02km']]"
3500元/月,0.73元/m²/天,160m²,临街门面,12个月,金山区 -吕巷,康兴路116号,3500元/月,押3付12,12个月,物业类型,新房,临街门面-临街,空置中,休闲娱乐-棋牌馆,1-2层/共3层,面宽6m、层高3.8m、进深12m,办公、学生、居民、旅游、其他,"物业费1元/m²/天,电费1元/度,水费1元/吨","['网络', '天燃气', '上水', '下水', '排烟', '排污', '管煤', '停车位', '扶梯', '货梯', '客梯', '中央空调']","[['金石线; 莲廊专线; 朱石专线', 'A', '吕巷', '距离0.27km']]"
1.7万/月,3.15元/m²/天,180m²,商业街店铺,12个月,金山区 -金山新城,红星国际广场-东北1门,1.7万/月,押2付3,12个月,物业类型,新房,商业街店铺-临街,经营中,餐饮美食-小吃店,1层/共1层,面宽10m、层高5.6m、进深16m,办公、居民、旅游,"物业费16元/m²/天,电费1.5元/度,水费1元/吨","['网络', '天燃气', '上水', '排烟', '排污', '停车位', '380v', '客梯', '中央空调', '可明火']","[['金山5路; 山阳一路; 山阳一路区间; 上石线; 朱卫专线[地面]', 'A', '龙皓路海丰路', '距离0.75km']]"
6000元/月,2.86元/m²/天,70m²,商业街店铺,12个月,金山区 -金山新城,万达广场(上海金山店),6000元/月,押2付3,12个月,物业类型,新房,商业街店铺-临街,空置中,餐饮美食-餐馆,1层/共2层,面宽4.2m、层高5.7m、进深15m,办公、旅游、学生、居民,"物业费7.5元/m²/天,电费1.09元/度,水费6.01元/吨","['网络', '天燃气', '上水', '下水', '排烟', '排污', '管煤', '380v', '扶梯', '货梯', '客梯', '中央空调', '外摆区', '可明火']","[['金山10路; 金山11路; 金山3路; 金山6路; 金山8路; 山阳一路区间; 松卫线; 朱卫专线[地面]', 'A', '龙航路金山医院', '距离0.59km']]"
9000元/月,1元/m²/天,300m²,社区底商,1个月,金山区 -金山新城,金山豪庭,9000元/月,押1付3,1个月,物业类型,二手房,社区底商,空置中,美容美发-美容院,1层/共1层,面宽60m、层高40m、进深90m,居民,"物业费3元/m²/天,电费1元/度,水费1元/吨","['网络', '上水', '下水', '排污', '停车位', '扶梯', '货梯', '客梯']","[['金山3路; 金山5路; 金张卫支线; 上石线', 'A', '金山区医保中心', '距离1.06km']]"
3000元/月,1.18元/m²/天,85m²,临街门面,6个月,金山区 -金山新城,万达广场(上海金山店),3000元/月,押2付3,6个月,物业类型,新房,临街门面-临街,空置中,医疗器械-保健品店,1层/共2层,面宽4.5m、层高5.7m、进深15m,办公、学生、居民、其他、旅游,"物业费7.5元/m²/天,电费1.09元/度,水费6元/吨","['网络', '暖气', '天燃气', '上水', '下水', '排烟', '排污', '管煤', '停车位', '380v', '扶梯', '货梯', '客梯', '中央空调', '外摆区']","[['金山10路; 金山11路; 金山3路; 金山6路; 金山8路; 山阳一路区间; 松卫线; 朱卫专线[地面]', 'A', '龙航路金山医院', '距离0.59km']]"
800元/月,0.58元/m²/天,46m²,社区底商,12个月,金山区 -亭林,长三角物流中心,800元/月,押1付6,12个月,物业类型,二手房,社区底商-临街,空置中,其他,1层/共5层,面宽3.9m、层高4.5m、进深11.6m,办公、居民,暂无数据,"['上水', '下水', '排烟', '排污', '外摆区', '可明火']","[['亭漕线[金山203路]', 'A', '亭耀路林珍路', '距离0.87km']]"
1.7万/月,3.15元/m²/天,180m²,商业街店铺,12个月,金山区 -金山新城,红星国际广场-东北1门,1.7万/月,押2付3,12个月,物业类型,新房,商业街店铺-临街,经营中,餐饮美食-小吃店,1层/共1层,面宽10m、层高5.6m、进深16m,办公、居民、旅游,"物业费16元/m²/天,电费1.5元/度,水费1元/吨","['网络', '天燃气', '上水', '排烟', '排污', '停车位', '380v', '客梯', '中央空调', '可明火']","[['金山5路; 山阳一路; 山阳一路区间; 上石线; 朱卫专线[地面]', 'A', '龙皓路海丰路', '距离0.75km']]"
3600元/月,1.71元/m²/天,70m²,商业街店铺,12个月,金山区 -枫泾,枫丽路,3600元/月,押1付1,12个月,物业类型,新房,商业街店铺-临街,经营中,餐饮美食-餐馆,1层/共1层,面宽3m、层高3m、进深60m,旅游、居民,"物业费1元/m²/天,电费1元/度,水费5元/吨","['网络', '排烟', '中央空调', '可明火']","[['枫泾二路', 'A', '枫泾牌楼', '距离0.11km']]"
1800元/月,1.3元/m²/天,46m²,社区底商,12个月,金山区 -亭林,长三角物流中心,1800元/月,押12付6,12个月,物业类型,二手房,社区底商,空置中,其他,1层/共5层,面宽3.9m、层高4.2m、进深11.6m,办公、居民、其他,暂无数据,"['网络', '排污', '停车位', '外摆区']","[['亭漕线[金山203路]', 'A', '亭耀路林珍路', '距离0.87km']]"
1.7万/月,3.15元/m²/天,180m²,商业街店铺,12个月,金山区 -金山新城,红星国际广场-东北1门,1.7万/月,押2付3,12个月,物业类型,新房,商业街店铺-临街,经营中,餐饮美食-小吃店,1层/共1层,面宽10m、层高5.6m、进深16m,办公、居民、旅游,"物业费16元/m²/天,电费1.5元/度,水费1元/吨","['网络', '天燃气', '上水', '排烟', '排污', '停车位', '380v', '客梯', '中央空调', '可明火']","[['金山5路; 山阳一路; 山阳一路区间; 上石线; 朱卫专线[地面]', 'A', '龙皓路海丰路', '距离0.75km']]"
850元/月,0.62元/m²/天,46m²,其他,12个月,金山区 -亭林,长三角物流中心,850元/月,押1付6,12个月,物业类型,二手房,其他,空置中,其他,1层/共5层,面宽3.9m、层高4.5m、进深12m,其他,暂无数据,['停车位'],"[['亭漕线[金山203路]', 'A', '亭耀路林珍路', '距离0.87km']]"
1.7万/月,3.15元/m²/天,180m²,商业街店铺,12个月,金山区 -金山新城,红星国际广场-东北1门,1.7万/月,押2付3,12个月,物业类型,新房,商业街店铺-临街,经营中,餐饮美食-小吃店,1层/共1层,面宽10m、层高5.6m、进深16m,办公、居民、旅游,"物业费16元/m²/天,电费1.5元/度,水费1元/吨","['网络', '天燃气', '上水', '排烟', '排污', '停车位', '380v', '客梯', '中央空调', '可明火']","[['金山5路; 山阳一路; 山阳一路区间; 上石线; 朱卫专线[地面]', 'A', '龙皓路海丰路', '距离0.75km']]"
1250元/月,0.91元/m²/天,46m²,社区底商,12个月,金山区 -亭林,长三角物流中心,1250元/月,押1付12,12个月,物业类型,二手房,社区底商-临街,空置中,暂无数据,1层/共5层,面宽3.9m、层高4.5m、进深12m,办公,暂无数据,"['排烟', '排污', '停车位', '外摆区']","[['亭漕线[金山203路]', 'A', '亭耀路林珍路', '距离0.87km']]"
1.7万/月,3.15元/m²/天,180m²,商业街店铺,12个月,金山区 -金山新城,红星国际广场-东北1门,1.7万/月,押2付3,12个月,物业类型,新房,商业街店铺-临街,经营中,餐饮美食-小吃店,1层/共1层,面宽10m、层高5.6m、进深16m,办公、居民、旅游,"物业费16元/m²/天,电费1.5元/度,水费1元/吨","['网络', '天燃气', '上水', '排烟', '排污', '停车位', '380v', '客梯', '中央空调', '可明火']","[['金山5路; 山阳一路; 山阳一路区间; 上石线; 朱卫专线[地面]', 'A', '龙皓路海丰路', '距离0.75km']]"
1500元/月,1.09元/m²/天,46m²,社区底商,12个月,金山区 -亭林,长三角物流中心,1500元/月,押1付3,12个月,物业类型,二手房,社区底商-临街,经营中,其他,1层/共5层,面宽3.9m、层高4.5m、进深12m,办公,暂无数据,"['上水', '下水', '排烟', '排污', '外摆区']","[['亭漕线[金山203路]', 'A', '亭耀路林珍路', '距离0.87km']]"
1.7万/月,3.15元/m²/天,180m²,商业街店铺,12个月,金山区 -金山新城,红星国际广场-东北1门,1.7万/月,押2付3,12个月,物业类型,新房,商业街店铺-临街,经营中,餐饮美食-小吃店,1层/共1层,面宽10m、层高5.6m、进深16m,办公、居民、旅游,"物业费16元/m²/天,电费1.5元/度,水费1元/吨","['网络', '天燃气', '上水', '排烟', '排污', '停车位', '380v', '客梯', '中央空调', '可明火']","[['金山5路; 山阳一路; 山阳一路区间; 上石线; 朱卫专线[地面]', 'A', '龙皓路海丰路', '距离0.75km']]"
850元/月,0.62元/m²/天,46m²,社区底商,12个月,金山区 -亭林,长三角物流中心,850元/月,押3付1,12个月,物业类型,二手房,社区底商,空置中,其他,1层/共5层,面宽3.9m、层高4.2m、进深11.6m,办公、居民、其他,暂无数据,"['排污', '停车位', '外摆区']","[['亭漕线[金山203路]', 'A', '亭耀路林珍路', '距离0.87km']]"
1.7万/月,3.15元/m²/天,180m²,商业街店铺,12个月,金山区 -金山新城,红星国际广场-东北1门,1.7万/月,押2付3,12个月,物业类型,新房,商业街店铺-临街,经营中,餐饮美食-小吃店,1层/共1层,面宽10m、层高5.6m、进深16m,办公、居民、旅游,"物业费16元/m²/天,电费1.5元/度,水费1元/吨","['网络', '天燃气', '上水', '排烟', '排污', '停车位', '380v', '客梯', '中央空调', '可明火']","[['金山5路; 山阳一路; 山阳一路区间; 上石线; 朱卫专线[地面]', 'A', '龙皓路海丰路', '距离0.75km']]"
1200元/月,0.87元/m²/天,46m²,社区底商,12个月,金山区 -亭林,长三角物流中心,1200元/月,押1付6,12个月,物业类型,二手房,社区底商,空置中,其他,1层/共3层,面宽6m、层高4.2m、进深7m,办公、居民,暂无数据,['停车位'],"[['亭漕线[金山203路]', 'A', '亭耀路林珍路', '距离0.87km']]"
1.7万/月,3.15元/m²/天,180m²,商业街店铺,12个月,金山区 -金山新城,红星国际广场-东北1门,1.7万/月,押2付3,12个月,物业类型,新房,商业街店铺-临街,经营中,餐饮美食-小吃店,1层/共1层,面宽10m、层高5.6m、进深16m,办公、居民、旅游,"物业费16元/m²/天,电费1.5元/度,水费1元/吨","['网络', '天燃气', '上水', '排烟', '排污', '停车位', '380v', '客梯', '中央空调', '可明火']","[['金山5路; 山阳一路; 山阳一路区间; 上石线; 朱卫专线[地面]', 'A', '龙皓路海丰路', '距离0.75km']]"
1300元/月,0.94元/m²/天,46m²,社区底商,12个月,金山区 -亭林,长三角物流中心,1300元/月,押1付3,12个月,物业类型,二手房,社区底商,空置中,其他,1层/共5层,面宽3.9m、层高4.5m、进深11.6m,其他,暂无数据,"['网络', '上水', '下水', '排污', '外摆区']","[['亭漕线[金山203路]', 'A', '亭耀路林珍路', '距离0.87km']]"
1.7万/月,3.15元/m²/天,180m²,商业街店铺,12个月,金山区 -金山新城,红星国际广场-东北1门,1.7万/月,押2付3,12个月,物业类型,新房,商业街店铺-临街,经营中,餐饮美食-小吃店,1层/共1层,面宽10m、层高5.6m、进深16m,办公、居民、旅游,"物业费16元/m²/天,电费1.5元/度,水费1元/吨","['网络', '天燃气', '上水', '排烟', '排污', '停车位', '380v', '客梯', '中央空调', '可明火']","[['金山5路; 山阳一路; 山阳一路区间; 上石线; 朱卫专线[地面]', 'A', '龙皓路海丰路', '距离0.75km']]"
1300元/月,0.94元/m²/天,46m²,社区底商,12个月,金山区 -亭林,长三角物流中心,1300元/月,押1付6,12个月,物业类型,二手房,社区底商-临街,空置中,暂无数据,1层/共5层,面宽3.9m、层高4.5m、进深12m,办公,暂无数据,"['上水', '下水', '排烟', '排污', '停车位', '外摆区']","[['亭漕线[金山203路]', 'A', '亭耀路林珍路', '距离0.87km']]"
1.7万/月,3.15元/m²/天,180m²,商业街店铺,12个月,金山区 -金山新城,红星国际广场-东北1门,1.7万/月,押2付3,12个月,物业类型,新房,商业街店铺-临街,经营中,餐饮美食-小吃店,1层/共1层,面宽10m、层高5.6m、进深16m,办公、居民、旅游,"物业费16元/m²/天,电费1.5元/度,水费1元/吨","['网络', '天燃气', '上水', '排烟', '排污', '停车位', '380v', '客梯', '中央空调', '可明火']","[['金山5路; 山阳一路; 山阳一路区间; 上石线; 朱卫专线[地面]', 'A', '龙皓路海丰路', '距离0.75km']]"
800元/月,0.58元/m²/天,46m²,社区底商,12个月,金山区 -亭林,长三角物流中心,800元/月,押1付6,12个月,物业类型,二手房,社区底商-临街,空置中,暂无数据,1层/共5层,面宽3.5m、层高4.5m、进深12m,办公,暂无数据,"['上水', '下水', '外摆区']",[]
1.7万/月,3.15元/m²/天,180m²,商业街店铺,12个月,金山区 -金山新城,红星国际广场-东北1门,1.7万/月,押2付3,12个月,物业类型,新房,商业街店铺-临街,经营中,餐饮美食-小吃店,1层/共1层,面宽10m、层高5.6m、进深16m,办公、居民、旅游,"物业费16元/m²/天,电费1.5元/度,水费1元/吨","['网络', '天燃气', '上水', '排烟', '排污', '停车位', '380v', '客梯', '中央空调', '可明火']",[]
800元/月,0.58元/m²/天,46m²,社区底商,12个月,金山区 -亭林,长三角物流中心,800元/月,押1付6,12个月,物业类型,二手房,社区底商,空置中,暂无数据,1层/共5层,面宽3.9m、层高4.5m、进深12m,办公、其他,暂无数据,"['排污', '外摆区']","[['亭漕线[金山203路]', 'A', '亭耀路林珍路', '距离0.87km']]"
1.7万/月,3.15元/m²/天,180m²,商业街店铺,12个月,金山区 -金山新城,红星国际广场-东北1门,1.7万/月,押2付3,12个月,物业类型,新房,商业街店铺-临街,经营中,餐饮美食-小吃店,1层/共1层,面宽10m、层高5.6m、进深16m,办公、居民、旅游,"物业费16元/m²/天,电费1.5元/度,水费1元/吨","['网络', '天燃气', '上水', '排烟', '排污', '停车位', '380v', '客梯', '中央空调', '可明火']","[['金山5路; 山阳一路; 山阳一路区间; 上石线; 朱卫专线[地面]', 'A', '龙皓路海丰路', '距离0.75km']]"
1600元/月,1.16元/m²/天,46m²,社区底商,12个月,金山区 -亭林,长三角物流中心,1600元/月,押1付6,12个月,物业类型,二手房,社区底商-临街,空置中,其他,1层/共5层,面宽3.5m、层高5m、进深12m,办公,水费1元/吨,"['上水', '下水', '排烟', '排污', '停车位', '外摆区', '可明火']","[['亭漕线[金山203路]', 'A', '亭耀路林珍路', '距离0.87km']]"
900元/月,0.65元/m²/天,46m²,社区底商,12个月,金山区 -亭林,亭林长三角物流中心-8幢,900元/月,押1付6,12个月,物业类型,二手房,社区底商-临街,空置中,其他,1-5层/共5层,面宽4m、层高4.5m、进深12m,办公,暂无数据,"['上水', '下水', '排污', '停车位', '外摆区']","[['亭漕线[金山203路]', 'A', '亭耀路林珍路', '距离1.00km']]"
1250元/月,0.91元/m²/天,46m²,社区底商,12个月,金山区 -亭林,长三角物流中心,1250元/月,押1付6,12个月,物业类型,二手房,社区底商-临街,空置中,暂无数据,1层/共5层,面宽3.3m、层高4.5m、进深12m,办公,"电费5元/度,水费1.2元/吨","['上水', '下水', '排污', '停车位']","[['亭漕线[金山203路]', 'A', '亭耀路林珍路', '距离0.87km']]"
1500元/月,1.09元/m²/天,46m²,社区底商,12个月,金山区 -亭林,长三角物流中心,1500元/月,押1付6,12个月,物业类型,二手房,社区底商,空置中,其他,1层/共5层,面宽3.9m、层高4.5m、进深12m,其他,暂无数据,"['排烟', '排污', '停车位']","[['亭漕线[金山203路]', 'A', '亭耀路林珍路', '距离0.87km']]"
1650元/月,1.2元/m²/天,46m²,社区底商,12个月,金山区 -亭林,长三角物流中心,1650元/月,押1付6,12个月,物业类型,二手房,社区底商-临街,空置中,暂无数据,1层/共5层,面宽4m、层高5m、进深12m,办公,暂无数据,"['排烟', '排污', '停车位', '外摆区']","[['亭漕线[金山203路]', 'A', '亭耀路林珍路', '距离0.87km']]"
800元/月,0.58元/m²/天,46m²,社区底商,12个月,金山区 -亭林,长三角物流中心,800元/月,押1付3,12个月,物业类型,二手房,社区底商,空置中,其他,1层/共5层,面宽3.9m、层高4.5m、进深12m,其他,暂无数据,['外摆区'],"[['亭漕线[金山203路]', 'A', '亭耀路林珍路', '距离0.87km']]"
900元/月,0.65元/m²/天,46m²,社区底商,12个月,金山区 -亭林,长三角物流中心,900元/月,押1付6,12个月,物业类型,二手房,社区底商-临街,空置中,其他,1层/共5层,面宽4m、层高5m、进深12m,办公,"物业费2.1元/m²/天,水费3元/吨","['上水', '下水', '排污', '停车位']","[['亭漕线[金山203路]', 'A', '亭耀路林珍路', '距离0.87km']]"
850元/月,0.62元/m²/天,46m²,临街门面,6个月,金山区 -亭林,长三角物流中心,850元/月,押0付6,6个月,物业类型,新房,临街门面-临街,空置中,其他,1层/共5层,面宽4.6m、层高5m、进深10m,其他、居民,"物业费1元/m²/天,电费1元/度,水费1元/吨","['停车位', '外摆区', '可明火']","[['亭漕线[金山203路]', 'A', '亭耀路林珍路', '距离0.87km']]"
850元/月,0.62元/m²/天,46m²,社区底商,6个月,金山区 -亭林,长三角物流中心,850元/月,押0付6,6个月,物业类型,新房,社区底商-临街,空置中,其他,1层/共5层,面宽4.6m、层高5m、进深10m,居民、其他,"物业费1元/m²/天,电费1元/度,水费1元/吨","['停车位', '外摆区']","[['亭漕线[金山203路]', 'A', '亭耀路林珍路', '距离0.87km']]"
4000元/月,1.99元/m²/天,67m²,商业街店铺,6个月,金山区 -金山新城,万达广场(上海金山店),4000元/月,押2付3,6个月,物业类型,新房,商业街店铺-临街,空置中,餐饮美食-面包店,1-2层/共2层,面宽4.5m、层高5.7m、进深13m,办公、学生、居民、其他、旅游,"物业费7.5元/m²/天,电费1.09元/度,水费6元/吨","['网络', '暖气', '天燃气', '上水', '下水', '排烟', '排污', '管煤', '停车位', '380v', '扶梯', '货梯', '客梯', '中央空调', '外摆区']","[['金山10路; 金山11路; 金山3路; 金山6路; 金山8路; 山阳一路区间; 松卫线; 朱卫专线[地面]', 'A', '龙航路金山医院', '距离0.59km']]"
5000元/月,1.67元/m²/天,100m²,写字楼配套,12个月,金山区 -石化,金山海汇街,5000元/月,押1付3,12个月,物业类型,新房,写字楼配套-临街,空置中,其他,1层/共1层,面宽10m、层高5m、进深10m,办公,"物业费1元/m²/天,电费1元/度,水费3.45元/吨","['网络', '上水', '下水', '客梯', '中央空调']","[['金山11路; 莲卫专线; 松卫线', 'A', '杭州湾大道龙航路', '距离0.53km']]"
5000元/月,1.67元/m²/天,100m²,写字楼配套,12个月,金山区 -石化,金山海汇街,5000元/月,押1付3,12个月,物业类型,新房,写字楼配套-临街,空置中,其他,1层/共1层,面宽10m、层高4m、进深10m,办公,"物业费1元/m²/天,电费1.03元/度,水费3.45元/吨","['网络', '上水', '下水', '扶梯', '客梯', '中央空调']",[]
550元/月,0.61元/m²/天,30m²,临街门面,3个月,金山区 -石化,上海芳芳食品经营部,550元/月,押1付3,3个月,物业类型,新房,临街门面-临街,空置中,百货超市-小卖铺,1层/共1层,面宽30m、层高30m、进深30m,其他、居民,"物业费1元/m²/天,电费30元/度,水费1.5元/吨","['网络', '上水', '停车位', '货梯', '客梯', '中央空调', '可明火']","[['莲卫专线', 'A', '卫清西路学府路', '距离0.22km']]"
8000元/月,2.42元/m²/天,110m²,社区底商,36个月,金山区 -山阳,国大药房(龙胜东路店),8000元/月,押2付3,36个月,物业类型,二手房,社区底商-临街,空置中,百货超市-超市,1层/共1层,面宽7m、层高3.5m、进深24m,办公、学生、居民、旅游、其他,"物业费6元/m²/天,电费1.2元/度,水费6元/吨","['网络', '上水', '下水', '排污', '停车位', '380v']","[['金山铁路大站停[车墩/亭林]; 金山铁路大站停新桥/亭林; 金山铁路站站停; 金山铁路直达', 'A', '金山卫站', '距离0.61km']]"
3000元/月,0.69元/m²/天,145m²,商业街店铺,6个月,金山区 -枫泾,中大街/南大街(路口),3000元/月,押1付6,6个月,物业类型,二手房,商业街店铺-临街,经营中,餐饮美食-水果食品店,1层/共1层,面宽13m、层高3m、进深13m,办公、学生、居民、旅游、其他,"物业费1元/m²/天,电费1.3元/度,水费1元/吨","['网络', '暖气', '上水', '下水', '中央空调', '外摆区']","[['枫戚快线; 枫泾二路; 枫泾六路; 枫泾七路; 金枫线; 朱枫线', 'A', '枫泾牌楼', '距离0.28km']]"
3000元/月,0.69元/m²/天,145m²,商业街店铺,1个月,金山区 -枫泾,中大街/南大街(路口),3000元/月,押1付6,1个月,物业类型,二手房,商业街店铺-临街,经营中,餐饮美食-水果食品店,1层/共1层,面宽13m、层高3m、进深13m,办公、学生、居民、旅游、其他,"物业费1元/m²/天,电费1元/度,水费1元/吨","['网络', '中央空调', '外摆区']",[]
7000元/月,2.12元/m²/天,110m²,社区底商,12个月,金山区 -石化,绿瘦美学馆(石化店),7000元/月,押1付6,12个月,物业类型,二手房,社区底商-临街,空置中,美容美发-美容院,1层/共2层,面宽5.5m、层高3.5m、进深25m,居民,"物业费1元/m²/天,电费1元/度,水费3元/吨","['网络', '上水', '下水', '停车位', '外摆区', '可明火']","[['金山1路内圈[师大二附中方向]; 金山1路外圈[工人文化宫方向]; 金山5路; 山阳二路; 朱钱卫线', 'A', '上师大二附中', '距离0.87km']]"
2600元/月,1.58元/m²/天,55m²,临街门面,12个月,金山区 -金山卫,上海市金山区古城路523号,2600元/月,押1付3,12个月,物业类型,新房,临街门面-临街,空置中,其他,1层/共1层,面宽9m、层高3m、进深8m,学生、居民、其他、旅游,"物业费2元/m²/天,电费1元/度,水费1元/吨","['网络', '暖气', '排烟', '停车位']","[['金山2路; 金山卫一路', 'A', '板桥西路学府路', '距离0.37km']]"
2600元/月,1.58元/m²/天,55m²,临街门面,12个月,金山区 -金山卫,上海市金山区古城路523号,2600元/月,押1付3,12个月,物业类型,新房,临街门面-临街,空置中,其他,1层/共1层,面宽9m、层高3m、进深8m,学生、居民、其他、旅游,"物业费2元/m²/天,电费1元/度,水费1元/吨","['网络', '暖气', '排烟', '停车位']","[['金山2路; 金山卫一路', 'A', '板桥西路学府路', '距离0.37km']]"
2600元/月,1.58元/m²/天,55m²,临街门面,12个月,金山区 -金山卫,上海市金山区古城路523号,2600元/月,押1付3,12个月,物业类型,新房,临街门面-临街,空置中,其他,1层/共1层,面宽9m、层高3m、进深8m,学生、居民、其他、旅游,"物业费2元/m²/天,电费1元/度,水费1元/吨","['网络', '暖气', '排烟', '停车位']",[]
2600元/月,1.58元/m²/天,55m²,临街门面,12个月,金山区 -金山卫,上海市金山区古城路523号,2600元/月,押1付3,12个月,物业类型,新房,临街门面-临街,空置中,其他,1层/共1层,面宽9m、层高3m、进深8m,学生、居民、其他、旅游,"物业费2元/m²/天,电费1元/度,水费1元/吨","['网络', '暖气', '排烟', '停车位']","[['金山2路; 金山卫一路', 'A', '板桥西路学府路', '距离0.37km']]"
2600元/月,1.58元/m²/天,55m²,临街门面,12个月,金山区 -金山卫,上海市金山区古城路523号,2600元/月,押1付3,12个月,物业类型,新房,临街门面-临街,空置中,其他,1层/共1层,面宽9m、层高3m、进深8m,学生、居民、其他、旅游,"物业费2元/m²/天,电费1元/度,水费1元/吨","['网络', '暖气', '排烟', '停车位']",[]
1800元/月,1.5元/m²/天,40m²,商业街店铺,12个月,金山区 -山阳,青年公寓(红旗东路),1800元/月,押0付12,12个月,物业类型,二手房,商业街店铺-临街,经营中,餐饮美食-小吃店,1层/共3层,面宽6m、层高5m、进深11m,学生、居民,"物业费1元/m²/天,电费1元/度,水费1元/吨","['网络', '上水', '下水', '排烟', '排污', '停车位', '可明火']","[['山阳二路; 山阳二路工业区; 山阳一路; 山阳一路区间', 'A', '山阳小学', '距离0.28km']]"
1万/月,1.11元/m²/天,300m²,商业街店铺,13个月,金山区 -朱泾,上海音福汽车销售有限公司,1万/月,押1付12,13个月,物业类型,二手房,商业街店铺-临街,经营中,其他,-1层/共1层,面宽25m、层高4.5m、进深10m,居民、办公、旅游、其他,"物业费1元/m²/天,电费1元/度,水费6元/吨","['停车位', '中央空调', '外摆区']","[['虹桥枢纽8路; 莲金专线; 南金线; 朱松线; 莘金专线', 'A', '新农', '距离0.72km']]"
8.1万/月,1.5元/m²/天,1800m²,商业街店铺,60个月,金山区 -朱泾,慧开仓,8.1万/月,押3付6,60个月,物业类型,新房,商业街店铺-临街,经营中,服饰鞋包-服装店,2层/共4层,面宽64m、层高5m、进深24m,居民、其他,"物业费3.5元/m²/天,电费1.2元/度,水费6元/吨","['网络', '上水', '下水', '停车位', '380v', '扶梯', '货梯', '客梯']","[['朱泾7路内圈[临源街方向]; 朱泾7路外圈[健康路方向]; 朱泾二路内圈[车站方向]; 朱泾二路外圈[医院方向]; 朱泾三路; 朱泾三路区间', 'A', '塘园路', '距离0.39km']]"
1万/月,1.75元/m²/天,190m²,临街门面,12个月,金山区 -石化,上海市金山区沪杭公路8418号,1万/月,押1付3,12个月,物业类型,二手房,临街门面-临街,经营中,百货超市-超市,1层/共1层,面宽6m、层高4m、进深12m,学生、办公、居民,"物业费3元/m²/天,电费1.2元/度,水费6元/吨","['网络', '上水', '下水', '停车位', '中央空调']","[['虹桥枢纽7路; 金山1路内圈[师大二附中方向]; 金山1路外圈[工人文化宫方向]; 金山2路; 金山3路; 金山6路; 金山7路; 金山9路; 金石线; 浦卫线; 山阳二路; 山阳二路工业区; 上石线; 石胡专线; 石化三线; 石梅线; 石南专线; 石青专线[南段]; 石漕线; 松卫线; 松卫专线; 塘卫线; 朱卫线高速; 朱卫专线[地面]', 'A', '石化汽车站', '距离0.30km']]"
2800元/月,0.93元/m²/天,100m²,商业街店铺,3个月,金山区,金龙商业街,2800元/月,押3付1,3个月,物业类型,二手房,商业街店铺-临街,空置中,教育培训-培训机构,1-2层/共2层,面宽5m、层高3.5m、进深10m,办公,"物业费1元/m²/天,电费1元/度,水费1元/吨","['上水', '下水']",[]
2700元/月,1.18元/m²/天,76m²,商业街店铺,12个月,金山区 -朱泾,上海市金山区金龙新街938弄-148,2700元/月,押1付6,12个月,物业类型,二手房,商业街店铺-临街,空置中,家居建材-建材店,1-2层/共2层,面宽4m、层高4m、进深9.5m,办公、居民、其他,暂无数据,"['上水', '下水', '停车位', '扶梯', '客梯']",[]
1.38万/月,6.57元/m²/天,70m²,商业街店铺,12个月,金山区 -金山新城,中央水池,1.38万/月,押2付3,12个月,物业类型,新房,商业街店铺-临街,经营中,餐饮美食-餐馆,1层/共2层,面宽4.1m、层高5.7m、进深16m,居民、学生、办公、旅游,"物业费7.5元/m²/天,电费1.09元/度,水费6.1元/吨","['网络', '天燃气', '上水', '下水', '排烟', '排污', '管煤', '停车位', '380v', '扶梯', '货梯', '客梯', '中央空调', '外摆区', '可明火']","[['金山11路; 莲卫专线; 松卫线', 'A', '杭州湾大道龙航路', '距离0.49km']]"
2500元/月,1.16元/m²/天,72m²,商业街店铺,12个月,金山区 -金山新城,万达广场(上海金山店),2500元/月,押2付3,12个月,物业类型,新房,商业街店铺-临街,空置中,其他,1层/共2层,面宽4.1m、层高5.4m、进深15m,学生、办公、居民、旅游,"物业费7.5元/m²/天,电费1.09元/度,水费6.1元/吨","['网络', '暖气', '天燃气', '上水', '下水', '排烟', '排污', '管煤', '停车位', '380v', '扶梯', '货梯', '客梯', '中央空调', '外摆区', '可明火']","[['金山10路; 金山11路; 金山3路; 金山6路; 金山8路; 山阳一路区间; 松卫线; 朱卫专线[地面]', 'A', '龙航路金山医院', '距离0.59km']]"
8000元/月,2.42元/m²/天,110m²,临街门面,36个月,金山区 -山阳,国大药房(龙胜东路店),8000元/月,押2付3,36个月,物业类型,二手房,临街门面-临街,空置中,餐饮美食-餐馆,独栋/共1层,面宽7m、层高3.5m、进深13m,办公、学生、居民、旅游、其他,"物业费5元/m²/天,电费1.2元/度,水费6元/吨","['网络', '天燃气', '上水', '下水', '排烟', '排污', '停车位', '380v', '中央空调']",[]
2.6万/月,1.44元/m²/天,600m²,商业街店铺,24个月,金山区 -金山卫,金房花苑-1号门,2.6万/月,押1付6,24个月,物业类型,新房,商业街店铺-临街,经营中,百货超市-超市,独栋/共2层,面宽20m、层高7m、进深15m,学生、居民,"物业费1元/m²/天,电费1元/度,水费1元/吨","['网络', '上水', '下水', '排烟', '排污', '停车位', '380v', '扶梯', '货梯', '中央空调', '可明火']","[['金山2路; 金山卫一路', 'A', '板桥西路学府路', '距离0.20km']]"
3.2万/月,0.88元/m²/天,1209m²,临街门面,36个月,金山区 -石化,集久网网吧(蒙山路店),3.2万/月,押2付6,36个月,物业类型,二手房,临街门面-临街,经营中,其他,1-3层/共4层,面宽4.2m、层高4.3m、进深15m,办公、学生、居民、旅游,暂无数据,['客梯'],"[['金山3路; 金山5路; 金张卫支线; 上石线', 'A', '金山区医保中心', '距离0.35km']]"
3240元/月,1.8元/m²/天,60m²,商业街店铺,1个月,金山区 -山阳,梦学堂晋美艺术培训中心,3240元/月,押1付6,1个月,物业类型,新房,商业街店铺-临街,空置中,其他,2层/共3层,面宽60m、层高4m、进深14m,办公、学生、居民、其他,"物业费20元/m²/天,电费2元/度,水费2元/吨","['上水', '下水', '停车位', '扶梯', '货梯', '客梯', '中央空调']","[['金山5路; 山阳一路; 山阳一路区间; 上石线; 朱卫专线[地面]', 'A', '龙皓路海丰路', '距离0.85km']]"
1.98万/月,1.5元/m²/天,440m²,商业街店铺,12个月,金山区 -金山卫,金山乐和城招商中心,1.98万/月,押3付3,12个月,物业类型,新房,商业街店铺-临街,空置中,休闲娱乐-儿童乐园,2层/共2层,面宽10m、层高3.8m、进深12m,办公、学生、居民、旅游、其他,暂无数据,"['上水', '下水', '排污', '停车位', '扶梯', '客梯']",[]
2.6万/月,1.44元/m²/天,600m²,临街门面,36个月,金山区 -金山卫,板桥西路古城路,2.6万/月,押1付6,36个月,物业类型,新房,临街门面-临街,经营中,百货超市-超市,独栋/共2层,面宽20m、层高6m、进深15m,学生、居民,"物业费1元/m²/天,电费1元/度,水费1元/吨","['网络', '上水', '下水', '排烟', '排污', '扶梯', '中央空调']",[]
1800元/月,0.71元/m²/天,85m²,社区底商,12个月,金山区 -枫泾,枫阳路,1800元/月,押1付6,12个月,物业类型,二手房,社区底商-临街,经营中,其他,1-2层/共2层,面宽4m、层高8m、进深4m,办公、居民、学生、旅游,"物业费1元/m²/天,电费1元/度,水费4元/吨","['网络', '停车位', '外摆区']","[['枫戚快线; 枫泾9路内圈[枫阳路方向]; 枫泾9路外圈[枫兰路方向]; 枫泾二路; 枫泾六路; 枫泾七路; 枫泾一路; 金枫线; 莲枫专线; 青枫专线; 松新枫线; 朱枫线', 'A', '枫湾路泾波路(正荣璟园)', '距离0.97km']]"
9000元/月,0.75元/m²/天,400m²,档口摊位,暂无数据,金山区 -张堰,中侨职业技术学院(金山校区),9000元/月,押6付6,暂无数据,物业类型,新房,档口摊位-临街,经营中,餐饮美食-餐馆,2层/共2层,面宽20m、层高20m、进深20m,学生,"物业费2元/m²/天,电费1元/度,水费8元/吨",['380v'],"[['莲卫专线', 'A', '中侨学院', '距离0.27km']]"
2000元/月,0.17元/m²/天,400m²,档口摊位,12个月,金山区 -金山新城,金山区,2000元/月,押1付1,12个月,物业类型,新房,档口摊位,空置中,百货超市-超市,1层/共1层,面宽20m、层高5m、进深20m,居民、其他,暂无数据,"['上水', '下水', '排烟', '排污']",[]
4000元/月,0.09元/m²/天,1500m²,档口摊位,12个月,金山区 -朱泾,金山区,4000元/月,押1付1,12个月,物业类型,新房,档口摊位,空置中,暂无数据,1层/共1层,面宽12m、层高1m、进深80m,办公、其他,暂无数据,"['上水', '下水', '排烟', '排污']","[['金山3路; 金山8路; 莲石专线; 浦卫线; 石青专线[南段]; 松卫专线', 'A', '金山区人民政府', '距离0.24km']]"
4500元/月,1.88元/m²/天,80m²,商业街店铺,24个月,金山区 -金山工业区,珠港街,4500元/月,押1付6,24个月,物业类型,新房,商业街店铺-临街,经营中,餐饮美食-快餐店,1层/共1层,面宽3.5m、层高4m、进深15m,其他,"物业费1元/m²/天,电费1.6元/度,水费5元/吨","['停车位', '可明火']","[['金漕线; 上石线; 石青专线[南段]; 松卫专线', 'A', '朱行', '距离0.68km']]"
8750元/月,1.39元/m²/天,210m²,临街门面,12个月,金山区 -石化,金山区石化涌金商业广场,8750元/月,押3付3,12个月,物业类型,二手房,临街门面-临街,经营中,教育培训-培训机构,-3层/共3层,面宽14m、层高3m、进深15m,居民、办公,"物业费1元/m²/天,电费1.1元/度,水费1.5元/吨","['网络', '上水', '下水', '排污', '停车位', '客梯']","[['金山3路; 金山8路; 莲石专线; 浦卫线; 石青专线[南段]; 松卫专线', 'A', '金山区人民政府', '距离0.57km']]"
7.6万/月,28.15元/m²/天,90m²,临街门面,12个月,金山区 -朱泾,上海市金山区临仓街300-1,7.6万/月,押1付6,12个月,物业类型,新房,临街门面-临街,空置中,家居建材-五金店,1层/共1层,面宽15m、层高9m、进深12m,其他,"物业费1元/m²/天,电费1元/度,水费1元/吨","['网络', '上水', '下水', '停车位', '380v']","[['金枫线; 金张卫支线; 金漕线; 南金线; 朱钱卫线; 朱松线; 朱卫线高速; 朱卫专线[地面]; 朱泾六路/1650路; 朱泾五路; 莘金专线', 'A', '金山汽车站', '距离0.29km']]"
2.89万/月,0.64元/m²/天,1500m²,商业街店铺,36个月,金山区 -朱泾,公园路/西林街(路口),2.89万/月,押2付6,36个月,物业类型,二手房,商业街店铺-临街,空置中,休闲娱乐-健身房,3层/共3层,面宽30m、层高4m、进深50m,居民、学生、旅游、办公,"物业费1元/m²/天,电费1.2元/度,水费6元/吨","['上水', '下水', '排烟', '排污', '停车位', '380v', '客梯', '可明火']","[['朱泾一路内圈[医院方向]; 朱泾一路外圈[车站方向]', 'A', '紫金广场', '距离0.31km']]"
2.75万/月,1.5元/m²/天,611m²,商业街店铺,12个月,金山区 -金山卫,金山乐和城招商中心,2.75万/月,押3付3,12个月,物业类型,新房,商业街店铺,空置中,暂无数据,2层/共2层,面宽4.5m、层高3.6m、进深8m,办公、学生、居民、旅游、其他,暂无数据,"['网络', '上水', '下水', '停车位', '扶梯']","[['虹桥枢纽7路; 金山8路; 金石线; 塘卫线; 朱石专线', 'A', '学府路龙皓路', '距离0.19km']]"
1.8万/月,3.53元/m²/天,170m²,商业街店铺,12个月,金山区 -石化,象州路129号,1.8万/月,押1付3,12个月,物业类型,二手房,商业街店铺-临街,经营中,百货超市-超市,1层/共1层,面宽16m、层高4m、进深10m,居民、旅游,暂无数据,"['下水', '排污']","[['金山1路内圈[师大二附中方向]; 金山2路; 金山3路; 金山6路; 莲石专线; 上石线; 石化三线; 石化一线', 'A', '象州路富川路', '距离0.50km']]"
5000元/月,1.96元/m²/天,85m²,商业街店铺,12个月,金山区 -金山新城,万达广场(上海金山店),5000元/月,押2付3,12个月,物业类型,新房,商业街店铺-临街,空置中,餐饮美食-餐馆,1层/共2层,面宽4.2m、层高5.7m、进深17m,办公、学生、居民、旅游,"物业费7.5元/m²/天,电费1.09元/度,水费6.1元/吨","['网络', '天燃气', '上水', '下水', '排烟', '排污', '管煤', '停车位', '380v', '扶梯', '货梯', '客梯', '中央空调', '外摆区', '可明火']","[['金山10路; 金山11路; 金山3路; 金山6路; 金山8路; 山阳一路区间; 松卫线; 朱卫专线[地面]', 'A', '龙航路金山医院', '距离0.59km']]"
1万/月,3.03元/m²/天,110m²,商业街店铺,36个月,金山区 -金山新城,金山海汇街,1万/月,押2付6,36个月,物业类型,新房,商业街店铺-临街,经营中,餐饮美食-餐馆,-2层/共1层,面宽6m、层高5m、进深10m,办公、学生、居民、旅游,"物业费3元/m²/天,电费1元/度,水费1元/吨","['网络', '暖气', '上水', '下水', '排烟', '排污', '管煤', '停车位', '380v', '扶梯', '货梯', '客梯', '中央空调', '可明火']","[['金山11路; 莲卫专线; 松卫线', 'A', '杭州湾大道龙航路', '距离0.53km']]"
5000元/月,0.01元/m²/天,22000m²,购物百货中心,12个月,金山区 -金山新城,麦当劳(金山红星美凯龙DT餐厅),5000元/月,押2付2,12个月,物业类型,新房,购物百货中心,空置中,休闲娱乐,-1层/共1层,面宽8m、层高5m、进深10m,办公、学生、居民、旅游、其他,"物业费0.5元/m²/天,电费1.5元/度,水费5.68元/吨","['网络', '暖气', '天燃气', '上水', '下水', '排烟', '排污', '管煤', '停车位', '380v', '扶梯', '货梯', '客梯', '中央空调', '外摆区', '可明火']","[['金山3路; 金山8路; 莲石专线; 浦卫线; 石青专线[南段]; 松卫专线', 'A', '金山区人民政府', '距离0.79km']]"
6500元/月,7.22元/m²/天,30m²,商业街店铺,12个月,金山区 -张堰,中侨职业技术学院(金山校门口区),6500元/月,押1付3,12个月,物业类型,新房,商业街店铺-临街,经营中,餐饮美食-餐馆,1层/共2层,面宽30m、层高30m、进深30m,学生,"物业费100元/m²/天,电费8元/度,水费12元/吨","['网络', '中央空调']","[['莲卫专线', 'A', '中侨学院', '距离0.27km']]"
1.65万/月,2.5元/m²/天,220m²,商业街店铺,36个月,金山区 -金山新城,万达广场(上海金山店),1.65万/月,押2付3,36个月,物业类型,新房,商业街店铺-临街,空置中,教育培训-培训机构,1层/共2层,面宽9m、层高5.7m、进深20m,办公、学生、居民、旅游、其他,"物业费7.5元/m²/天,电费1.09元/度,水费5元/吨","['网络', '暖气', '天燃气', '上水', '下水', '排烟', '排污', '管煤', '停车位', '380v', '扶梯', '货梯', '客梯', '中央空调', '外摆区', '可明火']","[['金山10路; 金山11路; 金山3路; 金山6路; 金山8路; 山阳一路区间; 松卫线; 朱卫专线[地面]', 'A', '龙航路金山医院', '距离0.59km']]"
5000元/月,2.38元/m²/天,70m²,商业街店铺,12个月,金山区 -金山新城,万达广场(上海金山店),5000元/月,押2付3,12个月,物业类型,二手房,商业街店铺-临街,经营中,美容美发-美容院,2层/共2层,面宽4m、层高5.3m、进深15m,办公、学生、居民、旅游、其他,"物业费7.5元/m²/天,电费1.09元/度,水费5元/吨","['网络', '暖气', '天燃气', '上水', '下水', '排烟', '排污', '管煤', '停车位', '380v', '扶梯', '货梯', '客梯', '中央空调', '外摆区', '可明火']","[['金山10路; 金山11路; 金山3路; 金山6路; 金山8路; 山阳一路区间; 松卫线; 朱卫专线[地面]', 'A', '龙航路金山医院', '距离0.59km']]"
5000元/月,3.33元/m²/天,50m²,商业街店铺,36个月,金山区 -金山新城,万达广场(上海金山店),5000元/月,押2付3,36个月,物业类型,二手房,商业街店铺-临街,空置中,餐饮美食-快餐店,1层/共2层,面宽4m、层高5.7m、进深13m,办公、学生、居民、旅游、其他,"物业费7.5元/m²/天,电费1.09元/度,水费5元/吨","['网络', '暖气', '天燃气', '上水', '下水', '排烟', '排污', '管煤', '停车位', '380v', '扶梯', '货梯', '客梯', '中央空调', '外摆区', '可明火']","[['金山10路; 金山11路; 金山3路; 金山6路; 金山8路; 山阳一路区间; 松卫线; 朱卫专线[地面]', 'A', '龙航路金山医院', '距离0.59km']]"
1.1万/月,30.56元/m²/天,12m²,商业街店铺,12个月,金山区 -金山新城,万达广场(上海金山店),1.1万/月,押2付3,12个月,物业类型,二手房,商业街店铺-临街,经营中,餐饮美食-小吃店,1层/共2层,面宽3.6m、层高4m、进深3.5m,办公、学生、居民、旅游、其他,"物业费7.5元/m²/天,电费1.09元/度,水费5元/吨","['网络', '暖气', '天燃气', '上水', '下水', '排烟', '排污', '管煤', '停车位', '380v', '扶梯', '货梯', '客梯', '中央空调', '外摆区', '可明火']","[['金山10路; 金山11路; 金山3路; 金山6路; 金山8路; 山阳一路区间; 松卫线; 朱卫专线[地面]', 'A', '龙航路金山医院', '距离0.59km']]"
2.5万/月,1.67元/m²/天,500m²,商业街店铺,36个月,金山区 -朱泾,紫金广场,2.5万/月,押2付3,36个月,物业类型,二手房,商业街店铺-临街,经营中,教育培训-培训机构,-3层/共3层,面宽30m、层高3.5m、进深25m,办公、居民、旅游、学生,"物业费1.6元/m²/天,电费1元/度,水费3.45元/吨","['网络', '暖气', '上水', '下水', '排烟', '排污', '停车位', '380v', '中央空调', '可明火']","[['朱泾一路内圈[医院方向]; 朱泾一路外圈[车站方向]', 'A', '紫金广场', '距离0.09km']]"
1.4万/月,7.18元/m²/天,65m²,商业街店铺,36个月,金山区,万安街,1.4万/月,押1付6,36个月,物业类型,新房,商业街店铺-临街,空置中,餐饮美食-餐馆,-1层/共1层,面宽8m、层高7m、进深12m,学生、居民、旅游、其他,暂无数据,"['上水', '下水', '停车位', '380v']","[['朱泾一路内圈[医院方向]; 朱泾一路外圈[车站方向]', 'A', '紫金广场', '距离0.14km']]"
1万/月,0.28元/m²/天,1200m²,商业街店铺,12个月,金山区 -金山卫,赖上家购物广场(no318店),1万/月,押1付3,12个月,物业类型,新房,商业街店铺-临街,经营中,百货超市-超市,1-4层/共4层,面宽50m、层高4.8m、进深22m,居民,"物业费10元/m²/天,电费1元/度,水费5元/吨","['网络', '排污', '停车位', '扶梯', '货梯', '中央空调']","[['金石线; 金张卫支线', 'A', '秦弯路卫生院', '距离0.11km']]"
8000元/月,2.42元/m²/天,110m²,临街门面,36个月,金山区 -山阳,国大药房(龙胜东路店),8000元/月,押2付3,36个月,物业类型,二手房,临街门面-临街,空置中,百货超市-超市,1层/共1层,面宽7m、层高3.5m、进深13m,办公、旅游、学生、其他、居民,"物业费5元/m²/天,电费1.3元/度,水费6元/吨","['网络', '上水', '下水', '排污', '停车位', '380v', '扶梯', '中央空调']","[['金山铁路大站停[车墩/亭林]; 金山铁路大站停新桥/亭林; 金山铁路站站停; 金山铁路直达', 'A', '金山卫站', '距离0.61km']]"
1250元/月,0.87元/m²/天,47.8m²,商业街店铺,12个月,金山区 -金山卫,金山区金山国贸城,1250元/月,押1付12,12个月,物业类型,二手房,商业街店铺-临街,经营中,家居建材-建材店,1层/共3层,面宽3m、层高3m、进深16m,办公、其他,暂无数据,"['网络', '上水', '下水', '停车位', '380v']","[['朱钱卫线', 'A', '金山大道卫宏路', '距离0.07km']]"
12.6万/月,2.8元/m²/天,1500m²,商业街店铺,60个月,金山区 -石化,龙翔路710,12.6万/月,押3付3,60个月,物业类型,新房,商业街店铺-临街,空置中,其他,1-2层/共2层,面宽25m、层高4m、进深30m,居民,"物业费6元/m²/天,电费1元/度,水费5.2元/吨","['上水', '下水', '排污', '380v', '扶梯']",[]
1.83万/月,1.75元/m²/天,349m²,商业街店铺,48个月,金山区 -金山卫,上海贯行汽车销售有限公司,1.83万/月,押3付2,48个月,物业类型,二手房,商业街店铺-临街,经营中,餐饮美食-餐馆,2层/共2层,面宽20m、层高10m、进深15m,办公、学生、居民、旅游,"物业费10元/m²/天,电费1.2元/度,水费5元/吨","['上水', '下水', '排污', '停车位', '380v', '扶梯', '客梯', '中央空调', '外摆区']","[['虹桥枢纽7路; 金山8路; 金石线; 塘卫线; 朱石专线', 'A', '学府路龙皓路', '距离0.27km']]"
1.2万/月,3.7元/m²/天,108m²,社区底商,24个月,金山区 -金山新城,海盛路与龙轩路交叉口,1.2万/月,押2付6,24个月,物业类型,二手房,社区底商-临街,空置中,百货超市-超市,1层/共1层,面宽9m、层高4m、进深10m,学生、居民,暂无数据,"['网络', '380v']","[['金山5路; 山阳一路; 山阳一路区间; 上石线; 朱卫专线[地面]', 'A', '龙皓路海丰路', '距离0.92km']]"
12.6万/月,2元/m²/天,2100m²,商业街店铺,36个月,金山区 -金山新城,龙胜东路868号,12.6万/月,押2付6,36个月,物业类型,二手房,商业街店铺-临街,经营中,百货超市-超市,独栋/共1层,面宽50m、层高5m、进深30m,学生、居民、旅游,暂无数据,"['天燃气', '380v']","[['金山铁路大站停[车墩/亭林]; 金山铁路大站停新桥/亭林; 金山铁路站站停; 金山铁路直达', 'A', '金山卫站', '距离0.84km']]"
600元/月,0.5元/m²/天,40m²,临街门面,3个月,金山区 -金山卫,查山菜市场,600元/月,押1付3,3个月,物业类型,新房,临街门面-临街,空置中,家居建材-建材店,1层/共1层,面宽5m、层高35m、进深6m,居民,"物业费1元/m²/天,电费1元/度,水费1元/吨","['网络', '上水', '下水', '排污', '停车位', '外摆区', '可明火']","[['金山8路', 'A', '龙航路海帆路', '距离0.65km']]"
41.02万/月,2.7元/m²/天,5064m²,商业街店铺,72个月,金山区 -石化,卫清西路139,41.02万/月,押3付3,72个月,物业类型,二手房,商业街店铺-临街,空置中,餐饮美食-餐馆,1-4层/共4层,面宽30m、层高4m、进深30m,办公、学生、居民、旅游、其他,暂无数据,"['上水', '下水', '排烟', '排污', '管煤', '扶梯', '客梯', '中央空调']","[['金山3路; 金山5路; 金张卫支线; 上石线', 'A', '金山区医保中心', '距离0.86km']]"
1.8万/月,0.86元/m²/天,700m²,商业街店铺,36个月,金山区 -枫泾,金山味道家味馆,1.8万/月,押2付6,36个月,物业类型,二手房,商业街店铺-临街,空置中,餐饮美食-咖啡馆,1层/共2层,面宽8m、层高4m、进深35m,办公、学生、居民,暂无数据,"['天燃气', '上水', '下水', '排烟', '排污', '管煤', '停车位', '380v', '外摆区', '可明火']","[['金山1路内圈[师大二附中方向]; 金山2路; 金山3路; 金山6路; 莲石专线; 上石线; 石化三线; 石化一线', 'A', '象州路富川路', '距离0.39km']]"
4万/月,0.89元/m²/天,1500m²,购物百货中心,12个月,金山区 -朱泾,朱泾公园路,4万/月,押1付12,12个月,物业类型,二手房,购物百货中心-临街,空置中,休闲娱乐-网吧,3层/共3层,面宽80m、层高3.5m、进深20m,居民、其他、办公,"物业费1元/m²/天,电费1元/度,水费1元/吨","['网络', '上水', '下水', '停车位', '客梯', '中央空调', '可明火']","[['朱泾一路内圈[医院方向]; 朱泾一路外圈[车站方向]', 'A', '紫金广场', '距离0.31km']]"
2400元/月,1.4元/m²/天,57m²,临街门面,12个月,金山区 -金山新城,金山大道2275号,2400元/月,押2付6,12个月,物业类型,二手房,临街门面-临街,经营中,生活服务-花店水族,1层/共1层,面宽4.5m、层高4.5m、进深12m,办公、居民,暂无数据,"['上水', '下水', '排烟', '排污']","[['金山6路; 莲石专线; 浦卫线; 石青专线[南段]; 石漕线; 松卫线; 松卫专线; 朱钱卫线; 朱卫专线[地面]', 'A', '卫零路金山大道', '距离0.40km']]"
1.5万/月,1.67元/m²/天,300m²,商业街店铺,37个月,金山区 -亭林,亭林镇亭升路88弄(亭升苑),1.5万/月,押1付6,37个月,物业类型,新房,商业街店铺-临街,经营中,餐饮美食-餐馆,-9层/共5层,面宽30m、层高4m、进深10m,居民、办公、学生,"物业费2元/m²/天,电费1元/度,水费6元/吨","['网络', '排烟', '排污', '停车位', '中央空调', '可明火']","[['亭林一路', 'A', '亭升苑', '距离0.12km']]"
2500元/月,0.93元/m²/天,90m²,商业街店铺,12个月,金山区 -枫泾,吉买盛超级生活广场(枫泾店),2500元/月,押3付1,12个月,物业类型,新房,商业街店铺-临街,空置中,暂无数据,1-3层/共3层,面宽7m、层高2.5m、进深4m,办公、居民,暂无数据,"['网络', '暖气', '天燃气', '上水', '下水', '排烟', '排污', '管煤', '停车位', '扶梯', '外摆区', '可明火']","[['枫戚快线; 枫泾9路内圈[枫阳路方向]; 枫泾9路外圈[枫兰路方向]; 枫泾二路; 枫泾六路; 枫泾七路; 枫泾一路; 金枫线; 莲枫专线; 青枫专线; 松新枫线; 朱枫线', 'A', '枫湾路泾波路(正荣璟园)', '距离0.33km']]"
8330元/月,3.36元/m²/天,82.54m²,商业街店铺,12个月,金山区 -朱泾,金龙新街,8330元/月,押2付3,12个月,物业类型,新房,商业街店铺-临街,经营中,餐饮美食-餐馆,1层/共2层,面宽8m、层高6m、进深7m,办公、学生、居民,"物业费1元/m²/天,电费1元/度,水费1元/吨","['天燃气', '排污', '管煤', '380v', '货梯', '客梯', '中央空调', '可明火']","[['朱泾二路内圈[车站方向]; 朱泾二路外圈[医院方向]; 朱泾三路; 朱泾三路区间', 'A', '罗星南路', '距离0.26km']]"
2万/月,0.76元/m²/天,880m²,临街门面,36个月,金山区 -吕巷,上海市金山区朱吕公路232,2万/月,押1付3,36个月,物业类型,新房,临街门面-临街,空置中,餐饮美食-餐馆,-9层/共3层,面宽6m、层高4m、进深14m,居民,"物业费1元/m²/天,电费1元/度,水费1元/吨",['停车位'],"[['金石线; 莲廊专线; 朱石专线', 'A', '吕巷', '距离0.37km']]"
4800元/月,4元/m²/天,40m²,临街门面,12个月,金山区 -朱泾,罗星路114-1,4800元/月,押1付3,12个月,物业类型,二手房,临街门面-临街,空置中,暂无数据,1层/共1层,面宽4m、层高4m、进深10m,办公、学生、居民,暂无数据,"['上水', '下水']","[['金枫线; 金张卫支线; 金漕线; 南金线; 朱钱卫线; 朱松线; 朱卫线高速; 朱卫专线[地面]; 朱泾六路/1650路; 朱泾五路; 莘金专线', 'A', '金山汽车站', '距离0.39km']]"
1200元/月,0.8元/m²/天,50m²,商业街店铺,12个月,金山区 -朱泾,易卡迪家庭教育,1200元/月,押1付6,12个月,物业类型,新房,商业街店铺-临街,空置中,其他,2层/共2层,面宽3m、层高3m、进深10m,办公、其他、居民,"物业费1元/m²/天,电费1元/度,水费1元/吨","['网络', '上水', '下水', '停车位', '中央空调']",[]
3000元/月,1.72元/m²/天,58m²,商业街店铺,12个月,金山区 -金山新城,万达广场(上海金山店),3000元/月,押1付3,12个月,物业类型,新房,商业街店铺,空置中,其他,2层/共2层,面宽4.5m、层高5.7m、进深12.5m,居民,"物业费7.5元/m²/天,电费1元/度,水费5元/吨","['上水', '下水', '扶梯']","[['金山10路; 金山11路; 金山3路; 金山6路; 金山8路; 山阳一路区间; 松卫线; 朱卫专线[地面]', 'A', '龙航路金山医院', '距离0.59km']]"
1.28万/月,1.42元/m²/天,300m²,其他,24个月,金山区 -亭林,上海新顺旅馆,1.28万/月,押3付12,24个月,物业类型,二手房,其他-临街,经营中,酒店宾馆-旅馆,1-4层/共4层,面宽12m、层高11m、进深6m,办公、学生、居民、旅游、其他,"物业费1元/m²/天,电费1元/度,水费5.5元/吨","['网络', '上水', '下水', '排烟', '排污']","[['虹桥枢纽7路; 金漕线; 莲金专线; 南金线; 南青专线[南段]; 石青专线[南段]; 松卫专线; 塘卫线; 亭林三路; 亭林一路; 亭漕线[金山203路]; 朱卫专线[地面]; 莘金专线', 'A', '亭林汽车站', '距离0.16km']]"
1.8万/月,1.09元/m²/天,550m²,社区底商,36个月,金山区,金山味道家味馆,1.8万/月,押2付6,36个月,物业类型,二手房,社区底商-临街,空置中,餐饮美食-咖啡馆,1层/共2层,面宽8m、层高4m、进深35m,办公、学生、居民,暂无数据,"['天燃气', '上水', '下水', '排污', '380v', '外摆区']","[['金山1路内圈[师大二附中方向]; 金山2路; 金山3路; 金山6路; 莲石专线; 上石线; 石化三线; 石化一线', 'A', '象州路富川路', '距离0.39km']]"
1.8万/月,1.09元/m²/天,550m²,社区底商,36个月,金山区 -石化,金山味道家味馆,1.8万/月,押2付6,36个月,物业类型,二手房,社区底商-临街,空置中,餐饮美食-咖啡馆,1层/共2层,面宽8m、层高4m、进深35m,办公、学生、居民,暂无数据,"['上水', '下水', '管煤', '停车位', '380v', '可明火']","[['金山1路内圈[师大二附中方向]; 金山2路; 金山3路; 金山6路; 莲石专线; 上石线; 石化三线; 石化一线', 'A', '象州路富川路', '距离0.39km']]"
1.25万/月,2.19元/m²/天,190m²,临街门面,3个月,金山区 -石化,上海市金山区沪杭公路8418号,1.25万/月,押1付3,3个月,物业类型,二手房,临街门面-临街,经营中,百货超市-超市,1层/共1层,面宽99m、层高99m、进深99m,居民、旅游、其他,"物业费1元/m²/天,电费1元/度,水费1元/吨","['上水', '下水', '380v']","[['虹桥枢纽7路; 金山1路内圈[师大二附中方向]; 金山1路外圈[工人文化宫方向]; 金山2路; 金山3路; 金山6路; 金山7路; 金山9路; 金石线; 浦卫线; 山阳二路; 山阳二路工业区; 上石线; 石胡专线; 石化三线; 石梅线; 石南专线; 石青专线[南段]; 石漕线; 松卫线; 松卫专线; 塘卫线; 朱卫线高速; 朱卫专线[地面]', 'A', '石化汽车站', '距离0.31km']]"
1.25万/月,2.19元/m²/天,190m²,临街门面,3个月,金山区 -石化,上海市金山区沪杭公路8418号,1.25万/月,押1付3,3个月,物业类型,二手房,临街门面-临街,经营中,百货超市-超市,1层/共1层,面宽99m、层高99m、进深99m,居民、旅游、其他,"物业费1元/m²/天,电费1元/度,水费1元/吨","['上水', '下水', '380v']","[['虹桥枢纽7路; 金山1路内圈[师大二附中方向]; 金山1路外圈[工人文化宫方向]; 金山2路; 金山3路; 金山6路; 金山7路; 金山9路; 金石线; 浦卫线; 山阳二路; 山阳二路工业区; 上石线; 石胡专线; 石化三线; 石梅线; 石南专线; 石青专线[南段]; 石漕线; 松卫线; 松卫专线; 塘卫线; 朱卫线高速; 朱卫专线[地面]', 'A', '石化汽车站', '距离0.31km']]"
4200元/月,3.5元/m²/天,40m²,临街门面,12个月,金山区 -朱泾,车工坊(云峰金山朱泾店),4200元/月,押1付6,12个月,物业类型,新房,临街门面-临街,空置中,汽修美容-汽车美容店,1层/共1层,面宽6m、层高3m、进深7m,其他,"物业费1元/m²/天,电费1元/度,水费2.5元/吨","['上水', '下水']","[['金枫线; 金张卫支线; 金漕线; 南金线; 朱钱卫线; 朱松线; 朱卫线高速; 朱卫专线[地面]; 朱泾六路/1650路; 朱泾五路; 莘金专线', 'A', '金山汽车站', '距离0.16km']]"
5000元/月,2.28元/m²/天,73m²,临街门面,12个月,金山区 -金山新城,海盛路/龙翔路(路口),5000元/月,押1付3,12个月,物业类型,新房,临街门面-临街,空置中,餐饮美食-餐馆,1层/共1层,面宽6m、层高4.5m、进深12m,办公、居民,"物业费3.5元/m²/天,电费1.3元/度,水费5元/吨","['网络', '天燃气', '上水', '下水', '排烟', '排污', '管煤', '380v', '外摆区', '可明火']",[]
1000元/月,0.42元/m²/天,80m²,商业街店铺,12个月,金山区 -山阳,恒顺烤吧,1000元/月,押1付2,12个月,物业类型,新房,商业街店铺-临街,经营中,餐饮美食-餐馆,1层/共1层,面宽6m、层高3m、进深13m,办公、学生、居民、旅游,"物业费1元/m²/天,电费1元/度,水费1元/吨","['网络', '上水', '下水', '排烟', '排污', '中央空调', '外摆区', '可明火']","[['金山10路; 金山11路; 金山3路; 金山6路; 金山8路; 山阳一路区间; 松卫线; 朱卫专线[地面]', 'A', '龙航路金山医院', '距离0.50km']]"
1000元/月,0.42元/m²/天,80m²,商业街店铺,12个月,金山区 -山阳,上海市金山区蒙山北路,1000元/月,押2付1,12个月,物业类型,二手房,商业街店铺-临街,经营中,餐饮美食-餐馆,1层/共1层,面宽6m、层高3m、进深13m,办公、学生、居民、旅游,暂无数据,"['网络', '上水', '下水', '排烟', '排污', '管煤', '中央空调', '外摆区', '可明火']",[]
1.5万/月,4.17元/m²/天,120m²,临街门面,60个月,金山区 -山阳,海芙路与龙翔路交叉口,1.5万/月,押1付3,60个月,物业类型,二手房,临街门面-临街,空置中,其他,1层/共1层,面宽25m、层高4.5m、进深12m,办公、学生、居民、旅游、其他,暂无数据,"['上水', '下水', '外摆区', '可明火']","[['金山5路; 山阳一路; 山阳一路区间; 上石线; 朱卫专线[地面]', 'A', '龙皓路海丰路', '距离0.82km']]"
3750元/月,1.04元/m²/天,120m²,商业街店铺,暂无数据,金山区 -亭林,隆亭家园-东门,3750元/月,押1付12,暂无数据,物业类型,二手房,商业街店铺-临街,经营中,餐饮美食-餐馆,-2层/共2层,面宽4.5m、层高4m、进深8m,学生、居民、办公、其他,"物业费1元/m²/天,电费1元/度,水费1元/吨","['上水', '下水', '排烟', '排污', '扶梯', '可明火']","[['亭林三路; 亭林一路', 'A', '亭林中学', '距离0.49km']]"
3750元/月,1.04元/m²/天,120m²,商业街店铺,12个月,金山区 -亭林,如海超市(金展店),3750元/月,押1付12,12个月,物业类型,二手房,商业街店铺-临街,经营中,餐饮美食-餐馆,2层/共2层,面宽4m、层高4m、进深4m,办公、居民、学生、其他,"物业费1元/m²/天,电费1元/度,水费1元/吨","['网络', '暖气', '上水', '下水', '排烟', '排污', '管煤', '停车位', '可明火']","[['亭林三路; 亭林一路', 'A', '亭林中学', '距离0.47km']]"
1.05万/月,3.5元/m²/天,100m²,商业街店铺,24个月,金山区 -金山新城,万达海汇街运营中心,1.05万/月,押2付3,24个月,物业类型,新房,商业街店铺,空置中,餐饮美食-咖啡馆,1层/共2层,面宽4.8m、层高5.7m、进深22m,办公、学生、居民、旅游、其他,"物业费7.5元/m²/天,电费1.09元/度,水费6.1元/吨","['上水', '下水', '排烟', '排污', '380v', '扶梯', '外摆区']","[['金山11路; 莲卫专线; 松卫线', 'A', '杭州湾大道龙航路', '距离0.50km']]"
8888元/月,0.74元/m²/天,400m²,档口摊位,12个月,金山区 -张堰,中侨职业技术学院(金山校区),8888元/月,押2付10,12个月,物业类型,新房,档口摊位-临街,经营中,餐饮美食-小吃店,-9层/共2层,面宽6m、层高2.5m、进深8m,学生,"物业费2元/m²/天,电费1元/度,水费5元/吨",['380v'],"[['莲卫专线', 'A', '中侨学院', '距离0.27km']]"
4万/月,0.89元/m²/天,1500m²,购物百货中心,7个月,金山区 -朱泾,公园路/西林街(路口),4万/月,押1付12,7个月,物业类型,二手房,购物百货中心-临街,空置中,休闲娱乐-网吧,3层/共3层,面宽80m、层高3.5m、进深20m,办公、居民、其他,"物业费1元/m²/天,电费1元/度,水费1元/吨","['上水', '下水', '停车位', '客梯', '中央空调', '可明火']","[['朱泾一路内圈[医院方向]; 朱泾一路外圈[车站方向]', 'A', '紫金广场', '距离0.31km']]"
3500元/月,1.17元/m²/天,100m²,临街门面,24个月,金山区 -石化,三岛龙洲苑,3500元/月,押1付3,24个月,物业类型,二手房,临街门面-临街,经营中,百货超市-烟酒茶叶店,-2层/共2层,面宽4m、层高2.5m、进深10m,其他,"物业费1元/m²/天,电费1.2元/度,水费3.5元/吨",['中央空调'],"[['金山3路; 金山5路; 金张卫支线; 上石线', 'A', '金山区医保中心', '距离0.21km']]"
3500元/月,1.17元/m²/天,100m²,临街门面,24个月,金山区 -石化,三岛龙州苑-西门,3500元/月,押1付3,24个月,物业类型,二手房,临街门面-临街,经营中,百货超市-烟酒茶叶店,-2层/共2层,面宽4m、层高2.5m、进深10m,其他,"物业费1元/m²/天,电费1.2元/度,水费3元/吨",['中央空调'],"[['金山3路; 金山5路; 金张卫支线; 上石线', 'A', '金山区医保中心', '距离0.09km']]"
5000元/月,2.78元/m²/天,60m²,商业街店铺,24个月,金山区 -金山新城,上海市金山区,5000元/月,押2付6,24个月,物业类型,新房,商业街店铺-临街,空置中,其他,1层/共2层,面宽4.8m、层高5.7m、进深11m,办公、学生、居民、旅游、其他,"物业费7.5元/m²/天,电费1.09元/度,水费5.63元/吨","['天燃气', '上水', '下水', '排烟', '排污', '管煤', '380v']","[['枫戚快线; 朱钱卫线', 'A', '金山大道学府路', '距离0.93km']]"
4万/月,0.89元/m²/天,1500m²,购物百货中心,12个月,金山区 -朱泾,朱泾公园路,4万/月,押1付12,12个月,物业类型,二手房,购物百货中心-临街,空置中,酒店宾馆-旅馆,3层/共3层,面宽80m、层高3.5m、进深20m,居民、办公,"物业费1元/m²/天,电费1元/度,水费1元/吨","['上水', '下水', '停车位', '客梯', '中央空调', '可明火']","[['朱枫线; 朱泾7路内圈[临源街方向]; 朱泾7路外圈[健康路方向]; 朱泾二路内圈[车站方向]; 朱泾二路外圈[医院方向]; 朱泾一路内圈[医院方向]; 朱泾一路外圈[车站方向]', 'A', '中心医院', '距离0.33km']]"
7800元/月,0.93元/m²/天,280m²,商业街店铺,1个月,金山区 -石化,蒙山菜场,7800元/月,押1付6,1个月,物业类型,二手房,商业街店铺-临街,经营中,餐饮美食-餐馆,-2层/共2层,面宽5m、层高6m、进深28m,办公、居民、学生、旅游,"物业费5元/m²/天,电费1.5元/度,水费5元/吨","['网络', '暖气', '天燃气', '上水', '下水', '排烟', '排污', '管煤', '停车位', '380v', '客梯', '中央空调', '可明火']","[['金山3路; 金山5路; 金张卫支线; 上石线', 'A', '金山区医保中心', '距离0.09km']]"
3.5万/月,0.58元/m²/天,2000m²,商业街店铺,2个月,金山区 -亭林,恒顺路,3.5万/月,押1付3,2个月,物业类型,二手房,商业街店铺,空置中,餐饮美食-餐馆,1层/共3层,面宽8m、层高5m、进深10m,居民,"物业费100元/m²/天,电费1.2元/度,水费5元/吨",['货梯'],"[['金漕线; 上石线; 石青专线[南段]; 松卫专线', 'A', '朱行', '距离0.58km']]"
3824.1元/月,3元/m²/天,42.49m²,商业街店铺,12个月,金山区 -金山卫,金山乐和城招商中心,3824.1元/月,押3付3,12个月,物业类型,新房,商业街店铺-临街,空置中,暂无数据,1层/共2层,面宽4.5m、层高3.8m、进深8m,办公、学生、居民、旅游、其他,暂无数据,"['上水', '下水', '排烟', '排污', '停车位']","[['虹桥枢纽7路; 金山8路; 金石线; 塘卫线; 朱石专线', 'A', '学府路龙皓路', '距离0.20km']]"
1万/月,1.67元/m²/天,200m²,临街门面,3个月,金山区 -石化,卫清东路,1万/月,押1付3,3个月,物业类型,新房,临街门面-临街,经营中,家居建材-装饰装修材料店,独栋/共2层,面宽5m、层高10m、进深10m,办公、学生、居民,"物业费1.5元/m²/天,电费1元/度,水费3.5元/吨","['网络', '上水', '下水', '停车位', '扶梯']","[['金山铁路大站停[车墩/亭林]; 金山铁路大站停新桥/亭林; 金山铁路站站停; 金山铁路直达', 'A', '金山卫站', '距离0.91km']]"
27万/月,1元/m²/天,9000m²,购物百货中心,1个月,金山区 -石化,上海市黄浦区人民大道200号-1321室,27万/月,押1付1,1个月,物业类型,二手房,购物百货中心-临街,空置中,百货超市-超市,1-6层/共6层,面宽1m、层高1m、进深1m,办公、居民、其他,"物业费1元/m²/天,电费1元/度,水费1元/吨","['扶梯', '货梯', '客梯']","[['地铁1号线; 地铁2号线; 地铁8号线', 'A', '人民广场', '距离0.32km']]"
189万/月,1.8元/m²/天,35000m²,购物百货中心,99个月,金山区 -山阳,上海市金山区杭州湾大道274号,189万/月,押2付3,99个月,物业类型,新房,购物百货中心-临街,空置中,医疗器械-医院,1-16层/共16层,面宽30m、层高3.5m、进深20m,学生、居民、旅游,暂无数据,"['天燃气', '上水', '下水', '排烟', '排污', '停车位', '扶梯', '货梯', '客梯', '可明火']","[['金山1路内圈[师大二附中方向]; 金山1路外圈[工人文化宫方向]; 金山5路; 山阳二路; 朱钱卫线', 'A', '上师大二附中', '距离0.57km']]"
2500元/月,2.78元/m²/天,30m²,商业街店铺,3个月,金山区 -张堰,张堰镇,2500元/月,押1付12,3个月,物业类型,二手房,商业街店铺-临街,经营中,美容美发-美容院,1层/共1层,面宽6m、层高6m、进深8m,居民、旅游、办公、学生,"物业费1元/m²/天,电费1.1元/度,水费6元/吨","['上水', '下水', '排烟', '排污', '380v', '可明火']","[['莲卫专线', 'A', '中侨学院', '距离0.58km']]"
1万/月,1.67元/m²/天,200m²,临街门面,3个月,金山区 -石化,卫清东路,1万/月,押1付1,3个月,物业类型,新房,临街门面-临街,经营中,家居建材-装饰装修材料店,独栋/共2层,面宽8m、层高20m、进深10m,办公、居民、学生,"物业费1.5元/m²/天,电费1元/度,水费3.5元/吨","['网络', '上水', '下水', '停车位', '扶梯']","[['金山4路; 山阳二路工业区', 'A', '卫清东路同凯路', '距离0.52km']]"
1万/月,1.67元/m²/天,200m²,临街门面,3个月,金山区 -石化,卫清东路,1万/月,押1付1,3个月,物业类型,新房,临街门面-临街,经营中,家居建材-装饰装修材料店,独栋/共2层,面宽8m、层高20m、进深10m,办公、居民,"物业费1.5元/m²/天,电费1元/度,水费3.5元/吨","['网络', '上水', '下水', '停车位', '扶梯']","[['金山4路; 山阳二路工业区', 'A', '卫清东路同凯路', '距离0.52km']]"
4800元/月,1.6元/m²/天,100m²,商业街店铺,12个月,金山区 -金山新城,金山海汇街,4800元/月,押1付3,12个月,物业类型,二手房,商业街店铺-临街,经营中,餐饮美食-餐馆,1层/共1层,面宽4.5m、层高2.5m、进深8m,办公、学生、居民、旅游、其他,"物业费0.1元/m²/天,电费1元/度,水费2元/吨","['网络', '暖气', '天燃气', '上水', '下水', '排烟', '排污', '管煤', '停车位', '380v', '扶梯', '中央空调', '外摆区', '可明火']","[['金山11路; 莲卫专线; 松卫线', 'A', '杭州湾大道龙航路', '距离0.53km']]"
1200元/月,0.15元/m²/天,268m²,社区底商,12个月,金山区 -亭林,上海市金山区,1200元/月,押0付12,12个月,物业类型,二手房,社区底商,空置中,教育培训-家教中心,1-2层/共2层,面宽4.5m、层高3.2m、进深15m,办公、学生、居民,"物业费1.5元/m²/天,电费1.5元/度,水费0.8元/吨","['网络', '上水', '下水', '停车位', '扶梯', '可明火']","[['亭漕线[金山203路]', 'A', '亭耀路林珍路', '距离0.94km']]"
1.6万/月,0.71元/m²/天,750m²,商业街店铺,12个月,金山区 -漕泾,致富路,1.6万/月,押1付6,12个月,物业类型,新房,商业街店铺-临街,空置中,餐饮美食-食堂,独栋/共3层,面宽12m、层高6.5m、进深6m,办公、旅游、学生、居民、其他,"物业费1元/m²/天,电费6.17元/度,水费1.92元/吨","['上水', '下水', '排烟', '排污', '管煤', '停车位', '380v', '扶梯', '外摆区', '可明火']","[['漕泾一路', 'A', '漕泾中学', '距离0.26km']]"
8800元/月,2.96元/m²/天,99m²,临街门面,24个月,金山区 -石化,书香门第(蒙山路),8800元/月,押1付6,24个月,物业类型,新房,临街门面-临街,经营中,其他,1层/共2层,面宽5m、层高4m、进深22m,居民、办公、其他,"物业费3.6元/m²/天,电费1.07元/度,水费5元/吨","['网络', '停车位', '外摆区']",[]
9700元/月,2.29元/m²/天,141m²,临街门面,12个月,金山区 -金山新城,龙翔路578号,9700元/月,押1付3,12个月,物业类型,二手房,临街门面-临街,经营中,其他,1-2层/共2层,面宽4m、层高6m、进深15m,办公、学生、居民、其他,暂无数据,"['网络', '暖气', '天燃气', '上水', '下水', '排烟', '管煤', '停车位']",[]
7776元/月,3.2元/m²/天,81m²,商业街店铺,12个月,金山区 -金山新城,红星国际广场-西北门,7776元/月,押1付6,12个月,物业类型,新房,商业街店铺-临街,空置中,暂无数据,1-2层/共3层,面宽10m、层高5.75m、进深6m,办公、居民、其他,暂无数据,"['天燃气', '上水', '下水', '排烟', '排污', '管煤', '扶梯', '客梯', '可明火']","[['金山3路; 金山8路; 莲石专线; 浦卫线; 石青专线[南段]; 松卫专线', 'A', '金山区人民政府', '距离0.89km']]"
1200元/月,0.8元/m²/天,50m²,商业街店铺,12个月,金山区 -朱泾,金龙新街,1200元/月,押1付6,12个月,物业类型,新房,商业街店铺-临街,经营中,其他,-2层/共2层,面宽2m、层高2m、进深10m,办公,"物业费1元/m²/天,电费1元/度,水费1元/吨","['网络', '下水', '中央空调']","[['朱泾7路内圈[临源街方向]; 朱泾7路外圈[健康路方向]; 朱泾一路内圈[医院方向]; 朱泾一路外圈[车站方向]', 'A', '金山中学', '距离0.59km']]"
1.5万/月,2.78元/m²/天,180m²,商业街店铺,36个月,金山区 -枫泾,中大街/新泾路(路口),1.5万/月,押2付6,36个月,物业类型,新房,商业街店铺-临街,经营中,餐饮美食-餐馆,1-2层/共2层,面宽4m、层高8.5m、进深18m,办公、学生、居民、旅游、其他,暂无数据,"['网络', '暖气', '天燃气', '上水', '下水', '排烟', '排污', '管煤', '380v', '扶梯', '中央空调', '外摆区', '可明火']","[['枫泾8路内圈[枫阳路方向]; 枫泾8路外圈[枫湾路方向]', 'A', '新泾路白牛路(枫溪公园)', '距离0.27km']]"
3000元/月,1元/m²/天,100m²,社区底商,12个月,金山区 -金山新城,金山豪庭,3000元/月,押1付3,12个月,物业类型,二手房,社区底商,空置中,美容美发-美容院,1层/共1层,面宽50m、层高35m、进深90m,学生、居民、其他,"物业费1元/m²/天,电费1元/度,水费1元/吨","['网络', '上水', '下水', '排烟', '停车位', '扶梯', '客梯']","[['金山3路; 金山5路; 金张卫支线; 上石线', 'A', '金山区医保中心', '距离1.06km']]"
2600元/月,1.67元/m²/天,52m²,临街门面,36个月,金山区 -金山新城,新山龙-北门,2600元/月,押1付6,36个月,物业类型,二手房,临街门面-临街,经营中,家居建材-装饰装修材料店,1层/共6层,面宽3.4m、层高4.5m、进深12.2m,居民、其他,"物业费2.2元/m²/天,电费1元/度,水费3元/吨","['上水', '下水', '停车位']","[['金山3路; 金山5路; 金张卫支线; 上石线', 'A', '金山区医保中心', '距离0.20km']]"
3万/月,0.67元/m²/天,1500m²,商业街店铺,6个月,金山区 -朱泾,金银加工(临江村路店),3万/月,押1付3,6个月,物业类型,新房,商业街店铺-临街,经营中,家居建材-家居饰品店,1层/共3层,面宽4m、层高4m、进深10m,居民,"物业费1元/m²/天,电费1.25元/度,水费6元/吨","['上水', '下水', '排烟', '扶梯']",[]
3234元/月,0.7元/m²/天,154m²,其他,1个月,金山区 -金山卫,金山车市,3234元/月,押1付6,1个月,物业类型,新房,其他,空置中,其他,1-3层/共3层,面宽4m、层高3.8m、进深12m,其他,"物业费0.05元/m²/天,电费3元/度,水费1元/吨","['上水', '停车位', '扶梯']","[['朱钱卫线', 'A', '金山大道卫宏路', '距离0.57km']]"
6000元/月,3.33元/m²/天,60m²,临街门面,12个月,金山区 -石化,龙翔路,6000元/月,押1付3,12个月,物业类型,新房,临街门面-临街,空置中,餐饮美食-餐馆,-9层/共1层,面宽10m、层高4.5m、进深60m,居民,"物业费7元/m²/天,电费2元/度,水费1元/吨",['上水'],"[['金山6路; 莲石专线; 浦卫线; 石青专线[南段]; 石漕线; 松卫线; 松卫专线; 朱钱卫线; 朱卫专线[地面]', 'A', '卫零路金山大道', '距离1.20km']]"
4500元/月,1.53元/m²/天,98m²,临街门面,2个月,金山区 -金山新城,海芙路,4500元/月,押1付3,2个月,物业类型,新房,临街门面-临街,空置中,美容美发-美容院,1层/共2层,面宽6m、层高2.5m、进深9m,办公、旅游、居民、学生,"物业费1元/m²/天,电费1元/度,水费1元/吨","['上水', '下水', '停车位', '外摆区']","[['金山11路; 莲卫专线; 松卫线', 'A', '杭州湾大道龙航路', '距离0.95km']]"
7500元/月,2.17元/m²/天,115m²,临街门面,12个月,金山区 -山阳,上海金山嘴渔村,7500元/月,押1付6,12个月,物业类型,新房,临街门面-临街,空置中,餐饮美食-餐馆,1-2层/共3层,面宽4m、层高4.5m、进深26m,办公、学生、居民、旅游,暂无数据,"['上水', '下水', '排烟', '排污', '停车位', '380v', '可明火']","[['虹桥枢纽7路; 金山1路内圈[师大二附中方向]; 金山1路外圈[工人文化宫方向]; 金山2路; 金山3路; 金山6路; 金山7路; 金山9路; 金石线; 浦卫线; 山阳二路; 山阳二路工业区; 上石线; 石胡专线; 石化三线; 石梅线; 石南专线; 石青专线[南段]; 石漕线; 松卫线; 松卫专线; 塘卫线; 朱卫线高速; 朱卫专线[地面]', 'A', '石化汽车站', '距离0.38km']]"
6000元/月,1元/m²/天,200m²,社区底商,12个月,金山区 -金山新城,金山豪庭,6000元/月,押1付3,12个月,物业类型,二手房,社区底商,空置中,美容美发-美容院,1层/共1层,面宽60m、层高35m、进深90m,学生、居民、其他,"物业费1元/m²/天,电费1元/度,水费11元/吨","['网络', '上水', '下水', '排烟', '排污', '管煤', '停车位', '扶梯', '货梯', '客梯']","[['金山3路; 金山5路; 金张卫支线; 上石线', 'A', '金山区医保中心', '距离1.06km']]"
1.4万/月,1.41元/m²/天,330m²,临街门面,12个月,金山区 -金山卫,时时鲜生鲜超市,1.4万/月,押3付3,12个月,物业类型,二手房,临街门面-临街,经营中,其他,独栋/共2层,面宽8.2m、层高4m、进深19m,办公、其他,"物业费1元/m²/天,电费1元/度,水费3元/吨","['网络', '上水', '下水', '停车位', '380v', '扶梯', '中央空调', '可明火']","[['枫戚快线; 虹桥枢纽7路; 金石线; 塘卫线; 朱石专线', 'A', '学府路金山大道', '距离0.05km']]"
3711.6元/月,0.8元/m²/天,154.65m²,其他,12个月,金山区 -金山卫,金山车市,3711.6元/月,押1付6,12个月,物业类型,新房,其他,空置中,其他,1-3层/共3层,面宽4m、层高3.5m、进深11m,其他,"物业费0.05元/m²/天,电费1元/度,水费3元/吨","['停车位', '客梯']","[['朱钱卫线', 'A', '金山大道卫宏路', '距离0.57km']]"
9700元/月,2.29元/m²/天,141m²,临街门面,12个月,金山区 -金山新城,龙翔路578号,9700元/月,押2付3,12个月,物业类型,二手房,临街门面-临街,经营中,其他,1-2层/共2层,面宽4m、层高12m、进深15m,办公、居民,物业费2.8元/m²/天,"['网络', '上水', '下水', '排烟', '排污', '停车位', '可明火']","[['金山5路; 山阳一路; 山阳一路区间; 上石线; 朱卫专线[地面]', 'A', '龙皓路海丰路', '距离0.85km']]"
1.8万/月,2元/m²/天,300m²,商业街店铺,12个月,金山区,中一东路/共建路(路口),1.8万/月,押1付12,12个月,物业类型,新房,商业街店铺-临街,空置中,百货超市-超市,-9层/共1层,面宽8m、层高5m、进深30m,居民,"物业费1元/m²/天,电费1元/度,水费1元/吨","['排污', '停车位']","[['漕泾一路', 'A', '漕泾菜场', '距离0.04km']]"
5000元/月,2.78元/m²/天,60m²,商业街店铺,12个月,金山区 -山阳,金山嘴海鲜一条街,5000元/月,押1付3,12个月,物业类型,新房,商业街店铺-临街,空置中,餐饮美食-小吃店,1层/共1层,面宽8m、层高3.5m、进深8m,旅游、居民,"物业费2元/m²/天,电费1元/度,水费8元/吨","['上水', '下水', '排烟', '停车位', '380v', '中央空调']","[['奉卫线; 石胡专线; 石南专线', 'A', '沪杭公路金山嘴', '距离0.31km']]"
1600元/月,0.95元/m²/天,56m²,写字楼配套,12个月,金山区 -亭林,上海电器城,1600元/月,押1付6,12个月,物业类型,新房,写字楼配套,空置中,家居建材-五金店,-1层/共3层,面宽4.52m、层高5.8m、进深13m,居民、办公,"物业费2元/m²/天,电费1.2元/度,水费6.2元/吨","['网络', '上水', '下水', '排污', '停车位', '扶梯']","[['南金线; 南青专线[南段]; 浦卫线', 'A', '横塘桥', '距离1.13km']]"
0.8元/月,面议,14000m²,购物百货中心,99个月,金山区 -石化,蒙山路,0.8元/月,押3付6,99个月,物业类型,二手房,购物百货中心-临街,经营中,家居建材-五金店,1层/共4层,面宽1m、层高1m、进深1m,办公、学生、居民、旅游、其他,"物业费1元/m²/天,电费1元/度,水费1元/吨","['天燃气', '上水', '下水', '排烟', '排污', '管煤', '停车位', '380v', '扶梯', '货梯', '客梯', '可明火']","[['金山3路; 金山5路; 金张卫支线; 上石线', 'A', '金山区医保中心', '距离0.59km']]"
7250元/月,0.96元/m²/天,251m²,社区底商,暂无数据,金山区 -朱泾,罗星南路,7250元/月,押0付12,暂无数据,物业类型,新房,社区底商-临街,经营中,餐饮美食-水果食品店,独栋/共2层,面宽5.2m、层高4m、进深16m,居民、办公、学生,"物业费1.4元/m²/天,电费1元/度,水费3.29元/吨","['380v', '可明火']","[['金枫线; 金张卫支线; 金漕线; 南金线; 朱钱卫线; 朱松线; 朱卫线高速; 朱卫专线[地面]; 朱泾六路/1650路; 朱泾五路; 莘金专线', 'A', '金山汽车站', '距离0.32km']]"
9000元/月,2元/m²/天,150m²,商业街店铺,12个月,金山区 -石化,萨小萌宠物店,9000元/月,押1付3,12个月,物业类型,二手房,商业街店铺-临街,空置中,生活服务-宠物店,1-3层/共3层,面宽5m、层高12m、进深15m,居民、办公、其他,"物业费1元/m²/天,电费1元/度,水费3.25元/吨","['上水', '下水', '排污', '停车位', '380v', '中央空调', '外摆区', '可明火']","[['金山3路; 金山5路; 金张卫支线; 上石线', 'A', '金山区医保中心', '距离0.15km']]"
3.75万/月,2.5元/m²/天,500m²,社区底商,60个月,金山区 -金山新城,古城新苑,3.75万/月,押1付6,60个月,物业类型,新房,社区底商-临街,空置中,暂无数据,2层/共2层,面宽3.5m、层高4.5m、进深12m,办公、学生、居民,暂无数据,"['网络', '天燃气', '上水', '下水', '排烟', '排污', '管煤', '停车位', '380v', '外摆区', '可明火']","[['金山10路; 金山11路; 金山3路; 金山6路; 金山8路; 山阳一路区间; 松卫线; 朱卫专线[地面]', 'A', '龙航路金山医院', '距离0.73km']]"
3750元/月,2.5元/m²/天,50m²,商业街店铺,12个月,金山区 -石化,亿横建材市场,3750元/月,押1付12,12个月,物业类型,新房,商业街店铺-临街,空置中,家居建材-建材店,1-3层/共3层,面宽3.5m、层高3.5m、进深5m,办公、旅游、居民、其他,"物业费1元/m²/天,电费1元/度,水费1元/吨","['网络', '停车位']","[['金山10路; 金山4路; 金山7路', 'A', '金山卫站北广场', '距离0.42km']]"
4.3万/月,1.5元/m²/天,956m²,其他,72个月,金山区 -山阳,上海市金山区龙皓路322号,4.3万/月,押3付3,72个月,物业类型,二手房,其他-临街,空置中,教育培训-培训机构,3层/共4层,面宽20m、层高4.5m、进深20m,办公、学生、居民,"物业费3元/m²/天,电费1.5元/度,水费6元/吨","['停车位', '客梯', '中央空调']",[]
5000元/月,11.11元/m²/天,15m²,临街门面,12个月,金山区 -朱行,晓晓网咖,5000元/月,押1付12,12个月,物业类型,新房,临街门面-临街,空置中,餐饮美食-冷饮甜品店,1层/共1层,面宽3m、层高3m、进深4m,学生、旅游、居民、其他,"物业费1元/m²/天,电费1.3元/度,水费5.5元/吨","['上水', '下水', '排烟', '排污', '管煤']","[['金山工业区二路; 金山工业区一路', 'A', '朱行社区服务中心', '距离0.37km']]"
2万/月,4.44元/m²/天,150m²,商业街店铺,12个月,金山区 -张堰,漕廊公路,2万/月,押1付12,12个月,物业类型,新房,商业街店铺-临街,空置中,餐饮美食-餐馆,独栋/共2层,面宽8.5m、层高8m、进深5.5m,办公、学生、居民、旅游、其他,"物业费0.5元/m²/天,电费0.5元/度,水费0.5元/吨","['上水', '下水', '排烟', '排污', '停车位', '客梯', '中央空调']","[['上石线', 'A', '亭卫公路蒋庄', '距离1.30km']]"
800元/月,0.38元/m²/天,70m²,商业街店铺,12个月,金山区 -石化,卫零路,800元/月,押1付3,12个月,物业类型,新房,商业街店铺-临街,经营中,餐饮美食-餐馆,独栋/共1层,面宽4m、层高4m、进深7m,办公、学生、居民,"物业费1元/m²/天,电费1.2元/度,水费1元/吨","['网络', '天燃气', '上水', '下水', '排烟', '排污', '管煤', '停车位', '380v', '外摆区', '可明火']","[['虹桥枢纽7路; 金山1路内圈[师大二附中方向]; 金山1路外圈[工人文化宫方向]; 金山2路; 金山3路; 金山6路; 金山7路; 金山9路; 金石线; 浦卫线; 山阳二路; 山阳二路工业区; 上石线; 石胡专线; 石化三线; 石梅线; 石南专线; 石青专线[南段]; 石漕线; 松卫线; 松卫专线; 塘卫线; 朱卫线高速; 朱卫专线[地面]', 'A', '石化汽车站', '距离0.27km']]"
5000元/月,4.63元/m²/天,36m²,商业街店铺,12个月,金山区 -石化,隆安路,5000元/月,押1付3,12个月,物业类型,新房,商业街店铺-临街,经营中,餐饮美食-小吃店,-5层/共1层,面宽3m、层高5m、进深12m,居民,"物业费1元/m²/天,电费1.1元/度,水费6元/吨",['网络'],"[['金山1路内圈[师大二附中方向]; 金山1路外圈[工人文化宫方向]; 金山5路; 山阳二路; 朱钱卫线', 'A', '上师大二附中', '距离0.19km']]"
3.2万/月,0.88元/m²/天,1209m²,临街门面,36个月,金山区 -石化,集久网网吧(蒙山路店),3.2万/月,押2付6,36个月,物业类型,二手房,临街门面-临街,经营中,其他,1-3层/共4层,面宽8m、层高4.2m、进深15m,办公、学生、居民、旅游,暂无数据,"['上水', '下水', '排污', '380v', '货梯', '客梯']",[]
3000元/月,1元/m²/天,100m²,临街门面,12个月,金山区 -兴塔,强兴路37号,3000元/月,押1付12,12个月,物业类型,新房,临街门面-临街,空置中,暂无数据,1-2层/共3层,面宽5m、层高3m、进深10m,办公、学生、居民、其他,暂无数据,"['网络', '上水', '下水', '排烟']","[['枫泾三路; 枫泾四路; 枫泾五路', 'A', '兴塔农贸市场', '距离0.06km']]"
7200元/月,4元/m²/天,60m²,商业街店铺,12个月,金山区 -山阳,万达广场(上海金山店),7200元/月,押2付3,12个月,物业类型,二手房,商业街店铺-临街,空置中,服饰鞋包-服装店,1层/共1层,面宽5m、层高5.6m、进深12m,办公、学生、居民、旅游、其他,暂无数据,"['网络', '暖气', '天燃气', '上水', '下水', '排烟', '排污', '管煤', '停车位', '380v', '扶梯', '货梯', '客梯', '中央空调', '外摆区', '可明火']","[['金山10路; 金山11路; 金山3路; 金山6路; 金山8路; 山阳一路区间; 松卫线; 朱卫专线[地面]', 'A', '龙航路金山医院', '距离0.59km']]"
1万/月,3.51元/m²/天,95m²,临街门面,8个月,金山区 -石化,隆安路,1万/月,押1付9,8个月,物业类型,二手房,临街门面-临街,空置中,百货超市-干货杂货店,-9层/共1层,面宽6m、层高4m、进深15m,居民,"物业费1元/m²/天,电费1元/度,水费5元/吨","['上水', '下水']",[]
1.65万/月,1.38元/m²/天,400m²,临街门面,3个月,金山区,上海市金山区卫昌路1398号,1.65万/月,押1付3,3个月,物业类型,二手房,临街门面-临街,经营中,餐饮美食-餐馆,1层/共7层,面宽30m、层高7m、进深25m,办公、学生、居民、旅游、其他,"物业费0.01元/m²/天,电费1元/度,水费5元/吨","['网络', '上水', '下水', '排烟', '排污', '管煤', '停车位', '380v', '扶梯', '货梯', '客梯', '中央空调', '外摆区', '可明火']","[['山阳二路; 山阳二路工业区; 山阳一路; 山阳一路区间', 'A', '山阳小学', '距离0.59km']]"
