启东市外高桥集团（启东）产业园有限公司44#地块C4，C9厂房及门卫维修工程-中标结果公告,外高桥集团（启东）产业园有限公司,南通金原建设工程有限公司,"1,355,683.26元",,,南通市
苏州市轨道交通7号线、8号线工程第三方测量检测与监测项目Ⅶ-CJ02标,,,,,,苏州市
启东市林洋好家园东侧景观配套工程-中标结果公告,启东创新型经济园开发有限公司,江苏晟阳建设工程有限公司,"1,665,597.47元",,,南通市
(浦口分中心)浦口区江浦街道华光社区卫生服务站装修改造工程,,,,,,南京市
(鼓楼区)中央路331号地块土壤修复工程施工,,北京高能时代环境技术股份有限公司,5108.867038,2019/11/25,,南京市
(市交易中心)南京至和县城际轨道南京南站至黄里段工程高架护栏板加固项目设计,,中铁大桥勘测设计院集团有限公司,47,2019/11/25,,南京市
澹台湖公园及周边景观亮化工程,,,,,,苏州市
虞山森林防火指挥中心建设工程,,,,,,苏州市
博文·名仕苑博文?名仕苑电缆采购中标结果公告,徐州市创美置业有限公司,广东坚宝电缆有限公司,216.382,2019年11月18日,徐州市建设工程网上招投标系,徐州市
常州市新北区新龙实验学校新建项目施工总承包中标结果公告,常州市新北区新龙实验学校,江苏武进建工集团有限公司,20612.312728  万元,2019年11月18日,,常州市
海门市三厂工业园区望江路两侧绿化提升改造工程施工-中标结果公告,海门市三厂工业园区管理委员会,南通艳阳园林工程有限公司,"9,613,910.42元",,,南通市
(玄武区)南京市玄武区花园路22号负一层建设农贸市场施工,,南京国骄装饰工程有限公司,154.584467,2019/11/21,,南京市
(南部新城)南部新城可再生能源区域集中供能项目室外管网及配套工程监理,,南京第一建设事务所有限责任公司,315,2019/11/21,,南京市
变电所工程中标结果公告,无锡新泽和畅睦邻中心开发管理有限公司,江苏世昌电力工程有限公司,356.970337, ,无锡市建设工程网上招投标系,无锡市
扬州市高邮湖西水厂深度处理工程扬州市高邮湖西水厂深度处理工程检测中标结果公告,江苏长江水务股份有限公司,扬州弘海建设工程质量安全检测有限公司,20.70  万元,2019年11月18日,扬州市建设工程招投标系,扬州市
蒋王社区卫生服务中心迁建项目蒋王社区卫生服务中心迁建项目装饰工程施工中标结果公告,扬州市业恒城市建设投资管理有限公司,扬州新盛建筑装饰有限公司,763.20  万元,2019年11月18日,扬州市建设工程招投标系,扬州市
永兴生态园江上鲜消防改造工程,,,,,,苏州市
泗阳县2019年上海路（淮海路至北京路）西侧绿地改造工程(泗阳县2019年上海路（淮海路至北京路）西侧绿地改造工程), 泗阳县住房和城乡建设局, 江苏苏林建设有限公司, 6392639.73 元,,,宿迁市
苏州市吴中区博物馆陈列布展工程监理,,,,,,苏州市
越溪街两侧停车场（公园）工程,,,,,,苏州市
(河西指挥部)河西滨江风光带景观彩化提升项目工程总承包,,江苏省建筑设计研究院有限公司,,2019/11/21,,南京市
沭阳经开区梦翔路(汇峰路至瑞声大道)工程(沭阳经开区梦翔路(汇峰路至瑞声大道)工程), 沭阳经济技术开发区管理委员会, 扬州一建集团有限公司, 7298016.65 元,,,宿迁市
XDG-2016-14号地块开发建设项目（星元名邸）居配工程,,无锡广盈实业有限公司,,,无锡市建设工程网上招投标系,无锡市
昆山森林公园北入口外侧景观提升电力设施迁移工程(二次重新公告）,,,,,昆山市网上招投标系,苏州市
丰县宋楼镇宋楼粮油管理所产后服务中心烘干车间钢结构工程中标结果公告,丰县宋楼镇宋楼粮油管理所,江苏晟亚工程管理有限公司,194.758847,2019年11月18日,徐州市建设工程网上招投标系,徐州市
扬菱路（槐泗段）拓宽改造安置房工程扬菱路（槐泗段）拓宽改造安置房监理工程中标结果公告,扬州市邗江区槐泗镇人民政府,扬州市建筑设计研究院有限公司,148.65  万元,2012年12月24日,扬州市建设工程招投标系,扬州市
洪泽蒋坝文旅小镇一期商业综合体项目中标结果公告,洪泽县洪城房地产开发有限责任公司,福建省明通建设集团有限公司,30154.030112,2019年11月21日,,淮安市
前期策划咨询服务中标结果公告,无锡丰润投资有限公司,南京慧和建筑技术有限公司,60,2019年10月28日,无锡市建设工程网上招投标系,无锡市
新东安置小区四期项目室外配套工程中标结果公告,江苏神龙海洋工程集团有限公司,江苏通泰装饰工程有限公司,675.253139,2019年11月21日,,淮安市
东台市康和花苑二期工程东台市高新区康和花苑二期续建配电工程中标结果公告,东台市金鑫置业有限公司,泰州龙晖建设工程有限公司,253.82, ,盐城市建设工程网上招投标系,盐城市
广陵经济开发区翠月新苑拆迁安置小区建设工程广陵经济开发区翠月新苑拆迁安置小区建设工程质量检测项目中标结果公告,扬州广陵经济开发区开发建设有限公司,扬州市建伟建设工程检测中心有限公司,117.65  万元,2019年11月18日,扬州市建设工程招投标系,扬州市
(六合分中心)六合经济开发区七里基层社区中心室内外维修改造项目土建及水电安装,,南京建诺建设有限公司,381.891074,2019/11/21,,南京市
沭阳经开区瑞安路东延工程(沭阳经开区瑞安路东延工程), 沭阳经济技术开发区管理委员会, 苏州市顺发市政景观建设有限公司, 14594781.14 元,,,宿迁市
(溧水分中心)开发区三山湖景观工程中区施工,,南京第二道路排水工程有限责任公司,8616.767617,2019/11/21,,南京市
常州电力2019年第六批居配工程美的国宾府10kV居配工程监理中标结果公告,国网江苏省电力有限公司常州供电分公司,江苏常源电力建设监理有限公司,67.025000  万元, ,,常州市
常州电力2019年第六批居配工程天目湖农民新村（江苏天目湖（集团）有限公司）10kV居配工程监理中标结果公告,国网江苏省电力有限公司常州供电分公司,安徽远信工程项目管理有限公司,62.396200  万元, ,,常州市
常州电力2019年第六批居配工程中海铂悦花园10kV居配工程监理中标结果公告,国网江苏省电力有限公司常州供电分公司,盐城新源电力建设监理有限公司,59.371700  万元, ,,常州市
常州电力2019年第六批居配工程上品晟庭一期10kV居配工程监理中标结果公告,国网江苏省电力有限公司常州供电分公司,江苏诚凯工程管理有限公司,37.069500  万元, ,,常州市
常州电力2019年第六批居配工程劳动东路北侧京杭大运河东侧地块安置房（鑫福苑二期）10kV居配工程监理中标结果公告,国网江苏省电力有限公司常州供电分公司,中国能源建设集团江苏省电力建设第三工程有限公司,36.604200  万元, ,,常州市
常州电力2019年第六批居配工程金坛亿景花园一期25、26栋10kV居配工程监理中标结果公告,国网江苏省电力有限公司常州供电分公司,江苏兴盛工程咨询监理有限公司,6.630200  万元, ,,常州市
常州电力2019年第六批居配工程金坛亿景花园小区二期10kV居配工程监理中标结果公告,国网江苏省电力有限公司常州供电分公司,常州正衡电力工程监理有限公司,5.179400  万元, ,,常州市
展业大厦（原中新科技城研发楼）1层局部智能化改造工程中标结果公告,,,,,,苏州市
连云港兴房置业有限公司世纪凤凰城项目C1#-C3#、C5#-C7#公共部位瓷砖采购中标结果公告,连云港兴房置业有限公司,东莞市唯美陶瓷工业园有限公司,418.609950,2019年11月21日,,连云港市
(溧水分中心)和凤镇沙塘庵粮食市场环境整治提升工程监理,,江苏中旭工程项目管理有限公司,44.945505,2019/11/21,,南京市
栖庭二期精装修工程（5#、6#、10#、11#号房精装修工程）中标结果公告,无锡卓辰置业有限公司,南京国豪装饰安装工程股份有限公司,8600.989715,2019年10月30日,无锡市建设工程网上招投标系,无锡市
(江北新区)江北新区断头路畅通工程（永锦路北延和龙王山山顶道路维修项目）监理,,南京腾江工程咨询有限公司,15.19,2019/11/21,,南京市
连云港中基房地产有限公司中基尚海花园二期配电项目变压器采购中标结果公告,连云港中基房地产有限公司,南通鑫源电器制造有限公司,30.480000,2019年11月21日,,连云港市
连云港中基房地产有限公司中基尚海花园二期配电项目高低压设备采购中标结果公告,连云港中基房地产有限公司,南通永羽电器设备有限公司,160.375000,2019年11月21日,,连云港市
连云港中基房地产有限公司中基尚海花园二期配电项目电缆采购中标结果公告,连云港中基房地产有限公司,无锡市华美电缆有限公司,333.835978,2019年11月21日,,连云港市
昆山杜克大学二期EPC工程监理（重新公告）,,,,,昆山市网上招投标系,苏州市
新建DOCK施工总承包工程中标结果公告,上汽大通汽车有限公司,华仁建设集团有限公司,379.76373,2019年10月23日,无锡市建设工程网上招投标系,无锡市
荡口古镇绿化提升改造工程施工,,无锡市绿城景观工程有限公司,,,无锡市建设工程网上招投标系,无锡市
2019年城厢镇永丰村高标准农田建设项目,,,,,,苏州市
(高淳分中心)高淳区城北商务区安置房（天安地块二）工程H地块室外工程,,南京振高建设有限公司,1083.986087,2019/11/21,,南京市
海门市春江花园项目南阳台移门工程施工二标段-中标结果公告,海门市海赋建设开发有限公司,南通市致和门窗有限公司,"3,102,374元",,,南通市
海门市春江花园项目南阳台移门工程施工一标段-中标结果公告,海门市海赋建设开发有限公司,江苏三得利装饰有限公司,"2,496,926.33元",,,南通市
(市国土资源局)南京江宁孔山矿矿山地质环境治理项目监理,,,,,,南京市
东海县中华路（晶都大道—富华路）改建工程Ⅱ标段（西侧）施工中标结果公告,东海县住房和城乡建设局,江苏驰飞建设有限公司,448.380091,2019年11月21日,,连云港市
(高淳分中心)NO.高淳2018G02、G03地块项目居配电设计,,南京紫泉电力设计咨询有限公司,122.519493,2019/11/21,,南京市
天平山馒头石景点恢复项目装饰工程,,,,,,苏州市
盐城市蟒蛇河生态景观开发工程驿站项目监理中标结果公告,盐城蟒蛇河水上旅游开发有限公司,盐城市轩宇项目管理有限公司,64.30,2019年11月21日,盐城市建设工程网上招投标系,盐城市
施工监理-中标结果公告,海安市水务集团有限公司,江苏湖滨工程项目管理有限公司,1.13%,,,南通市
(市交易中心)琵琶湖景区旅游配套用房装修改造项目工程总承包,,南京国豪装饰安装工程股份有限公司;深圳市美术装饰工程有限公司,,2019/11/21,,南京市
周市镇汉浦塘沿岸慢行系统提升改造工程,,,,,昆山市网上招投标系,苏州市
周市镇横长泾路绿化景观提升工程,,,,,昆山市网上招投标系,苏州市
景观绿化工程中标结果公告,无锡市新吴区物业管理中心(无锡市新吴区排水管理处),无锡金马景观建设有限公司,516.891927,2019年11月11日,无锡市建设工程网上招投标系,无锡市
S342（钱威路~西环线、陆戴路~胡埭门站~胡埭高中压站）高压燃气管线工程（西环路-庙堂桥河）标段中标结果公告,无锡华润燃气有限公司,安徽鑫源建设集团有限公司,483.393722,2019年11月01日,无锡市建设工程网上招投标系,无锡市
盱眙县穆店镇桃园社区服务中心建设工程中标结果公告,盱眙县穆店镇桃园村村民委员会,江苏楚扬建设工程有限公司,378.998613,2019年11月21日,,淮安市
盱眙县古桑居委会综合服务中心中标结果公告,盱眙县古桑街道古桑居民委员会,淮安市唯美建设工程有限公司,469.621259,2019年11月21日,,淮安市
空港新城安置区建设工程空港新城安置区（腾飞花园）B区供配电工程监理中标结果公告,扬州鑫航建设投资有限公司,江苏泽翊工程项目管理有限公司,10.00  万元,2019年11月13日,扬州市建设工程招投标系,扬州市
滨海县滨海港投资开发公司新建滨海港港投商务写字楼工程机电安装及配套工程中标结果公告,滨海县滨海港投资开发公司,江苏天目建设集团有限公司,2914.82,2019年11月21日,盐城市建设工程网上招投标系,盐城市
滨海县天场镇秉义村农民集中居住区配套设施工程中标结果公告,滨海县天场镇人民政府,江苏大禹水利建设工程有限公司,189.51,2019年11月21日,盐城市建设工程网上招投标系,盐城市
(河西指挥部)庐山路消防站建设工程监理,,江苏省华厦工程项目管理有限公司,31.17,2019/11/21,,南京市
(溧水分中心)洪蓝镇工业园区景观提升工程PPP项目勘察设计,,江苏苏邑设计集团有限公司;江苏科信岩土工程勘察有限公司,448,2019/11/21,,南京市
滨海县西湖路、海滨大道路灯线改造及城区路灯改造工程滨海县城区路灯改造工程中标结果公告,滨海县城市管理局,扬州市李伟照明电器有限公司,86.53, ,盐城市建设工程网上招投标系,盐城市
滨海县西湖路、海滨大道路灯线改造及城区路灯改造工程滨海县西湖路、海滨大道路灯线改造工程中标结果公告,滨海县城市管理局,江苏博思维光电集团有限公司,77.28,2019年11月21日,盐城市建设工程网上招投标系,盐城市
盱眙县实验小学一分校重建工程中标结果公告,盱眙县实验小学,江苏前程似锦工程项目管理有限公司,1431.423168,2019年11月21日,,淮安市
文津中学新建综合楼（食堂及体育馆）项目文津中学新建综合楼(食堂及体育馆)项目配电房及配套工程中标结果公告,扬州市文津中学,江苏嘉瑞德建设有限公司,125.04  万元,2019年11月18日,扬州市建设工程招投标系,扬州市
2018~2019年度新建居住区供配电工程项目扬州地区2018-2019年度新建居住区供配电项目高低压电力电缆物资采购四十六标段中标结果公告,国网江苏省电力有限公司扬州供电分公司,青岛华东电缆电器有限公司,96.21  万元,2019年11月15日,扬州市建设工程招投标系,扬州市
苏地2019-WG-14号地块项目监理,,,,,,苏州市
灌云县区域供水管道北延（山南供水）工程施工中标结果公告,灌云县住房和城乡建设局,宿迁福鼎建设工程有限公司,247.468788,2019年11月21日,,连云港市
(江北新区)沿江街道路西社区汤庄组、赵窑组环境综合整治零星维修工程施工,,,,,,南京市
(溧水分中心)永阳街道秋湖佳苑（二期）非机动车棚及晒衣架安装工程项目施工,,,,,,南京市
(江北新区)沿江街道路西社区牛十八组环境整治工程施工,,,,,,南京市
(江北新区)盘城街道拆迁工地围挡工程施工,,,,,,南京市
人民路部分建筑景观照明工程人民路部分建筑景观照明工程中标结果公告,泰州市姜堰城市建设投资集团有限公司,江苏现代照明集团有限公司,9499956.65,,姜堰市网上招投标系,泰州市
丰县欢口镇陈洼行政村新农村建设项目道路及零星工程中标结果公告,丰县欢口农村综合服务有限公司,江苏德众建设工程有限公司,36.042699,2019年11月18日,徐州市建设工程网上招投标系,徐州市
丰县首羡镇费庄村新型社区建设项目附属工程中标结果公告,丰县首羡农村综合服务有限公司,江苏双阳建筑工程有限公司,200.798319,2019年11月18日,徐州市建设工程网上招投标系,徐州市
清禾路公交首末站工程,,,,,,苏州市
城北花园A区外墙出新工程中标结果公告,东台惠民城镇化建设发展有限公司,江苏置恒建设有限公司,728.65, ,盐城市建设工程网上招投标系,盐城市
东台市康和花苑二期工程东台市高新区康和花苑二期续建室外配套工程中标结果公告,东台市金鑫置业有限公司,江苏元亨建设工程有限公司,338.60, ,盐城市建设工程网上招投标系,盐城市
涟水县陈师街道提档升级项目陈师街道沿街路面铺装工程中标结果公告,涟水县人民政府陈师街道办事处,涟水县市政工程公司,51.431848,2019年11月21日,,淮安市
高邮高铁综合客运枢纽项目高邮高铁综合客运枢纽项目装饰中标结果公告,高邮市交通产业投资集团有限公司,扬州市森亿装饰工程有限公司,1085.16  万元,2019年11月19日,扬州市建设工程招投标系,扬州市
沭阳经开区邦源路东延工程(沭阳经开区邦源路东延工程), 沭阳经济技术开发区管理委员会, 江苏环通建工集团有限公司, 12038236.83 元,,,宿迁市
展业大厦（原中新科技城研发楼）1层局部装修改造工程中标结果公告,,,,,,苏州市
(江北新区)江北新区青龙绿带一期工程人行景观桥施工,,中铁十二局集团有限公司,8215.770014,2019/11/22,,南京市
枣林湾2019年度集中居住区项目枣林湾2019年度集中居住区工程总承包中标结果公告,仪征枣林湾十里长山农村建设有限公司,江苏仪征苏中建设有限公司,57213.74  万元,2019年11月06日,扬州市建设工程招投标系,扬州市
昆山市污水处理有限公司城区污水处理厂提标改造工程-安装,,,,,昆山市网上招投标系,苏州市
(南部新城)南部新城永乐路建设项目桥梁工程,,江苏恒绿建设工程有限公司,1550.830343,2019/11/22,,南京市
2019年-2020年零星给水安装工程2标段（城厢镇、高新区）,,,,,,苏州市
2019年-2020年零星给水安装工程1标段（城厢镇、高新区）,,,,,,苏州市
吴江区2019-2020年高质量推进城乡生活污水治理工程（市政集团第一期）吴江区2019-2020年高质量推进城乡生活污水治理工程（市政集团第一期）-开明路中标结果公告,,,,,,苏州市
张甸中心卫生院内科病房楼新建工程张甸中心卫生院内科病房楼新建工程中标结果公告,泰州市姜堰区张甸中心卫生院,江苏富安建设有限公司,17744240.22,,姜堰市网上招投标系,泰州市
施耐庵东路绿化景观工程施耐庵东路绿化景观工程中标结果公告,"
                                 兴化市园林绿化服务中心
                            ","
                                 江苏桃源绿化工程有限公司
                            ","
                                 888.99
                            ",,兴化市公共资源交易系,泰州市
洋河新区徐淮路公路段、仓集镇区段改造工程(洋河新区徐淮路公路段、仓集镇区段改造工程), 宿迁市兴洋建设工程咨询有限公司, 江苏华实市政建设集团有限公司, 29906565.03 元,,,宿迁市
靖江市实验学校音乐、美术功能教室改造工程中标结果公告,靖江市实验学校,江苏晋和建设工程有限公司,	,2019年11月18日,靖江市公共资源交易平台系,泰州市
(栖霞区)姚坊门游园景观提升工程工程总承包监理,,江苏雨田工程咨询集团有限公司,103,2019/11/22,,南京市
12#、13#、15#-19#房及地下车库施工总承包中标结果公告,无锡市融惠置业有限公司,江苏天亿建设工程有限公司,24585.5666,2019年11月15日,无锡市建设工程网上招投标系,无锡市
金星幼儿园(暂命名)项目设计,,,,,,苏州市
柳树湾东入口片区改造工程施工中标结果公告,淮安市园林绿化管理中心,江苏豪强建设有限公司,381.819167,2019年11月22日,,淮安市
曙光小学扩建支护挡墙工程-中标结果公告,南通市曙光小学,南通广信建设有限公司,"2,949,984.19元",,,南通市
建屋广场D座公共部位装修工程中标结果公告,,,,,,苏州市
常州市第二人民医院阳湖院区二期建设项目监理中标结果公告,常州市第二人民医院,常州建工项目管理有限公司,629.960000  万元,2019年11月18日,,常州市
建设吴江区苏州湾体育中心项目吴江区苏州湾体育中心内装工程中标结果公告,,,,,,苏州市
新里程花苑居住区20KV供配电工程（一期）第二批电缆采购-中标结果公告,绿地控股集团南通翰弘置业有限公司,江苏浦漕科技股份有限公司,"770,575.76元",,,南通市
通州区石港镇卫生院五窑分院零星改造工程施工-中标结果公告,南通市通州区石港镇卫生院,江苏邦耀建设工程有限公司,"232,878.93元",,,南通市
淮安高铁商务中心项目高铁商务中心项目一期工程施工监理中标结果公告,淮安高新控股有限公司,江苏中源工程管理股份有限公司,717.440000,2019年11月22日,,淮安市
S333(兴化南高速口西延)绿化提升项目工程S333(兴化南高速口西延)绿化提升项目工程园林景观、安装工程中标结果公告,"
                                 兴化市园林绿化服务中心
                            ","
                                 上海万鼎建设有限公司
                            ","
                                 381.24
                            ",,兴化市公共资源交易系,泰州市
S333(兴化南高速口西延)绿化提升项目工程S333(兴化南高速口西延)绿化提升项目工程绿化工程一标段中标结果公告,"
                                 兴化市园林绿化服务中心
                            ","
                                 江苏蓝迁环境建设有限公司
                            ","
                                 395.30
                            ",,兴化市公共资源交易系,泰州市
S333(兴化南高速口西延)绿化提升项目工程S333(兴化南高速口西延)绿化提升项目工程绿化工程二标段中标结果公告,"
                                 兴化市园林绿化服务中心
                            ","
                                 江苏景天园林建设有限公司
                            ","
                                 272.15
                            ",,兴化市公共资源交易系,泰州市
城北污水处理厂配套污水管网完善工程1中标结果公告,靖江市华力管网工程有限公司,江苏广宇建设集团有限公司,	,2019年11月18日,靖江市公共资源交易平台系,泰州市
苏州物流中心有限公司新建苏州物流园大厦水泵房工程中标结果公告,,,,,,苏州市
南昌路小区工程南昌路小区地下室停车场交通设施工程中标结果公告,淮安淮阴开源城乡建设开发有限公司,江苏楚扬建设工程有限公司,154.647548,2019年11月22日,,淮安市
太仓市城市发展集团有限公司改造痘祠堂街工程监理,,,,,,苏州市
元和街道湖沁花园（西区）老新村改造工程监理,,,,,,苏州市
花桥经济开发区光明新村控源截污改造工程I标--光明路北侧,,,,,昆山市网上招投标系,苏州市
花桥经济开发区光明新村控源截污改造工程II标--光明路南侧,,,,,昆山市网上招投标系,苏州市
书香花海配套设施项目二期装修工程中标结果公告,淮安开发控股有限公司,江苏省嘉园建设工程有限公司,1314.649489,2019年11月21日,,淮安市
新建滨江供电所生产用房新建滨江供电所生产用房中标结果公告,国网江苏省电力有限公司仪征市供电分公司;江苏省电力公司仪征市供电公司,江苏宏运装饰工程有限公司,197.87  万元,2019年11月15日,扬州市建设工程招投标系,扬州市
泗阳县城区养老服务中心及未成年人社会保护中心室外配套工程(泗阳县城区养老服务中心及未成年人社会保护中心室外配套工程), 江苏民裕投资有限公司, 陕西永恒园林工程有限公司, 3530918.11 元,,,宿迁市
GZ088地块（九境融园）房地产项目GZ088地块（九境融园）房地产项目质量检测中标结果公告,扬州市城建置业有限公司,扬州市建伟建设工程检测中心有限公司,213.48  万元,2019年11月19日,扬州市建设工程招投标系,扬州市
现代服务业产业园ZNY-14-X、ZNY-16-01地块项目方案及施工图设计中标结果公告,,,,,,苏州市
新沂市马陵山镇宋山农民集中居住区项目新沂市马陵山镇宋山农民集中居住区工程中标结果公告,新沂市马陵山镇宋山村村民委员会,新沂市天马建筑工程有限公司,3087.064139,2019年11月18日,徐州市建设工程网上招投标系,徐州市
(市交易中心)鼓楼区下关滨江商务区滨江渠北渠一期工程工程总承包,,江苏溧阳城建集团有限公司;南京万通城市建设设计咨询有限公司,,2019/11/22,,南京市
(鼓楼区)南京长江国际航运中心2号楼7-10层及13层办公用房精装修工程工程总承包,,江苏华淳建设工程有限公司;深圳市美术装饰工程有限公司,,2019/11/22,,南京市
2019年省级农业产业示范园区创建项目稻米与蚕桑展示基地改造工程-中标结果公告,海安市雅周现代农业园区管理办公室,南通艳阳园林工程有限公司,"3,316,336.62元",,,南通市
EPC(设计、施工、采购)工程总承包-中标结果公告,江苏海安商贸物流发展有限公司,中铁十七局集团有限公司,"179,258,100元",,,南通市
(鼓楼区)NO.2010G32地块08-08、08-22地块项目景观及室外附属工程施工,,淮安钧创建设有限公司,465.971154,2019/11/22,,南京市
(建邺区)建邺区奥体中心派出所装修改造项目施工,,南京雷凯建设工程有限公司,217.84817,2019/11/22,,南京市
张地2014-A09-B地块张地2014-A09-B号地块12#工程：土建、水电、消防工程（建筑面积2579.64平方米地上2层）,张家港市金厦房地产开发公司,江苏德丰建设集团有限公司,3792080.91,2019年11月22日,,苏州市
(鼓楼区)南京市凤凰花园城小学校园文化及维修改造工程监理,,南京工大建设监理咨询有限公司,9.9,2019/11/22,,南京市
夏驾河湿地中心二期-污水管网工程,,,,,昆山市网上招投标系,苏州市
昌兴路（凤湖路-欣苑路）工程项目-广济北路至欣苑路段施工图设计,,,,,,苏州市
上合组织（连云港）国际物流园区钱江路（中云台大道至东疏港通道）工程监理中标结果公告,上合组织（连云港）国际物流园管理委员会,江苏雨田工程咨询集团有限公司,24.970000,2019年11月22日,,连云港市
上合组织（连云港）国际物流园区钱江路（中云台大道至东疏港通道）工程中标结果公告,上合组织（连云港）国际物流园管理委员会,连云港市市政工程有限公司,2933.147548,2019年11月22日,,连云港市
城北中心小学校西校区行政实验楼、教学楼、食堂、体育馆装饰工程,,,,,昆山市网上招投标系,苏州市
江苏万骏置业有限公司恒安华府花园小区配电项目变压器采购中标结果公告,江苏万俊置业有限公司,南通鑫源电器制造有限公司,60.360000,2019年11月22日,,连云港市
江苏万骏置业有限公司恒安华府花园小区配电项目高低压设备采购中标结果公告,江苏万俊置业有限公司,江苏大烨智能电气股份有限公司,346.992500,2019年11月22日,,连云港市
江苏万骏置业有限公司恒安华府花园小区配电项目电缆采购中标结果公告,江苏万俊置业有限公司,江苏浦漕科技股份有限公司,443.288120,2019年11月22日,,连云港市
苍梧绿园及郁洲公园文化、健身、景观等完善提升工程施工中标结果公告,连云港市苍梧绿园管理处,江苏永顺建设工程有限公司,451.120535,2019年11月22日,,连云港市
儿童医院南幼儿园工程监理中标结果公告,,,,,,苏州市
355省道泰兴段改扩建工程（K16+200-K26+641）路灯工程施工中标结果公告,,, 436.13 万元,,泰兴市建设工程网上招投标系,泰州市
通州区石港镇卫生院石南分院零星改造工程施工-中标结果公告,南通市通州区石港镇卫生院,南通尚恒建设工程有限公司,"419,800.81元",,,南通市
355省道泰兴段改扩建工程（K0+000-K16+200）路灯工程施工中标结果公告,,, 595.74 万元,,泰兴市建设工程网上招投标系,泰州市
2018年公交候车亭建设工程第二批中标结果公告,,,,,,苏州市
南通市通州区石港污水处理厂扩容提标改造工程施工-中标结果公告,南通市通州区渔湾污水处理有限公司,南通四建集团有限公司,"36,902,299.68元",,,南通市
(溧水分中心)田冲沟流域雨污分流建设梳理修复工程项目一品骊城雨污分流建设工程总承包,,江苏广顺建设有限公司;华汇工程设计集团股份有限公司,,2019/11/22,,南京市
(江宁分中心)享佳云健康中心项目装修施工,,,,,,南京市
(六合分中心)马鞍街道2019年度黄岗社区大阮等组土地整理项目施工,,,,,,南京市
(六合分中心)马鞍街道2019年度河王湖社区杨庄组土地整理项目施工,,,,,,南京市
泗阳县建凌路（解放路至西康路段）绿化项目(泗阳县建凌路（解放路至西康路段）绿化项目), 江苏民裕投资有限公司, 江苏林荣园林建设工程有限公司, 2590794.88 元,,,宿迁市
常熟市第二人民医院配套设施改造工程市二院污水处理站建造工程,,,,,,苏州市
纬三路（鸿山北路~飞凤路）工程中标结果公告,无锡市鸿山经济园区开发有限公司,无锡市锡山三建实业有限公司,1206.666799,2019年11月06日,无锡市建设工程网上招投标系,无锡市
新塍二村安置房室外消防增补工程,,,,,,苏州市
中石化南通海安城北加油站新建项目监理-中标结果公告,中国石化销售有限公司江苏南通石油分公司,南通中房工程建设监理有限公司,3.3%,,,南通市
东海县晶城壹号院小区10kV配电工程高低压柜采购中标结果公告,东海县正崴文旅置业有限公司,天铂电力有限公司,994.779469,2019年11月25日,,连云港市
丰县农产品批发市场项目二期工程施工总承包中标结果公告,丰县中合农产品市场发展有限公司,通州建总集团有限公司,13617.678356,2019年11月22日,徐州市建设工程网上招投标系,徐州市
泗阳县众兴镇小学报告厅外大厅装饰工程(泗阳县众兴镇小学报告厅外大厅装饰工程), 泗阳县众兴镇小学, 泗洪县明厦建筑工程有限公司, 944838.56 元,,,宿迁市
沭阳经开区温州路东延工程(沭阳经开区温州路东延工程), 沭阳经济技术开发区管理委员会, 光华建设集团有限公司, 23237274.99 元,,,宿迁市
泗阳县2019年生态公园等木栈道更新项目(泗阳县2019年生态公园等木栈道更新项目), 泗阳县住房和城乡建设局, 宿迁任伟建设有限公司, 3445635.39 元,,,宿迁市
苏州市轨道交通5号线工程车站装修天然花岗石采购项目Ⅴ-ZC-1-3标,,,,,,苏州市
苏州市轨道交通5号线工程车站装修天然花岗石采购项目Ⅴ-ZC-1-4标,,,,,,苏州市
昆山市污水处理有限公司城区污水处理厂提标改造工程-市政,,,,,昆山市网上招投标系,苏州市
文峰小学北侧支路西延段工程文峰小学北侧支路西延段工程施工中标结果公告,扬州市广陵区城市建设投资有限责任公司,江苏瑞沃建设集团有限公司,1856.45  万元,2019年11月20日,扬州市建设工程招投标系,扬州市
南湖快速路东延林带迁移工程,,,,,,苏州市
明珠花苑棚户区工程新沂市明珠花苑一期小区配电工程（设备）中标结果公告,新沂市金诚观复置业有限公司,无锡市宇超电气科技有限公司,92.861851,2019年11月19日,徐州市建设工程网上招投标系,徐州市
徐州市2014-28号地块工程徐州市屯里南小区10kⅤ配电工程低压电缆采购项目中标结果公告,徐州沪建全山房地产有限公司,江苏昊特电缆有限公司,296.264272,2019年11月19日,徐州市建设工程网上招投标系,徐州市
扬州中学花园接待室改造工程扬州中学花园接待室改造工程施工中标结果公告,江苏省扬州中学,淮安市尧帝园林工程有限公司,85.60  万元,2019年11月20日,扬州市建设工程招投标系,扬州市
周新苑东三期、西三期消防喷淋改造,,无锡市给排水工程有限责任公司,,,无锡市建设工程网上招投标系,无锡市
苏地2019-WG-14号地块项目方案及施工图设计,,,,,,苏州市
平江片区三线入地整治工程（钮家巷、邾长巷）--建筑立面整治、景观绿化,,,,,,苏州市
(溧水分中心)NO.溧水2019G08地块监理,,南京平川工程项目管理有限公司,265,2019/11/25,,南京市
吴江区2019-2020年高质量推进城乡生活污水治理工程（市政集团第一期）吴江区2019-2020年高质量推进城乡生活污水治理工程（市政集团第一期）-庙震公路中标结果公告,,,,,,苏州市
苏州市轨道交通5号线工程火灾自动报警系统及气体灭火系统施工安装项目SRT5-7-3标,,,,,,苏州市
邳州市后沙拆迁安置A地块工程监理中标结果公告,邳州市陇海城乡开发建设有限公司,徐州创业建设项目管理有限公司,103.66,2019年11月19日,徐州市建设工程网上招投标系,徐州市
文溪花园五期安置小区（东地块）工程,,,,,,苏州市
徐州市段庄第一小学校新建教学综合楼项目中标结果公告,徐州市段庄第一学校,山河建设集团有限公司,2376.801132,2019年11月20日,徐州市建设工程网上招投标系,徐州市
实验小学西校区室外配套工程（暂估价二次招标）,张家港市教育局,江苏天力建设集团有限公司,12055979.43,2019年11月25日,,苏州市
塔影湾安置小区工程塔影湾花苑安置小区一期二标段工程(6#、7#、9#、10#、17#、19#及人防地下室)施工监理中标结果公告,,,,,,苏州市
徐州市段庄第一小学校新建教学综合楼项目监理中标结果公告,徐州市段庄第一学校,徐州守正工程造价咨询有限公司,31.997,2019年11月20日,徐州市建设工程网上招投标系,徐州市
吴江区2019-2020年高质量推进城乡生活污水治理工程（市政集团第一期）吴江区2019-2020年高质量推进城乡生活污水治理工程（市政集团第一期）-创业路、吴越路、七都大道（230省道—常增路）、（望山路—吴越路）、（望山路—望湖路）中标结果公告,,,,,,苏州市
牧城安置区工程牧城一期房建及室外配套暂估价等工程中标结果公告,靖江市华鼎投资建设有限公司、江苏扬建集团有限公司,靖江市盛阳建设工程有限公司,	,2019年11月19日,靖江市公共资源交易平台系,泰州市
S237高架快速路（徐杨路—西十路段)及进站匝道工程绿化S237-GJKSL-LHSG标段中标结果公告,淮安高新控股有限公司,常州宇翔园林建设有限公司,652.764047,2019年11月22日,,淮安市
常州信息职业技术学院实训教学基地二期工程常州信息职业技术学院实训教学基地二期实训教学楼二（含地下室）、辅楼、报告厅工程（第二批）施工总承包中标结果公告,常州信息职业技术学院,常州市戴溪建筑工程有限公司,6587.173085  万元,2019年11月18日,,常州市
(浦口分中心)浦口高新区博舟产业园研发办公楼装饰装修工程监理,,江苏雨田工程咨询集团有限公司,33.68,2019/11/25,,南京市
威海路周边（威海河南）绿化工程,,,,,,苏州市
新建西北工业大学太仓校区（一期）工程项目场地清表施工项目,,,,,,苏州市
江苏港利房地产开发有限公司上城府邸配电项目电缆采购中标结果公告,江苏港利房地产开发有限公司,无锡市新阳光电缆有限公司,599.898745,2019年11月25日,,连云港市
定制化高标准厂房锅炉房工程中标结果公告,靖江市华晟重金属防控有限公司,靖江市明鹏建设有限公司,	,2019年11月18日,靖江市公共资源交易平台系,泰州市
孤山农民集中居住点三期工程孤山农民集中居住区三期绿化景观及配套EPC工程中标结果公告,靖江市北辰城乡投资建设有限公司,江苏华泰园林工程有限公司,	,2019年11月19日,靖江市公共资源交易平台系,泰州市
吴江区2019-2020年高质量推进城乡生活污水治理工程（市政集团第一期）吴江区2019-2020年高质量推进城乡生活污水治理工程（市政集团第一期）-庙港庙街路、230省道、富太路中标结果公告,,,,,,苏州市
苏地2018-WG-16号地块商品住宅房外墙石材、铝板工程,,,,,,苏州市
(市交易中心)金融城二期名致酒店内装施工,,深圳市奇信集团股份有限公司,5738.276658,2019/11/25,,南京市
新乘北苑三期24#-28#、配电房、生活水泵房、社区服务用房、地下汽车库及人防地下室工程：桩基及基坑支护、大型土石方、土建、水电、消防、室外配套工程（总建筑面积94201.06m2，其中地上面积66599.31 m2，地下面积27601.75 m2（含地下车库面积14141.93 m2，地下室面积7814.82 m2，人防车库面积5645 m2 ）,张家港城投置业有限公司,江苏德丰建设集团有限公司,292053716.98,2019年11月25日,,苏州市
射阳县长荡镇中沙村村民委员会新建标准化厂房项目中标结果公告,射阳县长荡镇中沙村村民委员会,江苏鸿联建设工程有限公司,495.18, ,盐城市建设工程网上招投标系,盐城市
灌云县圩丰镇东圩村集中居住区项目监理中标结果公告,灌云县圩丰镇人民政府,江苏雨田工程咨询集团有限公司,43.900000,2019年10月28日,,连云港市
苏地2018-WG-16号地块商品住宅房外墙一体板工程,,,,,,苏州市
监理中标结果公告,无锡市锡山区锡北镇人民政府,江苏赛华建设监理有限公司,107,2019年11月11日,无锡市建设工程网上招投标系,无锡市
如皋市石庄镇西板桥路路面大修工程-中标结果公告,如皋市石庄镇人民政府,江苏通平建设工程有限公司,"1,701,462元",,,南通市
漕湖街道观塘便民服务中心装修工程,,,,,,苏州市
(江北新区)长芦街道陆营社区方巷小区环境整治出新工程施工,,南京塔众建筑工程有限公司,306.779989,2019/11/25,,南京市
灌云县圩丰镇东圩村集中居住区项目EPC工程总承包中标结果公告,灌云县圩丰镇人民政府,连云港先诚建筑安装工程有限公司,10980.001840,2019年10月14日,,连云港市
进水泵设备及技术服务采购中标结果公告,无锡市水务集团有限公司,上海凯泉泵业(集团)有限公司,136.68, ,无锡市建设工程网上招投标系,无锡市
太湖新城临时停车场工程,,,,,,苏州市
灌云县四队镇双闸村集中居住区项目建设监理中标结果公告,灌云县四队镇人民政府,连云港建明达建设监理有限公司,75.820000,2019年10月28日,,连云港市
郎江幼儿园内装饰工程,,,,,,苏州市
南新桥重建工程监理,,,,,,苏州市
沪宁高速公路西出入口高架改造及连相路地面道路下穿铁路工程勘察、方案及施工图设计（涉铁部分）,,,,,,苏州市
监理中标结果公告,无锡市惠山区交通重点工程建设指挥部,江苏园景工程设计咨询有限公司,115.84,2019年10月23日,无锡市建设工程网上招投标系,无锡市
金坛区“龙山桥等24座公厕”改造提升工程项目三标段中标结果公告,常州市金坛区环境卫生管理处,江苏恒卓建设有限公司,208.584194  万元,2019年11月19日,,常州市
安置房（吉熙苑）尹山四期工程监理,,,,,,苏州市
靖江市循环经济产业园（一期）生活垃圾焚烧发电、餐厨废弃物处理项目施工监理中标结果公告,靖江市城市管理局,江苏誉达工程项目管理有限公司,	,2019年11月18日,靖江市公共资源交易平台系,泰州市
(江北新区)健康城生命健康科创中心装修改造项目施工,,江苏蒙建建设有限公司,22.189337,2019/11/25,,南京市
(南部新城)秦淮区红花街道南部新城应天东街北侧地块项目（地块编号：NO.2019G32）监理,,扬州市建苑工程监理有限责任公司,408.5,2019/11/25,,南京市
启东中远海运海洋工程有限公司的打砂涂装房建设项目-中标结果公告,启东中远海运海洋工程有限公司,南通宏仁建设工程有限公司,"22,222,500元",,,南通市
黄桥街道永嘉花园、朝阳花园、相韵花园一期给水系统改造工程,,,,,,苏州市
射阳县妇幼保健院等项目射阳县妇幼保健院室外附属工程中标结果公告,射阳县国有资产投资有限责任公司,江苏锦业建设工程有限公司,963.52, ,盐城市建设工程网上招投标系,盐城市
(市交易中心)建宁西路过江通道江南连接线—惠民大道综合改造工程施工二标,,南京同力建设集团股份有限公司,63695.002628,2019/11/25,,南京市
新上年产600套风机叶片项目外围供热管道工程中标结果公告,射阳金港能源发展有限公司,江苏鑫茂建设工程有限公司,316.07, ,盐城市建设工程网上招投标系,盐城市
靖江妇幼保健中心项目(土建、安装)中标结果公告,江苏华靖资产经营有限公司,江苏省华建建设股份有限公司,	,2019年11月06日,靖江市公共资源交易平台系,泰州市
(江北新区)江北泰山保障房片区（拆迁安置房、产权置换房、经济适用房）项目H地块施工总承包工程,,江苏省苏中建设集团股份有限公司,51239.377553,2019/11/25,,南京市
居配工程中标结果公告,无锡煦阳房地产开发有限公司,无锡广盈实业有限公司,5224.173899,2019年11月12日,无锡市建设工程网上招投标系,无锡市
质量检测中标结果公告,无锡锦鸿城镇建设有限公司,无锡市建筑工程质量检测中心,93.8,2019年11月06日,无锡市建设工程网上招投标系,无锡市
南通市退休人员活动中心修缮改造项目施工-中标结果公告,南通市退休人员管理中心,上海金安泰建筑安装工程有限公司,"7,191,540.38元",,,南通市
跃进河路跃进河路工程施工中标结果公告,扬州市广陵区城市建设投资有限责任公司,江苏瑞沃建设集团有限公司,1201.46  万元,2019年11月19日,扬州市建设工程招投标系,扬州市
舜新路（中心河路-舜河西路）建设工程监理标段中标结果公告,江苏舜宁投资建设有限公司,江苏雨田工程咨询集团有限公司,34.980000  万元,2019年11月20日,,常州市
新运河生态廊道建设（一期）工程—阳湖大桥至青洋大桥段-河滨东路（采菱支路东～凤凰路）市政工程施工总承包中标结果公告,常州市市政工程管理中心,常州市市政建设工程有限公司,5555.403833  万元,2019年11月18日,,常州市
新运河生态廊道建设（一期）工程—阳湖大桥至青洋大桥段监理标段中标结果公告,常州市市政工程管理中心,常州常建项目管理有限公司,135.600000  万元,2019年11月21日,,常州市
(市交易中心)鼓楼区内金川河流域雨污水管网清疏修缮一期工程监理,,江苏宏嘉工程项目管理有限公司,112.693334,2019/11/25,,南京市
苏州工业园区斜塘街道养老服务中心景观绿化工程中标结果公告,,,,,,苏州市
(市国土资源局)周家冲矿、蜡厉山白云石矿、凤林矿和白云石矿4个废弃露天矿山生态修复工程施工,,,,,,南京市
淮海生态城配套道路和谐北路（支路11）建设项目中标结果公告,徐州市铜山区汉王镇人民政府,江苏高治建设工程有限公司,1320.010188,2019年11月8日,徐州市建设工程网上招投标系,徐州市
苏地2017-WG-57号地块项目精装工程一标段,,,,,,苏州市
无锡丁蜀通用机场建设项目无锡丁蜀通用机场航站区工程监理中标结果公告,,,,,,无锡市
宜兴城市污水资源概念厂项目办公区及生产型研发中心施工图设计中标结果公告,,,,,,无锡市
苏浒路（虎泉路）下穿铁路通道拓宽改建工程勘察、方案及施工图设计,,,,,,苏州市
连云港市消防支队凤凰新城消防站项目附属工程中标结果公告,连云港市公安消防支队,江苏星标建设工程有限公司,460.372837,2019年11月25日,,连云港市
长江路下穿装饰工程,,,,,,苏州市
新城区污水管网修复工程施工中标结果公告,连云港市赣榆区住房和城乡建设局,江苏省海州湾城市建设工程有限公司,1172.375742,2019年11月25日,,连云港市
东海县温泉中学新建学生宿舍楼项目施工中标结果公告,东海县温泉中学,江苏华实市政建设集团有限公司,273.530085,2019年11月25日,,连云港市
新建常熟市2019A-019地块商住用房项目监理,,,,,,苏州市
(六合分中心)六合区地震办公室雨污分流改造工程项目排水管道,,,,,,南京市
(六合分中心)横梁2019年度城乡建设用地增减挂钩项目复垦工程施工,,,,,,南京市
新建常熟市2019A-019地块商住用房项目,,,,,,苏州市
(六合分中心)黄木桥社区原黄木桥村部改造出新项目工程土建,,,,,,南京市
蒋垛镇工业集中区裕民路、永大路改造工程蒋垛镇工业园区道路绿化工程中标结果公告,泰州市姜堰区蒋垛镇人民政府,常州市绿韵园林有限公司,490073.63,,姜堰市网上招投标系,泰州市
睢河街道仝圩安置小区项目中标结果公告,睢宁县睢河街道联群社区居民委员会,中铁上海工程局集团建筑工程有限公司,47859.94198,2019年11月21日,徐州市建设工程网上招投标系,徐州市
丰县总工会改造项目丰县工人文化宫（职工服务中心）功能改造工程中标结果公告,丰县总工会,江苏高治建设工程有限公司,368.07095,2019年11月22日,徐州市建设工程网上招投标系,徐州市
丰县城乡道路工程建设项目丰县洪井路、汉韵路、龙兴路、振兴路路灯工程中标结果公告,丰县住房和城乡建设局,徐州大都市市政工程有限公司,173.589739,2019年11月22日,徐州市建设工程网上招投标系,徐州市
吴江汾湖高级中学改扩建一期工程吴江汾湖高级中学改扩建一期工程施工监理中标结果公告,,,,,,苏州市
高邮市高邮镇工业园提档升级工程--籓江路、求贤路、庄台路及绿化提档升级工程潘江路标段中标结果公告,高邮市高邮镇人民政府,江苏三恒建设有限公司,282.74  万元,2019年10月16日,扬州市建设工程招投标系,扬州市
高邮市高邮镇工业园提档升级工程--籓江路、求贤路、庄台路及绿化提档升级工程庄台路标段中标结果公告,高邮市高邮镇人民政府,扬州恒泰建设工程有限公司,189.87  万元,2019年10月17日,扬州市建设工程招投标系,扬州市
文昌小区北侧地块新建小学工程勘察设计,,,,,,苏州市
(溧水分中心)秦淮源头水系导渠及景观二期工程项目监理,,江苏天生工程项目管理有限公司,43.25,2019/11/26,,南京市
舜峰名苑小区二期10KV配电工程变压器采购项目一标段(舜峰名苑小区二期10KV配电工程变压器采购项目一标段), 宿迁市舜峰置业有限公司, 扬州市苏明电器有限公司, 328800.00 元,,,宿迁市
元和活力岛城市副中心提升改造工程监理,,,,,,苏州市
纬一路、纬二路、纬三路道路工程纬一路、纬二路、纬三路道路工程监理中标结果公告,扬州锦汇置业有限公司,扬州市创业建设工程监理有限公司,108.00  万元,2019年11月20日,扬州市建设工程招投标系,扬州市
2019年主城区围墙外围绿化补种及大面积老化板块更新工程2019年主城区围墙外围绿化补种及大面积老化板块更新项目长江路(黄河路-嫩江路)中分带市政绿化改造工程中标结果公告,常州市新北区市政绿化管理所,江苏艾美建设有限公司,316.582830  万元,2019年11月21日,,常州市
新建公安大数据指挥服务中心项目装修装饰工程总承包中标结果公告,淮安市公安局淮安分局,江苏恒龙装饰工程有限公司,891.341818,2019年11月26日,,淮安市
启东市汇泰幼儿园建设工程施工监理-中标结果公告,启东市忠诚信开发建设有限公司,江苏科建工程项目管理有限公司,63.5%,,,南通市
舜峰名苑小区二期10KV配电工程高低压开关柜采购项目二标段(舜峰名苑小区二期10KV配电工程高低压开关柜采购项目二标段), 宿迁市舜峰置业有限公司, 天铂电力有限公司, 1452066.90 元,,,宿迁市
开发区社区服务中心装修改造项目开发区社区服务中心装修改造项目监理中标结果公告,"
                                 兴化市经济发展有限公司
                            ","
                                 兴化市方圆工程监理有限公司
                            ","
                                 14.40
                            ",,兴化市公共资源交易系,泰州市
龙苴镇村庄生活污水治理项目施工中标结果公告,灌云县龙苴镇人民政府,江苏淮顺建设工程有限公司,893.353126,2019年11月26日,,连云港市
室外配套工程施工-中标结果公告,海安市明道幼儿园,江苏豪迪建筑工程有限公司,"3,766,081.7元",,,南通市
铁联路施工-中标结果公告,江苏海安商贸物流集团有限公司,江苏儒硕建设工程有限公司,"8,151,916.96元",,,南通市
大韩河景观绿化施工中标结果公告,徐州市新城区国有资产经营有限责任公司,陕西新鸿业生态景观设计工程有限公司,574.096764,2019年11月20日,徐州市建设工程网上招投标系,徐州市
(江宁分中心)江宁职工文化中心项目施工（装配式）,,南京宏亚建设集团有限公司,36632.606539,2019/11/26,,南京市
高兴东路（S231至站前路）道路配套路灯安装工程高兴东路（S231至站前路）道路配套路灯安装工程中标结果公告,"
                                 兴化市路灯管理处
                            ","
                                 兴化市西鲍建筑安装工程有限公司
                            ","
                                 132.64
                            ",,兴化市公共资源交易系,泰州市
通安镇老旧小区综合改造提升工程-社区外立面改造工程,,,,,,苏州市
(六合分中心)六合区程桥街道2019年金庄社区农村人居环境整治示范村前汪、后汪、叶营、厉营整治项目土建、水电安装,,江苏铁驰建设发展有限公司,385.231428,2019/11/26,,南京市
望亭镇问渡路与聚福路交叉口停车场工程,,,,,,苏州市
幸余路南、江通路东功能区二景观绿化工程-中标结果公告,南通欣达房地产开发有限公司,天壹生态城镇发展有限公司,"3,314,788.87元",,,南通市
2021扬州世界园艺博览会世博园项目2021扬州世界园艺博览会世博园项目管理服务中标结果公告,扬州园博投资发展有限公司,江苏中鑫项目管理有限公司,1488.00  万元,2019年11月20日,扬州市建设工程招投标系,扬州市
(玄武区)玄武区九华山17号、18-1号小区整治工程施工,,南京三达建设工程有限公司,69.038444,2019/11/26,,南京市
石帆村创建康居特色村景观工程检测,,,,,,苏州市
室外辅助用房工程中标结果公告,无锡市第四人民医院,江苏城嘉建设工程有限公司,193.523851,2019年11月11日,无锡市建设工程网上招投标系,无锡市
(市交易中心)钟山风景名胜区旅游服务中心项目基坑监测及桩基检测,,南京勘察工程有限公司;南京东大岩土工程勘察设计研究院有限公司,336.6972,2019/11/26,,南京市
苏州市轨道交通7号线、8号线工程第三方测量检测与监测项目Ⅶ-CJ01标,,,,,,苏州市
黄埭保留村庄给水管道改造工程项目,,,,,,苏州市
苏州市轨道交通7号线、8号线工程第三方测量检测与监测项目Ⅷ-CJ01标,,,,,,苏州市
苏州市轨道交通7号线、8号线工程第三方测量检测与监测项目Ⅷ-CJ02标,,,,,,苏州市
洪泽蒋坝文旅小镇一期商业综合体项目监理中标结果公告,洪泽县洪城房地产开发有限责任公司,江苏森鑫项目管理有限公司,308.800000,2019年11月26日,,淮安市
苏州市轨道交通7号线、8号线工程第三方测量检测与监测项目Ⅷ-CJ03标,,,,,,苏州市
(浦口分中心)江苏省产业技术研究院固定场所项目景观绿化工程,,南京景宏园林工程有限公司,786.66112,2019/11/26,,南京市
管线梳理试点工程（姑苏区平江片区建新巷、大新桥巷、丁香巷）——市政道路、通讯、景观绿化和修缮工程,,,,,,苏州市
A地块二期商品房居配工程,,无锡广盈实业有限公司,,,无锡市建设工程网上招投标系,无锡市
白马湖生态公益岛农旅示范项目景观工程白马湖生态公益岛农旅示范项目-三界岛及零星接入供配电工程中标结果公告,淮安市白马湖投资发展有限公司,洪泽洪能电力实业开发有限公司,271.683935,2019年11月22日,,淮安市
白马湖生态公益岛农旅示范项目景观工程白马湖生态公益岛农旅示范项目-三界岛装配式功能用房工程中标结果公告,淮安市白马湖投资发展有限公司,江苏联方钢结构工程有限公司,299.642577,2019年11月22日,,淮安市
(高淳分中心)滨湖安置小区二期项目G地块室外景观工程,,中苏环境建设集团有限公司,703.6547,2019/11/26,,南京市
城市照明设施提升及智慧化改造工程路灯采购项目二标段中标结果公告,连云港市城市照明管理处,上海三思电子工程有限公司,664.749300,2019年11月26日,,连云港市
塔影湾安置小区工程塔影湾花苑安置小区一期二标段A区工程（6#、9#、17#、19#）中标结果公告,,,,,,苏州市
百俊房产新北区新桥大街以南乐山路以西地块开发项目高低压电缆采购中标结果公告,常州百俊房地产开发有限公司,江苏上上电缆集团有限公司,672.793169  万元,2019年11月15日,,常州市
塔影湾安置小区工程塔影湾花苑安置小区一期二标段B区工程（7#、10#及人防地下室）中标结果公告,,,,,,苏州市
(江北新区)江北新区公厕革命工程项目施工四标段,,南京星城建设工程有限公司,553.722958,2019/11/26,,南京市
涟水县浅集卫生院改造项目浅集卫生院附属工程中标结果公告,涟水县浅集卫生院,江苏金羽达建设有限公司,78.999501,2019年11月26日,,淮安市
江苏新岚实业有限公司紫薯新产品研发中心建设项目中标结果公告,江苏新岚实业有限公司,江苏中熙建筑工程有限公司,1924.561127,2019年11月21日,徐州市建设工程网上招投标系,徐州市
瑶沟乡大庄集中居住区一期续建工程(瑶沟乡大庄集中居住区一期续建工程), 泗洪县瑶沟乡人民政府, 宿迁市荣港建设工程有限公司, 32774612.83 元,,,宿迁市
盱眙县域一体化污水处理项目河桥污水厂新建工程项目监理中标结果公告,盱眙国联污水处理有限公司,苏州诚宇建设工程项目管理有限公司,48.790000,2019年11月25日,,淮安市
盱眙县域一体化污水处理项目河桥污水厂新建工程项目盱眙县域一体化污水处理项目河桥污水厂新建工程中标结果公告,盱眙国联污水处理有限公司,江苏森宏环境建设工程有限公司,867.833800,2019年11月25日,,淮安市
(江宁分中心)南京牛首山金陵小镇项目金陵文化创意园（金陵小镇）样板区设计,,天津丰和建筑设计有限公司,1736.98,2019/11/26,,南京市
(江宁分中心)南京医科大学附属方山医院扩建急诊急救中心工程施工,,南京永业建筑安装有限公司,6730.004097,2019/11/26,,南京市
吴江区2019-2020年高质量推进城乡生活污水治理工程（市政集团第一期）吴江区2019-2020年高质量推进城乡生活污水治理工程（市政集团第一期）-蔡家里路、油车湾路、庞家斗路、勤源路中标结果公告,,,,,,苏州市
朱林大街、文化路污水顶管工程朱林大街污水顶管延伸工程市政施工总承包工程中标结果公告,江苏金坛晨林经济技术发展有限公司,常州恒新建设工程有限公司,79.573330  万元,2019年11月20日,,常州市
(河西指挥部)南京河西新城区仁恒江湾城社区中心幕墙,,江苏通用建筑装饰有限公司,1166.952449,2019/11/26,,南京市
智能交通工程中标结果公告,无锡惠山工业转型集聚区产业发展有限公司,江苏航天大为科技股份有限公司,1028.024207,2019年10月31日,无锡市建设工程网上招投标系,无锡市
(雨花区)铁心桥综合社区服务中心项目监理,,南京德阳工程监理咨询有限公司,271.47,2019/11/26,,南京市
横泾街道排水达标区建设工程,,,,,,苏州市
尹山湖医院扩建工程,,,,,,苏州市
沭阳县供电科研服务中心工程勘察设计项目(沭阳县供电科研服务中心工程勘察设计项目), 沭阳金地建设开发有限公司, 青岛市建筑设计研究院集团股份有限公司, 1150000.00 元,,,宿迁市
望亭镇电厂新村雨水管改造工程,,,,,,苏州市
太仓市第二水厂深度处理工程绿化景观工程,,,,,,苏州市
QL-090708地块（常州市文化广场）开发项目二期地下车库人防标识采购标段中标结果公告,常州市城市照明管理处;常州市晋陵投资集团有限公司,常州市康瑞工程技术有限公司,20.056600  万元,2019年11月18日,,常州市
海门市聚贤新村项目地质勘察工程-中标结果公告,海门市海赋建设开发有限公司,苏州中岩勘察有限公司,"667,800元",,,南通市
滨江新城校舍工程滨江新城校舍工程施工图设计中标结果公告,仪征市建设发展有限公司;仪征市城东投资发展有限公司,中外建工程设计与顾问有限公司,485.12  万元,2019年11月15日,扬州市建设工程招投标系,扬州市
观前商圈提标整治项目设计1标（市政）,,,,,,苏州市
泗阳县民康西园建设工程（南地块）总承包EPC项目(泗阳县民康西园建设工程（南地块）总承包EPC项目), 泗阳县民强投资有限公司, 宿迁华夏建设(集团)工程有限公司, 502002445.63 元,,,宿迁市
圩丰镇村庄生活污水治理项目施工中标结果公告,灌云县圩丰镇人民政府,江苏仁度建设有限公司,739.856551,2019年11月19日,,连云港市
(雨花区)法医中心围墙、大门复建项目施工,,江苏楚韵建设有限公司,152.998552,2019/11/19,,南京市
连云港市第一人民医院开发区院区设计中标结果公告,连云港经济技术开发区政府投资工程服务中心,北京联华建筑事务有限公司,1820.000000,2019年11月19日,,连云港市
建湖县城后街巷道整治及黑色化工程(四标段)中标结果公告,建湖县住房和城乡建设局,江苏盛富建设工程有限公司,389.44, ,盐城市建设工程网上招投标系,盐城市
启东市国家海洋局吕四海洋环境监测站-综合楼、附属用房室内装修、室外配套及附属工程-中标结果公告,国家海洋局南通海洋环境监测中心站,南通市展鸿建设工程有限公司,"3,642,053.83元",,,南通市
苏地2018-WG-27号地块施工总承包工程三期,,,,,,苏州市
(江北新区)沿江街道冯墙社区家庭文化服务中心装修工程施工,,,,,,南京市
金坛区“龙山桥等24座公厕”改造提升工程项目二标段中标结果公告,常州市金坛区环境卫生管理处,江苏天之恒建设有限公司,173.828351  万元,2019年11月07日,,常州市
灌南县市政道路标识标牌等配套工程施工中标结果公告,灌南县城市建设投资发展有限公司,江苏东方交通工程有限公司,392.461178,2019年11月18日,,连云港市
赣榆区域供水提升改造工程监理中标结果公告,连云港市创联投资发展有限公司,连云港市科力建设监理有限公司,498.980000,2019年11月18日,,连云港市
宿北大战烈士陵园提升改造设计、施工总承包（EPC）项目(宿北大战烈士陵园提升改造设计、施工总承包（EPC）项目), 宿迁市宿豫区城镇建设开发有限公司, 中信国安建工集团有限公司, 20302008.72 元,,,宿迁市
(江北新区)盘城街道拆迁工地围挡工程施工,,,,,,南京市
(雨花区)迎江路、凤翔路、横一路建设工程监理,,南京南房建设监理咨询有限公司,202.8,2019/11/15,,南京市
永和家园北侧地块项目监理中标结果公告,垣宝房地产有限公司,江苏兴盛工程咨询监理有限公司,155.000000,2019年11月15日,,淮安市
常州大剧院消防安全设备、舞台安全设备十年大修工程舞台及消防设备采购及安装中标结果公告,常州市文化广电和旅游局,浙江大丰实业股份有限公司,765.877700  万元,2019年10月17日,,常州市
(江北新区)南京市浦口小红花幼儿园装修及食堂内部改造项目工程,,江苏志畅建设工程有限公司,178.443478,2019/11/15,,南京市
宜兴市2019年城区河道综合整治工程中星河、林安河、龙潭河、朝阳小区、实验中学等排口整治、取水、应急泵坑工程中标结果公告,,,,,,无锡市
施工总承包中标结果公告,无锡市惠山区堰桥街道办事处,无锡锡山建筑实业有限公司,3398.166551,2019年11月04日,无锡市建设工程网上招投标系,无锡市
(江宁分中心)江宁区委党校开发区校区项目1#、2#楼及地下室(含人防)工程（装配式）,,,,,,南京市
(浦口分中心)浦口区巩固16号地保障房项目设计,,南京长江都市建筑设计股份有限公司,1339.6843,2019/11/15,,南京市
(雨花区)雨花台区党校南侧绿地二期景观建设工程施工,,江苏长宏园林建设有限公司,416.910506,2019/11/15,,南京市
办公楼装修改造工程-泵房工程中标结果公告,,,,,,无锡市
变电所安装工程中标结果公告,无锡市太湖新城建设指挥部办公室,江苏富通电力建设有限公司,292,2019年10月16日,无锡市建设工程网上招投标系,无锡市
(溧水分中心)南京良高金属厂房扩建工程办公楼、生产车间一、生产车间二、门卫房监理,,,,,,南京市
(溧水分中心)南京良高金属厂房扩建工程办公楼、生产车间一、生产车间二、门卫房工程,,,,,,南京市
亮化工程中标结果公告,无锡市太湖新城建设指挥部办公室,无锡照明股份有限公司,130.386778,2019年10月18日,无锡市建设工程网上招投标系,无锡市
二坎路和世纪大道景观绿化工程中标结果公告,江苏滨海经济开发区工业园,常州市春绿花木有限公司,524.09,2019年11月15日,盐城市建设工程网上招投标系,盐城市
沭阳县吴集镇陶圩集中居住区绿化配套项目(沭阳县吴集镇陶圩集中居住区绿化配套项目), 沭阳县吴集镇人民政府, 国鹏建设江苏有限公司, 5768327.14 元,,,宿迁市
连云港民用机场迁建工程航站楼及旅客过夜用房室内装饰设计中标结果公告,连云港花果山机场建设投资有限公司,上海现代建筑装饰环境设计研究院有限公司,628.380000,2019年11月15日,,连云港市
滨海县陈涛镇新滩村集中居住区配套设施工程中标结果公告,滨海县陈涛镇人民政府,江苏富塔建设有限公司,363.42,2019年11月16日,盐城市建设工程网上招投标系,盐城市
泗阳县2019年秋季城区黄土裸露消除工程(泗阳县2019年秋季城区黄土裸露消除工程), 泗阳县住房和城乡建设局, 江苏森洋环境建设集团有限公司, 2700026.78 元,,,宿迁市
(栖霞区)中电颐和家园小学零星工程施工,,,,,,南京市
常熟市农村生活污水治理工程—2019年度古里镇污水治理监理工程,,,,,,苏州市
新建常熟市2019A-017地块商住用房项目常熟市2019A-017号地块及人防地下室工程,,,,,,苏州市
(江北新区)顶山街道明发城市广场固化消防水带安装工程施工,,,,,,南京市
(浦口分中心)浦口区江浦街道巩固6号地块保障房项目停车场场地平整及土方内倒工程,,,,,,南京市
(江北新区)顶山街道大新华府固化消防水带安装改造工程施工,,,,,,南京市
虞山街道社区用房建设工程五星社区服务中心室内装饰工程,,,,,,苏州市
新建常熟市2019A-017地块商住用房项目常熟市2019A-017号地块工程-4#配套用房,,,,,,苏州市
新建常熟市2019A-017地块商住用房项目常熟市2019A-017号地块及人防地下室监理工程,,,,,,苏州市
(六合分中心)横梁街道敬老院装修改造工程装饰装修,,,,,,南京市
(栖霞区)迈皋桥中心小学等三所校区文化提升工程施工,,,,,,南京市
(栖霞区)十字街70号16、17栋拆迁门面房拆除后住宅房屋功能性恢复工程施工,,,,,,南京市
(浦口分中心)浦口区江浦街道巩固5号地块保障房项目非机动车棚工程,,,,,,南京市
双河风情广场开发建设项目双河风情广场开发建设项目设计中标结果公告,泰州市金姜堰旅游发展有限公司,广州博厦建筑设计研究院有限公司,1568800.00,,姜堰市网上招投标系,泰州市
质量检测中标结果公告,无锡市新吴区人民政府旺庄街道办事处,苏州市建设工程质量检测中心有限公司,168.1988,2019年11月08日,无锡市建设工程网上招投标系,无锡市
丰县初级中学新建教学楼及附属设施工程项目10KV供配电工程中标结果公告,丰县初级中学,江苏汇能电力工程有限公司,205.210086,2019年11月12日,徐州市建设工程网上招投标系,徐州市
灌南县金融中心B座装饰装修工程、智能化工程、景观及亮化工程、管线综合工程设计中标结果公告,江苏灌南农村商业银行股份有限公司,连云港市建筑设计研究院有限责任公司,158.951580,2019年11月18日,,连云港市
南石湖花园三期安置小区工程监理二标段,,,,,,苏州市
南石湖花园三期安置小区工程监理一标段,,,,,,苏州市
泗阳县城厢街道龙门厂房建设工程(泗阳县城厢街道龙门厂房建设工程), 泗阳县城厢街道龙门居民委员会, 江苏琦至建设工程有限公司, 892336.66 元,,,宿迁市
泗洪县公安局界集派出所装修工程(泗洪县公安局界集派出所装修工程), 泗洪县公安局, 南京新广土建设有限公司, 1267916.79 元,,,宿迁市
南石湖四期基建变工程,,,,,,苏州市
(江宁分中心)凤凰广场和九龙湖公园公厕污水管道埋设工程项目设计,,南京广元市政设计有限公司,11.2,2019/11/18,,南京市
(高淳分中心)高淳区公租房装修工程监理,,,,,,南京市
空港新城安置区建设工程空港新城安置区（腾飞花园）B区供配电工程变压器采购项目中标结果公告,扬州鑫航建设投资有限公司,扬州众成变压器有限公司,52.96  万元,2019年11月11日,扬州市建设工程招投标系,扬州市
东海县晶城壹号院小区10kV配电工程电缆采购中标结果公告,东海县正崴文旅置业有限公司,江苏经纬电缆有限公司,953.666800,2019年11月18日,,连云港市
东海县晶城壹号院小区10kV配电工程变压器采购中标结果公告,东海县正崴文旅置业有限公司,南通鑫源电器制造有限公司,172.040000,2019年11月18日,,连云港市
空港新城安置区建设工程空港新城安置区（腾飞花园）B区供配电工程高、低压成套设备采购项目中标结果公告,扬州鑫航建设投资有限公司,扬州金盛成套电气设备有限公司,556.75  万元,2019年11月11日,扬州市建设工程招投标系,扬州市
新一代信息技术产业园一期项目市政景观及绿化工程监理,,,,,,苏州市
马庄渡口撤渡建桥项目二期工程监理中标结果公告,徐州润鼎建设工程有限公司,江苏东南工程咨询有限公司,147.15,2019年11月8日,徐州市建设工程网上招投标系,徐州市
空港新城安置区建设工程空港新城安置区（腾飞花园）B区供配电工程中标结果公告,扬州鑫航建设投资有限公司,扬州市永安电气安装有限公司,158.84  万元,2019年11月13日,扬州市建设工程招投标系,扬州市
燕尾港镇村庄生活污水治理项目施工中标结果公告,灌云县燕尾港镇人民政府,连云港恒实建筑工程有限公司,29.710022,2019年11月18日,,连云港市
通州区张芝山镇通海村污水管道一期工程施工-中标结果公告,锡通科技产业园管理委员会,南通星瀚建设工程有限公司,"2,012,998.04元",,,南通市
青阳街道秦沟居委会党群服务中心建设工程(青阳街道秦沟居委会党群服务中心建设工程), 泗洪嘉通实业有限公司, 宿迁政宬建设有限公司, 2069935.08 元,,,宿迁市
启东市实验幼儿园改建工程施工监理-中标结果公告,启东市实验幼儿园,江苏建汇建设项目管理有限公司,462039.6元,,,南通市
启东市慕卿幼儿园原地改建工程施工监理-中标结果公告,启东市慕卿幼儿园,南通铁军建设监理咨询服务有限公司,372517.6元,,,南通市
东岳庙巷西延工程东岳庙巷西延工程中标结果公告,泰州市姜堰区住房和城乡建设局,泰州市建工集团有限公司,1698279.99,,姜堰市网上招投标系,泰州市
东王集镇村庄生活污水治理项目施工中标结果公告,灌云县东王集镇人民政府,江苏慧辉建设工程有限公司,602.181809,2019年11月18日,,连云港市
东方明珠花苑（二期）项目东方明珠花苑（二期）项目绿化工程中标结果公告,江苏东江房地产开发有限公司,泰州市嘉木园林绿化有限公司,230.83,,泰州市建设工程网上招投标系,泰州市
泰州分行部分营业用房维修改造工程泰州分行部分营业用房中央空调施工工程中标结果公告,中国农业银行股份有限公司泰州分行,泰州市恒祥建筑装饰工程有限公司,331.16,,泰州市建设工程网上招投标系,泰州市
季市农村创业发展基地二期铝合金门窗专业分包工程中标结果公告,靖江市美丽乡村建设有限公司,江苏弘欣建设有限公司,	,2019年11月13日,靖江市公共资源交易平台系,泰州市
江苏汽车技师学院大客车驾驶人职业教育实训基地（仪征校区）一期建设工程施工中标结果公告,江苏汽车技师学院,江苏东晟新诚建设集团有限公司,9696.09  万元,2019年11月12日,扬州市建设工程招投标系,扬州市
新运河生态廊道安基村段工程施工总承包中标结果公告,常州市钟楼区邹区镇人民政府,江苏丰润建设有限公司,2166.542508  万元,2019年11月12日,,常州市
横塘河湿地公园配套市政工程-横塘河东路（竹林北路-北塘河东路）改造工程K0+800~K1+058段市政总承包工程中标结果公告,常州市市政工程管理中心,江苏泽誉建设工程有限公司,662.235603  万元,2019年11月07日,,常州市
新乘北苑三期24#-28#、配电房、生活水泵房、社区服务用房、地下汽车库及人防地下室工程监理：桩基及基坑支护、大型土石方、土建、水电、消防、室外配套、景观绿化施工阶段监理（不含造价控制），（总建筑面积94201.06m2，其中地上面积66599.31 m2，地下面积27601.75 m2（含地下车库面积14141.93 m2，地下室面积7814.82 m2，人防车库面积5645 m2，人防抗力等级6级，工程估算价32504万元  ）,张家港城投置业有限公司,江苏华通工程管理有限公司,2879900.00,2019年11月18日,,苏州市
娄门路下穿向阳桥节点改造工程设计,,,,,,苏州市
靖江市下六圩港枢纽工程管理用房及防汛仓库靖江市下六圩枢纽工程仓库2及通村道路工程中标结果公告,靖江市下六圩枢纽工程建设处,江苏晋和建设工程有限公司,	,2019年11月12日,靖江市公共资源交易平台系,泰州市
(市交易中心)鼓楼区长江大桥南引桥环境综合整治二期工程（绿化部分）监理,,南京第一建设事务所有限责任公司,28.48,2019/11/18,,南京市
天泉小镇农房改善项目改造提升工程施工监理（二期）项目中标结果公告,盱眙县天源控股集团有限公司,淮安市恒茂工程项目管理有限公司,26.956800,2019年11月18日,,淮安市
天泉小镇农房改善项目改造提升工程EPC总承包中标结果公告,盱眙县天源控股集团有限公司,江苏玉磊建设工程有限公司,1517.990000,2019年11月18日,,淮安市
横塘街道昌普路东延（吴越路-迎宾路）路灯工程,,,,,,苏州市
吴江区城南家园三期西侧（高层部分）定销公寓房工程城南家园三期西侧（高层部分）定销公寓房工程-南区中标结果公告,,,,,,苏州市
兰花种植基地空调系统工程兰花种植基地空调系统一期工程中标结果公告,淮安市星兴生态农业发展有限公司,淮安市建工设备安装有限公司,1176.909939,2019年11月18日,,淮安市
淮安市淮安区规划支路（经六路至楚州大道段）建设工程中标结果公告,淮安市淮安区住房和城乡建设局,江苏欣明交通工程有限公司,398.732447,2019年11月18日,,淮安市
泰兴市兴业标房建设有限公司(原交鸿光机电地块)厂区二期道路工程施工中标结果公告,,, 92.75 万元,,泰兴市建设工程网上招投标系,泰州市
创新创业园工程淮安软件园创新创业园气体灭火系统安装工程中标结果公告,淮安软件园管理发展有限公司,江苏华茂建设工程有限公司,74.357546,2019年11月15日,,淮安市
泰兴市公安局济川派出所业务用房装修工程施工中标结果公告,,, 100.71 万元,,泰兴市建设工程网上招投标系,泰州市
连云港石化基地精细化工区综合服务区施工总承包中标结果公告,连云港石化产业园有限公司,江苏德朗建设工程有限公司,1599.122777,2019年11月18日,,连云港市
阜宁县凯发水厂潮河取水口迁建项目工程中标结果公告,阜宁县水务局,江苏金宇通建设科技集团有限公司,1977.51, ,盐城市建设工程网上招投标系,盐城市
连云港兴房置业有限公司世纪凤凰城项目C1#-C3#、C5#-C7#幕墙石材采购中标结果公告,连云港兴房置业有限公司,莱州市明磊石材有限公司,257.999358,2019年11月18日,,连云港市
(浦口分中心)浦口区桥林保障房三期项目抗震支架工程,,,,,,南京市
泗阳县民康北园A、B区地块建设工程总承包(EPC)施工监理(泗阳县民康北园A、B区地块建设工程总承包(EPC)施工监理), 泗阳县民安建设投资有限公司, 江苏兴盛工程咨询监理有限公司, 2700000.00 元,,,宿迁市
苏地2012-G-20、135地块泛光照明及箱变工程增补亮化工程,,,,,,苏州市
(栖霞区)金马路站上盖建筑项目渣土外运处置,,南京禾木佳建设工程有限公司,4842.928455,2019/11/18,,南京市
创业路道路工程（真州路—扬冶路）创业路道路工程（真州路—扬冶路）检测中标结果公告,扬州市西区新城管理委员会,扬州苏油工程质量检测有限公司,124.50  万元,2019年11月08日,扬州市建设工程招投标系,扬州市
苏州科技城西渚幼儿园、第三实验小学及第四实验幼儿园项目绿化工程,,,,,,苏州市
2018~2019年度新建居住区供配电工程项目2018~2019年度新建居住区供配电工程项目箱式变电站采购七标段中标结果公告,国网江苏省电力有限公司扬州供电分公司,扬州华鼎电器有限公司,19.28  万元,2019年11月12日,扬州市建设工程招投标系,扬州市
2018~2019年度新建居住区供配电工程项目2018-2019年度新建居住区供配电工程项目箱式开闭所物资采购一标段中标结果公告,国网江苏省电力有限公司扬州供电分公司,南京开关厂有限公司,24.80  万元,2019年11月13日,扬州市建设工程招投标系,扬州市
站东路工程夏桥路一期一标段绿化工程施工中标结果公告,扬州易盛德产业发展有限公司,常州百锦苑景观工程有限公司,442.84  万元,2019年11月12日,扬州市建设工程招投标系,扬州市
扬州市生态科技新城生态水环境综合治理工程太平河东岸堤顶道路交安设施工程中标结果公告,扬州市生态科技新城管理委员会,扬州市明都照明有限公司,66.96  万元,2019年11月13日,扬州市建设工程招投标系,扬州市
射阳县交通运输局办公用房维修改造工程中标结果公告,射阳县交通运输局,江苏腾讯建设有限公司,89.50, ,盐城市建设工程网上招投标系,盐城市
新建工程中标结果公告,江苏无锡经济开发区发展中心,无锡市瑞景资产物业管理有限公司,366.65876,2019年10月11日,无锡市建设工程网上招投标系,无锡市
“张家港湾”生态提升工程（江滩湿地修复提升）市通洲沙西水道公司新建“张家港湾”生态提升工程（江滩湿地修复提升）项目B区景观绿化工程,张家港市园林苗圃,江苏山水环境建设集团股份有限公司,32601858.16,2019年11月18日,,苏州市
(江宁分中心)开发区隐龙路临时垃圾中转站餐厨垃圾就地资源化处理站施工,,江苏欣纳建设发展有限公司,220.857023,2019/11/18,,南京市
苏地2017-WG-39号地块大悦春风里·天悦二期精装修工程一标段,,,,,,苏州市
苏地2017-WG-39号地块大悦春风里·天悦二期精装修工程二标段,,,,,,苏州市
苏地2017-WG-39号地块大悦春风里·天悦二期精装修工程三标段,,,,,,苏州市
清河路（漕运西路至淮海西路段）热力管道建设工程中标结果公告,淮安市热电集团有限公司,兴润建设集团有限公司,260.034864,2019年11月15日,,淮安市
江苏省金湖智能制造产业园项目（EPC）江苏省金湖智能制造产业园EPC项目监理工程中标结果公告,淮安市湖城园区建设发展有限公司,江苏兴盛工程咨询监理有限公司,209.998000,2019年11月18日,,淮安市
启东市吕四新渔港公共码头岸电设施工程-中标结果公告,启东吕四渔港实业有限公司,江苏宝丰建设有限公司,"2,408,799.38元",,,南通市
绿地大道北侧(徐公河-光明路)绿化景观提升工程,,,,,昆山市网上招投标系,苏州市
南通苏通科技产业园中新智能制造产业园一期工程施工-中标结果公告,中新苏通科技产业园(南通)开发有限公司,江苏城南建设集团有限公司,"235,999,998.6元",,,南通市
(江北新区)浦口公园环境综合整治提升一期工程测绘,,南京市测绘勘察研究院股份有限公司,56.6,2019/11/18,,南京市
纬一路、纬二路、纬三路道路工程纬一路、纬二路、纬三路道路工程施工中标结果公告,扬州锦汇置业有限公司,江苏瑞沃建设集团有限公司,6314.03  万元,2019年11月13日,扬州市建设工程招投标系,扬州市
泰兴市兴业标房建设有限公司(原交鸿光机电地块)厂区一期道路工程施工中标结果公告,,, 225.37 万元,,泰兴市建设工程网上招投标系,泰州市
常州市新北区创新二路西侧、云河路北侧地块开发项目检测中标结果公告,常州牡丹瑞都房地产有限公司,常州市安贞建设工程检测有限公司,412.534200  万元,2019年11月12日,,常州市
镇区纳入区域集中治污工程施工-中标结果公告,海安金港水务有限公司,江苏峻彪建设有限公司,"5,068,747.82元",,,南通市
同创新城工程项目同创新城部分智能化设备和系统采购及安装项目中标结果公告,江苏宁淮产业园有限公司,江苏天玺装饰工程有限公司,295.460011,2019年11月18日,,淮安市
(鼓楼区)南京金川湾集市街区改造出新工程监理,,江苏雨田工程咨询集团有限公司,80,2019/11/18,,南京市
(江北新区)江浦制水厂改造工程施工,,中建安装集团有限公司,19012.095641,2019/11/18,,南京市
(溧水分中心)柘塘街道梧桐里安置房项目施工,,南京弘正建设发展有限公司,23334.205997,2019/11/18,,南京市
中国光大银行常州分行总部项目办公用房装修工程中标结果公告,中国光大银行股份有限公司常州支行,江苏建设控股集团有限公司,615.400204  万元,2019年11月08日,,常州市
(六合分中心)六合区竹镇公交（客运）场站项目土建及水电安装,,江苏铭昇建设有限公司,1742.375925,2019/11/18,,南京市
(江宁分中心)HP项目新建309、310#建筑物,,江苏古氏建设工程有限公司,3476.952238,2019/11/18,,南京市
(溧水分中心)寺桥片区雨污分流改造工程施工一标段,,南京溧水第四建筑安装工程有限公司,790.265185,2019/11/18,,南京市
品质提升工程中标结果公告,无锡市太湖新城发展集团有限公司,江苏鼎尚建筑装饰股份有限公司,326.841975,2019年10月25日,无锡市建设工程网上招投标系,无锡市
(雨花区)梅苑南路两侧绿化廊道景观工程施工一标段,,南京珍珠泉园林建设有限公司,2100.311731,2019/11/18,,南京市
(六合分中心)六合区竹镇民族中学新建体育馆项目土建及水电安装,,江苏神鹏建设有限公司,285.343077,2019/11/18,,南京市
江苏滨海经济开发区工业园新建新一路道路工程中标结果公告,江苏滨海经济开发区工业园,江苏正鹏水利工程有限公司,962.78,2019年11月18日,盐城市建设工程网上招投标系,盐城市
创业大厦广场市政改造工程中标结果公告,,,,,,无锡市
竹海岭上A2地块项目监理中标结果公告,,,,,,无锡市
栖庭二期精装修监理（5#、6#、10#、11#号房精装修工程）中标结果公告,无锡卓辰置业有限公司,江苏建协建设管理有限公司,68,2019年11月05日,无锡市建设工程网上招投标系,无锡市
(鼓楼区)中交三航局第三工程有限公司“三供一业”分离移交职工家属区物业设施维修改造工程监理,,南京广建工程监理有限公司,3.24,2019/11/18,,南京市
建设华泽学校工程华泽学校新建变电所中标结果公告,,,,,,苏州市
泗阳县王集都市华府（北区）12#、13#、14#楼建设项目(泗阳县王集都市华府（北区）12#、13#、14#楼建设项目), 泗阳县改善农民住房条件建设有限公司, 南京博知源环境科技有限公司, 28071631.53 元,,,宿迁市
阜宁县硕集社区何桥村康居安置点文化服务中心、村民服务中心、幼儿园建设工程及配套附属工程中标结果公告,阜宁县硕集社区管理委员会,江苏齐云建设工程有限公司,814.25, ,盐城市建设工程网上招投标系,盐城市
(溧水分中心)年产1500台物流自动装载系统（厂房5、厂房6）工程,,,,,,南京市
2019年云龙湖景区提升改造工程云龙湖景区监控提升改造工程中标结果公告,徐州市云龙湖风景名胜区管理委员会,南京创鸿景智能科技研究有限公司,724.184242,2019年11月11日,徐州市建设工程网上招投标系,徐州市
A栋电梯采购及安装工程中标结果公告,无锡新花都置业有限公司,无锡市菱友机电工程有限公司,270.7,2019年11月04日,无锡市建设工程网上招投标系,无锡市
连云港石化基地精细化工区围网工程施工中标结果公告,连云港石化产业园有限公司,江苏铭博建设工程有限公司,1907.001094,2019年11月18日,,连云港市
东方市场（老东方）二楼改造项目东方市场（老东方）二楼改造防水工程,,,,,,苏州市
(栖霞区)听竹苑东侧广场改造工程施工,,,,,,南京市
龙苴镇村庄生活污水治理项目施工中标结果公告,灌云县龙苴镇人民政府,江苏淮顺建设工程有限公司,893.353126,2019年11月19日,,连云港市
(江北新区)盘城新居残疾人之家装修工程施工,,,,,,南京市
扬帆创业园标准厂房三期建设项目扬帆创业园标准厂房三期建设项目中标结果公告,泰州市龙马建设发展有限公司,正威科技集团有限公司,99238858.68,,姜堰市网上招投标系,泰州市
建设金家坝红旗公寓房工程金家坝红旗公寓房工程中标结果公告,,,,,,苏州市
建设金家坝红旗公寓房工程金家坝红旗公寓房工程施工监理中标结果公告,,,,,,苏州市
吴家庄、老曙光三组城中村改造施工-中标结果公告,江苏省海安高新技术产业开发区管理委员会,南通茂泽建设有限公司,"390,678.39元",,,南通市
安康小区、安居苑零星工程改造施工-中标结果公告,江苏省海安高新技术产业开发区管理委员会,南通市路达建设工程有限公司,"388,000元",,,南通市
道路及配套设施施工-中标结果公告,海安经济技术开发区管理委员会,江苏杰成建设工程有限公司,"2,053,629.47元",,,南通市
泰兴市兴业标房建设有限公司（原交鸿光机电地块）厂区雨污水、强弱电管网工程施工中标结果公告,,, 133.18 万元,,泰兴市建设工程网上招投标系,泰州市
融合示范园连栋大棚二期项目施工中标结果公告,淮安市淮安区山阳街道办事处,泰州锦和温室设备有限公司,791.101138,2019年11月18日,,淮安市
苏州长三角示范区产学研合作园（一期项目）苏州长三角示范区产学研合作园（一期项目）施工监理中标结果公告,,,,,,苏州市
苏州长三角示范区产学研合作园（一期项目）苏州长三角示范区产学研合作园（一期项目）综合楼中标结果公告,,,,,,苏州市
邳州市循环经济产业园开发建设有限公司高分子复合材料生产标准化厂房建设项目中标结果公告,邳州市循环经济产业园开发建设有限公司,江苏融运建设工程有限公司,9280.00,2019年11月13日,徐州市建设工程网上招投标系,徐州市
江平西路二期工程（润扬北路互通式立交）江平西路二期工程材料检测中标结果公告,扬州市市政建设处,扬州市建伟建设工程检测中心有限公司,315.62  万元,2019年11月14日,扬州市建设工程招投标系,扬州市
徐沛公路、疏港铁路安置及集中居住房建设工程项目（EPC）中标结果公告,徐州市铜山区拾屯街道办事处,江苏万融工程科技有限公司,13976.634,2019年11月15日,徐州市建设工程网上招投标系,徐州市
江平西路三期工程（润扬北路西-翠岗路）江平西路三期工程材料检测中标结果公告,扬州市市政建设处,扬州华正建筑工程质量检测有限公司,265.05  万元,2019年11月14日,扬州市建设工程招投标系,扬州市
(市交易中心)建宁西路过江通道江南连接线—惠民大道综合改造工程施工三标,,中铁四局集团有限公司,122439.022986,2019/11/19,,南京市
常州市新北区春江镇污水管网建设和运维项目工程市政二标段中标结果公告,常州新堃工程项目管理有限公司,江苏益豪建设有限公司,3028.327360  万元,2019年11月14日,,常州市
舜新路（中心河路-舜河西路）建设工程市政工程施工总承包中标结果公告,江苏舜宁投资建设有限公司,江苏金坛市政建设有限公司,2154.200219  万元,2019年11月04日,,常州市
静海大道（通沪大道-洪江路）提升改造工程施工监理-中标结果公告,南通市紫琅公园管理有限公司,南通精诚建设集团有限公司,35.0%,,,南通市
舟山花园四期安置房项目工程检测,,,,,,苏州市
塔韵商务广场空调改造工程,,,,,,苏州市
滨海县蔡桥镇四层村农民集中居住区公共服务中心工程中标结果公告,滨海县蔡桥镇人民政府,江苏邦安建设工程有限公司,190.23,2019年11月19日,盐城市建设工程网上招投标系,盐城市
广陵经济开发区翠月新苑拆迁安置小区建设工程广陵经济开发区翠月新苑拆迁安置小区建设工程桩基检测项目中标结果公告,扬州广陵经济开发区开发建设有限公司,江苏海通工程技术有限公司,198.74  万元,2019年11月14日,扬州市建设工程招投标系,扬州市
崇州大道(通沪大道-青年路)提升改造工程施工监理-中标结果公告,南通市紫琅公园管理有限公司,南通市建设监理有限责任公司,-35.0%,,,南通市
泰山中路（太湖路至小新河路）工程亭湖区泰山中路（太湖路至小新河路）道路工程中标结果公告,盐城市亭湖城市资产投资实业有限公司,江苏润虎建设工程有限公司,762.24,2019年11月19日,盐城市建设工程网上招投标系,盐城市
(浦口分中心)浦口高新区博舟产业园研发办公楼装饰装修工程8F、9F装修施工,,中建友安建工（集团）有限公司,806.679896,2019/11/19,,南京市
盐城市南海未来城南海未来城南海公园亮化工程中标结果公告,盐城市城南新区开发建设投资有限公司,江苏飞腾光电科技有限公司,1812.88,2019年11月19日,盐城市建设工程网上招投标系,盐城市
苏州高新区镇湖街道三期动迁安置小区（锦湖花园三期）小区公共计量箱进线电缆安装工程,,,,,,苏州市
滨河新路改造及配套工程,,,,,,苏州市
白洋湾环卫管理站建设项目,,,,,,苏州市
(市交易中心)南京市NO.2019G37地块项目居配电工程设计,,南京长江都市建筑设计股份有限公司,155,2019/11/19,,南京市
香山花苑幼儿园室内装饰工程,,,,,,苏州市
启东市东郊村安置房（御龙雅苑）工程施工-中标结果公告,启东市保障房建设投资有限公司,江苏启安建设集团有限公司,"445,659,927.27元",,,南通市
王沟中心小学路桥工程项目中标结果公告,丰县王沟农村综合服务有限公司,江苏锦德建筑工程有限公司,125.04376,2019年11月15日,徐州市建设工程网上招投标系,徐州市
启东市海复镇东元幼儿园扩建工程-中标结果公告,启东市海复镇人民政府,中溧建设集团有限公司,"13,409,361.35元",,,南通市
启东市志良幼儿园工程施工监理-中标结果公告,启东市合作镇人民政府,江苏东科建设项目管理有限公司,58.0%,,,南通市
(江宁分中心)汤山新城污水处理厂提标扩容项目全过程工程咨询服务,,江苏省教建项目管理有限公司,601.2,2019/11/19,,南京市
五水公园沿江沿河生态绿化项目勘察设计总承包B标段-中标结果公告,南通城市建设集团有限公司,南通市市政工程设计院有限责任公司;江苏省纺织工业设计研究院有限公司,"7,170,000元",,,南通市
五水公园沿江沿河生态绿化项目勘察设计总承包C标段-中标结果公告,南通城市建设集团有限公司,盐城市水利勘测设计研究院;南通市水利勘测设计研究院有限公司,"5,070,000元",,,南通市
伊山镇村庄生活污水治理项目施工中标结果公告,灌云县伊山镇人民政府,连云港市泽禾环保工程有限公司,363.521811,2019年11月19日,,连云港市
徐州市城市轨道交通沿线综合配套项目徐州市轨道交通1号线一期工程沿线综合配套建设项目—轨道交通一号线人民广场站地下空间综合利用项目工程监理中标结果公告,徐州市城市轨道交通有限责任公司,徐州华扬工程项目管理有限公司,239.991,2019年11月14日,徐州市建设工程网上招投标系,徐州市
新建盐城市亭湖区第一初级中学项目新建盐城市亭湖区第一初级中学设计服务中标结果公告,盐城市亭湖城市资产投资实业有限公司,盐城市建筑设计研究院有限公司,208.00,2019年11月19日,盐城市建设工程网上招投标系,盐城市
日益二期日间照料中心及居民活动室等装饰改造工程,,,,,,苏州市
中扬镇农房改善扶贫产业园标准化厂房1#2#厂房工程(中扬镇农房改善扶贫产业园标准化厂房1#2#厂房工程), 宿迁市中知扬建设投资有限公司, 江苏铭天建设有限公司, 9410297.74 元,,,宿迁市
双山岛、福江路改建工程,,,,,,苏州市
泰湖鑫福里项目泰湖鑫福里小区工程监理中标结果公告,泰州市鑫通置业有限公司,江苏国兴建设项目管理有限公司,351.20,,泰州市建设工程网上招投标系,泰州市
新沂工业邻里中心项目新沂工业邻里中心工程监理项目中标结果公告,新沂市沭东新城投资开发有限公司,新沂市工程建设监理有限公司,430.00,2019年11月13日,徐州市建设工程网上招投标系,徐州市
水韵长淮酒店项目淮安水韵长淮酒店管理有限公司家具采购设备采购项目中标结果公告,淮安交通旅游集团有限公司,浙江春光名美家具制造有限公司,415.861000,2019年11月18日,,淮安市
睢宁中合农产品市场有限公司中国供销睢宁古黄河农产品物流园二期项目中标结果公告,睢宁中合农产品市场有限公司,青岛即建建设集团有限公司,27541.28922,2019年11月15日,徐州市建设工程网上招投标系,徐州市
建湖县城后街巷道整治及黑色化工程(一标段)中标结果公告,建湖县住房和城乡建设局,江苏纬昊建设工程有限公司,327.74, ,盐城市建设工程网上招投标系,盐城市
建湖县城后街巷道整治及黑色化工程(二标段)中标结果公告,建湖县住房和城乡建设局,江苏宝建建设工程有限公司,350.56, ,盐城市建设工程网上招投标系,盐城市
吴江区城南家园三期西侧（高层部分）定销公寓房工程城南家园三期西侧（高层部分）定销公寓房工程-北区中标结果公告,,,,,,苏州市
建湖县城后街巷道整治及黑色化工程(五标段)中标结果公告,建湖县住房和城乡建设局,江苏宝丰建设有限公司,343.51, ,盐城市建设工程网上招投标系,盐城市
建湖县城后街巷道整治及黑色化工程(三标段)中标结果公告,建湖县住房和城乡建设局,江苏鑫熤建设发展有限公司,269.43, ,盐城市建设工程网上招投标系,盐城市
大运河文化带先导段南市河整治工程——南市河历史文化街区环境提升工程市政管网工程中标结果公告,常州市晋陵投资集团有限公司,常州华润市政工程有限公司,154.807792  万元,2019年11月04日,,常州市
人民东路南保障安居（凯旋府邸）三、四期工程三网融合及智能化工程中标结果公告,江苏润企万国实业有限公司,江苏科安电子科技发展有限公司,157.862376,2019年11月13日,徐州市建设工程网上招投标系,徐州市
郭巷零星三期轻轨3号线站点周边景观工程,,,,,,苏州市
虹润花园三网及智能化工程中标结果公告,江苏润企万国实业有限公司,江苏科安电子科技发展有限公司,104.067588,2019年11月13日,徐州市建设工程网上招投标系,徐州市
(溧水分中心)新建科技创业服务中心大厦项目装饰装修,,南京宁志装饰工程有限公司,434.796026,2019/11/19,,南京市
新运河生态廊道安基村段工程监理中标结果公告,常州市钟楼区邹区镇人民政府,江苏安厦工程项目管理有限公司,33.650000  万元,2019年11月13日,,常州市
建湖县2019年老旧小区改造施工（三标段）中标结果公告,建湖县物业管理办公室,江苏腾讯建设有限公司,180.18, ,盐城市建设工程网上招投标系,盐城市
建湖县2019年老旧小区改造施工（四标段）中标结果公告,建湖县物业管理办公室,江苏中线行项目管理有限公司,148.63, ,盐城市建设工程网上招投标系,盐城市
建湖县2019年老旧小区改造施工建湖县2019年老旧小区改造（一标段）中标结果公告,建湖县物业管理办公室,盐城龙潭建设工程有限公司,199.17, ,盐城市建设工程网上招投标系,盐城市
建湖县2019年老旧小区改造施工（二标段）中标结果公告,建湖县物业管理办公室,江苏中区建工有限公司,193.37, ,盐城市建设工程网上招投标系,盐城市
(市交易中心)红山路-和燕路快速化改造工程交通工程施工,,南京华路公路设备工程有限公司;南京莱斯信息技术股份有限公司,1988.001833,2019/11/19,,南京市
泰山路（嫩江路-盐渎路）道路维修改造工程中标结果公告,盐城经济技术开发区住房保障和建设局,江苏文涛建设工程有限公司,546.50,2019年11月19日,盐城市建设工程网上招投标系,盐城市
一期施工总承包,,江苏恩丰誉建设工程有限公司、江苏恩丰誉建设工程有限公司,,,无锡市建设工程网上招投标系,无锡市
(江北新区)南京智能制造产业园中心湖智汇创新广场项目中山湖博览中心及湖景工程总承包,,中国建筑第五工程局有限公司;江苏中森建筑设计有限公司,,2019/11/19,,南京市
金堰路西东延路北租赁住房小区(DK20190075)项目监理中标结果公告,,,,,,苏州市
(秦淮区)秦淮区2019年背街小巷环境整治工程厅后街标段,,江苏金洽建设有限公司,129.803142,2019/11/19,,南京市
袁塍路（长江明珠路至新塍路）拓宽改造工程,,,,,,苏州市
金湖县新建金南公交站项目金湖县新建金南公交站工程中标结果公告,淮安市金子湖交通旅游发展有限公司,淮安新世界建设工程有限公司,229.047884,2019年11月18日,,淮安市
花桥国际创新港城市餐厅室内装饰工程,,,,,昆山市网上招投标系,苏州市
同丰西路（柏庐路-长江路）改造工程-景观绿化工程,,,,,昆山市网上招投标系,苏州市
康居新江南秋苑（一期）项目智能化设计（重新公告）,,,,,昆山市网上招投标系,苏州市
金水源酒店扩建改造项目金水源酒店扩建改造工程总承包（EPC），建筑面积9035.56平方米,张家港市沙洲宾馆有限公司,江苏德丰建设集团有限公司,22390000.00,2019年11月19日,,苏州市
南通市市政设施管理处城市桥梁维修工程1标段-中标结果公告,南通市市政设施管理处,苏州中固建筑科技股份有限公司,"2,867,505.76元",,,南通市
南通市市政设施管理处城市桥梁维修工程2标段-中标结果公告,南通市市政设施管理处,常州华瑞特种加固技术工程有限公司,"4,762,296.36元",,,南通市
南通大众燃气有限公司气体涡轮流量计采购项目-中标结果公告,南通大众燃气有限公司,罗美特（上海）自动化仪表股份有限公司,"3,375,907元",,,南通市
南通大众燃气有限公司气体罗茨流量计采购项目-中标结果公告,南通大众燃气有限公司,罗美特（上海）自动化仪表股份有限公司,"6,106,372元",,,南通市
居美路等道路及科创中心出入口桥等桥梁工程监理（含项目管理）-中标结果公告,南通市中央创新区建设投资有限公司,南通中房工程建设监理有限公司,-25.26%,,,南通市
(建邺区)建邺区涟城小区派出所装修改造项目施工,,江苏邦东建设工程有限公司,348.460455,2019/11/19,,南京市
启东市惠萍镇南清河村村委会公共厕所建设工程-中标结果公告,启东市惠萍镇南清河村经济合作社,上海祁博建设工程有限公司,"171,864.04元",,,南通市
启东市寅阳镇拥政村安息堂新建工程-中标结果公告,启东市寅阳镇人民政府,江苏世瑞建设工程有限公司,"642,072.75元",,,南通市
全国公安机关经济犯罪（江苏常州）研判基地全国公安机关经济犯罪(江苏常州)研判基地工程电梯设备采购及安装调试工程中标结果公告,常州市公安局,溧阳申菱电梯工程有限公司,57.600000  万元,2019年11月05日,,常州市
淮安工业园区电子信息产业园项目淮安工业园区电子信息产业园1#综合楼中央空调采购及安装项目中标结果公告,淮安兴盛建设投资有限公司,淮安市建工设备安装有限公司,310.381800,2019年11月19日,,淮安市
沭阳县通济路东延、西延工程监理(沭阳县通济路东延、西延工程监理), 沭阳县住房和城乡建设局, 无锡太湖明珠建设咨询有限公司, 1.41 %,,,宿迁市
昆山乌江路小游园景观绿化工程,,,,,昆山市网上招投标系,苏州市
同兴镇村庄生活污水治理项目施工中标结果公告,灌云县同兴镇人民政府,江苏领先建设有限公司,1363.269291,2019年11月19日,,连云港市
纬一路、纬二路、纬三路道路工程纬一路、纬二路、纬三路道路工程检测中标结果公告,扬州锦汇置业有限公司,扬州市润泰工程质量检测有限公司,123.75  万元,2019年11月14日,扬州市建设工程招投标系,扬州市
(江北新区)泰山街道浦东花园小区环境综合整治工程施工,,南京国豪装饰安装工程股份有限公司,3338.456024,2019/11/19,,南京市
钵池山景区生物多样性示范工程施工中标结果公告,淮安市园林绿化管理中心,江苏山河生态科技股份有限公司,377.323998,2019年11月18日,,淮安市
淮安市国联医疗卫生服务中心项目淮安市国联医疗卫生服务中心幕墙工程中标结果公告,淮安市华地置业有限公司,江苏鸿升建设集团有限公司,2360.718762,2019年11月18日,,淮安市
启东中交三航（南通）海洋工程有限公司厂区内建设项目施工监理-中标结果公告,中交三航（南通）海洋工程有限公司,江苏缔逸项目管理有限公司,89.9%,,,南通市
建屋广场D座供电专变设备采购及安装工程中标结果公告,,,,,,苏州市
三宝浜南侧景观绿化工程中标结果公告,常州天隆建设实业有限公司,江苏顺疆环境建设有限公司,147.988747  万元, ,,常州市
沭阳经开区桃园路东延工程(沭阳经开区桃园路东延工程), 沭阳经济技术开发区管理委员会, 江苏三石宏盛集团建设有限公司, 12580018.00 元,,,宿迁市
(鼓楼区)鼓楼区云燕园南地块棚户区改造项目施工,,江苏洪大建设工程有限公司,239.206032,2019/11/19,,南京市
磨盘山路（网疃南路-新孔路）新建工程施工中标结果公告,江苏海州发展集团有限公司,江苏郁州建设工程有限公司,942.844370,2019年11月19日,,连云港市
扬州市通运商贸城提升改造工程扬州市通运商贸城提升改造二期工程中标结果公告,扬州市城建国有资产控股(集团)有限责任公司,扬州市市政工程有限公司,653.13  万元,2019年11月14日,扬州市建设工程招投标系,扬州市
(市交易中心)钟山风景名胜区旅游服务中心项目渣土运输处置工程,,南京宁皓基础工程有限公司,5287.657665,2019/11/19,,南京市
(溧水分中心)幸庄科技园第一组团7号楼室内装饰工程,,江苏润来建设集团有限公司,1914.450689,2019/11/19,,南京市
(溧水分中心)秦淮源头水系导渠及景观二期工程项目施工,,江苏德景环境建设有限公司,2332.894852,2019/11/19,,南京市
高精度铝合金材料研发、制造加工（一期）施工,,四川上成建筑工程有限公司,,,无锡市建设工程网上招投标系,无锡市
(江宁分中心)山水大厦装修改造项目加固工程施工,,中建友安建工（集团）有限公司,382.677402,2019/11/19,,南京市
建湖县东左河整治工程中标结果公告,建湖县住房和城乡建设局,江苏利强建设工程有限公司,58.20, ,盐城市建设工程网上招投标系,盐城市
加固及修缮工程,,无锡东方新格环境设计装饰工程有限公司、江苏双之禾建设工程有限公司,,,无锡市建设工程网上招投标系,无锡市
魏湖安置小区项目中标结果公告,睢宁县睢河街道景湖社区居民委员会,安徽金鹏建设集团股份有限公司,25917.52,2019年11月13日,徐州市建设工程网上招投标系,徐州市
睢宁县高新科技发展有限公司睢宁县智能制造产业园一期标准厂房建设项目中标结果公告,睢宁县高新科技发展有限公司,安徽省路网交通建设集团股份有限公司,30096.88,2019年11月13日,徐州市建设工程网上招投标系,徐州市
(鼓楼区)天妃宫小学新校区建设工程文物保护,,江苏殷巧建设有限公司,160.343319,2019/11/19,,南京市
中汽中心盐城汽车试验场场内新增高杆灯设计与施工一体化招标中标结果公告,中汽中心盐城汽车试验场有限公司,宏力照明集团有限公司,379.00,2019/10/10 0:00:00,大丰公共资源业务管理系,盐城市
新月花园安置小区工程监理中标结果公告,淮安园兴投资有限公司,江苏兴盛工程咨询监理有限公司,389.850000,2019年11月18日,,淮安市
高铁新区安置小区项目高铁新区安置小区居配工程中标结果公告,淮安高新置业有限公司,淮安宏能集团有限公司,4260.208978,2019年11月19日,,淮安市
淮安高铁商务中心项目高铁商务中心一期工程中标结果公告,淮安高新控股有限公司,中兴建设有限公司,29785.660036,2019年11月19日,,淮安市
苏地2017-WG-41号地块三期项目检测,,,,,,苏州市
宝应县科技创业创新中心建设项目宝应县科技创业创新中心建设项目外装饰工程中标结果公告,江苏宜兴隆实业有限公司,江苏苏鑫装饰（集团）公司,1357.13  万元,2019年11月12日,扬州市建设工程招投标系,扬州市
四队镇村庄生活污水治理项目施工中标结果公告,灌云县四队镇人民政府,淮安润成建设工程有限公司,1355.208077,2019年11月19日,,连云港市
大溪河人行桥工程项目方案、勘察、设计中标结果公告,,,,,,无锡市
苏州高铁北站站前广场建筑及景观照明工程设计施工总承包,,,,,,苏州市
监理四标段中标结果公告,无锡东港城镇建设发展有限公司,江苏天孚项目管理有限公司,262,2019年11月07日,无锡市建设工程网上招投标系,无锡市
常熟边检站机关执勤业务科办公室改造工程,,,,,,苏州市
东方市场（老东方）二楼改造项目东方市场（老东方）二楼改造加固工程,,,,,,苏州市
泰州金融广场配套设施工程世纪路（海陵南路-鼓楼南路）绿化工程中标结果公告,泰州市现代服务业发展有限公司,常熟古建园林股份有限公司,161.58,,泰州市建设工程网上招投标系,泰州市
泰州市第一外国语学校培训中心泰州市第一外国语学校培训中心电梯采购安装项目中标结果公告,泰州华信药业投资有限公司,泰州市安捷电梯有限公司,548.65,,泰州市建设工程网上招投标系,泰州市
GZ088地块（九境融园）房地产项目GZ088地块（九境融园）房地产项目（A区块）工程施工中标结果公告,扬州市城建置业有限公司,江苏邗建集团有限公司,24543.59  万元,2019年11月15日,扬州市建设工程招投标系,扬州市
扬州迎宾馆地下停车场及功能完善提升工程扬州迎宾馆地下停车场及功能完善提升工程EPC工程总承包中标结果公告,扬州瘦西湖旅游度假投资管理集团有限责任公司,江苏扬建集团有限公司,17513.17  万元,2019年11月15日,扬州市建设工程招投标系,扬州市
中国移动江苏公司宿迁分公司生产调度用房建设项目监理(中国移动江苏公司宿迁分公司生产调度用房建设项目监理), 中国移动通信集团江苏有限公司宿迁分公司, 江苏建科工程咨询有限公司, 3340000.00 元,,,宿迁市
涟水县梁岔镇农贸市场大棚改造项目梁岔镇农贸市场大棚改造工程中标结果公告,涟水县梁岔镇人民政府,江苏天辅建设工程有限公司,39.903865,2019年11月15日,,淮安市
仪征市经济开发区沙河村综合服务中心及三产用房项目仪征市经济开发区沙河村综合服务中心及三产用房项目中标结果公告,江苏省仪征经济开发区沙河村村民委员会,江苏兴业环境集团有限公司,828.01  万元,2019年11月14日,扬州市建设工程招投标系,扬州市
飞凤南路快捷化工程交通智能化设施工程中标结果公告,无锡市新吴区重点建设项目管理中心,江苏晓山信息产业股份有限公司,677.083863,2019年11月07日,无锡市建设工程网上招投标系,无锡市
(江北新区)浦口区顶山消防站建设工程室内装修工程,,南京康诺建设工程有限公司,311.8299,2019/11/20,,南京市
滨海县行政中心办公大楼屋顶维修改造工程（重新）中标结果公告,滨海县机关事务服务中心,江苏金贸建设集团有限公司,349.79,2019年11月20日,盐城市建设工程网上招投标系,盐城市
(江北新区)江北新区智慧交通创新服务中心监理,,南京第一建设事务所有限责任公司,29.9762,2019/11/20,,南京市
(江北新区)顶山街道七里桥社区党群服务中心装修工程项目施工,,南京南东建筑安装工程有限公司,133.5813,2019/11/20,,南京市
大丰区草庙镇东灶村康居工程一期400V配电工程中标结果公告,盐城市大丰区草庙镇人民政府,江苏华新电力工程有限公司,72.98,2019/11/12 0:00:00,大丰公共资源业务管理系,盐城市
吴江区2019-2020年高质量推进城乡生活污水治理工程（市政集团第一期）吴江区2019-2020年高质量推进城乡生活污水治理工程（市政集团第一期）-震泽镇318国道中标结果公告,,,,,,苏州市
启东高新区博士创业园二期绿化配套工程-中标结果公告,启东滨海工业园开发有限公司,常州文景苑景观工程有限公司,"1,510,093.6元",,,南通市
吴江区2019-2020年高质量推进城乡生活污水治理工程（市政集团第一期）吴江区2019-2020年高质量推进城乡生活污水治理工程（市政集团第一期）-震泽镇砥定街、运河风光带、新村路、平望镇梅园路中标结果公告,,,,,,苏州市
(浦口分中心)浦口区星甸消防站建设工程施工,,南京乐田建设工程有限公司,928.181765,2019/11/20,,南京市
(六合分中心)六合区竹镇镇敬老院消防改造项目施工,,江苏宏马建设有限公司,150.020352,2019/11/20,,南京市
(秦淮区)秦淮区普天1号518街区A-2、B、C-1、C-4地块项目渣土运输处置,,南京博创市政工程有限公司,1034.884988,2019/11/20,,南京市
南云台片区供水工程施工中标结果公告,连云港市自来水有限责任公司,江苏长东建设工程有限公司,2168.373099,2019年11月20日,,连云港市
盛泽镇南部工业园区4万吨/日污水处理及中水回用工程盛泽镇南部工业园区4万吨/日污水处理及中水回用工程施工总承包中标结果公告,,,,,,苏州市
南通市通州区2019年学校运动场地对外开放改造工程-中标结果公告,南通市通州区校舍管理办公室,通州建总集团有限公司,"1,409,893.39元",,,南通市
下车镇村庄生活污水治理项目施工中标结果公告,灌云县下车镇人民政府,江苏金旺建设工程有限公司,1314.157606,2019年11月20日,,连云港市
灌南顺昌房地产开发有限公司新建顺昌北苑小区配电项目低压电缆采购中标结果公告,灌南顺昌房地产开发有限公司,无锡市华美电缆有限公司,180.584352,2019年11月20日,,连云港市
新建文昌苑—灌南文昌苑(西区)小区供配电工程电缆采购中标结果公告,灌南县昌泰置业有限公司,无锡市黄浦电线电缆有限公司,346.359839,2019年11月20日,,连云港市
(雨花区)绕城北辅道（安德门大街-文竹路）建设工程绿化工程施工,,江苏苏商建设集团有限公司,404.023063,2019/11/20,,南京市
(仙林大学城)羊山公园景观提升项目一期工程工程总承包,,南京开林园林绿化工程有限公司;江苏苏邑设计集团有限公司,,2019/11/20,,南京市
站南路工程站南路绿化工程中标结果公告,扬州易盛德产业发展有限公司,扬州一建集团有限公司,69.03  万元,2019年11月07日,扬州市建设工程招投标系,扬州市
靖江市滨江幼儿园工程滨江幼儿园铝合金门窗专业分包工程中标结果公告,靖江市滨江新城投资开发有限公司,江苏世耀建设有限公司,	,2019年11月14日,靖江市公共资源交易平台系,泰州市
珠江九年制实验学校建设项目设计中标结果公告,灌云县教育局,启迪设计集团股份有限公司,101.000000,2019年11月20日,,连云港市
(江北新区)南京高新区警务管理中心项目训练馆施工,,南京锦奥建设工程有限公司,160.871589,2019/11/20,,南京市
(市国土资源局)翠屏国际银杏苑7栋后侧山体崩塌治理工程施工,,,,,,南京市
江苏东台经济开发区新团安置区工程监理中标结果公告,东台惠民城镇化建设发展有限公司,南京旭光建设监理有限公司,410.66, ,盐城市建设工程网上招投标系,盐城市
邗上恒大华府幼儿园（暂定）装饰工程邗上恒大华府幼儿园（暂定）装饰工程施工中标结果公告,扬州市邗江区人民政府邗上街道办事处,扬州日模邗沟装饰工程有限公司,632.65  万元,2019年11月15日,扬州市建设工程招投标系,扬州市
办公楼装修改造工程中标结果公告,,,,,,无锡市
新安花苑（一二三期）地下车库增加消防设施项目施工中标结果公告,无锡市新吴区人民政府新安街道办事处,无锡兢腾建筑装饰工程有限公司,1257.519677,2019年11月14日,无锡市建设工程网上招投标系,无锡市
S342（钱威路~西环线、陆戴路~胡埭门站~胡埭高中压站）高压燃气管线工程（陆戴路~胡埭门站~胡埭高中压站）标段中标结果公告,无锡华润燃气有限公司,上海煤气第二管线工程有限公司,332.990972,2019年11月01日,无锡市建设工程网上招投标系,无锡市
S342（钱威路~西环线、陆戴路~胡埭门站~胡埭高中压站）高压燃气管线工程（庙堂桥河-钱威路）标段中标结果公告,无锡华润燃气有限公司,安顺集团建设有限公司,366.046406,2019年11月01日,无锡市建设工程网上招投标系,无锡市
(溧水分中心)天禧明庭二期外线供配电接入工程,,江苏欣佰建设工程有限公司,1482.168034,2019/11/20,,南京市
扬子津路西延一期工程（润扬路-甘八线）扬子津路西延一期工程先导段招标控制价编制中标结果公告,扬州市市政建设处,江苏建达全过程工程咨询有限公司,50.00  万元,2019年11月13日,扬州市建设工程招投标系,扬州市
江苏油田江都区职工家属区维修改造工程五标段（仙女镇房建）中标结果公告,扬州市江都区住房和城乡建设局,扬州市华盛建筑安装工程有限公司,113.66  万元,2019年11月08日,扬州市建设工程招投标系,扬州市
新沂市高铁花园棚户区改造项目方案及施工图设计中标结果公告,新沂市城投置业有限公司,浙江公和建筑工程设计有限公司,1172.00,2019年11月14日,徐州市建设工程网上招投标系,徐州市
夏禾项目用地范围内填土工程施工中标结果公告,,, 148.80 万元,,泰兴市建设工程网上招投标系,泰州市
(雨花区)纵六路建设工程景观绿化,,南京久进园林工程有限公司,25.915933,2019/11/20,,南京市
上城苑小区项目电缆采购中标结果公告,沛县华宇房地产开发有限公司,江苏新立达电缆有限公司,304.283463,2019年11月15日,徐州市建设工程网上招投标系,徐州市
城投·御澜湾项目高、低压开关柜采购一标段中标结果公告,沛县嘉业置业有限公司,连云港市港圣开关制造有限公司,236.118939,2019年11月15日,徐州市建设工程网上招投标系,徐州市
(秦淮区)琵琶街、夫子庙景区环境提升及建筑亮化工程建筑工程总承包,,湖北殷祖古建园林工程有限公司;浙江西城工程设计有限公司,,2019/11/20,,南京市
国网江苏省电力有限公司宿迁供电分公司2019年小区供配电工程预选招标监理项目(国网江苏省电力有限公司宿迁供电分公司2019年小区供配电工程预选招标监理项目), 国网江苏省电力有限公司宿迁供电分公司, 中邮通建设咨询有限公司, 64.65 %,,,宿迁市
(江宁分中心)NO.2018G02地块项目1#楼、2#楼及地下车库施工总承包（装配式）,,通州建总集团有限公司,23603.709553,2019/11/20,,南京市
金湖通用机场工程项目管理咨询服务中标结果公告,淮安市金湖交通投资有限公司,厦门港湾咨询监理有限公司,112.200000,2019年11月20日,,淮安市
(浦口分中心)浦口区揽月山庄周边等片区雨污分流改造工程施工三标段,,宏大建设集团有限公司,2265.26111,2019/11/20,,南京市
馨盛苑安置小区项目扩初及施工图设计项目中标结果公告,盐城市城开置业有限公司,江苏铭城建筑设计院有限公司,151.60,2019年11月20日,盐城市建设工程网上招投标系,盐城市
扬菱路（槐泗段）拓宽改造安置房工程扬菱路（槐泗段）拓宽改造安置房施工工程中标结果公告,扬州市邗江区槐泗镇人民政府,江苏邗建集团有限公司,10029.38  万元,2012年12月24日,扬州市建设工程招投标系,扬州市
高邮经济开发区2019年度基础设施维修及完善工程高邮经济开发区2019年度基础设施维修及完善工程一标段中标结果公告,江苏省高邮经济开发区管理委员会,江苏华泰路桥建设集团有限公司,1192.46  万元,2019年11月13日,扬州市建设工程招投标系,扬州市
高邮经济开发区2019年度基础设施维修及完善工程高邮经济开发区2019年度基础设施维修及完善工程二标段中标结果公告,江苏省高邮经济开发区管理委员会,江苏省科华光电科技有限公司,275.58  万元,2019年11月13日,扬州市建设工程招投标系,扬州市
(南部新城)南部新城南京外国语学校建设工程设计,,南京长江都市建筑设计股份有限公司,2750,2019/11/20,,南京市
中国银行江都支行办公楼内部装饰工程中国银行江都支行办公楼内部装饰工程施工中标结果公告,中国银行股份有限公司扬州分行,扬州市华联装璜广告有限公司,448.58  万元,2019年11月14日,扬州市建设工程招投标系,扬州市
常熟市天然气有限公司2019年度“263”煤改气工程项目（尚湖镇等十个板块高、中压零星天然气管道工程）常熟市天然气有限公司2019年度“263”煤改气工程项目（标四）,,,,,,苏州市
(栖霞区)城市绿洲回迁房小区综合环境整治工程施工,,,,,,南京市
(六合分中心)六合区民政局宿舍楼雨污分流建设项目施工,,,,,,南京市
建湖天辰电气实业有限公司新建物资仓储中心办公楼及附属工程中标结果公告,建湖天辰电气实业有限公司,江苏新之都建设工程有限公司,636.63, ,盐城市建设工程网上招投标系,盐城市
大新镇村级标准型厂房改造提升项目新建厂房房屋建筑及室外配套工程施工监理,张家港市新联村镇建设投资有限公司,江苏华通工程管理有限公司,1280000.00,2019年11月15日,,苏州市
东台市康和花苑二期工程东台市高新区康和花苑二期汽车坡道工程中标结果公告,东台市金鑫置业有限公司,江苏丰汇建设工程有限公司,112.41, ,盐城市建设工程网上招投标系,盐城市
双拥路西飞达路南地块保障性住房建设项目中标结果公告,盐城市大丰区振城建设有限公司,江苏天启建设有限公司,46182.00,2019/11/8 0:00:00,大丰公共资源业务管理系,盐城市
苏地2017-WG-41号地块三期项目施工总承包工程一标段,,,,,,苏州市
湖滨新区新农社区建设设计、施工总承包（EPC）项目(湖滨新区新农社区建设设计、施工总承包（EPC）项目), 宿迁市骆马湖房地产置业有限公司, 江铃汽车集团江西工程建设有限公司, 183880000.00 元,,,宿迁市
EPC(设计采购施工）总承包工程,,无锡市建筑设计研究院有限责任公司、无锡市瑞景资产物业管理有限公司,,,无锡市建设工程网上招投标系,无锡市
侍庄街道办事处村庄生活污水治理项目施工中标结果公告,灌云县人民政府侍庄街道办事处,宿迁诺泽建设工程有限公司,691.103291,2019年11月14日,,连云港市
淮安市洪泽区菊花基地温室完善项目中标结果公告,江苏洪泽食品科技产业园发展有限公司,南京彩新温室设备有限公司,317.391040,2019年11月14日,,淮安市
监理三标段中标结果公告,无锡东港城镇建设发展有限公司,江苏翔顺工程管理咨询有限公司,244.348,2019年11月06日,无锡市建设工程网上招投标系,无锡市
茶园路道路工程（国防路--真州路）茶园路道路工程（国防路--真州路）施工中标结果公告,扬州市西区新城管理委员会,江苏龙腾坤鑫建设发展有限公司,1440.90  万元,2019年11月07日,扬州市建设工程招投标系,扬州市
天鸿水岸景城一期建设项目电缆采购中标结果公告,徐州天鸿置业集团有限公司,江苏昊特电缆有限公司,217.788959,2019年11月8日,徐州市建设工程网上招投标系,徐州市
泰州邮政分公司建设高港区仓储配送中心项目泰州邮政分公司建设高港区仓储配送中心项目中标结果公告,中国邮政集团公司泰州市分公司,泰州市瑞泰工程建设有限公司,41.87,,泰州市建设工程网上招投标系,泰州市
清江浦区基础教育设施建设一期工程（淮安市武墩中心幼儿园）监理项目中标结果公告,淮安市清江浦城市资产经营有限公司,苏州诚宇建设工程项目管理有限公司,56.100000,2019年10月22日,,淮安市
新建璜泾镇消防站项目,,,,,,苏州市
(六合分中心)姜渡路自来水管网升级改造工程供水管道,,,,,,南京市
南通市通州区审计局大数据审计分析平台项目-中标结果公告,南通市通州区审计局,南通博悦智能化工程有限公司,"1,131,870元",,,南通市
(江北新区)大厂街道阿尔卡迪亚等十个小区二次供水设施改造工程监理,,南京同正工程项目管理有限公司,108.0272,2019/11/12,,南京市
开发区法律咨询服务中心工程项目开发区法律咨询服务中心装修工程中标结果公告,淮安新城投资控股有限公司,杭州硕茂建筑装饰工程有限公司,2046.121461,2019年11月11日,,淮安市
潘黄街道为民服务中心室内装饰安装工程中标结果公告,江苏盐西高新科技园投资有限公司,江苏广深装饰工程有限公司,64.24,2019年11月12日,盐城市建设工程网上招投标系,盐城市
张家港市第四水厂扩建工程的幕墙、钢结构屋面工程（暂估价二次招标）,张家港市给排水公司,江苏通用建筑装饰有限公司,14477762.82,2019年11月12日,,苏州市
(六合分中心)雄州街道冶浦社区许喻、走马岭、徐宋水泥路工程道路,,,,,,南京市
吴中人才公寓设计总包,,,,,,苏州市
徐州市城市轨道交通沿线综合配套项目徐州市轨道交通1号线一期工程沿线综合配套建设项目—徐州火车站东广场及交通设施项目建筑设计、初步设计及施工图设计中标结果公告,徐州市城市轨道交通有限责任公司,中铁上海设计院集团有限公司,518.00,2019年11月6日,徐州市建设工程网上招投标系,徐州市
(六合分中心)六合区程桥派出所业务用房改造项目土建、景观绿化,,,,,,南京市
建湖县环境卫生管理处对接式垃圾压缩中转站工程建湖县环境卫生管理处对接式垃圾压缩站工程中标结果公告,建湖县环境卫生管理处,成盛建设集团有限公司,78.59, ,盐城市建设工程网上招投标系,盐城市
人民医院东侧生态立体停车场工程人民医院东侧生态立体停车场工程中标结果公告,泰州市姜堰交通建设投资发展有限公司,江苏前盛建设工程有限公司,21497422.68,,姜堰市网上招投标系,泰州市
长江航道局如皋维护疏浚船舶基地建设工程项目长江航道局如皋维护疏浚船舶基地建设工程中标结果公告,长江南京航道工程局,江苏万隆建设有限公司,	,2019年11月06日,靖江市公共资源交易平台系,泰州市
盛泽镇2019年第三批雨污分流综合改造工程盛泽镇2019年第三批雨污分流综合改造工程施工监理中标结果公告,,,,,,苏州市
(江北新区)江北新区水环境提升系统三期（大桥北路以南）项目测绘,,南京市测绘勘察研究院股份有限公司,554.514,2019/11/12,,南京市
(江宁分中心)江宁高新区天景山复建房L组团社区服务中心装修工程项目监理,,南京宁政工程咨询有限公司,30.7,2019/11/12,,南京市
淮安市公安消防支队柳树湾消防站柳树湾消防站工程中标结果公告,淮安市公安消防支队,江苏镇淮建设集团有限公司,611.006547,2019年11月11日,,淮安市
淮味千年田园综合体项目淮味千年田园综合体景观工程EPC项目中标结果公告,淮味千年（江苏）生态田园开发有限公司,江苏山水环境建设集团股份有限公司,23995.930000,2019年11月12日,,淮安市
合兴社区居民活动用房改扩建工程,,,,,昆山市网上招投标系,苏州市
现代渔业园蔡泾河南侧高标准鱼池改造工程,,,,,,苏州市
执法办案管理中心改造工程,,,,,,苏州市
总承包（EPC）工程监理,,无锡市新城建设监理有限公司,,,无锡市建设工程网上招投标系,无锡市
金湖县委党校异地迁建项目1KV电力电缆采购项目中标结果公告,金湖金宝水利建设有限公司,无锡市宇辉电缆有限公司,83.506680,2019年11月12日,,淮安市
启东市南阳镇光明村安息堂扩建工程-中标结果公告,江苏省启东市南阳镇光明村村民委员会,南通博泰建设工程有限公司,"364,878.87元",,,南通市
启东市南阳镇红星村安息堂扩建工程-中标结果公告,启东市南阳镇红星村村民委员会,江苏君联建设发展有限公司,"260,638.33元",,,南通市
玥珑山庄A区项目玥珑山庄A区项目电缆采购中标结果公告,幸福家园扬州置业有限公司,宝胜科技创新股份有限公司,344.43  万元,2019年11月01日,扬州市建设工程招投标系,扬州市
泰兴经济开发区危化品运输车辆停车场物流交易中心设计中标结果公告,,, 32.60 万元,,泰兴市建设工程网上招投标系,泰州市
清名桥历史街区（清名桥—南水仙桥）市政景观改造及照明工程监理中标结果公告,江苏古运河投资发展有限公司,江苏赛华建设监理有限公司,36.3872,2019年10月31日,无锡市建设工程网上招投标系,无锡市
东台市高新区康和花苑幼儿园工程中标结果公告,东台市金鑫置业有限公司,江苏元亨建设工程有限公司,714.63, ,盐城市建设工程网上招投标系,盐城市
续建2.5万吨/日污水处理设施（应急池）项目高新区污水处理厂污水处理池工程中标结果公告,东台市城东污水处理有限公司,江苏擎宇建设工程有限公司,1800.00, ,盐城市建设工程网上招投标系,盐城市
(江宁分中心)飞天大道（信诚大道-启航路）道路改造工程全过程工程咨询服务,,南京建宁工程造价咨询有限公司,1253.406,2019/11/12,,南京市
(江北新区)盘城街道龙栖园（公益性墓园）环境综合提升工程装修,,江苏锡宁建设工程有限公司,36.54321,2019/11/12,,南京市
(建邺区)建邺区人力资源市场改造升级施工,,乔爵实业有限公司,366.666012,2019/11/12,,南京市
东台市头灶镇东蹲路（中心河~头富路）改造工程中标结果公告,东台市头灶镇人民政府,江苏航宇建设工程有限公司,500.97,2019年11月12日,盐城市建设工程网上招投标系,盐城市
睢宁县沪宁置业有限公司东城名郡二期建设项目睢宁沪宁置业有限公司东城名郡二期建设项目10KV配电工程中标结果公告,睢宁沪宁置业有限公司,山东盛日电力集团有限公司,213.055171,2019年11月5日,徐州市建设工程网上招投标系,徐州市
周庄镇胡官村特色田园乡村建设一期项目周庄镇胡官村特色田园乡村建设一期项目二标段中标结果公告,"
                                 兴化市周庄镇人民政府
                            ","
                                 江苏世民市政工程建设有限公司
                            ","
                                 123.07
                            ",,兴化市公共资源交易系,泰州市
新区街道敬老院建设项目护理式养老公寓1#楼工程中标结果公告,徐州市铜山区新区街道办事处,江苏省淮海建设集团有限公司,1538.621792,2019年11月1日,徐州市建设工程网上招投标系,徐州市
武墩敬老院改造工程中标结果公告,淮安市清江浦区武墩街道办事处,淮安美泰建设工程有限公司,150.497768,2019年11月12日,,淮安市
开创路北延工程项目盐城市交通投资集团有限公司开创路北延工程中标结果公告,盐城市交通投资集团有限公司,苏州市政园林工程集团有限公司,4178.34,2019年11月12日,盐城市建设工程网上招投标系,盐城市
连镇铁路灌云站综合客运枢纽工程建设项目暖通工程施工中标结果公告,灌云县交通运输局,连云港市云安消防工程有限公司,159.428310,2019年11月12日,,连云港市
东山精密厂房内装工程项目东山精密一期6#厂房四层装修工程（含机电安装）中标结果公告,盐城高新区投资集团有限公司,陕西中电精泰电子工程有限公司,4981.45,2019年11月12日,盐城市建设工程网上招投标系,盐城市
(江宁分中心)佳湖东路、佳湖西路路面出新工程施工,,南京中禹建设工程有限公司,326.811555,2019/11/12,,南京市
(雨花区)中华中学雨花校区项目场地平整工程渣土运输处置,,南京万福顺市政建设有限公司,3890.50547,2019/11/12,,南京市
(雨花区)大周路与宁丹路交叉口人行道工程施工,,,,,,南京市
东海县钢铁西路（振兴路—香港街）改建工程项目（幸福路—中华路）绿化工程中标结果公告,东海县住房和城乡建设局,江苏清风园林绿化工程有限公司,110.873545,2019年11月12日,,连云港市
Pagoda翔盛酒店EPC总承包中标结果公告,淮安市淮创商务有限公司,南京稼禾建设工程有限公司,2998.683165,2019年11月12日,,淮安市
(河西指挥部)河西南部地区华侨城周边1号-4号路建设工程项目4号路工程总承包,,江苏苏邑设计集团有限公司;南京河西新城市政建设有限公司,,2019/11/12,,南京市
(六合分中心)玉王村盘活闲置资产钢结构,,,,,,南京市
如东县气象局突发事件预警信息发布系统建设项目-中标结果公告,如东县气象局,江苏方德信息技术有限公司;南京德盟建筑装饰工程有限公司,"585,011.21元",,,南通市
宜兴监狱整体改造工程-室外电缆中标结果公告,,,,,,无锡市
灌云县通源水电工程有限公司无负压供水设备采购及安装项目中标结果公告,灌云县通源水电工程有限公司,上海上源泵业制造有限公司,99.700000,2019年11月12日,,连云港市
常熟市棚户区（危旧房）改造二期——阜湖苑二区安置房工程阜湖苑二区安置房幼儿园工程,,,,,,苏州市
(江北新区)沿江街道金飞路下水改造及泰冯路东淼段慢行道维修工程施工,,,,,,南京市
新建集宿楼项目新建集宿楼工程（1#-6#楼及室外配套）,,,,,,苏州市
新建集宿楼项目新建集宿楼监理工程（1#-6#楼及室外配套）,,,,,,苏州市
高新技术装备产业园区污水管网建设项目高新技术装备产业园区污水管网建设项目设计中标结果公告,泰州市姜堰绿源环境科技发展有限公司,江苏兴盛工程咨询监理有限公司,675000.00,,姜堰市网上招投标系,泰州市
鲍集镇铁佛小区农房改善项目改造提升工程中标结果公告,盱眙县天源永润房地产开发有限公司,江苏大筑建设工程有限公司,883.753342,2019年11月12日,,淮安市
平海路保养场充电站施工总承包项目,,,,,,苏州市
苏州市吴中资产经营管理有限公司综保区三期仓库项目监理,,,,,,苏州市
御水帝景城二期续建项目低压电缆中标结果公告,徐州悦丰置业有限公司,江苏鑫峰电缆有限公司,426.8215,2019年11月5日,徐州市建设工程网上招投标系,徐州市
建筑材料资源再生利用中心变电所工程,,无锡德成机电安装有限公司,,,无锡市建设工程网上招投标系,无锡市
张家港保税区长江北路、东新路、江堤沿线绿化景观提升工程,,,,,,苏州市
唯亭街道动迁社区电动车集中充电棚建设工程二标段（亭南社区、东亭社区、厦亭社区、亭苑社区、施家浜社区、青苑社区、泾上社区、戈巷社区、新镇社区、浦田社区）中标结果公告,,,,,,苏州市
城厢镇第四小学翻扩建项目一期工程（行政楼、厨房）,,,,,,苏州市
唯亭街道动迁社区电动车集中充电棚建设工程一标段（青剑湖社区、龙会社区、古娄一村社区、古娄二村社区、高浜社区、张泾社区、怡邻社区、悬珠社区）中标结果公告,,,,,,苏州市
(江宁分中心)江宁区人民政府秣陵街道办事处凤凰九路（凤凰十路—凤凰十一路）、凤凰十路（菲尼克斯路—天元路）、凤凰十一路（天元路—菲尼克斯路）建设项目工程总承包,,南京明麓建筑工程有限公司;江苏苏邑设计集团有限公司,,2019/11/13,,南京市
2019-2020年度路灯及景观灯具器材采购二标中标结果公告,,,,,,苏州市
2019-2020年度路灯及景观灯具器材采购六标中标结果公告,,,,,,苏州市
(秦淮区)秦淮区四条巷77-81号地块项目监理,,江苏顺悦建设监理有限公司,197.83,2019/11/13,,南京市
锡北镇优化完善斗星路等部分区域污水总管工程 勘察及施工图设计中标结果公告,无锡市锡山污水处理有限公司,中国华西工程设计建设有限公司,87.6103,2019年11月01日,无锡市建设工程网上招投标系,无锡市
(江宁分中心)NO.2018G02地块项目1#楼、2#楼及地下车库施工总承包监理（装配式）,,江苏威宁工程咨询有限公司,384.22,2019/11/13,,南京市
滨淮镇康庄村农民集中区基础设施工程滨淮镇康庄村农民集中居住区配套设施工程中标结果公告,滨海县滨淮镇人民政府,滨海盛帆建设工程有限公司,306.72,2019年11月13日,盐城市建设工程网上招投标系,盐城市
滨淮镇长兴村集中居住点室外附属工程滨淮镇长兴村农民集中居住区配套设施工程中标结果公告,滨海县滨淮镇人民政府,江苏世瑞建设工程有限公司,312.95,2019年11月13日,盐城市建设工程网上招投标系,盐城市
(江北新区)盘城街道龙栖园（公益性墓园）环境综合提升工程景观绿化,,南京松翠园林建设有限公司,240.465437,2019/11/13,,南京市
沪苏大丰产业联动集聚区污水处理厂工程项目沪苏大丰产业联动集聚区污水处理厂工程（一期）设计项目中标结果公告,盐城市大丰区沪城污水处理有限公司,中机国际工程设计研究院有限责任公司,157.00,2019/11/5 0:00:00,大丰公共资源业务管理系,盐城市
(市交易中心)南部新城国际路供水管线建设工程施工,,江苏洲浦建设工程有限公司,532.354682,2019/11/13,,南京市
天鸿水岸景城二期建设项目电缆采购中标结果公告,徐州天鸿置业集团有限公司,江苏昊特电缆有限公司,244.594513,2019年11月8日,徐州市建设工程网上招投标系,徐州市
通州区先锋街道秦家埭村集中区安置房（四期）工程外墙真石漆采购与施工-中标结果公告,南通一诺城镇建设开发有限公司,南通中联装饰工程有限公司,"12,827,596.07元",,,南通市
电梯采购及安装工程中标结果公告,无锡新泽和畅睦邻中心开发管理有限公司,江苏东迅机电设备销售有限公司、江苏东迅机电设备工程有限公司,588.08,2019年10月31日,无锡市建设工程网上招投标系,无锡市
泗阳县高渡镇派出所装饰装修建设项目(泗阳县高渡镇派出所装饰装修建设项目), 泗阳县高渡镇人民政府, 宿迁市荣港建设工程有限公司, 763629.06 元,,,宿迁市
运通·凤凰国际创客空间2#、3#、7#~9#楼及地下室工程施工中标结果公告,连云港运通房地产开发有限公司,通州建总集团有限公司,12005.282856,2019年11月13日,,连云港市
江苏油田邵伯真武矿区职工家属区供水分离移交项目江苏油田邵伯真武矿区职工家属区供水分离移交项目PE给水管及管件材料采购（第二批）中标结果公告,扬州龙川控股水务建设有限公司,浙江中财管道科技股份有限公司,383.25  万元,2019年11月07日,扬州市建设工程招投标系,扬州市
滨海县城市小区管理提升工程（富康新村、双灯小区、教师新村小区维修）中标结果公告,滨海县住房和城乡建设局,江苏新江建筑工程有限公司,160.17, ,盐城市建设工程网上招投标系,盐城市
扬州迎宾馆地下停车场及功能完善提升工程扬州迎宾馆地下停车场及功能完善提升工程全过程咨询中标结果公告,扬州瘦西湖旅游度假投资管理集团有限责任公司,扬州市建筑设计研究院有限公司,539.90  万元,2019年11月05日,扬州市建设工程招投标系,扬州市
国家中医药传承创新工程重点中医医院（泰州市中医院新院区二期工程）项目国家中医药传承创新工程重点中医医院（泰州市中医院新院区二期工程）工程总承包监理中标结果公告,泰州市中医院、泰州市建业投资建设集团有限公司,江苏祥和项目管理有限公司,231.14,,泰州市建设工程网上招投标系,泰州市
江苏东海经济开发区润海工业园一期项目庐山路园林绿化及配套设施改造工程中标结果公告,东海开发区富华投资开发集团有限公司,常州原朴环境建设有限公司,777.345442,2019年11月13日,,连云港市
盐城高新区人力资源服务产业园装修安装工程盐城高新区人力资源服务产业园室内装饰工程中标结果公告,盐城市宝旺城市开发建设有限公司,扬州润扬装饰工程有限公司,1811.24,2019年11月13日,盐城市建设工程网上招投标系,盐城市
江苏东海经济开发区润海工业园一期项目园区园林绿化及配套设施改造工程中标结果公告,东海开发区富华投资开发集团有限公司,江苏金世纪环境建设有限公司,1043.908267,2019年11月13日,,连云港市
天然气高压外环线(南港门站-吴淞江段）工程、高压天然气管道(甪直线-吴淞江段)工程监理（市政燃气管道、大型土石方）,,,,,昆山市网上招投标系,苏州市
天然气高压外环线(南港门站-吴淞江段）工程、高压天然气管道(甪直线-吴淞江段)工程,,,,,昆山市网上招投标系,苏州市
新街镇方东新时代文明实践站（苗木服务中心、文化礼堂等）工程中标结果公告,东台市新街镇人民政府,江苏盐都建设有限公司,270.03, ,盐城市建设工程网上招投标系,盐城市
茶园路道路工程（国防路--真州路）茶园路道路工程（国防路--真州路）检测中标结果公告,扬州市西区新城管理委员会,扬州苏油工程质量检测有限公司,41.50  万元,2019年11月08日,扬州市建设工程招投标系,扬州市
禹洲幼儿园（暂定名）后续工程,,,,,,苏州市
连镇铁路灌云站综合客运枢纽工程建设项目装修工程施工中标结果公告,灌云县交通运输局,南京金万石建设工程有限公司,704.110344,2019年11月13日,,连云港市
新建汾湖科技创业园人才公寓项目汾湖科技创业园人才公寓装饰工程中标结果公告,,,,,,苏州市
(江宁分中心)南京创丰自动化仪表厂建设电子衡器等生产厂区项目01幢生产厂房（扩建）01幢生产厂房（扩建）,,,,,,南京市
(秦淮区)琵琶街、夫子庙景区环境提升及建筑亮化工程市政工程总承包,,江苏桢浩建设集团有限公司;浙江西城工程设计有限公司,,2019/11/13,,南京市
(浦口分中心)南京一化胶业有限公司绿化建设工程南京一化绿化工程,,,,,,南京市
(鼓楼区)中央门办事处对华电集团南京电力自动化设备有限公司“三供一业”分离移交职工家属区物业设施维修改造工程监理,,江苏省教育建筑工程监理咨询有限公司,37.81,2019/11/13,,南京市
居配工程电缆采购中标结果公告,无锡天物置业有限公司,江苏宝安电缆有限公司,314.859579, ,无锡市建设工程网上招投标系,无锡市
(栖霞区)栖霞区社会管理服务中心项目幕墙工程,,南京杰冠装饰集团有限公司,1146.308888,2019/11/13,,南京市
(高淳分中心)高淳区北岭幼儿园新建工程项目监理,,江苏捷星建设项目投资管理有限公司,48,2019/11/13,,南京市
(玄武区)玄武区板仓街78号小区整治工程施工,,南京中禹建设工程有限公司,576.401206,2019/11/13,,南京市
黄码敬老院改造工程中标结果公告,淮安市清江浦区黄码镇人民政府,淮安润成建设工程有限公司,99.023385,2019年11月12日,,淮安市
盱眙县古桑街道白虎村综合服务中心规划项目中标结果公告,盱眙县古桑街道白虎村村民委员会,苏州水木清华设计营造有限公司,24.576000,2019年11月13日,,淮安市
朴席镇社区卫生服务中心工程朴席镇社区卫生服务中心附属建筑及室外配套工程施工中标结果公告,扬州经济技术开发区朴席镇社区卫生服务中心,江苏东晟新诚建设集团有限公司,875.55  万元,2019年11月08日,扬州市建设工程招投标系,扬州市
小海星吴山幼儿园附属工程施工中标结果公告,连云港竹蜻蜓教育发展有限公司,南京苏奥体育设施工程有限公司,315.854827,2019年11月13日,,连云港市
扬名花园六期棚户区改造安置房B块工程监理中标结果公告,无锡惠扬建设发展有限公司;无锡惠扬建设发展有限公司;无锡惠扬建设发展有限公司,无锡市三利工程建设监理有限公司,487.18,2019年10月30日,无锡市建设工程网上招投标系,无锡市
(江宁分中心)航空产业片区棚户区改造横溪安置房二期项目勘察工程,,江苏省地质工程勘察院,970.5,2019/11/13,,南京市
粮食文化产业园项目粮食文化产业园一期项目综合服务楼、后勤保障楼空调采购及安装项目中标结果公告,江苏淮金粮食产业园有限公司,江苏斯普林冷暖科技有限公司,75.886600,2019年11月13日,,淮安市
(浦口分中心)浦口高新区1号地块保障房项目监理,,江苏雨田工程咨询集团有限公司,1048.86,2019/11/13,,南京市
吴中博物馆环境提升项目,,,,,,苏州市
(市属溧水区)南京城市职业学院科技创业园建设项目监理,,南京旭光建设监理有限公司,231.99,2019/11/13,,南京市
(鼓楼区)中央路331号地块土壤修复工程监理,,南京旭光建设监理有限公司,114.47,2019/11/13,,南京市
G204东王集停车区新建工程施工中标结果公告,江苏省灌云县公路管理站,宿迁福鼎建设工程有限公司,116.826768,2019年11月13日,,连云港市
宜兴市2019年城区河道综合整治工程升溪河排口整治及清淤工程中标结果公告,,,,,,无锡市
无锡工艺职业技术学院新校区扩建项目无锡工艺职业技术学院二期入口水景工程中标结果公告,,,,,,无锡市
(六合分中心)六合区天赐佳园小区二次供水设施改造项目施工,,江苏翠洲环境科技有限公司,136.577228,2019/11/13,,南京市
(溧水分中心)秦淮人家二期西地块拆迁安置房项目施工,,苏州第一建筑集团有限公司,61167.92805,2019/11/13,,南京市
(江北新区)江北图书馆工程外幕墙及泛光照明工程,,深圳市科源建设集团股份有限公司;南京均众益建设工程有限公司,5496.819855,2019/11/13,,南京市
双拥路西飞达路南地块保障性住房建设项目监理服务中标结果公告,盐城市大丰区振城建设有限公司,江苏宏盛项目管理有限公司,417.97,2019/11/7 0:00:00,大丰公共资源业务管理系,盐城市
江苏油田江都区职工家属区维修改造工程八标段（宜陵镇市政）中标结果公告,扬州市江都区住房和城乡建设局,江苏沪武建设集团有限公司,94.52  万元,2019年11月08日,扬州市建设工程招投标系,扬州市
江苏油田江都区职工家属区维修改造工程七标段（仙女镇市政）中标结果公告,扬州市江都区住房和城乡建设局,江苏凯源建设工程有限公司,116.62  万元,2019年11月08日,扬州市建设工程招投标系,扬州市
江苏油田江都区职工家属区维修改造工程六标段（宜陵镇房建）中标结果公告,扬州市江都区住房和城乡建设局,扬州茂源建设工程有限公司,127.38  万元,2019年11月08日,扬州市建设工程招投标系,扬州市
文峰小学北侧支路西延段工程文峰小学北侧支路西延段工程监理中标结果公告,扬州市广陵区城市建设投资有限责任公司,扬州市四正工程建设监理有限公司,37.75  万元,2019年11月06日,扬州市建设工程招投标系,扬州市
(浦口分中心)浦口区复兴小学建设工程项目室内篮球馆窗户改造工程,,,,,,南京市
泰州市第五人民医院（脑科医院）项目泰州市第五人民医院（脑科医院）勘察工程中标结果公告,泰州市永康资产投资管理有限公司,无锡水文工程地质勘察院有限责任公司,9.69,,泰州市建设工程网上招投标系,泰州市
无锡市消防支队文化提升工程及零星改造工程,,江苏天威虎建筑装饰有限公司,,,无锡市建设工程网上招投标系,无锡市
港口创业园配套附属工程港口创业园3#、4#厂房石材幕墙工程中标结果公告,江苏射阳港港口集团有限公司,江苏中明奕建设工程有限公司,755.10, ,盐城市建设工程网上招投标系,盐城市
连云港市儿童医院病房楼装饰装修工程项目电梯设备采购及安装中标结果公告,连云港市第一人民医院,江苏嘉会机电工程有限公司,309.900000,2019年11月14日,,连云港市
采香泾花园安置配套设施改造工程,,,,,,苏州市
舟山花园三期三区新增开闭所、配电房项目,,,,,,苏州市
洪泽湖监狱公共停车场停车棚项目(洪泽湖监狱公共停车场停车棚项目), 江苏省洪泽湖监狱, 宿迁市奥援建设工程有限公司, 525770.56 元,,,宿迁市
(江北新区)江北新区断头路畅通工程（永锦路北延和龙王山山顶道路维修项目）施工,,南京崇南建设工程有限公司,470.863387,2019/11/14,,南京市
木渎经济开发区智慧工业园地块土方清理工程,,,,,,苏州市
(秦淮区)白下高新中日合作创新园项目工程总承包,,江苏溧阳城建集团有限公司;南京金海设计工程有限公司,,2019/11/14,,南京市
淮安高铁商务区亮化设计中标结果公告,淮安高新控股有限公司,苏州规划设计研究院股份有限公司,128.800000,2019年11月13日,,淮安市
昆山市公安局特警基地(特警、水警大队技术业务用房)装饰工程,,,,,昆山市网上招投标系,苏州市
(江宁分中心)碧水湾西园等11个小区雨污分流改造工程项目全过程工程咨询服务,,江苏志诚工程咨询管理有限公司,310.958833,2019/11/14,,南京市
太湖新城核心区能源中心装饰及配套工程,,,,,,苏州市
(六合分中心)六合区马鞍街道社区卫生服务中心中医馆建设及计免门诊楼维修改造土建及水电安装,,,,,,南京市
(六合分中心)龙袍街道装卸公司办公用房装饰项目装饰装修,,,,,,南京市
四河乡雪二新村村民集中居住区扩建工程(四河乡雪二新村村民集中居住区扩建工程), 泗洪县四河乡人民政府, 江苏远建市政工程有限公司, 10961850.53 元,,,宿迁市
淮安新港电子产业园三期项目室外配套土建工程中标结果公告,淮安新港建设有限公司,垣宝建设工程集团有限公司,1003.775963,2019年11月14日,,淮安市
梅花镇段庄小区提升改造(二期)工程(梅花镇段庄小区提升改造(二期)工程), 泗洪县梅花镇人民政府, 宿迁宝源建设有限公司, 3998219.38 元,,,宿迁市
(市交易中心)秦淮区光华门以东800米城墙遗址周边环境综合整治一期工程拆除工程施工,,江苏优匠峰建设工程有限公司,350.359848,2019/11/14,,南京市
灌南县看守所改造工程项目施工中标结果公告,灌南县城市建设投资发展有限公司,连云港市正恒建设有限公司,244.845235,2019年11月14日,,连云港市
(溧水分中心)扩建15000平方米厂房场区绿化景观提升工程,,,,,,南京市
健康医疗保障工程项目(徐州市铜山区何桥镇卫生院及其附属设施整体搬迁项目)拟建卫生院工程中标结果公告,徐州市铜山区何桥镇卫生院,江苏泰耀建设工程有限公司,1531.270144,2019年11月7日,徐州市建设工程网上招投标系,徐州市
(江北新区)新华社区 2019 年为民服务资金项目施工,,,,,,南京市
(市国土资源局)南京江宁孔山矿矿山地质环境治理项目施工,,,,,,南京市
中扬镇农房改善扶贫产业园标准化厂房(中扬镇农房改善扶贫产业园标准化厂房), 宿迁市中知扬建设投资有限公司, 江苏朗元建设工程有限公司, 10408503.09 元,,,宿迁市
金悦花园二期居住区供配电工程低压电缆,,,,,,苏州市
虹桥园区长虹路、府后路、府东路污水管网工程中标结果公告,,, 200.56 万元,,泰兴市建设工程网上招投标系,泰州市
新安花园二期工程方案设计、初步设计及施工图设计中标结果公告,常州市金坛区城市建设开发有限公司,江苏省第二建筑设计研究院有限责任公司,360.996800  万元,2019年11月08日,,常州市
市委党校学员文化体育设施工程—传统文化区,,,,,昆山市网上招投标系,苏州市
(浦口分中心)水墨大埝综合体育馆建设工程监理,,江苏雨田工程咨询集团有限公司,160.28,2019/11/14,,南京市
站东路工程夏桥路一期二标段绿化工程中标结果公告,扬州易盛德产业发展有限公司,常州佳友园林景观建设有限公司,233.05  万元,2019年11月08日,扬州市建设工程招投标系,扬州市
苏州太湖科技产业园福惠花园（第四安置小区）项目人防工程设计,,,,,,苏州市
里双桥重建工程设计,,,,,,苏州市
金锁镇沈庄花园小区二期工程(金锁镇沈庄花园小区二期工程), 泗洪县金锁镇沈庄居民委员会, 瑞坤建设集团有限公司, 51709637.46 元,,,宿迁市
(高淳分中心)南京市高淳区太安圩安置房二期工程项目设计,,中衡设计集团股份有限公司,540,2019/11/14,,南京市
南岗乡村庄生活污水治理项目施工中标结果公告,灌云县南岗乡人民政府,连云港市兴云建筑安装有限公司,641.787368,2019年11月14日,,连云港市
运河西路道路景观工程施工中标结果公告,无锡国家高新技术产业开发区（无锡市新吴区）城市管理局,苏州吴林园林发展有限公司,1488.726444,2019年11月05日,无锡市建设工程网上招投标系,无锡市
江苏东台经济开发区方向路绿化工程中标结果公告,东台市投资发展有限公司,如皋市古城园林绿化工程有限公司,418.99, ,盐城市建设工程网上招投标系,盐城市
(溧水分中心)年产20万公里特种电线电缆生产线项目南京市溧水望泉公园景观绿化工程,,,,,,南京市
朴席镇社区卫生服务中心工程朴席镇社区卫生服务中心室内装饰工程施工中标结果公告,扬州经济技术开发区朴席镇社区卫生服务中心,江苏艺标建筑装饰有限公司,1285.07  万元,2019年11月11日,扬州市建设工程招投标系,扬州市
白洋湾水厂浑水管改造工程-金墅港路（金墅泵站-枣子泾桥）,,,,,,苏州市
如皋市惠政路综合改造提升景观设计-中标结果公告,如皋市城建投资有限公司,无锡市园林设计研究院有限公司,"1,800,000元",,,南通市
白洋湾水厂浑水管改造工程-枣子泾桥-金通路,,,,,,苏州市
锦都大厦项目锦都大厦工程监理服务中标结果公告,盐城市城镇化建设投资集团有限公司,江苏建兴项目管理有限公司,92.52,2019年11月14日,盐城市建设工程网上招投标系,盐城市
如东县县城污水管网普查及纳管改造二期（一标段）-中标结果公告,如东县开泰城建投资有限公司,南通金磊市政工程股份有限公司,"13,752,079.29元",,,南通市
启东市市区亮化照明工程施工监理二标段-中标结果公告,启东市新城建设投资发展有限公司,江苏永正工程项目管理有限公司,64.0%,,,南通市
启东市市区亮化照明工程施工监理一标段-中标结果公告,启东市新城建设投资发展有限公司,南通市交通建设咨询监理有限公司,66.0%,,,南通市
如东县建筑装潢垃圾分拣中心建设项目监理-中标结果公告,如东锦恒建设发展有限公司,江苏省江豪工程项目管理有限公司,0.79%,,,南通市
无锡市山水丽景酒店内部改造工程中标结果公告,无锡市山水丽景大酒店,无锡市惠典建筑装饰工程有限公司,2185.379022,2019年11月06日,无锡市建设工程网上招投标系,无锡市
苏州大学高邮实验学校工程项目苏州大学高邮实验学校工程材料检测中标结果公告,高邮市经济发展集团有限公司,扬州弘海建设工程质量安全检测有限公司,76.00  万元,2019年10月30日,扬州市建设工程招投标系,扬州市
(浦口分中心)浦口区江浦街道城南新村小区出新改造工程施工,,江苏跃腾市政工程有限公司,124.342501,2019/11/14,,南京市
(高淳分中心)高淳盐业储运中心项目施工,,江苏金标营建设有限公司,900.49345,2019/11/14,,南京市
观湖铂庭A地块商品房居配工程,,无锡广盈实业有限公司,,,无锡市建设工程网上招投标系,无锡市
宜兴市和桥医疗中心净化工程中标结果公告,,,,,,无锡市
公厕新改建工程中标结果公告,无锡国家高新技术产业开发区（无锡市新吴区）城市管理局,江苏中轩建设有限公司,1132.712272,2019年10月29日,无锡市建设工程网上招投标系,无锡市
宜兴市2019年城区河道综合整治工程下漳河引水及排口整治工程中标结果公告,,,,,,无锡市
开发区塘田大桥匝道工程中标结果公告,,,,,,无锡市
硕腾生物制药西侧支路工程中标结果公告,,,,,,苏州市
轨道6号线中新大道东站东侧公园周边道路及积善寺西侧道路剩余路段工程中标结果公告,,,,,,苏州市
金湖县城区黑臭水体整治项目工程监理招标中标结果公告,金湖碧水源生态科技有限公司,江苏兴盛工程咨询监理有限公司,139.980000,2019年11月14日,,淮安市
苏州供电分公司2019年11月至2020年11月苏州地区居配项目框架监理招标,,,,,,苏州市
常熟海关综合实验楼老旧设施修缮综合技术用房装饰改造工程（常熟海关综合实验楼老旧设施修缮）-主楼（原进出口商品商检大楼）、2号楼（原检验检疫实验室配套用房）,,,,,,苏州市
(六合分中心)城西学校校园场地及景观改造工程项目道路、景观绿化,,,,,,南京市
常熟市琴湖小学迁建工程（室外配套工程）,,,,,,苏州市
(六合分中心)南京市六合区瓜埠初级中学围墙及附属改造项目施工,,,,,,南京市
(六合分中心)横梁街道天石路南延建设工程道路,,,,,,南京市
(六合分中心)雄州街道红光社区村金杭组整治提升村水泥路工程道路,,,,,,南京市
姜堰区老通扬运河景观照明工程姜堰区老通扬运河景观照明工程中标结果公告,泰州市姜堰城市建设投资集团有限公司,扬州唯一景观工程有限公司,13932511.92,,姜堰市网上招投标系,泰州市
农业科普馆（院士工作站）布展工程农业科普馆（院士工作站）布展工程中标结果公告,泰州市姜堰区沈高镇人民政府,苏州水木清华设计营造有限公司,2197008.01,,姜堰市网上招投标系,泰州市
高港区体育公园绿化提升项目泰州市高港区体育公园绿化提升工程中标结果公告,泰州引江城市开发建设有限公司,泰州市籴垚园林绿化工程有限公司,284.07,,泰州市建设工程网上招投标系,泰州市
泗阳县杨木加工研究院装修工程(泗阳县杨木加工研究院装修工程), 泗阳意杨产业科技园实业有限公司, 江苏天辅建设工程有限公司, 5421329.39 元,,,宿迁市
创业路道路工程（真州路—扬冶路）创业路道路工程（真州路—扬冶路）监理中标结果公告,扬州市西区新城管理委员会,扬州市金泰建设监理有限公司,80.00  万元,2019年11月12日,扬州市建设工程招投标系,扬州市
丰县经济开发区微晶新材料产业园建设项目厂房一工程施工监理中标结果公告,丰县经济开发区投资发展有限责任公司,徐州正成建设项目管理有限公司,24.30,2019年11月11日,徐州市建设工程网上招投标系,徐州市
丰县城区行道树补植工程第一标段行道树补植工程中标结果公告,丰县住房和城乡建设局,江苏皇岗建设（集团）有限公司,336.965496,2019年11月11日,徐州市建设工程网上招投标系,徐州市
丰县城区行道树补植工程第二标段行道树补植工程中标结果公告,丰县住房和城乡建设局,江苏极上建设有限公司,348.624374,2019年11月11日,徐州市建设工程网上招投标系,徐州市
城区市政养护维修项目城区市政养护维修工程四标中标结果公告,泰州市姜堰城市建设投资集团有限公司,江苏凡程建设工程有限公司,3993000.00,,姜堰市网上招投标系,泰州市
城区市政养护维修项目城区市政养护维修工程三标中标结果公告,泰州市姜堰城市建设投资集团有限公司,泰州市恒祥建筑装饰工程有限公司,4000000.00,,姜堰市网上招投标系,泰州市
城区市政养护维修项目城区市政养护维修工程二标中标结果公告,泰州市姜堰城市建设投资集团有限公司,泰州市财富建设有限公司,4050000.00,,姜堰市网上招投标系,泰州市
标准化厂房项目飞机风挡制造项目热压罐、化学钢化设备及服务采购中标结果公告,靖江港口集团有限公司,辽宁北方玻璃机械股份有限公司,	,2019年11月11日,靖江市公共资源交易平台系,泰州市
城区市政养护维修项目城区市政养护维修工程一标中标结果公告,泰州市姜堰城市建设投资集团有限公司,江苏鑫环球建设工程有限公司,4040000.00,,姜堰市网上招投标系,泰州市
锦南路北延（镇山路至港西北路）工程,,,,,,苏州市
苏地2017-WG-41号地块三期项目施工总承包工程二标段,,,,,,苏州市
标准化厂房项目飞机风挡制造项目真空镀膜设备及服务采购中标结果公告,靖江港口集团有限公司,广东汇成真空科技股份有限公司,	,2019年11月11日,靖江市公共资源交易平台系,泰州市
东海县中华路（晶都大道-富华路）改建工程项目监理中标结果公告,东海县住房和城乡建设局,连云港天正工程建设监理有限公司,12.375000,2019年11月15日,,连云港市
苏地2016-WG-65地块44#楼及周边地库、门卫、1、2#配电房,,,,,,苏州市
智城大厦方案及施工图设计中标结果公告,靖江市城投基础设施发展有限公司,苏州六度设计研究院有限公司,	,2019年11月11日,靖江市公共资源交易平台系,泰州市
常州市新北区污水收集与治理全覆盖项目农村污水管网施工十三标段中标结果公告,常州新美水务有限公司,常州源泰市政工程有限公司,522.089590  万元,2019年11月11日,,常州市
紫琅湖2号地块（朝阳路南崇州大道东）项目工程监理（含项目管理）-中标结果公告,南通市中央创新区建设投资有限公司,南通中房工程建设监理有限公司,-20.6001%,,,南通市
幸福新城阅湖花园消防维护提升改造工程(幸福新城阅湖花园消防维护提升改造工程), 宿迁市隆城置业有限公司, 江苏文正工程有限公司, 8010099.96 元,,,宿迁市
提档升级安保工程施工-中标结果公告,海安市角斜镇人民政府,南通宇锟景观工程有限公司,"494,212元",,,南通市
(浦口分中心)江浦街道海都嘉园小区改造出新工程施工,,江苏锡宁建设工程有限公司,130.8602,2019/11/15,,南京市
锦都大厦项目中标结果公告,盐城市城镇化建设投资集团有限公司,江苏晟功建设集团有限公司,12421.09,2019年11月15日,盐城市建设工程网上招投标系,盐城市
太仓市浮桥镇颐悦园改造工程,,,,,,苏州市
岔河镇草泽河山阳河农民居住区工程（一期）岔河镇草泽河山阳河农民居住区（一期）室外附属工程中标结果公告,淮安市洪泽区岔河镇人民政府,江苏九天建设集团有限公司,492.764468,2019年11月15日,,淮安市
2016年三环北路绿化-京沪铁路交汇段景观工程中标结果公告,徐州市住房和城乡建设局,江苏华辰园林工程有限公司,603.663566,2019年11月11日,徐州市建设工程网上招投标系,徐州市
淮安市第一人民医院2#病房楼手术室内装修工程淮安市苏北疑难病诊治中心2号病房楼14、15层改造（装修）工程中标结果公告,淮安市第一人民医院,江苏恒龙装饰工程有限公司,683.159062,2019年11月14日,,淮安市
2016年三环北路绿化-京沪铁路交汇段景观工程监理中标结果公告,徐州市住房和城乡建设局,徐州天元项目管理有限公司,10.50,2019年11月11日,徐州市建设工程网上招投标系,徐州市
常州市钟楼区北港街道后塘河路（茶花路-月季路）道路工程勘察、设计中标结果公告,常州钟楼经济开发区投资建设有限公司,中设设计集团股份有限公司,50.000000  万元,2019年10月29日,,常州市
(浦口分中心)浦口区环老山旅游风景道路建设工程配套工程施工,,南京谦中谦建设工程有限公司,2365.490545,2019/11/15,,南京市
(江宁分中心)NO.2017G56地块房地产开发项目室外附属工程,,江苏天禾生态环境建设有限公司,1766.378732,2019/11/15,,南京市
蒋垛镇仲院集镇路灯改造项目蒋垛镇仲院集镇路灯改造项目中标结果公告,泰州市姜堰区蒋垛镇人民政府,江苏钦宇建设工程有限公司,990938.25,,姜堰市网上招投标系,泰州市
城投·御澜湾项目电缆采购中标结果公告,沛县嘉业置业有限公司,江苏凯达电缆有限公司,372.70892,2019年11月11日,徐州市建设工程网上招投标系,徐州市
【2013】3-4地块项目[2013]3-4地块项目施工图设计中标结果公告,泰州高新区康居建设开发有限公司,江苏省科佳工程设计有限公司,125.28,,泰州市建设工程网上招投标系,泰州市
(江宁分中心)南京U谷创源智汇城项目渣土外运处置,,南京通源市政工程有限公司,1403.728004,2019/11/15,,南京市
连镇铁路涟水站综合客运枢纽项目连镇铁路涟水站综合客运枢纽(一期)内装、智能化工程中标结果公告,涟水县交通控股集团有限公司,中铁四局集团有限公司,1373.874738,2019年11月14日,,淮安市
苍梧家苑项目北标段景观绿化工程施工中标结果公告,连云港市苍梧置业有限公司,安徽安兴装饰工程有限责任公司,1669.656186,2019年11月15日,,连云港市
城北教育集中区建设工程城北教育集中区建设工程方案设计、初步设计中标结果公告,扬州市江都区教育局,同济大学建筑设计研究院(集团)有限公司,1080.00  万元,2019年11月12日,扬州市建设工程招投标系,扬州市
(溧水分中心)NO.溧水2018G05地块项目B地块A栋（商业、菜场）、B栋（社区配建）及地下车库工程,,,,,,南京市
(江北新区)沿江街道润泰花园保障房五期项目基坑支护设计,,南京勘察工程有限公司,44,2019/11/15,,南京市
昆山高新区张家港河南侧、顾家宅河东侧大渔动迁小区市政配套,,,,,昆山市网上招投标系,苏州市
江华路（行创四路-机场路）改造工程智能交通设施工程中标结果公告,无锡市新吴区重点建设项目管理中心,江苏新时代工程科技集团有限公司,451.670265,2019年11月05日,无锡市建设工程网上招投标系,无锡市
兴化市戴窑镇农业产业强镇建设项目戴窑镇人民西路、政府西路路面白改黑工程中标结果公告,"
                                 兴化市戴窑镇人民政府
                            ","
                                 泰州市振华路桥工程建设有限公司
                            ","
                                 387.26
                            ",,兴化市公共资源交易系,泰州市
2018~2019年度新建居住区供配电工程项目2018-2019年度新建居住区供配电工程项目高低压开关柜物资采购三十七标段中标结果公告,国网江苏省电力有限公司扬州供电分公司,扬州德云电气设备集团有限公司,126.89  万元,2019年11月11日,扬州市建设工程招投标系,扬州市
(市交易中心)秦淮区（原白下区）大阳沟30号危旧房改造地块经济适用住房项目室外工程施工,,南京城建生态环境有限公司,2039.342031,2019/11/15,,南京市
新莲路（黄花泾—十字洋河）道路工程金储街-联洋街段监理,,,,,,苏州市
室外市政及海绵城市设计中标结果公告,无锡太湖国际科技园投资开发有限公司,江苏省科佳工程设计有限公司,113.6338,2019年11月07日,无锡市建设工程网上招投标系,无锡市
无锡地铁4号线一期工程车站机电安装及装修工程监理01标中标结果公告,无锡地铁集团有限公司,浙江江南工程管理股份有限公司,692.8,2019年11月05日,无锡市建设工程网上招投标系,无锡市
无锡地铁4号线一期工程车站机电安装及装修工程监理02标中标结果公告,无锡地铁集团有限公司,重庆赛迪工程咨询有限公司,755.4, ,无锡市建设工程网上招投标系,无锡市
(建邺区)NO.2015G61地块项目C、D地块及下沉通道工程总承包,,南京市建筑设计研究院有限责任公司;泰兴一建建设集团有限公司,,2019/11/15,,南京市
海门市东洲仁恒学校项目ALC板材料采购-中标结果公告,海门市东洲仁恒学校,淮安汇能新型墙材有限公司,"2,999,000元",,,南通市
苏州市吴中区木渎新城污水处理厂提标改造（EPC）工程监理,,,,,,苏州市
大丰华润燃气调度与抢修中心办公楼建设项目中标结果公告,大丰华润燃气有限公司,江苏敬豪建设工程有限公司,744.06, ,大丰公共资源业务管理系,盐城市
鸿桥花园三期一标段（1#、2#楼新建工程）施工中标结果公告,江苏云港投资发展有限公司,江苏通泰装饰工程有限公司,1049.419731,2019年11月15日,,连云港市
常州市新北区仁和路以东、云河路北侧地块开发项目质量检测中标结果公告,常州御盛房地产开发有限公司,常州市安贞建设工程检测有限公司,464.090460  万元,2019年11月11日,,常州市
泗阳县2019年秋季30万花灌木进城（北京路）栽植工程(泗阳县2019年秋季30万花灌木进城（北京路）栽植工程), 泗阳县住房和城乡建设局, 江苏建航工程有限公司, 7218011.52 元,,,宿迁市
(溧水分中心)2015年溧水城南新区市政道路建设工程溧水区幸源路、石燕路、石虎路绿化工程,,江苏德景环境建设有限公司,2555.391415,2019/11/15,,南京市
泰兴市公安局交通警察大队分界交警中队业务用房装修工程施工中标结果公告,,, 51.04 万元,,泰兴市建设工程网上招投标系,泰州市
