（安卓）Android 开发工程师,北京文创思宇科技发展有限公司,0.8-1万/月,北京-西城区,1年经验,本科,招1人,05-20发布,定期体检|交通补贴
Android开发工程师,北京天创征腾信息科技有限公司,0.9-1.2万/月,北京-海淀区,无工作经验,本科,招3人,05-20发布,五险一金|交通补贴|餐饮补贴|通讯补贴|年终奖金|弹性工作|绩效奖金
Android高级工程师 (MJ001909),欢聚时代（多玩YY）,2.5-3.5万/月,广州-番禺区,3-4年经验,本科,招3人,05-20发布,
Android研发工程师,北京迪曼森科技有限公司,1.5-2万/月,北京-海淀区,无工作经验,大专,招若干人,05-20发布,五险一金|员工旅游|交通补贴|餐饮补贴|年终奖金|定期体检|周末双休
Android开发工程师,北京博兴高科科技有限公司,1-1.5万/月,北京-朝阳区,3-4年经验,本科,招1人,05-20发布,五险一金|员工旅游|生日福利|年终奖金|弹性工作
Frontend App Deverloper(Android),大众汽车（中国）投资有限公司,,北京,无工作经验,本科,招4人,05-20发布,五险一金|补充医疗保险|员工旅游|餐饮补贴|专业培训|出国机会|年终奖金
上市集团-高级android开发工程师,嘉联支付有限公司,1.5-2.5万/月,北京-丰台区,3-4年经验,本科,招1人,05-20发布,五险一金|专业培训
Android开发工程师,北京英视睿达科技有限公司,0.8-1.5万/月,北京-丰台区,2年经验,本科,招2人,05-20发布,五险一金|餐饮补贴|通讯补贴|交通补贴|绩效奖金|年终奖金
Android开发工程师(职位编号：18185),奇虎360科技有限公司,2-2.5万/月,北京,2年经验,本科,招1人,05-20发布,
Android开发工程师,北京思卓软件有限公司,0.8-1万/月,北京-西城区,2年经验,本科,招1人,05-20发布,弹性工作
Android开发工程师,北京亿和博嘉教育科技有限公司,1-2万/月,北京-朝阳区,3-4年经验,本科,招1人,05-20发布,五险一金|年终奖金|全勤奖|节日福利|弹性工作
Android开发工程师,上海艾融软件股份有限公司,1-1.3万/月,北京-海淀区,2年经验,本科,招1人,05-20发布,五险一金|定期体检|专业培训|餐饮补贴
平台测试,软通动力信息技术（集团）有限公司,0.8-1万/月,北京,2年经验,本科,招1人,04-17发布,五险一金|弹性工作|定期体检|免费班车
C++客户端工程师（手游）,完美世界（北京）总部/完美时空,1.5-2.5万/月,北京,无工作经验,本科,招1人,05-20发布,五险一金|补充医疗保险|交通补贴|专业培训|绩效奖金|弹性工作|定期体检
全栈工程师(职位编号：J190574),网易集团,2.5-3万/月,北京,2年经验,硕士,招1人,05-20发布,
全栈工程师(职位编号：J190584),网易集团,2.5-3万/月,北京,2年经验,硕士,招1人,05-20发布,
前端Java开发工程师,中科软科技股份有限公司,0.9-1.8万/月,北京,1年经验,本科,招10人,05-20发布,
GNSS解决方案工程师,三星半导体（中国）研究开发有限公司,1.5-3万/月,北京-朝阳区,无工作经验,本科,招若干人,05-20发布,五险一金|员工旅游|交通补贴|餐饮补贴|通讯补贴|年终奖金|弹性工作|定期体检|绩效奖金
高级手机测试工程师（Performance）,小米通讯技术有限公司,1.5-3万/月,北京-海淀区,5-7年经验,本科,招2人,03-21发布,五险一金|交通补贴|餐饮补贴
camera 底层软件工程师-北京,小米通讯技术有限公司,2-4万/月,北京-海淀区,3-4年经验,本科,招3人,03-21发布,五险一金|交通补贴|餐饮补贴
modem工程师-北京,小米通讯技术有限公司,1.5-3万/月,北京-海淀区,3-4年经验,本科,招3人,03-21发布,五险一金|交通补贴|餐饮补贴
移动端开发工程师,北京商联达科技有限公司,1-2万/月,北京-海淀区,2年经验,大专,招若干人,05-14发布,五险一金|绩效奖金|专业培训|通讯补贴
移动端视频研发工程师(职位编号：19424),字节跳动,2.5-5万/月,北京,3-4年经验,本科,招5人,04-26发布,租房补贴|扁平管理|职业大牛|团队氛围好
前端开发工程师,北京旋极伏羲大数据技术有限公司,1.2-2万/月,北京-海淀区,5-7年经验,本科,招3人,05-20发布,五险一金|补充医疗保险|交通补贴|餐饮补贴|通讯补贴|定期体检|股票期权|员工旅游
C++开发工程师,北京云迹科技有限公司,1.5-2.5万/月,北京-海淀区,3-4年经验,本科,招1人,05-20发布,五险一金|专业培训|绩效奖金|年终奖金|股票期权|弹性工作|定期体检
web前段开发工程师,深圳市一里递商务科技有限公司,2-5万/月,北京-海淀区,无工作经验,大专,招10人,05-20发布,
Android多媒体框架开发工程师,字节跳动,2.5-5万/月,北京,3-4年经验,本科,招5人,05-20发布,租房补贴|扁平管理|职业大牛|团队氛围好
PCB软硬件工程师,北京凯瑞通电子技术有限公司,3-6千/月,北京-通州区,无工作经验,中专,招若干人,05-14发布,
高级android开发工程师,随锐科技股份有限公司,1.5-2万/月,北京-海淀区,3-4年经验,本科,招1人,05-20发布,餐饮补贴|定期体检|六险一金|周末双休
Android开发工程师,北京酷车易美网络科技有限公司,0.8-1.3万/月,北京-朝阳区,2年经验,大专,招2人,05-20发布,员工旅游|股票期权|年终奖金|定期体检|餐饮补贴|五险一金|补充医疗保险
Android高级工程师,易视腾科技股份有限公司,1.5-2.5万/月,北京,3-4年经验,本科,招4人,05-20发布,五险一金|补充医疗保险|通讯补贴|定期体检|绩效奖金|年终奖金
Android高级音视频开发工程师(职位编号：17951),奇虎360科技有限公司,2-2.5万/月,北京,3-4年经验,本科,招2人,05-20发布,
Android开发工程师,乐荐信息科技（北京）有限公司,0.8-1.2万/月,北京-朝阳区,2年经验,本科,招1人,05-20发布,做五休二|周末双休|弹性工作|带薪年假|五险一金|节日福利|绩效奖金|专业培训
高德-Android 高级开发工程师/专家-数据研发部(职位编号：GP506409),阿里巴巴集团,,北京,3-4年经验,本科,招1人,05-20发布,
友盟-Android研发工程师（专家）(职位编号：GP025876),阿里巴巴集团,,北京,3-4年经验,本科,招1人,05-20发布,
资深Android软件工程师(杭州)(职位编号：vivo002843),vivo智能手机（维沃移动通信有限公司）,2.5-5万/月,杭州-西湖区,5-7年经验,本科,招6人,05-20发布,
Android开发工程师,北京直真科技股份有限公司,2-2.5万/月,北京-朝阳区,3-4年经验,本科,招3人,05-20发布,五险一金|股票期权|年终奖金|绩效奖金|通讯补贴|餐饮补贴|弹性工作|定期体检|专业培训
CSIG16-腾讯地图Android开发工程师（北京）(职位编号：50056),深圳市腾讯计算机系统有限公司,,北京,5-7年经验,本科,招1人,05-20发布,
阿里集团-高级Android开发工程师-POI(职位编号：GP539843),阿里巴巴集团,,北京,3-4年经验,本科,招1人,05-20发布,
创新业务事业群-Android客户端研发.WQZ-CH(职位编号：GP536021),阿里巴巴集团,,北京,3-4年经验,本科,招1人,05-20发布,
Android开发高级工程师(职位编号：15081),字节跳动,2.5-3.5万/月,北京,3-4年经验,本科,招3人,05-20发布,弹性工作|免费三餐|租房补贴|五险一金
高级Android研发专家(职位编号：16067),字节跳动,2.5-5万/月,北京,3-4年经验,本科,招3人,05-20发布,六险一金|弹性工作|免费三餐|租房补贴|过亿用户|职业大牛|晋升空间|团队氛围好
高级Android研发工程师(职位编号：16066),字节跳动,2.5-5万/月,北京,3-4年经验,本科,招10人,05-20发布,六险一金|弹性工作|免费三餐|租房补贴|过亿用户|职业大牛|晋升空间|团队氛围好
Android开发工程师(职位编号：16768),字节跳动,2.5-3.5万/月,北京,3-4年经验,本科,招3人,05-20发布,弹性工作|免费三餐|租房补贴|五险一金
Android开发高级工程师(职位编号：19884),字节跳动,2-4万/月,北京,3-4年经验,本科,招3人,05-20发布,弹性工作|免费三餐|租房补贴|五险一金
多媒体Android平台研发工程师(职位编号：20805),字节跳动,2-4万/月,北京,1年经验,本科,招5人,05-20发布,租房补贴|扁平管理|职业大牛|团队氛围好
代码配置管理工程师,三星半导体（中国）研究开发有限公司,1.5-3万/月,北京-朝阳区,无工作经验,本科,招若干人,05-20发布,五险一金|员工旅游|交通补贴|餐饮补贴|通讯补贴|年终奖金|弹性工作|定期体检|绩效奖金
Modem协议栈验证及技术支持,北京三星通信技术研究有限公司,1.5-2.5万/月,北京-朝阳区,无工作经验,硕士,招5人,05-20发布,五险一金|补充医疗保险|弹性工作|专业培训|出国机会|定期体检|年终奖金
Android研发工程师 - 抖音(职位编号：20960),字节跳动,2-4万/月,北京,2年经验,本科,招3人,05-20发布,六险一金|弹性工作|免费三餐|租房补贴|带薪休假|休闲下午茶|扁平管理|职业大牛|晋升空间|团队氛围好
高级Android开发工程师(职位编号：21589),字节跳动,2.5-5万/月,北京,3-4年经验,本科,招1人,05-20发布,六险一金|弹性工作|免费三餐|租房补贴|休闲下午茶|扁平管理|健身瑜伽
Android研发工程师(职位编号：22932),字节跳动,2-4万/月,北京,3-4年经验,本科,招3人,05-20发布,六险一金|弹性工作|免费三餐|租房补贴|过亿用户|职业大牛|晋升空间|团队氛围好
Android开发工程师(职位编号：23178),字节跳动,1.8-3.6万/月,北京,2年经验,本科,招3人,05-20发布,弹性工作|免费三餐|租房补贴|五险一金
Android研发实习生 - 多媒体方向(职位编号：15725),字节跳动,0.8-1万/月,北京,无工作经验,本科,招10人,05-20发布,免费三餐|租房补贴|休闲下午茶|扁平管理|职业大牛|晋升空间|团队氛围好
Android开发实习生(职位编号：7069),字节跳动,0.6-1万/月,北京,无工作经验,本科,招5人,05-20发布,免费三餐|租房补贴|休闲下午茶|职业大牛
Android开发高级工程师 - 懂车帝(职位编号：24721),字节跳动,2.5-3.5万/月,北京,3-4年经验,本科,招3人,05-20发布,弹性工作|免费三餐|租房补贴|五险一金
Telephony解决方案工程师,北京三星通信技术研究有限公司,1.5-2.5万/月,北京-朝阳区,无工作经验,硕士,招5人,05-20发布,五险一金|补充医疗保险|弹性工作|专业培训|出国机会|定期体检|年终奖金
WiFi/蓝牙解决方案工程师,北京三星通信技术研究有限公司,1.5-2.5万/月,北京-朝阳区,无工作经验,硕士,招5人,05-20发布,五险一金|补充医疗保险|弹性工作|专业培训|出国机会|定期体检|年终奖金
手机系统开发工程师-虚拟化方向,深圳达闼科技控股有限公司,1.8-3.5万/月,北京-朝阳区,3-4年经验,本科,招3人,05-20发布,五险一金|补充医疗保险|餐饮补贴|通讯补贴|专业培训|年终奖金|绩效奖金|弹性工作|定期体检
React Native-IOS开发工程师,广州奔步电脑有限公司,1.5-2万/月,北京-朝阳区,3-4年经验,本科,招若干人,05-20发布,五险一金|补充医疗保险|绩效奖金|年终奖金|弹性工作|专业培训|定期体检|12天年假
安卓开发工程师（T5）,四川绿橙人力资源管理有限公司,2.5-3.2万/月,北京-海淀区,5-7年经验,本科,招5人,05-20发布,
高德- Android高级开发工程师(职位编号：GP535013),阿里巴巴集团,,北京,3-4年经验,本科,招3人,05-20发布,
文娱-Android技术专家-北京(职位编号：GP533701),阿里巴巴集团,,北京,3-4年经验,本科,招1人,05-20发布,
移动浏览器内核研发工程师(职位编号：71385),联想集团,,北京,2年经验,本科,招若干人,05-20发布,
安卓系统工程师,瓦戈科技（上海）有限公司,1.3-2万/月,北京-海淀区,3-4年经验,本科,招若干人,05-20发布,五险一金
Android开发工程师(J12445),北京北大方正电子有限公司,1-2万/月,北京-海淀区,2年经验,本科,招若干人,04-02发布,五险一金|餐饮补贴|年终奖金|周末双休|带薪年假|免费班车|体检
高级Android开发（多媒体业务团队）,北京神州泰岳软件股份有限公司,2-2.5万/月,北京-朝阳区,5-7年经验,本科,招1人,04-02发布,
初级Android开发工程师,北京众智联创科技有限公司,6-8千/月,北京-大兴区,1年经验,本科,招若干人,04-07发布,五险一金|餐饮补贴|股票期权|年终奖金|绩效奖金
Android开发工程师,北京中科软通科技有限责任公司,1-1.5万/月,北京-西城区,2年经验,本科,招2人,04-10发布,五险一金|交通补贴|餐饮补贴|绩效奖金|定期体检
家长帮-Android开发负责人,好未来教育（原学而思教育),2.5-3.5万/月,北京-海淀区,5-7年经验,本科,招1人,04-11发布,五险一金|补充医疗保险|补充公积金|年终奖金|定期体检|绩效奖金|周末双休|带薪年假|节日福利
直播云-Android研发工程师,好未来教育（原学而思教育),1.5-2.5万/月,北京-海淀区,3-4年经验,本科,招1人,04-11发布,五险一金|补充医疗保险|年终奖金|定期体检|周末双休|带薪年假|节日福利|弹性工作
研发工程师 - BSP方向(职位编号：30362),字节跳动,2.5-5万/月,北京,3-4年经验,本科,招3人,05-20发布,扁平管理|免费三餐|团队氛围好|租房补贴|职业大牛
互联网高级Android开发工程师,天津人瑞人力资源服务有限公司,2-4万/月,北京-朝阳区,5-7年经验,本科,招1人,04-15发布,五险一金|补充医疗保险|全额基数缴纳|15-19薪|包三餐
高性能计算架构开发工程师 - 抖音短视频(职位编号：29903),字节跳动,3.5-7万/月,北京,3-4年经验,本科,招5人,05-20发布,六险一金|高薪期权|免费三餐|租房补贴|扁平管理|过亿用户|职业大牛|团队氛围好
高级图像算法研发工程师 - 视频增强方向(职位编号：29902),字节跳动,3.5-7万/月,北京,3-4年经验,本科,招5人,05-20发布,六险一金|高薪期权|免费三餐|租房补贴|扁平管理|过亿用户|职业大牛|团队氛围好
音视频开发工程师 - 抖音短视频(职位编号：29887),字节跳动,3-6万/月,北京,3-4年经验,本科,招10人,05-20发布,六险一金|高薪期权|弹性工作|免费三餐|租房补贴|带薪休假|职业大牛|晋升空间
多媒体高级开发工程师 - 抖音短视频(职位编号：29888),字节跳动,3-6万/月,北京,3-4年经验,本科,招5人,05-20发布,六险一金|高薪期权|弹性工作|免费三餐|租房补贴|带薪休假|职业大牛|晋升空间
安全实习工程师 - 有转正机会(职位编号：30082),字节跳动,0.8-1万/月,北京,无工作经验,本科,招10人,05-20发布,休闲下午茶|弹性工作|免费三餐|团队氛围好
视频算法实习生 - 有转正机会(职位编号：31519),字节跳动,0.6-1万/月,北京,无工作经验,本科,招5人,05-20发布,休闲下午茶|职业大牛|免费三餐|租房补贴
音频研发实习生 - 抖音短视频(职位编号：32093),字节跳动,0.6-1万/月,北京,无工作经验,本科,招5人,05-20发布,休闲下午茶|职业大牛|免费三餐|租房补贴
移动平台音频开发工程师(职位编号：14709),字节跳动,2.5-5万/月,北京,3-4年经验,本科,招5人,05-20发布,租房补贴|扁平管理|职业大牛|团队氛围好
移动端（高级）测试开发工程师(职位编号：7511),字节跳动,2-2.5万/月,北京-海淀区,3-4年经验,本科,招若干人,05-20发布,
多媒体（高级）开发工程师(职位编号：8176),字节跳动,3-4万/月,北京-海淀区,3-4年经验,本科,招若干人,05-20发布,
图形图像算法工程师,字节跳动,2.5-5万/月,北京,3-4年经验,本科,招3人,05-20发布,高薪期权|弹性工作|租房补贴|过亿用户|职业大牛
C++客户端工程师,字节跳动,2-4万/月,北京,2年经验,本科,招2人,05-20发布,六险一金|弹性工作|免费三餐|租房补贴|带薪休假|扁平管理|晋升空间
流媒体直播客户端研发工程师,字节跳动,2.5-5万/月,北京,3-4年经验,本科,招5人,05-20发布,租房补贴|扁平管理|职业大牛|团队氛围好
音效处理算法工程师(职位编号：14711),字节跳动,2.5-5万/月,北京,3-4年经验,本科,招5人,05-20发布,租房补贴|扁平管理|职业大牛|团队氛围好
嵌入式软件工程师,上海华羿汽车系统集成有限公司,20-30万/年,北京-海淀区,2年经验,本科,招3人,03-21发布,
前端应用开发岗,百望股份有限公司,1-2万/月,北京-海淀区,2年经验,大专,招1人,03-21发布,周末双休|五险一金|交通补贴|餐饮补贴|通讯补贴|节日福利|独角兽企业
Android研发工程师 - 火山(职位编号：24878),字节跳动,2-4万/月,北京,2年经验,本科,招3人,05-20发布,六险一金|弹性工作|免费三餐|租房补贴|带薪休假|休闲下午茶|扁平管理|职业大牛|晋升空间|团队氛围好
资深Android开发工程师 - 抖音/火山(职位编号：25144),字节跳动,3-6万/月,北京,3-4年经验,本科,招5人,05-20发布,六险一金|高薪期权|弹性工作|免费三餐|租房补贴|带薪休假|扁平管理|职业大牛|晋升空间
Android架构师 - 抖音/火山(职位编号：25143),字节跳动,3-6万/月,北京,3-4年经验,本科,招5人,05-20发布,六险一金|高薪期权|弹性工作|免费三餐|租房补贴|带薪休假|扁平管理|职业大牛|晋升空间
Java中级,郑州菏怀软件科技有限公司,1.5-2万/月,北京-海淀区,3-4年经验,本科,招5人,05-20发布,五险一金|弹性工作|交通补贴|年终奖金|绩效奖金
测试工程师,中软国际科技服务有限公司,1-1.5万/月,北京-朝阳区,3-4年经验,本科,招1人,05-20发布,五险一金|年终奖金|年轻团队|上市企业|弹性工作|绩效奖金
UI讲师 (MJ003643),达内时代科技集团有限公司,1.5-2.5万/月,北京,3-4年经验,本科,招1人,05-20发布,
安卓高级开发工程师-阳泉(001236)(职位编号：001236),启迪国信科技有限公司,1-1.5万/月,阳泉,5-7年经验,本科,招1人,05-20发布,
售前经理,深圳爱加密科技有限公司,1-1.5万/月,北京,3-4年经验,本科,招1人,05-20发布,五险一金|员工旅游|年终奖金|绩效奖金|股票期权
驱动工程师,易视腾科技股份有限公司,1.3-2.5万/月,北京,3-4年经验,本科,招4人,05-20发布,五险一金|补充医疗保险|绩效奖金|年终奖金|定期体检
Android开发工程师,广誉远中药股份有限公司,0.8-1.5万/月,北京,1年经验,大专,招若干人,05-20发布,交通补贴|通讯补贴
Android资深开发工程师,广州小鹏汽车科技有限公司,2-5万/月,北京-海淀区,5-7年经验,硕士,招5人,05-20发布,年终奖金|餐饮补贴|弹性工作|五险一金
Android软件开发工程师,普天信息技术有限公司,0.8-1.5万/月,北京-海淀区,2年经验,本科,招1人,05-20发布,
测试工程师,易视腾科技股份有限公司,1.2-1.8万/月,北京,3-4年经验,本科,招5人,05-20发布,五险一金|补充医疗保险|通讯补贴|定期体检|绩效奖金|年终奖金
安卓/Android/应用开发工程师,郴州七啸网络科技有限公司,1-1.5万/月,郴州,3-4年经验,大专,招6人,05-20发布,五险一金|员工旅游|餐饮补贴|专业培训|绩效奖金|年终奖金|包住
AI硬件-Android驱动工程师 (MJ003018),北京搜狗科技发展有限公司,3-4万/月,北京-海淀区,5-7年经验,本科,招2人,05-20发布,五险一金|餐饮补贴|补充医疗保险|弹性工作|绩效奖金
软件开发工程师（Android/iOS）,嘉兴安越企业管理咨询有限公司,2-3万/月,北京,5-7年经验,本科,招若干人,05-20发布,五险一金|免费班车|员工旅游|交通补贴|餐饮补贴|通讯补贴|专业培训|出国机会|年终奖金|绩效奖金
Android开发工程师,北京开科唯识技术有限公司,1-1.5万/月,北京-石景山区,2年经验,本科,招1人,05-20发布,五险一金|补充公积金|员工旅游|餐饮补贴|专业培训|弹性工作
Android应用开发工程师,北京梧桐车联科技有限责任公司,2-4万/月,北京-海淀区,3-4年经验,本科,招7人,05-20发布,五险一金|免费班车|餐饮补贴|弹性工作
ios开发总监,北京中科白癜风医院,1.5-3万/月,北京-大兴区,2年经验,大专,招1人,05-08发布,绩效奖金|员工旅游|包吃住
高级JAVA全栈工程师,北京正通博瑞科技有限公司,1.5-2万/月,北京-海淀区,3-4年经验,本科,招若干人,05-08发布,五险一金|餐饮补贴|通讯补贴
Java高级开发工程师,北京正通博瑞科技有限公司,1.3-1.5万/月,北京-海淀区,3-4年经验,本科,招1人,05-08发布,五险一金|餐饮补贴|通讯补贴
APP开发经理,北京臻迪机器人有限公司,2-3万/月,北京-昌平区,5-7年经验,本科,招1人,05-09发布,五险一金|餐饮补贴|通讯补贴|定期体检|出国机会
高级UI设计师,北京正通博瑞科技有限公司,1.5-2万/月,北京-海淀区,3-4年经验,本科,招1人,05-09发布,五险一金|餐饮补贴|通讯补贴
软件开发工程师,北京睿智思科科技发展有限公司,0.5-1万/月,北京-朝阳区,无工作经验,本科,招3人,05-09发布,五险一金|补充医疗保险|通讯补贴|餐饮补贴|绩效奖金|出国机会|定期体检
项目经理（SSC1908）,北京南天软件有限公司,1-2万/月,北京-朝阳区,5-7年经验,本科,招2人,04-08发布,五险一金|定期体检|年终奖金|带薪年假|节日福利|弹性工作
WEB前端开发工程师,中国软件与技术服务股份有限公司,0.8-1.5万/月,北京-昌平区,无工作经验,本科,招4人,04-08发布,五险一金|免费班车|通讯补贴|年终奖金|专业培训|带薪年假|节日福利|包住|定期体检
Android开发工程师,北京易赛体育产业有限公司,0.8-1.6万/月,北京-朝阳区,2年经验,本科,招若干人,04-16发布,五险一金|交通补贴|餐饮补贴|绩效奖金|带薪年假
HTML5前端开发工程师,中国软件与技术服务股份有限公司,0.8-1.2万/月,北京-昌平区,无工作经验,本科,招1人,04-09发布,五险一金|免费班车|通讯补贴|年终奖金|专业培训|带薪年假|节日福利|包住|定期体检
Android开发,北京威米信科技有限公司,6-8千/月,北京-海淀区,无工作经验,本科,招2人,04-15发布,
Android工程师,小米通讯技术有限公司,1.5-3万/月,北京-海淀区,3-4年经验,本科,招2人,04-19发布,五险一金|交通补贴|餐饮补贴
Android应用开发工程师,比亚迪精密制造有限公司,1.2-2.4万/月,北京-通州区,无工作经验,本科,招5人,04-23发布,做五休二|周末双休|带薪年假|交通补贴|五险一金|绩效奖金|通讯补贴|专业培训|节日福利
Android开发工程师 系统架构师,北京赛科世纪科技股份有限公司,0.8-1.8万/月,北京-海淀区,2年经验,本科,招2人,04-24发布,五险一金|餐饮补贴|绩效奖金|年终奖金|弹性工作|全勤奖|节日福利
Android高级开发工程师,小米通讯技术有限公司,2-3.5万/月,北京-海淀区,5-7年经验,本科,招2人,04-28发布,五险一金|补充医疗保险|餐饮补贴|年终奖金|股票期权|弹性工作|定期体检
Android框架开发工程师,天际汽车科技集团有限公司,2.5-3万/月,北京-朝阳区,5-7年经验,本科,招若干人,05-05发布,五险一金|弹性工作|专业培训|年终奖金|交通补贴
Android framework工程师 (MJ000007),优奈柯恩（北京）科技有限公司,2.1-4.2万/月,北京-海淀区,3-4年经验,本科,招1人,05-05发布,五险一金|出国机会|餐饮补贴|年终奖金|定期体检|股票期权
高级Android开发工程师,新华书店总店,1.5-2.5万/月,北京-西城区,3-4年经验,本科,招若干人,05-05发布,五险二金|带薪年休假|免费早中餐|其他福利|年终奖金|定期体检
Android开发工程师,北京招通致晟科技有限公司,1-1.5万/月,北京,3-4年经验,本科,招1人,05-06发布,五险一金|补充医疗保险|年终奖金|弹性工作|定期体检
Android Audio软件工程师-峰米,深圳光峰科技股份有限公司,2.5-3万/月,北京-海淀区,5-7年经验,本科,招1人,05-07发布,五险一金|免费班车|年终奖金|定期体检|餐饮补贴
Android HDMI软件工程师-峰米,深圳光峰科技股份有限公司,2.5-3万/月,北京-海淀区,3-4年经验,本科,招1人,05-07发布,五险一金|免费班车|年终奖金|定期体检|餐饮补贴
Android MultiMedia软件工程师-峰米,深圳光峰科技股份有限公司,2.5-3万/月,北京-海淀区,3-4年经验,本科,招1人,05-07发布,五险一金|免费班车|年终奖金|定期体检|餐饮补贴
Android开发工程师（峰米）,深圳光峰科技股份有限公司,1.5-3.5万/月,北京-海淀区,5-7年经验,本科,招2人,05-07发布,五险一金|免费班车|年终奖金|定期体检|餐饮补贴
2019校招-Android/Linux开发工程师,联发科技股份有限公司,1.5-2万/月,北京-朝阳区,无工作经验,硕士,招若干人,05-07发布,五险一金|补充医疗保险|免费班车|年终奖金|绩效奖金|餐饮补贴|定期体检
Android开发工程师(职位编号：2),盘古通信有限公司,1-1.5万/月,北京-朝阳区,无工作经验,本科,招1人,05-10发布,
Android系统工程师(职位编号：7),盘古通信有限公司,1-1.5万/月,北京-朝阳区,无工作经验,本科,招1人,05-10发布,
Android 整机开发,盘古通信有限公司,1-1.5万/月,北京-朝阳区,无工作经验,本科,招1人,05-10发布,
商业运营平台部_IOS高级开发工程师(职位编号：027055),百度在线网络技术（北京）有限公司,1.5-3万/月,北京-海淀区,3-4年经验,本科,招若干人,05-20发布,
BSP功耗工程师(职位编号：33469),字节跳动,1.5-3万/月,北京,无工作经验,本科,招1人,05-20发布,六险一金|餐补|租房补贴
语音前处理算法工程师 - 抖音短视频(职位编号：33835),字节跳动,3-6万/月,北京,3-4年经验,本科,招5人,05-20发布,高薪期权|租房补贴|扁平管理|职业大牛|团队氛围好|优厚薪资
音频研发工程师 - 抖音短视频(职位编号：31446),字节跳动,2.5-5万/月,北京,3-4年经验,本科,招5人,05-20发布,高薪期权|租房补贴|扁平管理|职业大牛|团队氛围好|优厚薪资
计算机视觉软件工程师 - AI Lab(职位编号：33932),字节跳动,2-4万/月,北京,无工作经验,本科,招3人,05-20发布,免费三餐|租房补贴|休闲下午茶|扁平管理|职业大牛|团队氛围好
UI动效设计师(职位编号：34011),字节跳动,2-4万/月,北京,3-4年经验,本科,招1人,05-20发布,六险一金|过亿用户|职业大牛|晋升空间
测试开发leader(职位编号：34437),字节跳动,4-8万/月,北京,5-7年经验,本科,招1人,05-20发布,六险一金|弹性工作|餐补|租房补贴
资深UX设计师 - lark(职位编号：34700),字节跳动,2-4万/月,北京,5-7年经验,本科,招3人,05-20发布,六险一金|弹性工作|免费三餐|租房补贴|带薪休假|扁平管理|团队氛围好
UX设计师 - lark(职位编号：35007),字节跳动,2-4万/月,北京,2年经验,本科,招5人,05-20发布,六险一金|弹性工作|免费三餐|租房补贴|带薪休假|扁平管理|团队氛围好
高级UX设计师 - Lark(职位编号：35008),字节跳动,2-4万/月,北京,3-4年经验,本科,招3人,05-20发布,六险一金|弹性工作|免费三餐|租房补贴|带薪休假|扁平管理|团队氛围好
交互设计师 - Lark(职位编号：35009),字节跳动,2-4万/月,北京,2年经验,本科,招5人,05-20发布,六险一金|弹性工作|免费三餐|租房补贴|带薪休假|扁平管理|团队氛围好
高级UI设计师,北京安德信业信息咨询有限责任公司,1.5-2万/月,北京,3-4年经验,大专,招若干人,05-20发布,五险一金|员工旅游|绩效奖金|年终奖金
测试工程师,北京安德信业信息咨询有限责任公司,1-2万/月,北京,无工作经验,本科,招若干人,05-20发布,五险一金|员工旅游|绩效奖金|年终奖金
系统实施工程师,重庆睿景信息技术有限公司,3-8千/月,重庆-九龙坡区,1年经验,大专,招若干人,05-20发布,五险一金|餐饮补贴|交通补贴|定期体检|员工旅游
实施经理,重庆睿景信息技术有限公司,0.7-1.2万/月,重庆-九龙坡区,3-4年经验,本科,招若干人,05-20发布,五险一金|餐饮补贴|交通补贴|定期体检|员工旅游
高级客户端开发工程师,完美世界（北京）总部/完美时空,3-4万/月,北京,无工作经验,本科,招1人,05-20发布,
游戏联运高级前端工程师(职位编号：16001),字节跳动,4-7万/月,北京,3-4年经验,本科,招2人,05-20发布,六险一金|弹性工作|免费三餐|租房补贴|休闲下午茶|过亿用户
ios工程师-北京-00014,北京清流鼎点科技有限公司,1.4-1.8万/月,北京,1年经验,本科,招1人,05-20发布,
APP开发工程师-北京-00028,北京清流鼎点科技有限公司,1.5-2万/月,北京,1年经验,本科,招1人,05-20发布,五险一金|补充医疗保险|餐饮补贴|年终奖金
移动端视频研发工程师(职位编号：17552),字节跳动,2-4万/月,北京,2年经验,本科,招4人,05-20发布,六险一金|弹性工作|免费三餐|租房补贴|扁平管理|过亿用户|晋升空间|团队氛围好|优厚薪资
直播客户端C++工程师(职位编号：17551),字节跳动,2-4万/月,北京,2年经验,本科,招5人,05-20发布,弹性工作|免费三餐|租房补贴|扁平管理|过亿用户|晋升空间|团队氛围好|优厚薪资|五险一金
播放器开发工程师(职位编号：17558),字节跳动,2-4万/月,北京,2年经验,本科,招3人,05-20发布,六险一金|弹性工作|免费三餐|租房补贴|带薪休假|扁平管理|过亿用户|晋升空间|团队氛围好|优厚薪资
移动端研发专家 - 多媒体SDK(职位编号：18017),字节跳动,2.5-5万/月,北京,3-4年经验,本科,招5人,05-20发布,六险一金|弹性工作|免费三餐|租房补贴|带薪休假|休闲下午茶|扁平管理|健身瑜伽|过亿用户|职业大牛
UI设计师(职位编号：20205),字节跳动,1.8-3.6万/月,北京,3-4年经验,本科,招3人,05-20发布,弹性工作|免费三餐|租房补贴|休闲下午茶|扁平管理|职业大牛|晋升空间|五险一金
多媒体iOS平台研发工程师(职位编号：20804),字节跳动,2-4万/月,北京,1年经验,本科,招5人,05-20发布,租房补贴|扁平管理|职业大牛|团队氛围好
UI设计师,北京比财数据科技有限公司,1.5-2万/月,北京-朝阳区,3-4年经验,本科,招2人,05-20发布,
测试工程师 - 抖音/火山(职位编号：21269),字节跳动,1.5-3万/月,北京,3-4年经验,本科,招5人,05-20发布,六险一金|免费三餐|租房补贴|带薪休假|休闲下午茶|职业大牛|晋升空间|团队氛围好
安卓系统开发工程师,北京技德系统技术有限公司,1.5-3万/月,北京-朝阳区,2年经验,本科,招2人,05-20发布,五险一金|员工旅游|专业培训|弹性工作
高级音频软件工程师(职位编号：22580),字节跳动,2-4万/月,北京,3-4年经验,本科,招3人,05-20发布,六险一金|弹性工作|免费三餐|租房补贴|带薪休假|休闲下午茶|扁平管理|健身瑜伽|过亿用户|职业大牛
移动端音视频开发工程师(职位编号：23179),字节跳动,2.5-5万/月,北京,3-4年经验,本科,招5人,05-20发布,六险一金|高薪期权|弹性工作|免费三餐|租房补贴|带薪休假|休闲下午茶|扁平管理|健身瑜伽|过亿用户
安全实习工程师(职位编号：23586),字节跳动,0.5-1万/月,北京,无工作经验,本科,招10人,05-20发布,弹性工作|免费三餐|休闲下午茶|团队氛围好
高级iOS开发工程师(职位编号：23873),字节跳动,2.5-5万/月,北京,3-4年经验,本科,招3人,05-20发布,六险一金|弹性工作|免费三餐|租房补贴
高级UI设计师(职位编号：24509),字节跳动,2.5-5万/月,北京,5-7年经验,本科,招3人,05-20发布,六险一金|弹性工作|免费三餐|休闲下午茶|带薪休假|租房补贴|健身瑜伽|优厚薪资
音频开发工程师（语玩bj021）,贵阳朗玛信息技术股份有限公司,1.5-2.5万/月,北京-海淀区,2年经验,本科,招1人,05-17发布,五险一金|餐饮补贴|定期体检|交通补贴
助理安卓工程师,北京爸爸的选择科技有限公司,0.6-1万/月,北京-朝阳区,无工作经验,本科,招2人,05-17发布,节日福利|五险一金|专业培训|股票期权|年终奖金|美日旅游
安卓工程师,北京爸爸的选择科技有限公司,1.5-2万/月,北京-朝阳区,3-4年经验,本科,招2人,05-17发布,节日福利|五险一金|专业培训|股票期权|年终奖金|美日旅游
APP测试工程师,北京中科铭天信息技术有限公司,1-1.5万/月,北京-朝阳区,3-4年经验,本科,招2人,05-17发布,
HTML5开发工程师,北京赛思天成科技有限责任公司,1-2万/月,北京-昌平区,3-4年经验,大专,招2人,05-17发布,五险一金|免费班车|交通补贴|通讯补贴|定期体检|提供早中饭|下班早|年终奖金|节假日福利
高级产品经理,北京赛思天成科技有限责任公司,1-1.8万/月,北京-昌平区,3-4年经验,本科,招2人,05-17发布,五险一金|免费班车|年终奖金|定期体检|员工旅游|餐饮补贴|通讯补贴|交通补贴|专业培训
Andriod开发工程师,启迪云控(北京)科技有限公司,1.5-2万/月,北京-海淀区,5-7年经验,本科,招1人,05-17发布,
产品经理（移动端方向）,启迪云控(北京)科技有限公司,2-3万/月,北京-海淀区,3-4年经验,本科,招若干人,05-17发布,五险一金|补充医疗保险|餐饮补贴|弹性工作|定期体检|绩效奖金|年终奖金|员工旅游
C/C++产品开发工程师（入职即上五险一金）,北京文通科技有限公司,1-1.5万/月,北京,无工作经验,本科,招若干人,05-17发布,五险一金|员工旅游|交通补贴|通讯补贴|专业培训|定期体检|年终奖金
测试人员(J10257),信美人寿相互保险社,1.5-2万/月,北京-西城区,3-4年经验,本科,招3人,03-25发布,
智能驾驶舱-C++开发工程师,北京市商汤科技开发有限公司,1.5-2.5万/月,北京-海淀区,3-4年经验,本科,招若干人,03-25发布,餐饮补贴|五险一金|补充医疗保险|专业培训|通讯补贴|年终奖金|股票期权|弹性工作
手机开发工程师,北京蓝深大业计算机网络有限公司,1-1.5万/月,北京-西城区,3-4年经验,大专,招2人,03-25发布,
Java开发工程师,北京呈创科技股份有限公司,1.2-2万/月,北京,2年经验,大专,招若干人,03-25发布,五险一金|补充医疗保险|绩效奖金|过节福利|专业培训
移动安全工程师(001149)(职位编号：360ESG001149),奇安信集团,1.5-3万/月,北京,2年经验,大专,招1人,03-25发布,
UI实习生,北京数码视讯科技股份有限公司,180元/天,北京,无工作经验,本科,招1人,03-26发布,
移动GIS高级开发工程师,北京农业信息技术研究中心,0.8-1万/月,北京,3-4年经验,本科,招2人,03-27发布,五险一金
平面设计师,北京联合易网网络技术开发有限公司,0.8-1.5万/月,北京-海淀区,1年经验,大专,招1人,03-29发布,年终奖金|绩效奖金|员工旅游|做五休二|节日福利|周末双休|带薪年假|交通补贴|餐饮补贴|加班补贴
中/高级前端开发工程师,北京直客通科技有限公司,2-3万/月,北京-朝阳区,5-7年经验,本科,招2人,03-27发布,
Web前端开发,北京博雅英杰科技股份有限公司,0.8-1.2万/月,北京,3-4年经验,大专,招若干人,03-28发布,五险一金|周末双休|年终奖金
Java开发工程师,鑫银科技集团股份有限公司,1.5-1.6万/月,北京-东城区,3-4年经验,大专,招2人,03-29发布,五险一金|补充医疗保险|年终奖金|绩效奖金|落户办理|周末双休
"C,C++ 软件工程师(助理)",北京贝西科科技有限公司,4-6千/月,北京-海淀区,无工作经验,大专,招4人,05-14发布,年终奖金|绩效奖金|五险一金|餐饮补贴
软件开发工程师,嘉兴驭光光电科技有限公司,1.5-3万/月,北京-海淀区,2年经验,本科,招1人,05-14发布,年终奖金|五险一金|餐饮补贴|弹性工作
软件测试工程师（APP）,北京多来点信息技术有限公司,1.5-2万/月,北京-西城区,3-4年经验,本科,招若干人,05-14发布,五险一金|年终奖金|带薪年假|节日福利|周末双休|技术大牛|地铁周边
APP开发经理,北京广而告之网讯传媒有限公司,2-3万/月,北京-西城区,8-9年经验,本科,招1人,05-14发布,五险一金|补充医疗保险|餐饮补贴|绩效奖金|定期体检
产品经理,智车优行科技（北京）有限公司,1-3万/月,北京-朝阳区,无工作经验,本科,招2人,05-14发布,五险一金|补充医疗保险|定期体检|弹性工作|餐饮补贴|带薪年假|节日福利|扁平管理
C++高级开发工程师,北京视博云科技有限公司,1.5-2.5万/月,北京-海淀区,3-4年经验,本科,招1人,05-14发布,五险一金|员工旅游|交通补贴|餐饮补贴|通讯补贴|定期体检|弹性工作|年终奖金
软件测试工程师（2019SZD03）(职位编号：001491),中国信息通信研究院,0.8-1.5万/月,北京-海淀区,3-4年经验,本科,招1人,05-15发布,五险一金|补充医疗保险|专业培训|通讯补贴|定期体检|绩效奖金|年终奖金
软件研发工程师（2019SZD04）(职位编号：001492),中国信息通信研究院,1.2-1.6万/月,北京-海淀区,3-4年经验,本科,招1人,05-15发布,五险一金|补充医疗保险|专业培训|通讯补贴|定期体检|绩效奖金|年终奖金
Android研发工程师 - 抖音短视频(职位编号：25224),字节跳动,2.5-5万/月,北京,3-4年经验,本科,招10人,05-20发布,六险一金|弹性工作|免费三餐|租房补贴|带薪休假|休闲下午茶|扁平管理|职业大牛|晋升空间|团队氛围好
Android多媒体研发工程师 - 抖音/火山(职位编号：27321),字节跳动,2-4万/月,北京,2年经验,本科,招5人,05-20发布,六险一金|高薪期权|免费三餐|租房补贴|扁平管理|过亿用户|职业大牛|团队氛围好
Android研发工程师 - 性能体验优化方向(职位编号：27919),字节跳动,2-4万/月,北京,3-4年经验,本科,招2人,05-20发布,六险一金|弹性工作|免费三餐|租房补贴
Android开发实习生 - 新业务(职位编号：27051),字节跳动,7-9千/月,北京,无工作经验,本科,招3人,05-20发布,弹性工作|免费三餐|餐补
Android实训项目经理,北京八维研修学院,2-3万/月,北京-海淀区,5-7年经验,大专,招5人,05-20发布,五险一金|绩效奖金|专业培训|餐饮补贴
Android开发实习生 - 有转正机会(职位编号：29319),字节跳动,0.6-1万/月,北京,无工作经验,本科,招5人,05-20发布,休闲下午茶|职业大牛|免费三餐|租房补贴
Android研发实习生(职位编号：30068),字节跳动,6-9千/月,北京,无工作经验,本科,招1人,05-20发布,免费三餐|租房补贴|休闲下午茶|扁平管理|健身瑜伽|职业大牛|晋升空间|团队氛围好|优厚薪资
Android技术专家 - 懂车帝(职位编号：30970),字节跳动,4-7万/月,北京,5-7年经验,本科,招3人,05-20发布,五险一金|弹性工作|免费三餐|租房补贴
Android/iOS多媒体开发实习生 - 有转正机会(职位编号：31520),字节跳动,0.6-1万/月,北京,无工作经验,本科,招5人,05-20发布,休闲下午茶|职业大牛|免费三餐|租房补贴
Android开发实习生(职位编号：31903),字节跳动,0.8-1.5万/月,北京,无工作经验,本科,招3人,05-20发布,弹性工作|免费三餐|租房补贴|休闲下午茶|扁平管理|健身瑜伽
Android开发实习生 - 抖音(职位编号：31919),字节跳动,0.6-1万/月,北京,无工作经验,本科,招5人,05-20发布,休闲下午茶|职业大牛|免费三餐|租房补贴
Android研发工程师 - 抖音工具线(职位编号：31990),字节跳动,2.5-5万/月,北京,3-4年经验,本科,招10人,05-20发布,六险一金|弹性工作|免费三餐|租房补贴|带薪休假|休闲下午茶|扁平管理|职业大牛|晋升空间|团队氛围好
Android架构师 - 抖音短视频(职位编号：32485),字节跳动,3-6万/月,北京,3-4年经验,本科,招5人,05-20发布,六险一金|高薪期权|弹性工作|免费三餐|租房补贴|带薪休假|扁平管理|职业大牛|晋升空间
Android/iOS开发工程师 - AI Lab(职位编号：33892),字节跳动,2-4万/月,北京,无工作经验,本科,招5人,05-20发布,免费三餐|租房补贴
Android开发工程师,北京地厚云图科技有限公司,0.8-1.3万/月,北京-朝阳区,2年经验,本科,招2人,05-20发布,五险一金|餐饮补贴|定期体检|员工旅游|年终奖金
APP高级工程师,软通动力信息技术（集团）有限公司,1.2-2万/月,北京,3-4年经验,本科,招2人,05-06发布,五险一金|弹性工作|定期体检|免费班车
税后薪资-中高级自动化测试工程师/测试开发,深圳市佳农投资发展有限公司,2-4万/年,深圳-福田区,3-4年经验,本科,招1人,03-25发布,补充医疗保险|免费班车|员工旅游|餐饮补贴|出国机会|员工宿舍|年终奖金|定期体检|工作签证|员工食堂
资深移动端架构师(PaaS/北京)(J12238),北京北森云计算股份有限公司,5-7万/月,北京,10年以上经验,本科,招1人,05-15发布,
测试经理,易视腾科技股份有限公司,1.5-2.5万/月,北京,5-7年经验,本科,招1人,05-20发布,五险一金|补充医疗保险|绩效奖金|年终奖金|定期体检
浏览器开发工程师,易视腾科技股份有限公司,2-4万/月,北京,3-4年经验,本科,招2人,05-20发布,五险一金|补充医疗保险|绩效奖金|年终奖金|定期体检
测试开发高级工程师(职位编号：18136),奇虎360科技有限公司,2-2.5万/月,北京,3-4年经验,本科,招1人,05-20发布,
高级测试工程师(职位编号：18037),奇虎360科技有限公司,1.5-2万/月,北京,3-4年经验,本科,招1人,05-20发布,
PC客户端开发(职位编号：17929),奇虎360科技有限公司,3-4万/月,北京,5-7年经验,本科,招1人,05-20发布,
安卓开发专家(职位编号：18152),奇虎360科技有限公司,2-2.5万/月,北京,3-4年经验,本科,招1人,05-20发布,
Data Intern,高通无线通信技术（中国）有限公司,,北京,无工作经验,硕士,招若干人,05-20发布,
高级UI设计师,北京众友联拓科技有限公司,0.6-1.2万/月,北京-朝阳区,1年经验,本科,招若干人,05-20发布,
android工程师,鸿合科技股份有限公司,1.5-3万/月,北京-海淀区,3-4年经验,本科,招1人,05-20发布,五险一金|补充医疗保险|补充公积金|餐饮补贴|绩效奖金|定期体检|员工团建
Android中级开发工程师,宁夏丝路通网络科技有限公司北京分公司,1-1.5万/月,北京-朝阳区,2年经验,大专,招1人,05-20发布,五险一金|员工旅游|餐饮补贴|通讯补贴|绩效奖金
Android开发工程师,四达时代通讯网络技术有限公司,2-2.5万/月,北京-大兴区,无工作经验,本科,招1人,05-20发布,五险一金|补充医疗保险|交通补贴|餐饮补贴|通讯补贴|专业培训|出国机会|年终奖金|定期体检
Android高级开发工程师,四达时代通讯网络技术有限公司,2.8-3.2万/月,北京-大兴区,5-7年经验,本科,招2人,05-20发布,五险一金|补充医疗保险|免费班车|交通补贴|餐饮补贴|通讯补贴|弹性工作|专业培训
Android开发人员,上海企顺信息系统有限公司,1.5-1.6万/月,北京-海淀区,3-4年经验,本科,招1人,05-20发布,
客户端开发工程师（美国上市公司）,北京恩穗企业咨询有限责任公司,1.5-3万/月,北京,3-4年经验,大专,招若干人,05-10发布,五险一金|年终奖金|绩效奖金|出国机会|弹性工作|餐饮补贴|通讯补贴|交通补贴
资深UI,北京恩穗企业咨询有限责任公司,2.5-5万/月,北京,1年经验,本科,招1人,05-10发布,
VOLTE协议栈开发工程师,盘古通信有限公司,1-1.5万/月,北京-海淀区,无工作经验,本科,招1人,05-10发布,
通信软件工程师,盘古通信有限公司,1-1.5万/月,北京-朝阳区,无工作经验,本科,招1人,05-10发布,
网络安全工程师-移动端(J10537),北京天融信科技有限公司,1-1.5万/月,北京,2年经验,大专,招1人,05-10发布,五险一金|餐饮补贴|弹性工作|定期体检|交通补贴|年终奖金|补充医疗保险
C++高级开发工程师,北京润启华美信息系统有限公司,1.5-2万/月,北京-昌平区,5-7年经验,本科,招5人,05-12发布,五险一金
web前端 APP软件开发工程师,北京润启华美信息系统有限公司,1-1.5万/月,北京-昌平区,3-4年经验,本科,招3人,05-12发布,
web前端-西二旗-ITS,北京联想利泰软件有限公司,1-1.5万/月,北京,无工作经验,本科,招2人,05-12发布,五险一金|餐饮补贴|通讯补贴|专业培训|弹性工作|定期体检
H5游戏高级前端开发工程师,北京润启华美信息系统有限公司,1-1.5万/月,北京-昌平区,5-7年经验,本科,招2人,05-12发布,
React Native前端开发工程师,北京润启华美信息系统有限公司,1-1.5万/月,北京-昌平区,3-4年经验,本科,招2人,05-12发布,
java高级开发工程师(ETL数据库),北京润启华美信息系统有限公司,1-1.5万/月,北京-昌平区,5-7年经验,本科,招3人,05-12发布,
软件测试工程师,大连信雅达软件有限公司,1-1.5万/月,北京-朝阳区,2年经验,本科,招若干人,05-13发布,五险一金|员工旅游|交通补贴|餐饮补贴|专业培训|定期体检
（国贸）软件测试工程师,大连信雅达软件有限公司,1-1.5万/月,北京-朝阳区,1年经验,本科,招若干人,05-13发布,五险一金|定期体检|通讯补贴|员工旅游|交通补贴|专业培训
三联中读-渠道运营,三联生活传媒有限公司,0.5-1.5万/月,北京-朝阳区,2年经验,本科,招1人,04-11发布,五险一金|专业培训|通讯补贴|年终奖金|绩效奖金|弹性工作|定期体检
前端开发工程师（网银项目组）,大连信雅达软件有限公司,1-1.5万/月,北京-海淀区,3-4年经验,本科,招若干人,05-13发布,
DTV软件认证工程师-电视,小米通讯技术有限公司,1.5-3万/月,北京-海淀区,5-7年经验,本科,招1人,05-13发布,带薪年假|五险一金|绩效奖金|专业培训
渠道运营专员,好未来教育（原学而思教育),1-1.5万/月,北京-海淀区,2年经验,本科,招2人,04-15发布,地铁直达|五险一金|专业培训|做五休二|免费晚餐|定期体检|补充医疗保险|绩效奖金|年终奖金
自动化测试工程师,安徽华米信息科技有限公司,2-2.5万/月,北京-海淀区,3-4年经验,本科,招2人,04-15发布,
软件测试工程师,普天信息技术有限公司,0.8-1万/月,北京,3-4年经验,本科,招1人,04-16发布,五险一金|补充医疗保险|交通补贴|餐饮补贴|弹性工作|定期体检
产品运营实习生（北京）(职位编号：11),亚信科技（中国）有限公司,,北京,无工作经验,本科,招若干人,05-20发布,
移动端高级工程师（智能制造方向）,北京精益汇智科技有限公司,1-2万/月,北京-海淀区,2年经验,本科,招2人,05-20发布,五险一金|交通补贴|餐饮补贴|年终奖金|弹性工作|股票期权|定期体检
移动开发工程师,普元信息技术股份有限公司,1-1.2万/月,北京-海淀区,2年经验,本科,招1人,05-20发布,五险一金|餐饮补贴|通讯补贴|绩效奖金|定期体检
移动开发工程师,普元信息技术股份有限公司,1.5-2万/月,北京-丰台区,3-4年经验,本科,招4人,05-20发布,五险一金|定期体检|补充医疗保险|绩效奖金|餐饮补贴|通讯补贴|弹性工作
安卓开发工程师,北京光宇在线科技有限责任公司,1.5-2万/月,北京,3-4年经验,大专,招1人,05-20发布,五险一金|补充医疗保险|员工旅游|餐饮补贴|绩效奖金|年终奖金|定期体检
安卓开发工程师(职位编号：000636),北京光宇在线科技有限责任公司,1-1.5万/月,北京,无工作经验,大专,招1人,05-20发布,五险一金|补充医疗保险|员工旅游|餐饮补贴|绩效奖金|年终奖金|定期体检
移动APP(ios/android)开发工程师,北京润启华美信息系统有限公司,1.5-2万/月,北京-昌平区,5-7年经验,本科,招若干人,05-12发布,五险一金
急聘Android开发工程师—xs,北京中科建友科技股份有限公司,1-1.5万/月,北京-海淀区,3-4年经验,本科,招2人,05-13发布,
Android测试工程师-电视,小米通讯技术有限公司,0.8-1.2万/月,北京-海淀区,1年经验,本科,招1人,05-13发布,带薪年假|五险一金|绩效奖金|专业培训|节日福利
Android开发工程师-电视,小米通讯技术有限公司,1-1.5万/月,北京-海淀区,1年经验,本科,招1人,05-13发布,带薪年假|五险一金|绩效奖金|专业培训|节日福利
vue前端开发,北京博兴高科科技有限公司,0.9-1.2万/月,北京-朝阳区,3-4年经验,本科,招2人,05-20发布,五险一金|员工旅游|生日福利|交通补贴|年终奖金
cocos客户端开发,深圳市天宇鸿通网络科技有限公司,3-5万/月,深圳-南山区,3-4年经验,本科,招3人,05-20发布,节日福利|全勤奖|加班补贴|带薪年假|免费班车|年终奖金
cocos客户端开发,深圳北纬三十度信息科技有限公司,3-5万/月,深圳-南山区,3-4年经验,本科,招3人,05-20发布,免费班车|补充公积金|补充医疗保险|餐饮补贴|通讯补贴
Biometrics开发工程师,北京三星通信技术研究有限公司,1.5-2.5万/月,北京-朝阳区,无工作经验,本科,招1人,05-20发布,五险一金|补充医疗保险|弹性工作|专业培训|出国机会|定期体检|年终奖金
UI设计师,上海艾融软件股份有限公司,0.9-1.1万/月,北京-石景山区,3-4年经验,本科,招1人,05-20发布,定期体检|专业培训|五险一金|弹性工作|带薪年假
前端开发工程师,上海艾融软件股份有限公司,0.8-1万/月,北京-石景山区,2年经验,本科,招1人,05-20发布,定期体检|专业培训|餐饮补贴|五险一金
短视频高级UI设计师 - 拍摄模块方向(职位编号：24638),字节跳动,1.5-3万/月,北京,3-4年经验,本科,招2人,05-20发布,六险一金|弹性工作|免费三餐|休闲下午茶|健身瑜伽|晋升空间|职业大牛
测试工程师 - 抖音短视频(职位编号：25156),字节跳动,1.5-3万/月,北京,3-4年经验,本科,招5人,05-20发布,六险一金|免费三餐|租房补贴|带薪休假|休闲下午茶|职业大牛|晋升空间|团队氛围好
Web前端开发工程师(中车购),中车信息技术有限公司,1.3-1.8万/月,北京,3-4年经验,本科,招2人,05-20发布,五险一金|餐饮补贴|年终奖金|绩效奖金|弹性工作
音效处理算法工程师 - 抖音短视频(职位编号：25228),字节跳动,2.5-5万/月,北京,3-4年经验,本科,招5人,05-20发布,租房补贴|扁平管理|职业大牛|团队氛围好
多媒体开发工程师 - 抖音短视频(职位编号：25226),字节跳动,2.5-5万/月,北京,3-4年经验,本科,招10人,05-20发布,六险一金|高薪期权|弹性工作|免费三餐|租房补贴|带薪休假|职业大牛|晋升空间
视频特效研发工程师 - 抖音短视频(职位编号：25248),字节跳动,2.5-5万/月,北京,3-4年经验,本科,招5人,05-20发布,租房补贴|扁平管理|职业大牛|团队氛围好
移动端AR特效研发工程师(职位编号：25444),字节跳动,2.5-5万/月,北京,3-4年经验,本科,招5人,05-20发布,租房补贴|扁平管理|职业大牛|团队氛围好
音频算法工程师(职位编号：25675),字节跳动,2-4万/月,北京,3-4年经验,本科,招5人,05-20发布,免费三餐|租房补贴|休闲下午茶|扁平管理|职业大牛|团队氛围好|五险一金
P2P后台服务端开发工程师(职位编号：25863),字节跳动,2.5-5万/月,北京,3-4年经验,本科,招5人,05-20发布,五险一金|扁平管理|免费三餐|团队氛围好|租房补贴
高级UI设计师 - 直播方向(职位编号：26092),字节跳动,1.5-3万/月,北京,3-4年经验,本科,招5人,05-20发布,六险一金|弹性工作|免费三餐|租房补贴|休闲下午茶|扁平管理|健身瑜伽
移动端AR特效研发工程师 - 抖音短视频(职位编号：26053),字节跳动,2.5-5万/月,北京,3-4年经验,本科,招5人,05-20发布,扁平管理|职业大牛|团队氛围好|租房补贴
资深UI设计师(职位编号：27064),字节跳动,2.5-5万/月,北京,5-7年经验,本科,招3人,05-20发布,六险一金|弹性工作|免费三餐|租房补贴|带薪休假|休闲下午茶|健身瑜伽|优厚薪资
用户增长运营经理(职位编号：27390),字节跳动,2-3万/月,北京,2年经验,本科,招2人,05-20发布,扁平管理|弹性工作|免费三餐|晋升空间|租房补贴
P2P客户端开发工程师(职位编号：27444),字节跳动,2-4万/月,北京,3-4年经验,本科,招3人,05-20发布,免费三餐|租房补贴
Unity3d开发工程师,北京水果堂网络科技有限公司,1.5-2万/月,北京-朝阳区,3-4年经验,大专,招若干人,05-18发布,五险一金|员工旅游|专业培训|年终奖金|弹性工作|节日福利|餐饮补贴
视频编解码工程师-北京研发中心(职位编号：010804),搜狐媒体,2-4万/月,北京-海淀区,2年经验,本科,招2人,05-18发布,
UI设计师,北京资利管理咨询有限公司,1-2万/月,北京-朝阳区,3-4年经验,本科,招5人,05-18发布,五险一金|交通补贴|餐饮补贴|弹性工作
Andriod Framework工程师,Symbio,1.2-1.8万/月,北京-朝阳区,3-4年经验,本科,招若干人,05-19发布,五险一金|补充医疗保险|免费班车|员工旅游|定期体检|弹性工作
研发工程师,北京联合盛朝技贸有限公司,6-8千/月,北京-顺义区,2年经验,本科,招2人,05-19发布,五险一金|餐饮补贴|年终奖金|绩效奖金|专业培训
嵌入式linux驱动工程师,北京集智达智能科技有限责任公司,1.2-2万/月,北京-昌平区,3-4年经验,大专,招2人,05-19发布,绩效奖金|员工旅游|专业培训|带薪年假|节日福利|餐补|五险一金
知名存储电话技术支持（电脑硬件 网络设置）,北京互联企信信息技术有限公司,4.5-6千/月,北京,无工作经验,中专,招3人,05-18发布,五险一金|员工旅游|交通补贴|餐饮补贴|专业培训|绩效奖金|弹性工作
软件测试员,北京资利管理咨询有限公司,0.8-1万/月,北京-朝阳区,3-4年经验,本科,招3人,05-18发布,五险一金|交通补贴|餐饮补贴|弹性工作
ARM技术支持工程师,北京集智达智能科技有限责任公司,0.8-2万/月,北京-昌平区,2年经验,大专,招1人,05-19发布,员工旅游|专业培训|绩效奖金|周末双休|免费午餐|五险|节日福利
市场经理,北京拓盛电子科技有限公司,0.8-1.5万/月,北京-海淀区,5-7年经验,大专,招1人,05-19发布,五险一金|餐饮补贴|绩效奖金|节日福利|带薪年假|定期体检
Andriod Framework工程师(Bluetooth),Symbio,1.5-3万/月,北京-朝阳区,5-7年经验,本科,招若干人,05-19发布,五险一金|补充医疗保险|免费班车|员工旅游|定期体检|弹性工作
前端开发工程师（职位编号：R010-BJ20180123）(职位编号：R010-BJ20180123),北京新浪阅读信息技术有限公司,2-2.5万/月,北京,5-7年经验,本科,招1人,05-20发布,五险一金|补充医疗保险|通讯补贴|餐饮补贴|弹性工作|定期体检
Hybrid APP+小程序前端开发工程师,益洗新（北京）科技发展有限公司,1-1.5万/月,北京,无工作经验,本科,招1人,03-30发布,五险一金|员工旅游|专业培训|绩效奖金|年终奖金
电气自动化嵌入式软件工程师,奥腾思格玛（中国）集团有限公司,1-2万/月,北京,3-4年经验,本科,招3人,04-01发布,五险一金|通讯补贴|定期体检|带薪年假|节日福利|餐饮补贴
安卓开发工程师,北大青鸟环宇消防设备股份有限公司,1-1.5万/月,北京-海淀区,3-4年经验,本科,招1人,03-30发布,五险一金|补充医疗保险|餐饮补贴|绩效奖金|年终奖金|交通补贴|出国机会|通讯补贴
APP开发总监,未来（北京）黑科技有限公司,4-5万/月,北京-大兴区,10年以上经验,本科,招1人,04-01发布,弹性工作|全薪假期|内部健身房|七险一金|VIP体检
Mobile Engineer,Tesla特斯拉汽车,2.5-3万/月,北京-朝阳区,3-4年经验,本科,招1人,04-01发布,带薪年假|五险一金|专业培训|节日福利|股票期权|补充医疗保险
C++高级开发工程师,北京远鉴科技股份有限公司,1.5-2.5万/月,北京-海淀区,3-4年经验,本科,招1人,04-01发布,五险一金|交通补贴|餐饮补贴|年终奖金|员工旅游
网页开发工程师/WEB前端工程师,紫勋智能科技（北京）有限公司,0.8-1.5万/月,北京-海淀区,3-4年经验,本科,招1人,04-02发布,五险一金
产品经理,体奥动力（北京）体育传播有限公司,2-3万/月,北京-朝阳区,5-7年经验,本科,招1人,04-03发布,
React Native高级前端开发,北京乐城堡科技有限公司,1.5-2万/月,北京-东城区,3-4年经验,本科,招2人,04-05发布,五险一金|员工旅游|绩效奖金|年终奖金|弹性工作|定期体检
视觉设计师,北京大道造物文化发展有限公司,0.7-1.2万/月,北京-通州区,2年经验,高中,招1人,04-05发布,五险一金|年终奖金|弹性工作|定期体检
软件开发前端(职位编号：04),北京盛元吉泰信息技术有限公司,0.8-1万/月,北京-海淀区,3-4年经验,本科,招2人,04-08发布,
Security Analyst,HCL Technologies (Shanghai) Limited,1.5-2万/月,北京-朝阳区,5-7年经验,本科,招2人,04-08发布,
Web前端开发工程师,北京明略软件系统有限公司,1.3-2.6万/月,北京-海淀区,3-4年经验,本科,招1人,04-08发布,五险一金|补充医疗保险|交通补贴|餐饮补贴|绩效奖金|年终奖金|股票期权
APP测试工程师,杭州剑齿虎信息技术有限公司,0.8-1万/月,北京,2年经验,本科,招1人,04-09发布,
App技术研发专家,汽车之家,3-4.5千/月,北京-海淀区,5-7年经验,本科,招1人,04-09发布,五险一金|员工旅游|带薪年假|补充医疗保险|出国机会|绩效奖金|年终奖金|弹性工作
手机安全研究员（2019SZD11）(职位编号：001499),中国信息通信研究院,0.9-1.4万/月,北京-海淀区,无工作经验,硕士,招1人,05-15发布,五险一金|补充医疗保险|专业培训|通讯补贴|定期体检|绩效奖金|年终奖金
移动应用软件安全研究员（2019SZD12）(职位编号：001500),中国信息通信研究院,0.8-1.2万/月,北京-海淀区,1年经验,本科,招1人,05-15发布,五险一金|补充医疗保险|专业培训|通讯补贴|定期体检|绩效奖金|年终奖金
移动安全平台系统运维工程师（2019SZD14）(职位编号：001502),中国信息通信研究院,5-8千/月,北京-海淀区,无工作经验,本科,招1人,05-15发布,五险一金|补充医疗保险|专业培训|通讯补贴|定期体检|绩效奖金|年终奖金
测试工程师（EMM-MDM-MAM）(001219)(职位编号：001219),启迪国信科技有限公司,1-1.7万/月,北京,3-4年经验,大专,招2人,05-15发布,
C#工程师,阿依瓦（北京）技术有限公司,1.5-2万/月,北京-海淀区,3-4年经验,本科,招1人,05-16发布,五险一金|餐饮补贴|绩效奖金|弹性工作|定期体检|年终奖金
前端开发工程师,北京九畴科技有限公司,1-1.5万/月,北京,2年经验,招4人,05-15发布,计算机科学与技术,五险一金|交通补贴|餐饮补贴|绩效奖金
Sr. Program Manager(职位编号：1055280),微软应用与服务部门（ASG）,,北京,5-7年经验,本科,招若干人,05-16发布,
高级/资深Java服务器开发工程师(001064)(职位编号：001064),启迪国信科技有限公司,2-3.5万/月,北京,5-7年经验,本科,招1人,05-15发布,
软件测试工程师,北京百家互联科技有限公司,0.8-1.5万/月,北京-海淀区,3-4年经验,本科,招3人,05-16发布,
黄金T+D产品经理,北京国融创新管理顾问有限公司,1-2万/月,北京-朝阳区,3-4年经验,大专,招1人,05-16发布,做五休二|周末双休|带薪年假|五险一金
理财 产品经理,北京国融创新管理顾问有限公司,1-2万/月,北京-朝阳区,3-4年经验,大专,招1人,05-16发布,做五休二|周末双休|带薪年假|五险一金
黄金TD产品经理,北京国融创新管理顾问有限公司,1-2万/月,北京-朝阳区,3-4年经验,大专,招1人,05-16发布,做五休二|周末双休|带薪年假|五险一金
互联网金融产品经理,北京国融创新管理顾问有限公司,1-2万/月,北京-朝阳区,3-4年经验,大专,招1人,05-16发布,做五休二|周末双休|带薪年假|五险一金
期货产品经理,北京国融创新管理顾问有限公司,1.5-2.5万/月,北京-朝阳区,3-4年经验,本科,招1人,05-16发布,做五休二|周末双休|带薪年假|五险一金
安卓驱动工程师,中国电子科技集团公司第十五研究所（华北计算技术研究所）,1-2万/月,北京,无工作经验,本科,招若干人,05-16发布,
H5前端开发,北京道乐文化创意有限公司,0.4-1.5万/月,北京-东城区,2年经验,大专,招2人,04-15发布,
前端开发工程师,北京联创高科信息技术有限公司,1.5-2千/月,北京,3-4年经验,本科,招若干人,05-17发布,弹性工作|周末双休|带薪年假|五险一金|绩效奖金|加班补贴
安卓开发工程师,北京信安世纪科技股份有限公司,12-18万/月,北京-西城区,2年经验,本科,招若干人,05-20发布,五险一金|餐饮补贴|带薪年假|通讯补贴|周末双休|节日福利|专业培训|补充医疗保险|定期体检
Android高级开发工程师,长久集团金融系统,1.5-2千/月,北京,3-4年经验,本科,招1人,04-14发布,免费班车|五险一金|补充医疗保险|定期体检|免费食堂
Android开发工程师,北京译图智讯科技有限公司,5-9千/月,北京-昌平区,1年经验,本科,招1人,04-26发布,五险一金|员工旅游|交通补贴|餐饮补贴|通讯补贴|专业培训|绩效奖金|年终奖金|弹性工作|定期体检
Android  Team Lead,韩领网络科技（上海）有限公司,40-70万/月,北京-朝阳区,8-9年经验,本科,招1人,05-20发布,五险一金|补充医疗保险|补充公积金|出国机会|绩效奖金|弹性工作
Android开发工程师,北京康邦科技有限公司,1.5-2千/月,北京-海淀区,3-4年经验,本科,招3人,05-20发布,五险一金|定期体检|交通补贴|餐饮补贴|专业培训|绩效奖金|年终奖金
Unity培训讲师,北京中公教育科技股份有限公司,1-2万/月,北京,3-4年经验,本科,招10人,05-20发布,五险一金|定期体检|年终奖金|股票期权|专业培训|交通补贴|员工旅游
移动端图像算法工程师(职位编号：6967),字节跳动,3-4万/月,北京-海淀区,3-4年经验,硕士,招若干人,05-20发布,
3D引擎和算法工程师(职位编号：6964),字节跳动,3-4万/月,北京-海淀区,3-4年经验,硕士,招若干人,05-20发布,
Unity研发工程师,爱奇艺（www.iqiyi.com）,2.5-3万/月,北京-海淀区,5-7年经验,本科,招若干人,04-29发布,免费茶饮|内购福利|节日福利
移动端VR产品资深测试工程师,爱奇艺（www.iqiyi.com）,2.5-3万/月,北京-海淀区,8-9年经验,本科,招若干人,04-29发布,免费茶饮|内购福利|节日福利
APP高级开发工程师,天津万家财富资产管理有限公司,2.5-3万/月,北京-西城区,2年经验,本科,招1人,04-29发布,五险一金|年终奖金|绩效奖金|定期体检
Unity开发工程师,爱奇艺（www.iqiyi.com）,1.5-2.5万/月,北京-海淀区,5-7年经验,本科,招1人,04-29发布,六险一金|弹性工作|12天年假|免费茶饮|餐饮补贴|交通补贴|加班补贴|季度奖金|内购福利|节日福利
Android开发工程师,北京思卓软件有限公司,0.6-1万/月,北京-昌平区,1年经验,大专,招若干人,05-20发布,餐饮补贴|弹性工作|年终奖金|专业培训
Android开发（高级）工程师(职位编号：7068),字节跳动,3-4万/月,北京-海淀区,3-4年经验,本科,招若干人,05-20发布,
Android开发工程师(职位编号：7256),字节跳动,3-4万/月,北京-海淀区,3-4年经验,本科,招若干人,05-20发布,
高级/资深Android开发工程师-国际化(职位编号：7568),字节跳动,3-4万/月,北京-海淀区,2年经验,本科,招若干人,05-20发布,
Android研发工程师,字节跳动,2-4万/月,北京,2年经验,本科,招3人,05-20发布,六险一金|弹性工作|免费三餐|租房补贴|带薪休假|休闲下午茶|扁平管理|职业大牛|晋升空间|团队氛围好
Android研发工程师,字节跳动,2-4万/月,北京,3-4年经验,本科,招3人,05-20发布,六险一金|弹性工作|免费三餐|租房补贴|过亿用户|职业大牛|晋升空间|团队氛围好
TV显示工程师-电视,小米通讯技术有限公司,2.5-3.5万/月,北京-海淀区,5-7年经验,本科,招1人,05-13发布,带薪年假|五险一金|绩效奖金|专业培训|节日福利
Linux kernel内存优化工程师-小米电视,小米通讯技术有限公司,2.5-3.5万/月,北京-海淀区,3-4年经验,本科,招1人,05-13发布,带薪年假|五险一金|绩效奖金|专业培训|节日福利
TV显示工程师-电视,小米通讯技术有限公司,2-3.5万/月,北京-海淀区,5-7年经验,本科,招1人,05-13发布,五险一金|专业培训
高级BSP系统软件工程师-小米电视,小米通讯技术有限公司,2-3.5万/月,北京-海淀区,5-7年经验,本科,招1人,05-13发布,五险一金|专业培训
海外用户体验工程师-小米电视,小米通讯技术有限公司,1-2万/月,北京-海淀区,3-4年经验,本科,招1人,05-13发布,带薪年假|五险一金|绩效奖金|专业培训
数字电视研发工程师-小米电视,小米通讯技术有限公司,2.5-3万/月,北京-海淀区,5-7年经验,本科,招1人,05-13发布,五险一金|补充医疗保险|绩效奖金|全勤奖
高级软件项目经理-小米电视,小米通讯技术有限公司,1.2-2.4万/月,北京-海淀区,5-7年经验,本科,招1人,05-13发布,带薪年假|五险一金|绩效奖金|专业培训
系统软件产品经理-小米电视,小米通讯技术有限公司,1.2-2.4万/月,北京-海淀区,3-4年经验,本科,招1人,05-13发布,带薪年假|五险一金|绩效奖金|专业培训
Linux kernel内存优化工程师-小米电视,小米通讯技术有限公司,2.5-3万/月,北京-海淀区,5-7年经验,本科,招1人,05-13发布,五险一金|做五休二|补充医疗保险|餐饮补贴|弹性工作|定期体检|年终奖金
TV显示工程师-小米电视,小米通讯技术有限公司,2.5-3万/月,北京-海淀区,5-7年经验,本科,招1人,05-13发布,五险一金|做五休二|补充医疗保险|餐饮补贴|弹性工作|定期体检|年终奖金
实施/测试工程师,北京视博云科技有限公司,0.6-1.5万/月,北京-海淀区,1年经验,本科,招1人,05-14发布,五险一金|交通补贴|餐饮补贴|弹性工作
Andriod开发工程师,中科科猫（北京）科技有限公司,1-2万/月,北京-西城区,2年经验,本科,招1人,05-14发布,五险一金|补充医疗保险|专业培训|餐饮补贴|年终奖金|弹性工作|定期体检
安卓开发工程师,某大型猎头公司,1.5-2万/月,北京-朝阳区,5-7年经验,大专,招1人,05-14发布,五险一金|定期体检|补充医疗保险|节日福利
自动化测试工程师,某大型猎头公司,1-1.5万/月,北京-朝阳区,3-4年经验,本科,招2人,05-14发布,五险一金|周末双休|带薪年假|补充医疗保险|餐饮补贴|专业培训|年终奖金
高级嵌入式开发工程师,北京四维智联科技有限公司,2.5-3万/月,北京-海淀区,5-7年经验,本科,招1人,04-16发布,补充医疗保险|免费班车|餐饮补贴|绩效奖金|弹性工作|定期体检|年终奖金|五险一金|专业培训
嵌入式安卓驱动工程师(职位编号：000372),北京升哲科技有限公司,2-2.5万/月,北京-朝阳区,无工作经验,本科,招若干人,04-17发布,
unity开发工程师,北京悉见科技有限公司,1.5-3万/月,北京-海淀区,3-4年经验,本科,招1人,04-17发布,五险一金|员工旅游|专业培训|出国机会|绩效奖金|年终奖金|股票期权|弹性工作|定期体检
测试工程师,中软国际科技服务有限公司,0.8-1.5万/月,北京,3-4年经验,本科,招3人,04-18发布,五险一金|年终奖金|年轻团队|上市企业|弹性工作|绩效奖金
Cocos2d手游开发工程师,北京易动空间信息技术有限公司,1.5-2万/月,北京-昌平区,1年经验,本科,招2人,04-19发布,五险一金|餐饮补贴|交通补贴|年终奖金|住房补贴|生日福利
Cocos2d-x开发工程师,北京易动空间信息技术有限公司,1.5-2万/月,北京-昌平区,1年经验,本科,招2人,04-19发布,五险一金|餐饮补贴|交通补贴|年终奖金|住房补贴|生日福利
系统架构师,快媒数字科技有限公司,1.5-3万/月,武汉-洪山区,无工作经验,本科,招1人,04-20发布,五险一金|员工旅游|年终奖金|绩效奖金|股票期权
产品经理,北京融易通信息技术有限公司,1.5-3万/月,北京,3-4年经验,本科,招1人,04-21发布,五险一金|补充医疗保险|交通补贴|餐饮补贴|定期体检|年终奖金
游戏客户端U3D工程师,北京万维联动科技有限责任公司,1.5-2万/月,北京-朝阳区,3-4年经验,大专,招1人,04-21发布,五险|弹性工作|绩效奖金|带薪年假|加班补助
React 前端开发工程师-北京-00049,北软互联（北京）科技有限公司,1-1.4万/月,北京,3-4年经验,大专,招10人,04-22发布,五险一金|专业培训|绩效奖金|餐饮补贴
高级驱动工程师,比亚迪精密制造有限公司,1.3-2.6万/月,北京-通州区,无工作经验,本科,招若干人,04-23发布,做五休二|周末双休|带薪年假|交通补贴|五险一金|绩效奖金|通讯补贴|专业培训|节日福利
驱动工程师,比亚迪精密制造有限公司,1.3-2.6万/月,北京-通州区,无工作经验,本科,招4人,04-23发布,做五休二|周末双休|带薪年假|交通补贴|五险一金|绩效奖金|通讯补贴|专业培训|节日福利
QNX软件工程师,比亚迪精密制造有限公司,1.4-2.8万/月,北京-通州区,无工作经验,本科,招4人,04-23发布,做五休二|周末双休|带薪年假|交通补贴|五险一金|绩效奖金|通讯补贴|专业培训|节日福利
蓝牙开发工程师,比亚迪精密制造有限公司,1.3-1.6万/月,北京-通州区,无工作经验,本科,招4人,04-23发布,做五休二|周末双休|带薪年假|交通补贴|五险一金|绩效奖金|通讯补贴|专业培训|节日福利
multimedia开发工程师,比亚迪精密制造有限公司,1.3-2.6万/月,北京-通州区,无工作经验,本科,招若干人,04-23发布,做五休二|周末双休|带薪年假|交通补贴|五险一金|绩效奖金|通讯补贴|专业培训|节日福利
流媒体开发工程师,比亚迪精密制造有限公司,1.3-2.6万/月,北京-通州区,无工作经验,本科,招3人,04-23发布,做五休二|周末双休|带薪年假|交通补贴|五险一金|绩效奖金|通讯补贴|专业培训|节日福利
WIFI开发工程师,比亚迪精密制造有限公司,1.5-3万/月,北京,无工作经验,本科,招2人,04-23发布,
COCOS2D主程,北京太能沃可网络科技股份有限公司,1.5-2.5万/月,北京,3-4年经验,本科,招2人,04-23发布,五险一金|出国机会|员工旅游|补充医疗保险
运维安全部-高级安全渗透工程师,好未来教育（原学而思教育),1.5-3万/月,北京-海淀区,2年经验,本科,招4人,04-24发布,五险一金|补充医疗保险|年终奖金|定期体检|周末双休|带薪年假|节日福利|弹性工作
U3D开发工程师-RD03-北京-00085,英雄互娱科技股份有限公司,1.5-2万/月,北京-朝阳区,3-4年经验,大专,招1人,05-20发布,五险一金|补充医疗保险|免费班车|员工旅游|专业培训|年终奖金|定期体检|带薪年假
市场渠道经理,北京风影车讯科技有限公司,0.8-2万/月,北京-海淀区,3-4年经验,本科,招1人,05-20发布,五险一金|绩效奖金|年终奖金
深度学习,北京风影车讯科技有限公司,1.5-2万/月,北京-海淀区,无工作经验,本科,招若干人,05-20发布,五险一金|绩效奖金|年终奖金
iOS开发工程师,南京绛门信息科技股份有限公司,1-1.8万/月,北京-西城区,3-4年经验,本科,招2人,05-20发布,五险一金|通讯补贴|定期体检|绩效奖金|交通补贴
APP测试工程师,宁夏丝路通网络科技有限公司北京分公司,1.2-1.5万/月,北京-朝阳区,3-4年经验,大专,招1人,05-20发布,五险一金|通讯补贴|餐饮补贴|年终奖金|绩效奖金
技术总监（C++）,北京捷通华声科技股份有限公司,2.5-5万/月,北京,5-7年经验,本科,招5人,05-20发布,绩效奖金|五险一金|项目奖金
售前工程师,北京捷通华声科技股份有限公司,1.5-3万/月,北京,2年经验,本科,招5人,05-20发布,五险一金|绩效奖金|晋升空间大|项目奖金|每年多次调薪
售前技术支持工程师,北京捷通华声科技股份有限公司,1-2万/月,北京,1年经验,本科,招3人,05-20发布,五险一金|绩效奖金|年终奖金|晋升空间大|每年多次调薪
全栈技术总监（运营平台开发总监）,北京捷通华声科技股份有限公司,2.5-5万/月,北京,5-7年经验,本科,招若干人,05-20发布,五险一金|通讯补贴|交通补贴|绩效奖金
技术支持工程师（人工智能）,北京捷通华声科技股份有限公司,1-2万/月,北京,1年经验,本科,招若干人,05-20发布,五险一金|绩效奖金|晋升空间大|项目奖金|每年多次调薪
技术支持工程师（人工智能）,北京捷通华声科技股份有限公司,1-2万/月,北京,2年经验,本科,招若干人,05-20发布,五险一金|绩效奖金|晋升空间大|项目奖金|每年多次调薪
技术总监（C++）,北京捷通华声科技股份有限公司,2.5-5万/月,北京,5-7年经验,本科,招5人,05-20发布,绩效奖金|五险一金|项目奖金|每年多次调薪
Android系统应用软件开发工程师-小米电视,小米通讯技术有限公司,2-3万/月,北京-海淀区,3-4年经验,本科,招1人,05-13发布,带薪年假|五险一金|绩效奖金|专业培训|节日福利
Android Framework系统工程师-小米电视,小米通讯技术有限公司,2-2.5万/月,北京-海淀区,3-4年经验,本科,招1人,05-13发布,五险一金|做五休二|补充医疗保险|餐饮补贴|弹性工作|定期体检|年终奖金
资深Android开发工程师(001131)(职位编号：001131),启迪国信科技有限公司,2-3万/月,北京,5-7年经验,本科,招2人,05-15发布,
android高级研发工程师,北京法宣在线科技有限公司,1-2万/月,北京-海淀区,3-4年经验,大专,招1人,05-16发布,五险一金|交通补贴|绩效奖金|年终奖金|股票期权|弹性工作|定期体检
Android,北京赛思天成科技有限责任公司,1-1.5万/月,北京-朝阳区,3-4年经验,本科,招4人,05-17发布,
研发工程师 C++ & android,北京和勤联创技术有限公司,1.5-2万/月,北京-朝阳区,3-4年经验,本科,招1人,05-17发布,五险一金
Android系统工程师-北京,北京小鱼易连科技有限公司,2-3万/月,北京-朝阳区,5-7年经验,本科,招1人,05-17发布,五险一金|餐饮补贴|通讯补贴|专业培训|年终奖金|弹性工作|定期体检|节日福利
Android开发工程师（语玩）,贵阳朗玛信息技术股份有限公司,1.5-2.5万/月,北京-海淀区,2年经验,本科,招1人,05-17发布,五险一金|餐饮补贴|定期体检|交通补贴
Android工程师(J10266),好大夫在线,1.5-2万/月,北京-朝阳区,1年经验,本科,招1人,05-17发布,
资深UX体验设计师 - B端产品(职位编号：35344),字节跳动,2.5-5万/月,北京,5-7年经验,本科,招3人,05-20发布,六险一金|弹性工作|免费三餐|租房补贴|带薪休假|休闲下午茶|健身瑜伽|优厚薪资
UX设计师(职位编号：35343),字节跳动,2-4万/月,北京,2年经验,本科,招3人,05-20发布,六险一金|高薪期权|免费三餐|租房补贴|带薪休假|过亿用户|职业大牛|晋升空间
Android开发工程师,北京方正阿帕比技术有限公司,1-2万/月,北京-海淀区,3-4年经验,本科,招1人,03-26发布,五险一金|餐饮补贴|补充医疗保险
PCG04-腾讯新闻高级Android开发工程师（北京）(职位编号：47281),深圳市腾讯计算机系统有限公司,,北京,3-4年经验,本科,招1人,03-27发布,
CSIG16-腾讯地图Android客户端研发工程师(职位编号：47228),深圳市腾讯计算机系统有限公司,,北京,3-4年经验,本科,招1人,03-27发布,
Android Telephony工程师,小米通讯技术有限公司,1.5-3万/月,北京-海淀区,3-4年经验,本科,招3人,03-27发布,五险一金|交通补贴|餐饮补贴
Android讲师（少儿编程）,达内时代科技集团有限公司,1.5-2万/月,北京-朝阳区,5-7年经验,本科,招1人,03-30发布,
Android开发工程师(职位编号：17751),奇虎360科技有限公司,2-2.5万/月,北京,3-4年经验,本科,招1人,03-31发布,
Android高级测试开发工程师(职位编号：16922),奇虎360科技有限公司,,北京,3-4年经验,本科,招若干人,03-31发布,
Android开发工程师(职位编号：17365),奇虎360科技有限公司,,北京,3-4年经验,本科,招若干人,03-31发布,
安卓开发,北京中科白癜风医院,2-4千/月,北京-大兴区,2年经验,大专,招若干人,05-08发布,
移动app后台开发,北京中科白癜风医院,2-4千/月,北京-大兴区,2年经验,大专,招若干人,05-08发布,
测试工程师lmx,北京中科建友科技股份有限公司,1.5千以下/月,北京-大兴区,3-4年经验,大专,招2人,05-13发布,
生产软件开发工程师-电视,小米通讯技术有限公司,1500-2500万/月,北京-海淀区,无工作经验,本科,招2人,05-13发布,带薪年假|五险一金|绩效奖金|专业培训
资深UX设计师(职位编号：27775),字节跳动,3.5-7万/月,北京,5-7年经验,本科,招3人,05-20发布,六险一金|高薪期权|免费三餐|租房补贴|带薪休假|过亿用户|职业大牛|晋升空间
研发工程师 - 抖音/火山/Faceu/轻颜(职位编号：27935),字节跳动,2-2.6万/月,北京,无工作经验,本科,招100人,05-20发布,六险一金|弹性工作|免费三餐|餐补|租房补贴|带薪休假|休闲下午茶|扁平管理|过亿用户|职业大牛
技术工程师,北京陆机科技有限公司,1.5-2千/月,北京-石景山区,3-4年经验,本科,招1人,05-17发布,五险一金|交通补贴|餐饮补贴|绩效奖金
iOS多媒体研发工程师 - 抖音/火山(职位编号：27738),字节跳动,2-4万/月,北京,2年经验,本科,招5人,05-20发布,六险一金|高薪期权|免费三餐|租房补贴|扁平管理|过亿用户|职业大牛
.NET软件开发工程师（日语）,大连滋德商务咨询有限公司,2-3千/月,北京,1年经验,大专,招10人,05-20发布,
UX设计师(职位编号：27774),字节跳动,2-4万/月,北京,2年经验,本科,招3人,05-20发布,六险一金|高薪期权|免费三餐|租房补贴|带薪休假|过亿用户|职业大牛|晋升空间
自动化测试项目经理,北京八维研修学院,1.5-2.5万/月,北京-海淀区,5-7年经验,大专,招2人,05-20发布,五险一金|绩效奖金|餐饮补贴|专业培训
视频特效开发工程师 - 抖音短视频(职位编号：28878),字节跳动,2.5-5万/月,北京,3-4年经验,本科,招5人,05-20发布,六险一金|高薪期权|弹性工作|免费三餐|租房补贴|带薪休假|扁平管理|过亿用户|职业大牛
客户端开发工程师(职位编号：29387),字节跳动,2.5-4万/月,北京,2年经验,本科,招6人,05-20发布,六险一金|弹性工作|免费三餐|餐补|租房补贴|带薪休假|休闲下午茶|扁平管理
高级视觉设计师 - 直播方向(职位编号：29534),字节跳动,1.5-3万/月,北京,3-4年经验,本科,招3人,05-20发布,六险一金|弹性工作|免费三餐|餐补|租房补贴|带薪休假|休闲下午茶|扁平管理|健身瑜伽|过亿用户
测试工程师（职位编号：P001-20190228）(职位编号：P001-20190228),北京新浪阅读信息技术有限公司,0.8-1.5万/月,北京,2年经验,本科,招1人,05-20发布,五险一金|补充医疗保险|通讯补贴|餐饮补贴|弹性工作|定期体检
国企/Web前端工程师/2019年本科生可签三方/,大唐融合通信股份有限公司,4.5-6千/月,北京-东城区,无工作经验,本科,招2人,05-20发布,通讯补贴|绩效奖金|餐饮补贴|专业培训|五险一金|补充医疗保险|定期体检
高级AR算法工程师,中国电子科技集团公司第十五研究所（华北计算技术研究所）,1-2万/月,北京,无工作经验,硕士,招1人,05-16发布,五险一金|员工旅游|绩效奖金|年终奖金|交通补贴|餐饮补贴|定期体检
管培生（研发技术方向),北京方正阿帕比技术有限公司,1-1.5万/月,北京-海淀区,无工作经验,本科,招5人,03-26发布,五险一金|餐饮补贴|补充医疗保险
高级安卓应用开发工程师,中国电子科技集团公司第十五研究所（华北计算技术研究所）,1.2-2万/月,北京,3-4年经验,本科,招2人,05-16发布,
中高级java,郑州万书信息技术有限公司,0.8-1.5万/月,北京-海淀区,3-4年经验,本科,招3人,05-16发布,五险一金|年终奖金|绩效奖金
项目经理,北京方正阿帕比技术有限公司,0.8-1万/月,北京,1年经验,本科,招2人,03-26发布,五险一金|补充医疗保险|通讯补贴|餐饮补贴|绩效奖金
手机网游C++客户端开发工程师,北京北纬通信科技股份有限公司,1.5-2万/月,北京,无工作经验,本科,招若干人,03-26发布,
移动开发工程师,北京方正阿帕比技术有限公司,1.5-2万/月,北京-海淀区,2年经验,本科,招2人,03-26发布,五险一金|补充医疗保险|通讯补贴|餐饮补贴|绩效奖金
28937-移动游戏测试工程师（北京）(职位编号：47984),深圳市腾讯计算机系统有限公司,,北京,2年经验,本科,招1人,03-27发布,
21557-音视频实验室音频算法专家（深圳/北京/美国）（北京）(职位编号：47813),深圳市腾讯计算机系统有限公司,,北京,3-4年经验,硕士,招2人,03-27发布,
图像算法工程师-图像/视频/并行计算/3D算法(职位编号：6963),字节跳动,3-4万/月,北京-海淀区,3-4年经验,本科,招若干人,05-20发布,
测试开发工程师,爱奇艺（www.iqiyi.com）,20-30万/年,北京-海淀区,5-7年经验,本科,招若干人,04-29发布,六险一金|弹性工作|12天年假|免费茶饮|餐饮补贴|交通补贴|加班补贴|季度奖金|内购福利|节日福利
MIG07-系统安全研究员（北京）(职位编号：32114),深圳市腾讯计算机系统有限公司,,北京,无工作经验,本科,招3人,03-27发布,
测试工程师,青岛触角物联科技有限公司,0.8-1.3万/月,北京,1年经验,本科,招1人,04-30发布,五险一金|专业培训|年终奖金|交通补贴|餐饮补贴
高级自动化测试工程师（工作地为天津）(J21489),捷信消费金融有限公司,1-1.5万/月,天津-红桥区,无工作经验,本科,招10人,05-02发布,五险一金|补充医疗保险|绩效奖金|弹性工作|带薪年假|发展空间大
移动端高级产品经理-YSYB(职位编号：NavInfo002088),北京四维图新科技股份有限公司,20-30万/年,北京-海淀区,无工作经验,本科,招1人,05-02发布,五险一金|年终奖金|补充医疗保险|免费班车|餐饮补贴|弹性工作|专业培训
IT Test Automation  Engineer（工作在天津）(J21499),捷信消费金融有限公司,1-1.5万/月,天津-红桥区,无工作经验,本科,招10人,05-02发布,五险一金|补充医疗保险|绩效奖金|弹性工作|带薪年假|发展空间大
IT Test Team Leader（工作在天津）(J21511),捷信消费金融有限公司,1.5-2万/月,天津-红桥区,无工作经验,本科,招10人,05-02发布,五险一金|补充医疗保险|绩效奖金|弹性工作|带薪年假|发展空间大
移动端架构师-YSYB(职位编号：NavInfo002086),北京四维图新科技股份有限公司,30-40万/年,北京-海淀区,无工作经验,本科,招若干人,05-02发布,五险一金|年终奖金|补充医疗保险|免费班车|餐饮补贴|弹性工作|专业培训
软件工程师（IPTV）(职位编号：Fiberhome001215),烽火通信科技股份有限公司,1-1.5万/月,武汉-江夏区,3-4年经验,本科,招5人,05-05发布,
视频特效开发架构师,北京广而告之网讯传媒有限公司,2-4万/月,北京-西城区,5-7年经验,本科,招1人,05-14发布,五险一金|补充医疗保险|餐饮补贴|绩效奖金|定期体检
高级React-Native开发工程师,北京商联达科技有限公司,1-2万/月,北京-海淀区,1年经验,大专,招若干人,05-14发布,五险一金|绩效奖金|专业培训|通讯补贴
手机应用开发工程师,北京商联达科技有限公司,0.6-1.6万/月,北京-海淀区,1年经验,本科,招若干人,05-14发布,五险一金|绩效奖金
测试工程师_精密工程中心,浙江大学山东工业技术研究院,0.5-1万/月,枣庄,2年经验,本科,招3人,04-24发布,五险一金|餐饮补贴|定期体检
技术支持工程师（人工智能）,北京捷通华声科技股份有限公司,1-2万/月,北京,2年经验,本科,招若干人,05-20发布,五险一金|绩效奖金|年终奖金|专业培训|交通补贴|晋升空间大|股票期权|行业领先|零食供应|项目奖金
多媒体客户端研发工程师(职位编号：18998),字节跳动,2.5-5万/月,北京,3-4年经验,本科,招5人,04-26发布,租房补贴|扁平管理|职业大牛|团队氛围好
客户端测试工程师,北京三才智者技术服务有限公司,0.8-1万/月,北京-海淀区,3-4年经验,本科,招2人,04-26发布,
UI设计师(职位编号：19041),字节跳动,2-4万/月,北京,3-4年经验,本科,招3人,04-26发布,弹性工作|免费三餐|租房补贴|休闲下午茶|扁平管理|职业大牛|晋升空间|五险一金
移动客户端研发负责人(职位编号：19224),字节跳动,3.5-7万/月,北京,5-7年经验,本科,招1人,04-26发布,六险一金|弹性工作|免费三餐|租房补贴|休闲下午茶|扁平管理|健身瑜伽|职业大牛|晋升空间|团队氛围好
资深测试工程师(职位编号：19354),字节跳动,2.5-4万/月,北京,3-4年经验,本科,招2人,04-26发布,六险一金|免费三餐|带薪休假|团队氛围好|优厚薪资|职业大牛
技术支持工程师（人工智能）,北京捷通华声科技股份有限公司,1-2万/月,北京,2年经验,本科,招若干人,05-20发布,五险一金|绩效奖金|晋升空间大|项目奖金|每年多次调薪
售前技术支持工程师,北京捷通华声科技股份有限公司,1.5-2.5万/月,北京,2年经验,本科,招3人,05-20发布,带薪年假|五险一金|绩效奖金|全勤奖|节日福利|专业培训
SDK测试,北京游道易网络文化有限公司,1-2万/月,北京,3-4年经验,本科,招1人,05-20发布,五险一金|绩效奖金|定期体检|弹性工作|餐饮补贴
售前技术支持工程师,北京捷通华声科技股份有限公司,1.5-3万/月,北京,2年经验,本科,招3人,05-20发布,带薪年假|五险一金|绩效奖金|全勤奖|节日福利|专业培训
CSIG16-高级/资深Android 研发工程师(职位编号：50179),深圳市腾讯计算机系统有限公司,,北京,3-4年经验,本科,招2人,05-20发布,
ANDROID开发工程师(职位编号：16394),奇虎360科技有限公司,,北京,3-4年经验,本科,招3人,03-31发布,
app开发工程师-实习-北京-00033,北京清流鼎点科技有限公司,200元/天,北京,无工作经验,本科,招2人,05-20发布,五险一金|补充医疗保险|餐饮补贴|年终奖金|交通补贴|通讯补贴|定期体检
Android开发工程师,惠尔丰（中国）信息系统有限公司,4-6千/月,北京-朝阳区,无工作经验,本科,招2人,04-03发布,五险一金|交通补贴|餐饮补贴|通讯补贴|年终奖金|定期体检|节日福利
Android开发工程师_精密工程技术中心,浙江大学山东工业技术研究院,0.5-1万/月,枣庄,3-4年经验,本科,招2人,04-24发布,五险一金|餐饮补贴|定期体检
高级UI设计师 - 直播方向(职位编号：29751),字节跳动,1.5-3万/月,北京,3-4年经验,本科,招3人,05-20发布,六险一金|弹性工作|免费三餐|租房补贴|带薪休假|休闲下午茶|扁平管理|健身瑜伽|过亿用户|职业大牛
CSIG16-底图渲染引擎开发工程师(职位编号：49160),深圳市腾讯计算机系统有限公司,,北京,5-7年经验,本科,招1人,05-20发布,
阿里文学-UI设计专家(动效方向）(职位编号：GP535112),阿里巴巴集团,,北京,3-4年经验,本科,招1人,05-20发布,
阿里集团-平台治理-应用与业务安全专家-北京/杭州(职位编号：GP534714),阿里巴巴集团,,北京,5-7年经验,本科,招1人,05-20发布,
高德-前端开发工程师/专家（50专项）(职位编号：GP537526),阿里巴巴集团,,北京,3-4年经验,本科,招10人,05-20发布,
阿里文娱-无线开发专家-国际商业(职位编号：GP530087),阿里巴巴集团,,北京,5-7年经验,本科,招1人,05-20发布,
阿里文娱-高级无线开发工程师-国际商业(职位编号：GP530088),阿里巴巴集团,,北京,3-4年经验,本科,招1人,05-20发布,
供应链平台事业部-智能硬件系统开发专家-北京(职位编号：GP529174),阿里巴巴集团,,北京,5-7年经验,本科,招5人,05-20发布,
阿里云智能事业群-多媒体终端基础架构专家-杭州/北京(职位编号：GP528352),阿里巴巴集团,,北京,5-7年经验,本科,招1人,05-20发布,
阿里妈妈事业部-无线测试开发工程师/专家-北京(职位编号：GP527322),阿里巴巴集团,,北京,3-4年经验,本科,招1人,05-20发布,
高德-高级测试开发工程师-车机(职位编号：GP522914),阿里巴巴集团,,北京,2年经验,本科,招2人,05-20发布,
文娱-P2P技术研发专家-北京(职位编号：GP500999),阿里巴巴集团,,北京,3-4年经验,本科,招1人,05-20发布,
人工智能实验室-机器人系统软件专家-BSP方向(职位编号：GP047567),阿里巴巴集团,,北京,3-4年经验,本科,招2人,05-20发布,
友盟-数据研发专家(职位编号：GP062853),阿里巴巴集团,,北京,3-4年经验,本科,招3人,05-20发布,
亚博科技-前端开发专家(职位编号：GP048377),阿里巴巴集团,,北京,3-4年经验,本科,招3人,05-20发布,
Unity3D开发工程师,完美世界（北京）总部/完美时空,1.5-2万/月,北京,2年经验,本科,招1人,05-20发布,五险一金|补充医疗保险|餐饮补贴|年终奖金|弹性工作|定期体检
手机app开发,郑州万书信息技术有限公司,1-1.5万/月,北京-海淀区,3-4年经验,本科,招3人,05-16发布,五险一金|绩效奖金
AI系统开发工程师,开放智能机器（上海）有限公司,1.5-2.5万/月,北京-海淀区,3-4年经验,本科,招若干人,05-16发布,
AI系统高级开发工程师,开放智能机器（上海）有限公司,2.5-4万/月,北京-海淀区,3-4年经验,本科,招若干人,05-16发布,
AI系统架构师,开放智能机器（上海）有限公司,1.5-2.5万/月,北京-海淀区,3-4年经验,本科,招若干人,05-16发布,
前端开发综合岗位,北京豪仪测控工程有限公司,2-3万/月,北京-昌平区,5-7年经验,本科,招1人,05-17发布,五险一金|交通补贴|餐饮补贴|专业培训
Unity开发工程师,比亚迪精密制造有限公司,1-1.5万/月,北京-通州区,无工作经验,本科,招3人,05-17发布,做五休二|周末双休|带薪年假|交通补贴|五险一金|绩效奖金|通讯补贴|专业培训|节日福利
移动应用研发（高级）3名,北京豪仪测控工程有限公司,1.5-2.5万/月,北京-昌平区,2年经验,本科,招3人,05-17发布,五险一金|交通补贴|餐饮补贴|专业培训
软件测试工程师,北京中知智慧科技有限公司,0.5-1万/月,北京-海淀区,2年经验,本科,招1人,05-17发布,五险一金|餐饮补贴|绩效奖金|年终奖金|定期体检
PHP开发工程师(丰台区),北京陆机科技有限公司,0.8-1.2万/月,北京-丰台区,3-4年经验,大专,招1人,05-17发布,五险一金|全勤奖|节日福利|通讯补贴|交通补贴
音频系统软件工程师,北京小鱼易连科技有限公司,1.5-3万/月,北京-朝阳区,5-7年经验,硕士,招1人,05-17发布,五险一金|交通补贴|餐饮补贴|通讯补贴|年终奖金|股票期权|弹性工作|定期体检
渠道优化师（语玩bj021）,贵阳朗玛信息技术股份有限公司,0.5-1.2万/月,北京-海淀区,1年经验,本科,招1人,05-17发布,五险一金|通讯补贴|餐饮补贴|交通补贴|定期体检
前端研发经理,金邦达有限公司,2-3万/月,北京-朝阳区,5-7年经验,本科,招1人,05-17发布,五险一金|交通补贴|餐饮补贴|弹性工作|定期体检
Web前端工程师（语玩北京）,贵阳朗玛信息技术股份有限公司,0.5-1万/月,北京-海淀区,2年经验,本科,招若干人,05-17发布,五险一金|通讯补贴|餐饮补贴|交通补贴|定期体检
CSIG16-自动驾驶车厂合作BD(职位编号：44420),深圳市腾讯计算机系统有限公司,,北京,5-7年经验,本科,招1人,03-27发布,
测试工程师,瑞幸咖啡（中国）有限公司,1-1.5万/月,北京-海淀区,3-4年经验,本科,招1人,03-27发布,五险一金|餐饮补贴|带薪年假
八角-测试工程师,北京中油瑞飞信息技术有限责任公司,1-1.5万/月,北京-石景山区,3-4年经验,本科,招2人,03-27发布,五险一金|补充医疗保险|交通补贴|餐饮补贴|通讯补贴|专业培训|绩效奖金|年终奖金|定期体检|弹性工作
HTML5开发工程师,鑫银科技集团股份有限公司,1.2-1.8万/月,北京-东城区,3-4年经验,大专,招2人,03-29发布,五险一金|补充医疗保险|年终奖金|绩效奖金|落户办理|周末双休
移动端讲师 (MJ005686),达内时代科技集团有限公司,1.5-2.5万/月,北京-朝阳区,3-4年经验,本科,招1人,03-30发布,
移动端测试工程师(职位编号：17384),奇虎360科技有限公司,1.5-2万/月,北京,3-4年经验,本科,招若干人,03-31发布,
UI设计实习生(职位编号：16840),奇虎360科技有限公司,,北京,无工作经验,本科,招若干人,03-31发布,
软件测试工程师(职位编号：17284),奇虎360科技有限公司,,北京,3-4年经验,本科,招若干人,03-31发布,
安全研究员(职位编号：16429),奇虎360科技有限公司,,北京,3-4年经验,本科,招2人,03-31发布,
高级交互设计师(职位编号：16908),奇虎360科技有限公司,,北京,3-4年经验,本科,招1人,03-31发布,
产品运营(职位编号：16495),奇虎360科技有限公司,,北京,3-4年经验,本科,招1人,03-31发布,
安卓开发工程师(职位编号：16605),奇虎360科技有限公司,,北京,3-4年经验,本科,招1人,03-31发布,
资深UI设计师(职位编号：13904),奇虎360科技有限公司,,北京,5-7年经验,本科,招3人,03-31发布,
UI设计师(职位编号：000359),北京升哲科技有限公司,1.5-2.5万/月,北京-朝阳区,无工作经验,本科,招若干人,05-05发布,
PHP中高级工程师,杭州盈穗软件科技有限公司,0.8-1万/月,北京,3-4年经验,大专,招10人,05-05发布,五险一金|餐饮补贴|弹性工作
中高级测试工程师,杭州盈穗软件科技有限公司,0.8-1万/月,北京,无工作经验,大专,招10人,05-05发布,五险一金|餐饮补贴|弹性工作
移动端经理(职位编号：000397),北京升哲科技有限公司,2.5-3.5万/月,北京-朝阳区,8-9年经验,本科,招1人,05-05发布,
高级测试工程师,晶晨半导体（上海）股份有限公司,1-2万/月,北京-海淀区,3-4年经验,本科,招1人,05-05发布,五险一金|补充医疗保险|员工旅游|餐饮补贴|年终奖金|弹性工作|专业培训|定期体检|绩效奖金
嵌入式软件工程师,晶晨半导体（上海）股份有限公司,1.5-2.5万/月,北京-海淀区,3-4年经验,本科,招2人,05-05发布,五险一金|补充医疗保险|员工旅游|餐饮补贴|年终奖金|弹性工作|专业培训|定期体检|绩效奖金
多媒体系统高级开发工程师,晶晨半导体（上海）股份有限公司,1.5-3万/月,北京-海淀区,3-4年经验,本科,招2人,05-05发布,五险一金|补充医疗保险|员工旅游|餐饮补贴|年终奖金|弹性工作|专业培训|定期体检|绩效奖金
APP开发工程师 (MJ000095),优奈柯恩（北京）科技有限公司,1.5-3万/月,北京-海淀区,3-4年经验,本科,招1人,05-05发布,五险一金|补充医疗保险|餐饮补贴|年终奖金|绩效奖金|员工旅游|定期体检
软件测试工程师 (MJ000036),优奈柯恩（北京）科技有限公司,1-2万/月,北京-海淀区,无工作经验,本科,招1人,05-05发布,五险一金|出国机会|餐饮补贴|年终奖金|定期体检|股票期权
Telephony解决方案工程师,三星半导体（中国）研究开发有限公司,1.5-3万/月,北京-朝阳区,1年经验,本科,招若干人,05-20发布,五险一金|员工旅游|交通补贴|餐饮补贴|通讯补贴|年终奖金|弹性工作|定期体检|绩效奖金
WiFi/蓝牙解决方案工程师,三星半导体（中国）研究开发有限公司,1.5-3万/月,北京-朝阳区,无工作经验,本科,招若干人,05-20发布,五险一金|员工旅游|交通补贴|餐饮补贴|通讯补贴|年终奖金|弹性工作|定期体检|绩效奖金
Android开发实习生 - 懂车帝(职位编号：29802),字节跳动,5-9千/月,北京,无工作经验,本科,招3人,05-20发布,五险一金|弹性工作|免费三餐|租房补贴
Android开发实习生(职位编号：31863),字节跳动,5-9千/月,北京,无工作经验,本科,招3人,05-20发布,五险一金|弹性工作|免费三餐|租房补贴
Android高级开发/架构师（北京知名上市公司）,北京安德信业信息咨询有限责任公司,2-4万/年,北京-朝阳区,5-7年经验,本科,招若干人,05-20发布,五险一金|补充医疗保险|员工旅游|年终奖金|定期体检
Android软件开发工程师,东华软件股份公司,4.8-9千/月,北京,2年经验,本科,招2人,05-20发布,
高级手机测试工程师（功耗）,小米通讯技术有限公司,1.5-3万/月,北京-海淀区,5-7年经验,本科,招2人,03-21发布,五险一金|交通补贴|餐饮补贴
游戏策划师,完美世界（北京）总部/完美时空,1.5-2万/月,北京,3-4年经验,本科,招1人,05-20发布,五险一金|补充医疗保险|餐饮补贴|绩效奖金|年终奖金|弹性工作|定期体检
软件测试工程师（语玩）,贵阳朗玛信息技术股份有限公司,0.5-1万/月,北京-海淀区,2年经验,本科,招若干人,05-17发布,五险一金|餐饮补贴|定期体检|交通补贴|电脑补贴
HTML5客户端开发工程师,亿维融智软件科技（北京）有限公司,6-8千/月,北京-海淀区,1年经验,本科,招2人,03-21发布,五险一金|弹性工作|定期体检|绩效奖金
自动驾驶地图与路径规划算法工程师,奥腾思格玛（中国）集团有限公司,2-2.5万/月,北京,3-4年经验,本科,招1人,04-01发布,五险一金|通讯补贴|定期体检|免费班车|周末双休|带薪年假|节日福利|年终奖金
WebGIS软件开发工程师,凯普奇软件（北京）有限公司,0.8-1万/月,北京,1年经验,本科,招2人,04-02发布,
安卓开发工程师(J12615),北京北大方正电子有限公司,1.3-2万/月,北京-海淀区,3-4年经验,本科,招若干人,04-02发布,"五险一金|餐饮补贴|,带薪年假,|住宿班车,|免费班车,|体检"
NodeJS开发工程师J11202,北京北大方正电子有限公司,1-1.5万/月,北京-海淀区,5-7年经验,本科,招1人,04-02发布,五险一金|餐饮补贴|绩效奖金|周末双休|带薪年假|住宿班车|免费班车|体检
JAVA软件工程师,凯普奇软件（北京）有限公司,0.8-1万/月,北京,1年经验,本科,招2人,04-02发布,
安卓高级开发工程师,中宜云控互联网科技股份有限公司,1-1.5万/月,北京-海淀区,3-4年经验,大专,招2人,04-02发布,五险一金|交通补贴|餐饮补贴|绩效奖金
APP测试工程师,惠尔丰（中国）信息系统有限公司,0.8-1.2万/月,北京-朝阳区,无工作经验,本科,招2人,04-03发布,五险一金|交通补贴|餐饮补贴|通讯补贴|年终奖金|定期体检|节日福利
周末IT讲师,北京中科信软科技有限公司,2000元/天,北京,3-4年经验,本科,招若干人,05-07发布,
车载导航测试工程师,北京四维智联科技有限公司,1-1.5万/月,北京-海淀区,3-4年经验,大专,招1人,05-07发布,补充医疗保险|免费班车|餐饮补贴|绩效奖金|弹性工作|定期体检|年终奖金|五险一金|专业培训
C/C++通信软件开发工程师,联发科技股份有限公司,2-3万/月,北京-朝阳区,2年经验,硕士,招1人,05-07发布,五险一金|补充医疗保险|免费班车|年终奖金|绩效奖金|餐饮补贴|定期体检
cocos2dx开发工程师(初级),北京柯鑫网络科技有限公司,0.7-1.2万/月,北京-朝阳区,2年经验,大专,招1人,05-08发布,五险一金|补充医疗保险|员工旅游|定期体检|专业培训|餐饮补贴|年终奖金
互联网医疗产品经理,北京圆心科技有限公司,2.5-3.5万/月,北京-朝阳区,3-4年经验,本科,招若干人,05-08发布,五险一金|员工旅游|绩效奖金|年终奖金
APP开发工程师,北京飞利信科技股份有限公司,0.8-1.6万/月,北京,3-4年经验,本科,招1人,05-08发布,五险一金|餐饮补贴|绩效奖金|年终奖金
招聘专员,中软国际科技服务有限公司,0.5-1万/月,北京-海淀区,1年经验,大专,招2人,05-08发布,五险一金|弹性工作|员工旅游|年终奖金|定期体检|绩效奖金
安卓开发,北京中科白癜风医院,0.8-1.5万/月,北京-大兴区,3-4年经验,本科,招3人,05-08发布,
开发经理/technical leader,NTT DATA（中国）有限公司,2-2.5万/月,北京-朝阳区,无工作经验,招1人,03-25发布,英语良好,五险一金|补充医疗保险|年终奖金|定期体检
路由器BSP研发工程师,小米通讯技术有限公司,2-3万/月,深圳-南山区,3-4年经验,本科,招6人,03-25发布,五险一金|交通补贴|餐饮补贴
andriod研发工程师,恒安嘉新（北京）科技股份公司,1.5-2.5万/月,北京-海淀区,5-7年经验,本科,招1人,04-05发布,五险一金|绩效奖金|年终奖金|定期体检|通讯补贴|餐饮补贴|交通补贴|周末双休|专业培训|弹性工作
移动app后台开发,北京中科白癜风医院,0.8-1.5万/月,北京-大兴区,3-4年经验,本科,招3人,05-08发布,
web前段开发工程师,深圳北纬三十度信息科技有限公司,2-5万/月,北京-海淀区,3-4年经验,大专,招2人,05-20发布,
C++软件开发工程师（核心技术部）,福建福昕软件开发股份有限公司北京分公司,1.5-2万/月,北京-海淀区,3-4年经验,本科,招1人,05-20发布,五险一金|补充医疗保险|交通补贴|餐饮补贴|弹性工作|定期体检|员工旅游|年终奖金|节日福利|专业培训
嵌入式软件工程师（北京）,上海鲍麦克斯电子科技有限公司,1-1.5万/月,北京-朝阳区,2年经验,本科,招2人,05-20发布,五险一金|员工旅游|餐饮补贴|专业培训|年终奖金|股票期权|定期体检|绩效奖金
UI设计师,麦田春雪科贸（北京）有限公司,1.5-2万/月,北京-朝阳区,3-4年经验,本科,招2人,05-20发布,弹性工作|五险一金|绩效奖金|专业培训
Unity3D实训项目经理,北京八维研修学院,2-3万/月,北京-海淀区,无工作经验,本科,招3人,05-20发布,五险一金|餐饮补贴|绩效奖金
前端开发工程师WZW,东华软件股份公司,1.5-2.5万/月,北京,3-4年经验,本科,招8人,05-20发布,
IPTV高级开发工程师,贵阳朗玛信息技术股份有限公司,1.5-2万/月,北京-海淀区,2年经验,本科,招1人,05-20发布,周末双休|带薪年假|五险一金|节日福利
Linux/C软件工程师,普天信息技术有限公司,0.8-1万/月,北京-海淀区,2年经验,本科,招1人,05-20发布,五险一金|补充医疗保险|交通补贴|餐饮补贴|弹性工作|定期体检
APP开发工程师,北京中科晶上科技股份有限公司,0.6-1.2万/月,淮安,2年经验,本科,招1人,05-20发布,五险一金|补充医疗保险|定期体检|绩效奖金|年终奖金|专业培训
Web前端开发工程师,北京腾信软创科技股份有限公司,1-1.5万/月,北京-西城区,3-4年经验,本科,招3人,05-20发布,五险一金|员工旅游|餐饮补贴|股票期权|电脑补助
软件测试工程师,中国软件与技术服务股份有限公司,6-8千/月,北京-昌平区,1年经验,本科,招若干人,05-20发布,五险一金|补充医疗保险|免费班车|员工旅游|通讯补贴|定期体检
software engineer,金雅拓（北京）智能卡科技有限公司,1.5-2.5万/月,北京,无工作经验,本科,招若干人,05-20发布,五险一金|补充医疗保险|员工旅游|专业培训|出国机会|年终奖金|定期体检
APP测试工程师,北京盛世东康科技发展有限公司,0.8-1.2万/月,北京-海淀区,1年经验,本科,招若干人,05-20发布,五险一金|股票期权
搜狗地图—手机离线导航引擎开发工程师,北京搜狗科技发展有限公司,2-4万/月,北京,2年经验,本科,招1人,05-20发布,五险一金|补充医疗保险|餐饮补贴|弹性工作|定期体检|年终奖金
搜狗阅读-高级测试开发工程师,北京搜狗科技发展有限公司,2-4万/月,北京-海淀区,3-4年经验,本科,招1人,05-20发布,五险一金|补充医疗保险|餐饮补贴|弹性工作|定期体检|年终奖金
搜狗手机浏览器-内核高级开发工程师,北京搜狗科技发展有限公司,3-4万/月,北京-海淀区,5-7年经验,本科,招1人,05-20发布,五险一金|餐饮补贴|补充医疗保险|弹性工作|绩效奖金|定期体检
游戏逻辑程序员,北京像素软件科技股份有限公司,1.5-2.5万/月,北京-朝阳区,3-4年经验,本科,招若干人,05-20发布,五险一金|餐饮补贴|定期体检|绩效奖金
高级前端开发工程师,威创集团股份有限公司,4-8万/月,北京-朝阳区,5-7年经验,本科,招1人,05-20发布,五险一金|绩效奖金|弹性工作|大牛带队|试用期全额
app开发工程师,北京视友科技有限责任公司,0.9-1.3万/月,北京,2年经验,大专,招3人,05-20发布,带薪年假|股票期权|五险一金|绩效奖金|年终奖金|员工旅游
中高级项目经理,北京开科唯识技术有限公司,1.5-2.2万/月,北京-丰台区,5-7年经验,大专,招1人,05-20发布,五险一金|餐饮补贴|定期体检|员工旅游|节日福利
手游测试工程师,北京北纬通信科技股份有限公司,6-8千/月,北京,无工作经验,本科,招1人,05-20发布,五险一金|员工旅游|餐饮补贴|通讯补贴|定期体检
平台研发经理,游艺春秋网络科技（北京）有限公司,1.5-2万/月,北京-海淀区,5-7年经验,本科,招1人,05-20发布,五险一金|交通补贴|餐饮补贴|年终奖金|弹性工作|定期体检
UE交互设计师,北京梧桐车联科技有限责任公司,1.5-3.5万/月,北京-海淀区,无工作经验,本科,招3人,05-20发布,五险一金|免费班车|弹性工作
软件测试实习生,北京特艺企业管理有限公司,180元/天,北京-海淀区,无工作经验,硕士,招1人,05-20发布,
测试工程师,北京华信杰通科技有限公司,0.8-1万/月,北京,2年经验,本科,招2人,05-20发布,五险一金|交通补贴|专业培训|通讯补贴|餐饮补贴|绩效奖金|季度福利|节日福利
手机产品中心-智能手机UI/UE设计师（北京）,中国移动智能硬件创新中心,,北京,3-4年经验,本科,招若干人,05-20发布,
初级研发工程师,北京千禧维讯科技有限公司,4.5-5.5千/月,北京-大兴区,1年经验,本科,招2人,05-20发布,人身意外险|专业培训|五险一金|补充医疗保险|绩效奖金|定期体检|餐饮补贴|员工旅游|带薪年假|13薪
软件研发经理_精密工程技术中心,浙江大学山东工业技术研究院,0.5-1万/月,枣庄,5-7年经验,本科,招1人,04-29发布,五险一金|餐饮补贴|定期体检
安卓开发,北京中科白癜风医院,4-8千/月,北京-大兴区,2年经验,大专,招3人,05-08发布,
安卓开发,北京中科白癜风医院,3-6千/月,北京-大兴区,3-4年经验,本科,招3人,05-08发布,
移动app后台开发,北京中科白癜风医院,4-8千/月,北京-大兴区,2年经验,大专,招3人,05-08发布,
移动app后台开发,北京中科白癜风医院,3-6千/月,北京-大兴区,3-4年经验,本科,招3人,05-08发布,
高级Android开发工程师,天地融科技股份有限公司,1.5-2万/月,北京,5-7年经验,本科,招2人,05-20发布,五险一金|绩效奖金|定期体检|补充医疗保险|弹性工作
资深android开发工程师—TV端,四达时代通讯网络技术有限公司,2-2.5万/月,北京-大兴区,无工作经验,本科,招1人,05-20发布,五险一金|补充医疗保险|免费班车|交通补贴|餐饮补贴|通讯补贴|弹性工作|专业培训
Android开发工程师,北京玄金网络科技有限公司,1-2万/月,北京-朝阳区,3-4年经验,本科,招2人,05-20发布,五险一金|餐饮补贴|年终奖金|绩效奖金|弹性工作
手机Android（安卓）客户端开发,北京信普达系统工程有限公司,0.6-1.2万/月,北京,1年经验,本科,招1人,05-20发布,五险一金|专业培训|定期体检|餐饮补贴|工作居住证|下午茶生日会|每周打球活动|带薪假期多多
Android开发工程师,郑州菏怀软件科技有限公司,1.5-2万/月,北京-海淀区,3-4年经验,本科,招6人,05-20发布,五险一金|弹性工作|交通补贴|年终奖金|绩效奖金
Android开发工程师,北京兆维电子（集团）有限责任公司,1-1.8万/月,北京-朝阳区,3-4年经验,本科,招1人,05-20发布,餐饮补贴|定期体检|五险一金|做五休二|周末双休
React Native开发工程师,桂林力港网络科技股份有限公司,0.8-1.5万/月,桂林,3-4年经验,大专,招2人,04-29发布,五险一金|补充公积金|员工旅游|年终奖金|餐饮补贴|定期体检
Python开发工程师,北京软峰时代科技有限公司,1-2万/月,北京-昌平区,2年经验,大专,招3人,05-11发布,
Android驱动工程师,随锐科技股份有限公司,1.5-2万/月,北京-海淀区,3-4年经验,本科,招1人,05-20发布,餐饮补贴|定期体检|六险一金|周末双休
Android高级开发工程师,北京酷车易美网络科技有限公司,1.5-1.8万/月,北京-朝阳区,3-4年经验,大专,招1人,05-20发布,五险一金|周末双休|股票期权|餐饮补贴|年终奖金|创业公司|带薪年假
Android系统开发工程师,易视腾科技股份有限公司,1.5-2.5万/月,北京,3-4年经验,本科,招3人,05-20发布,五险一金|补充医疗保险|通讯补贴|定期体检|绩效奖金|年终奖金
高级前端开发工程师,中关村科技软件股份有限公司,1.5-2.5万/月,北京,3-4年经验,本科,招5人,05-19发布,五险一金|补充医疗保险|员工旅游|餐饮补贴|弹性工作|定期体检|节日福利
手机APP技术经理,中国招标公共服务平台有限公司,1-2万/月,北京,2年经验,本科,招1人,05-20发布,五险一金|补充医疗保险|交通补贴|餐饮补贴|通讯补贴|定期体检|弹性工作|绩效奖金
产品经理,广州悦耳电子有限公司,40-50万/年,北京-朝阳区,3-4年经验,本科,招1人,04-23发布,
C/C++音视频应用软件工程师,科来视通（北京）技术有限公司,1.5-2万/月,北京-朝阳区,3-4年经验,本科,招1人,04-24发布,五险一金|餐饮补贴|绩效奖金|股票期权
平面设计师,普华众鑫文化传播有限公司,0.8-1万/月,北京-朝阳区,3-4年经验,本科,招1人,04-24发布,做五休二|带薪年假|节日福利|补充医疗保险
ZDTX-APP开发工程师,北京智芯微电子科技有限公司,1-3万/月,北京,2年经验,本科,招2人,04-24发布,五险一金|补充医疗保险|免费班车|餐饮补贴|绩效奖金|年终奖金
游戏前端开发(白鹭或者cocos),淄博东雷商贸有限公司,1.5-2.5万/月,北京-朝阳区,2年经验,大专,招若干人,04-25发布,国外工作机会|周末双休|不加班|包住单间公寓|餐饮补贴|通讯补贴|年终奖金|绩效奖金|交通补贴|员工旅游
软件测试工程师,迪原创新（北京）科技有限公司,0.8-1万/月,北京-西城区,2年经验,本科,招1人,04-25发布,五险一金|补充医疗保险|弹性工作|定期体检|带薪年假|周末双休
引擎开发工程师,北京水果堂网络科技有限公司,2.5-3万/月,北京-朝阳区,5-7年经验,大专,招若干人,05-18发布,五险一金|员工旅游|专业培训|年终奖金|弹性工作|节日福利|餐饮补贴
测试工程师（实习岗位）,中科科猫（北京）科技有限公司,3-4.5千/月,北京-西城区,无工作经验,本科,招2人,05-18发布,
手机群控 安卓开发工程师,北京天合睿创科技有限公司,2-3万/月,北京-朝阳区,3-4年经验,本科,招若干人,05-17发布,
GIS应用开发工程师,华云升达（北京）气象科技有限责任公司,0.7-1.2万/月,北京-昌平区,无工作经验,本科,招1人,05-17发布,五险一金|补充医疗保险|免费班车|交通补贴|餐饮补贴|通讯补贴|专业培训|年终奖金|定期体检|补充公积金
网页设计/美工,环球大数据科技有限公司,0.8-1.2万/月,北京-海淀区,3-4年经验,大专,招1人,05-17发布,五险一金|绩效奖金|年终奖金|股票期权|餐饮补贴|员工旅游
柯锐特-人事专员,北京柯锐特信息技术有限公司,3-6千/月,北京-昌平区,1年经验,大专,招若干人,05-16发布,
移动端开发工程师,北京起鹏科技发展有限公司,1-1.5万/月,北京,3-4年经验,本科,招20人,05-16发布,五险一金|员工旅游|交通补贴|餐饮补贴|专业培训|出国机会|年终奖金|弹性工作
APP测试工程师,北京快友世纪科技股份有限公司,5-8千/月,北京,1年经验,本科,招1人,05-16发布,五险一金|补充医疗保险|餐饮补贴|通讯补贴|弹性工作|定期体检
android讲师 (MJ005860),达内时代科技集团有限公司,1.5-2.5万/月,北京,无工作经验,本科,招1人,04-10发布,五险一金|专业培训|绩效奖金|股票期权|午餐补助|员工旅游
Android开发工程师,北京腾信软创科技股份有限公司,1-1.5万/月,北京,3-4年经验,本科,招若干人,05-20发布,五险一金|员工旅游|餐饮补贴|股票期权|电脑补助|周末双休|地铁周边
VOIP android开发工程师,上海领之飞物联网科技有限公司北京分公司,1.5-3.5万/月,北京-朝阳区,2年经验,本科,招2人,05-20发布,五险一金|餐饮补贴|电脑补助
SOFTWARE ENGINEER (ANDROID/IOS),金雅拓（北京）智能卡科技有限公司,30-40万/年,北京-海淀区,1年经验,本科,招1人,05-20发布,五险一金|补充医疗保险|员工旅游|专业培训|出国机会|年终奖金|定期体检
搜狗手机浏览器-高级Android开发工程师 (MJ001921),北京搜狗科技发展有限公司,3-4.5万/月,北京-海淀区,5-7年经验,本科,招1人,05-20发布,五险一金|补充医疗保险|餐饮补贴|弹性工作|定期体检|年终奖金
Android系统架构师,嘉兴安越企业管理咨询有限公司,4-5万/月,北京-东城区,5-7年经验,本科,招4人,05-20发布,
Android软件工程师,高德中彩科技有限公司,0.8-1万/月,北京-朝阳区,2年经验,本科,招3人,05-20发布,
Android开发工程师-1015,珠海盈米基金销售有限公司,1.5-2.5万/月,北京-海淀区,3-4年经验,本科,招1人,05-20发布,弹性工作|带薪年假|周末双休|节日福利|餐饮补贴|五险一金|大牛多|股票期权
android高级开发工程师,北京鑫丰南格科技股份有限公司,0.8-1.5万/月,北京-丰台区,3-4年经验,本科,招1人,05-19发布,五险一金|通讯补贴|交通补贴|餐饮补贴|弹性工作|绩效奖金|员工旅游|定期体检|专业培训
IOS开发/Android开发工程师（需外派）(职位编号：004),白城市佰信达贸易有限公司,1.5-3.5万/月,白城,2年经验,大专,招4人,05-19发布,带薪年假|包吃|包三餐|包住宿|免费班车|绩效奖金|全勤奖|节日福利|通讯补贴|出国机会
Android开发工程师,北京拓盛电子科技有限公司,1.5-2.5万/月,北京,2年经验,本科,招3人,05-19发布,五险一金|餐饮补贴|专业培训|绩效奖金|年终奖金|定期体检
Android开发工程师,北京中嘉信诺科技发展有限公司,1-1.5万/月,北京-海淀区,无工作经验,本科,招若干人,05-20发布,五险一金|绩效奖金|股票期权|专业培训|员工旅游|餐饮补贴|年终奖金
Java开发实习生,北京创梦伟业科技有限公司,3-4.5千/月,北京-朝阳区,无工作经验,大专,招2人,05-20发布,
Android开发工程师,北京壳木软件有限责任公司,1.5-2万/月,北京-朝阳区,无工作经验,本科,招若干人,05-15发布,五险一金|补充医疗保险|员工旅游|年终奖金|定期体检|餐饮补贴
资深UI设计师,北京才鼎通信息技术有限公司,1.5-2万/月,北京,5-7年经验,本科,招若干人,05-11发布,五险一金|通讯补贴|绩效奖金
高级测试开发工程师,联创世界（北京）科技有限责任公司,1.5-2万/月,北京-朝阳区,3-4年经验,本科,招10人,05-11发布,五险一金|交通补贴|餐饮补贴|弹性工作|免费班车
高级Android开发工程师(职位编号：000365),北京升哲科技有限公司,1.8-3.5万/月,北京-朝阳区,无工作经验,本科,招若干人,05-05发布,
Android软件工程师,晶晨半导体（上海）股份有限公司,1.5-2.5万/月,北京-海淀区,3-4年经验,本科,招2人,05-05发布,五险一金|补充医疗保险|员工旅游|餐饮补贴|年终奖金|弹性工作|专业培训|定期体检|绩效奖金
高级android framework工程师 (MJ000032),优奈柯恩（北京）科技有限公司,1.8-3.6万/月,北京-海淀区,3-4年经验,本科,招1人,05-05发布,五险一金|出国机会|餐饮补贴|年终奖金|定期体检|股票期权
Android开发工程师,杭州盈穗软件科技有限公司,1-1.5万/月,北京,3-4年经验,大专,招10人,05-05发布,五险一金|餐饮补贴|弹性工作
中级Android开发工程师,新华书店总店,1-1.5万/月,北京-西城区,2年经验,本科,招1人,05-05发布,五险二金|带薪年休假|免费早中餐|其他福利|年终奖金|定期体检
Android开发工程师,北京慧食教育科技有限公司,15-20万/年,北京-大兴区,3-4年经验,本科,招若干人,05-06发布,员工旅游|专业培训|弹性工作|定期体检|绩效奖金
Android开发工程师,北京招通致晟科技有限公司,1-1.5万/月,北京,3-4年经验,大专,招1人,05-06发布,五险一金|绩效奖金|年终奖金|弹性工作|定期体检
培训咨询顾问,深圳爱加密科技有限公司,1.5-2.5万/月,北京,5-7年经验,本科,招1人,05-20发布,
UI设计实习生,中锝（北京）科技有限公司,3-4.5千/月,北京-朝阳区,无工作经验,本科,招5人,05-20发布,五险一金|餐饮补贴|年终奖金|弹性工作
Mobile phone Charging debug tools development engineer,高通无线通信技术（中国）有限公司,,北京,无工作经验,大专,招若干人,05-20发布,
Unity3d开发工程师,通号工程局集团北京通信信息系统集成有限公司,0.8-1万/月,北京-丰台区,3-4年经验,本科,招2人,05-20发布,五险一金|交通补贴|年终奖金|绩效奖金|通讯补贴|定期体检|餐饮补贴
Java开发工程师,深圳市汇合发展有限公司,0.8-1.2万/月,北京-丰台区,2年经验,大专,招1人,05-20发布,五险一金|年终奖金|行里吃饭|员工旅游|专业培训|餐饮补贴|绩效奖金|定期体检
APP高级软件工程师,青牛（北京）技术有限公司,1.2-1.8万/月,北京-石景山区,3-4年经验,本科,招1人,05-20发布,五险一金|餐饮补贴|通讯补贴|绩效奖金|定期体检
ReactNative开发工程师,北京商联达科技有限公司,1-1.5万/月,北京-海淀区,3-4年经验,大专,招3人,05-20发布,五险一金|专业培训|绩效奖金|弹性工作
架构师,快媒数字科技有限公司,30-50万/年,武汉-洪山区,无工作经验,本科,招1人,05-20发布,五险一金|员工旅游|年终奖金|绩效奖金|股票期权
2019年应届硕士/可解决北京户口/web前端工程师,大唐融合通信股份有限公司,6-8千/月,北京-东城区,无工作经验,硕士,招2人,05-20发布,通讯补贴|绩效奖金|餐饮补贴|专业培训|五险一金|补充医疗保险|定期体检
APP推广经理,北京中澜视讯传媒科技有限公司,1-2.5万/月,北京-朝阳区,2年经验,本科,招1人,05-20发布,五险一金|员工旅游|绩效奖金|年终奖金|弹性工作
android开发工程师,苏州深析智能科技有限公司天津分公司,1-1.5万/月,天津-静海区,3-4年经验,本科,招15人,04-17发布,五险一金|免费班车|员工旅游|餐饮补贴|通讯补贴|专业培训|绩效奖金|年终奖金
Android高级开发工程师,北京悉见科技有限公司,2-4万/月,北京-海淀区,3-4年经验,本科,招1人,04-17发布,五险一金|员工旅游|专业培训|出国机会|绩效奖金|年终奖金|股票期权|弹性工作|定期体检
Android开发工程师,北京锐志天宏科技股份有限公司,0.7-1.4万/月,北京-昌平区,1年经验,本科,招3人,04-17发布,五险一金|员工旅游|餐饮补贴|绩效奖金|年终奖金|定期体检|带薪年假|领导好
Android开发工程师,北京晶众智慧交通科技股份有限公司,1-1.5万/月,北京-朝阳区,3-4年经验,本科,招1人,04-17发布,做五休二|周末双休|五险一金|专业培训|交通补贴|住房补贴|餐饮补贴|绩效奖金
直播云-Android高级开发工程师,好未来教育（原学而思教育),2-4万/月,北京-海淀区,5-7年经验,本科,招1人,04-18发布,五险一金|补充医疗保险|补充公积金|年终奖金|定期体检|绩效奖金|周末双休|带薪年假|节日福利
Android开发工程师,北京温暖阳光下教育科技有限公司,1.5-2万/月,北京-朝阳区,3-4年经验,本科,招2人,04-19发布,发展空间大|五险一金
Android研发工程师-北京研发中心(职位编号：010748),搜狐媒体,1.5-3万/月,北京-海淀区,1年经验,本科,招若干人,04-21发布,
Android开发工程师-消费者事业群-北京,科大讯飞股份有限公司,1.2-2.2万/月,北京,3-4年经验,本科,招2人,04-21发布,五险一金|免费班车|餐饮补贴|通讯补贴|年终奖金|定期体检|绩效奖金|专业培训
Android开发工程师,北京世纪网展科技有限公司,1-1.5万/月,北京-丰台区,2年经验,本科,招1人,04-22发布,五险一金|员工旅游|专业培训|周末双休|节日福利|带薪年假|通讯补贴
Android安卓开发工程师-北京-00017,北软互联（北京）科技有限公司,1-1.4万/月,北京-朝阳区,3-4年经验,大专,招10人,04-22发布,五险一金|专业培训|绩效奖金|餐饮补贴
Android开发工程师,普惠财富投资管理（北京）有限公司,1.2-1.8万/月,北京-东城区,2年经验,本科,招若干人,04-22发布,五险一金|补充医疗保险|交通补贴|餐饮补贴|通讯补贴|定期体检
Android高级开发工程师,比亚迪精密制造有限公司,1.3-2.6万/月,北京-通州区,无工作经验,本科,招5人,04-23发布,做五休二|周末双休|带薪年假|交通补贴|五险一金|绩效奖金|通讯补贴|专业培训|节日福利
Android开发工程师,欧姆龙医疗器械（北京）有限公司,1.2-1.8万/月,北京,3-4年经验,本科,招若干人,05-20发布,五险一金|补充医疗保险|通讯补贴|绩效奖金|年终奖金|定期体检
Android开发工程师,北京中广瑞波科技股份有限公司,1-1.5万/月,北京-西城区,3-4年经验,本科,招1人,05-20发布,五险一金|补充医疗保险|员工旅游|年终奖金|股票期权|定期体检
Android软件工程师,魔信（北京）科技有限公司,0.7-1.5万/月,北京-通州区,无工作经验,本科,招5人,05-20发布,五险一金|补充医疗保险|出国机会|弹性工作
Android开发工程师,北京太度快乐网络技术有限公司,0.8-1.5万/月,北京-朝阳区,2年经验,大专,招1人,04-24发布,
Android工程师,华信永益（北京）信息技术有限公司,1-1.6万/月,北京-房山区,2年经验,本科,招2人,04-24发布,五险一金|餐饮补贴|弹性工作|绩效奖金|员工旅游|节假日礼品
Android驱动工程师（工作地深圳）,深圳易普森科技股份有限公司,1-1.8万/月,深圳,3-4年经验,大专,招1人,05-20发布,五险一金|员工旅游|通讯补贴|绩效奖金|年终奖金|节假日福利
Android开发工程师,威创集团股份有限公司,1.7-3.4万/月,北京-朝阳区,3-4年经验,本科,招1人,05-20发布,五险一金|绩效奖金|弹性工作|大牛带队|试用期全额
Android工程师,和易坤（北京）科技有限公司,1-1.5万/月,北京-丰台区,3-4年经验,本科,招2人,05-20发布,五险一金|交通补贴|通讯补贴|绩效奖金|股票期权
Android开发工程师,上海博泰悦臻电子设备制造有限公司,,北京,1年经验,本科,招1人,05-20发布,五险一金|定期体检|年终奖金|餐饮补贴|员工旅游|补充公积金
Android安全研发工程师,郑州信大捷安信息技术股份有限公司,1.8-3万/月,北京,3-4年经验,本科,招2人,05-20发布,五险一金|补充医疗保险|餐饮补贴|通讯补贴|年终奖金|绩效奖金|交通补贴
Android Framework开发工程师,北京梧桐车联科技有限责任公司,2-4万/月,北京-海淀区,5-7年经验,本科,招3人,05-20发布,五险一金|免费班车|餐饮补贴|弹性工作
Android开发工程师,北京奇客创想科技股份有限公司,0.8-1.5万/月,北京-海淀区,无工作经验,本科,招1人,05-20发布,五险一金|年终奖金|员工旅游|绩效奖金|免费班车|弹性工作
Android开发工程师,北京北纬通信科技股份有限公司,0.7-1.2万/月,北京,无工作经验,本科,招若干人,05-20发布,五险一金|员工旅游|餐饮补贴|通讯补贴|定期体检
Android开发工程师,北京云标科技有限公司,0.8-1.1万/月,北京-海淀区,2年经验,大专,招1人,05-20发布,
Android开发工程师,北京贞和科技有限公司,0.8-1万/月,北京,3-4年经验,本科,招5人,05-20发布,
Android开发工程师（BX1zj）,北京东方国信科技股份有限公司,0.6-1万/月,北京,1年经验,本科,招1人,05-20发布,五险一金|年终奖金|定期体检|员工旅游|专业培训|餐饮补贴
Android开发工程师,北京兆信信息技术股份有限公司,1-1.5万/月,北京-朝阳区,3-4年经验,本科,招1人,05-20发布,五险一金|股票期权|定期体检
Android开发工程师,深圳市信峰科技有限公司,1.5-2万/月,深圳-南山区,3-4年经验,大专,招8人,05-20发布,
Android 开发工程师,中国国际金融股份有限公司,2-2.5万/月,北京,无工作经验,本科,招若干人,05-20发布,
23486-自选股Android客户端高级工程师(职位编号：49534),深圳市腾讯计算机系统有限公司,,北京,5-7年经验,本科,招1人,05-20发布,
高德-Android/Linux系统软件专家-车联网(职位编号：GP051628),阿里巴巴集团,,北京,5-7年经验,本科,招2人,05-20发布,
android开发工程师(3478),完美世界（北京）总部/完美时空,1.5-2万/月,北京-朝阳区,1年经验,本科,招1人,05-20发布,五险一金|补充医疗保险|餐饮补贴|专业培训|年终奖金|定期体检
资深Android软件工程师(hybrid方向）(职位编号：vivo002844),vivo智能手机（维沃移动通信有限公司）,2.5-5万/月,杭州-西湖区,5-7年经验,本科,招5人,05-20发布,
Android开发工程师,北京斯普信信息技术有限公司,0.8-1万/月,北京-西城区,2年经验,本科,招若干人,05-20发布,五险一金|定期体检|年终奖金|弹性工作
Android开发工程师,深圳北纬三十度信息科技有限公司,2-5万/月,北京-海淀区,3-4年经验,大专,招2人,05-20发布,
嵌入式Android工程师,北京康斯特仪表科技股份有限公司,1.5-2.5万/月,北京,无工作经验,本科,招1人,05-20发布,做五休二|周末双休|带薪年假|五险一金|节日福利|加班补贴|餐饮补贴
初级android研发工程师,亿维融智软件科技（北京）有限公司,0.8-1万/月,北京-海淀区,1年经验,本科,招2人,03-21发布,五险一金|弹性工作|定期体检|绩效奖金
Android开发工程师（R027-BJ20180806）(职位编号：R027-BJ20180806),北京新浪阅读信息技术有限公司,1.5-2万/月,北京,3-4年经验,本科,招1人,03-21发布,五险一金|补充医疗保险|通讯补贴|餐饮补贴|弹性工作|定期体检
Android开发工程师,北京北广影联传媒科技有限公司,0.7-1.2万/月,北京-朝阳区,2年经验,大专,招1人,03-21发布,五险一金|绩效奖金|年终奖金|弹性工作|专业培训|餐饮补贴|周末双休|节日福利|股权期权
Android开发工程师,北京去来冷链科技有限公司,1-1.5万/月,北京-海淀区,3-4年经验,本科,招1人,03-21发布,定期体检|专业培训|绩效|补贴|节日福利|全勤奖
android手机开发人员,申朴信息技术（上海）股份有限公司,1.5-2万/月,北京-海淀区,3-4年经验,本科,招3人,03-22发布,
Android研发工程师,北京恒通博联科技有限公司,1-1.5万/月,北京-海淀区,1年经验,本科,招2人,03-26发布,
Android开发工程师,深圳市智慧盾科技有限公司,1.2-2万/月,北京-海淀区,3-4年经验,大专,招10人,03-26发布,五险一金|员工旅游|年终奖金|节日福利
android开发工程师-泰岳小漫,北京神州泰岳软件股份有限公司,1.5-2万/月,北京-朝阳区,5-7年经验,本科,招1人,05-16发布,五险一金|补充医疗保险|餐饮补贴|年终奖金|股票期权|定期体检|社保补贴
Android逆向工程师,北京百家互联科技有限公司,1.2-3万/月,北京-海淀区,无工作经验,本科,招1人,05-16发布,
Android平台支持工程师,阿依瓦（北京）技术有限公司,0.8-1万/月,北京-海淀区,1年经验,本科,招1人,05-16发布,
Android开发工程师,熊国宝体育有限公司,0.8-1.2万/月,北京-海淀区,1年经验,大专,招1人,05-16发布,
Android中级开发工程师(J10708),北京天融信科技有限公司,1-1.5万/月,北京,3-4年经验,本科,招2人,05-16发布,五险一金|弹性工作|定期体检|年终奖金|股票期权|绩效奖金|交通补贴|餐饮补贴|通讯补贴|16薪资
android开发工程师,上海屹通信息科技发展有限公司,1-1.5万/月,北京-海淀区,3-4年经验,本科,招1人,05-16发布,
Android开发工程师（智能驾驶）(职位编号：001051),北京经纬恒润科技有限公司,1-1.5万/月,北京-海淀区,无工作经验,本科,招若干人,05-16发布,
Android开发工程师,欢网科技有限责任公司,1.3-1.8万/月,北京-朝阳区,5-7年经验,大专,招1人,05-17发布,周末双休|带薪年假|五险一金|节日福利|弹性工作|餐饮补贴|定期体检
Android开发工程师(职位编号：2),北京鼎驰信诚科技发展有限公司,1.2-1.8万/月,北京-东城区,2年经验,本科,招2人,05-17发布,五险一金|定期体检|专业培训|补充医疗保险
对日软件工程师,大连清峰网络科技有限公司,15-45万/年,北京-朝阳区,1年经验,大专,招2人,05-12发布,绩效奖金|年终奖金|弹性工作|出国机会|餐饮补贴|通讯补贴
web前端-西二旗-ERP,北京联想利泰软件有限公司,1.5-2万/月,北京,5-7年经验,本科,招1人,05-13发布,五险一金|餐饮补贴|弹性工作|定期体检
Cocos2d-x游戏lua方向开发工程师,北京乐游世界网络科技有限公司,1-1.5万/月,北京-顺义区,2年经验,高中,招若干人,05-13发布,五险一金|绩效奖金|年终奖金|住房补贴1000|弹性工作
校招-Android/Linux开发工程师,联发科技股份有限公司,20-30万/年,北京-朝阳区,无工作经验,硕士,招2人,05-07发布,五险一金|补充医疗保险|免费班车|年终奖金|绩效奖金|餐饮补贴|定期体检
Android开发工程师,北京数知科技股份有限公司,1-1.8万/月,北京-西城区,3-4年经验,本科,招1人,05-08发布,五险一金|意外保险|定期体检|交通补贴|通讯补贴|午餐补贴|带薪假期|节日福利|生日慰问|弹性工作
00137-android开发工程师,北京智行者科技有限公司,1.5-3万/月,北京-昌平区,3-4年经验,本科,招1人,05-08发布,五险一金|弹性工作|定期体检|年终奖金|股票期权|绩效奖金|员工旅游|节日福利|年底双薪|餐补
Android开发工程师(中指研究院),房天下,1.5-2万/月,北京,2年经验,本科,招1人,05-08发布,
Android研发工程师,贵安新区新特电动汽车工业有限公司,1-2万/月,北京-朝阳区,2年经验,本科,招3人,05-08发布,五险一金|交通补贴|餐饮补贴|住房补贴|年底双薪|带薪年休|生日补贴
Android开发工程师,北京藜麦信息技术有限责任公司,1.3-2.5万/月,北京-昌平区,1年经验,本科,招若干人,05-08发布,五险一金|专业培训|年终奖金|免费班车|餐饮补贴|补充医疗保险|员工旅游|定期体检|加班费
Android开发工程师,江苏润和软件股份有限公司,0.7-1.2万/月,北京-海淀区,1年经验,本科,招1人,05-08发布,五险一金|餐饮补贴|定期体检|股票期权|节假日福利|项目奖金
Android软件开发工程师,北京嘉士宝科技有限公司,6-8千/月,北京-朝阳区,2年经验,本科,招2人,05-09发布,五险一金|绩效奖金|股票期权|弹性工作|员工旅游
Android应用开发经理,深圳光峰科技股份有限公司,2-3.5万/月,北京-海淀区,5-7年经验,本科,招1人,05-09发布,五险一金|免费班车|年终奖金|定期体检|餐饮补贴
Android开发工程师,北京华樾教育科技有限公司,1-1.5万/月,北京-海淀区,无工作经验,本科,招5人,05-10发布,
资深Android开发工程师,北京恩穗企业咨询有限责任公司,3-4万/月,北京,2年经验,本科,招1人,05-10发布,五险一金|补充医疗保险|补充公积金|定期体检|年终奖金|绩效奖金|通讯补贴
银行-Android开发工程师,北京融英乐知科技有限公司,1.5-2.4万/月,北京,3-4年经验,本科,招8人,05-10发布,五险一金|补充医疗保险|补充公积金|员工旅游|交通补贴|年终奖金|定期体检
互联网金融 产品经理,北京国融创新管理顾问有限公司,2-2.5万/月,北京-朝阳区,3-4年经验,本科,招1人,05-16发布,做五休二|周末双休|带薪年假|五险一金
场景开发工程师,中国电子科技集团公司第十五研究所（华北计算技术研究所）,0.8-1.6万/月,北京,无工作经验,本科,招2人,05-16发布,五险一金|餐饮补贴|绩效奖金|定期体检
APP小程序主管,西王集团,,北京-朝阳区,2年经验,大专,招1人,05-20发布,全国五百强|领导nice
UI/UE实习生（北京）(职位编号：10),亚信科技（中国）有限公司,,北京,无工作经验,本科,招若干人,05-20发布,
app混合开发工程师,深圳市泰和安科技有限公司,1-1.5万/月,北京-朝阳区,2年经验,本科,招1人,05-20发布,五险一金|带薪年假|高额提成|年底双薪|年终奖金|周末双休|通讯补贴|交通补贴|餐饮补贴|专业培训
前端H5开发工程师,杭州展鸿科技有限公司,1-1.5万/月,北京-海淀区,3-4年经验,本科,招1人,05-20发布,五险一金|绩效奖金|年终奖金|定期体检|节日福利
高级安卓开发工程师,北京极致车网科技有限公司,1-2万/月,北京,3-4年经验,本科,招1人,05-20发布,带薪年假|五险一金|绩效奖金|节日福利|专业培训|补贴|年终奖金|团建聚餐|餐饮补贴
移动端资深工程师/架构师（智能制造方向）,北京精益汇智科技有限公司,2-4万/月,北京-海淀区,5-7年经验,本科,招2人,05-20发布,五险一金|交通补贴|餐饮补贴|年终奖金|弹性工作|股票期权|定期体检
前端开发工程师,上海梦创双杨数据科技股份有限公司,1-3万/月,北京-石景山区,3-4年经验,本科,招5人,05-20发布,五险一金
TEE应用开发工程师,恒宝股份有限公司,1-2万/月,北京-西城区,无工作经验,本科,招1人,05-20发布,五险一金|餐饮补贴|定期体检|通讯补贴|补充医疗保险|交通补贴|年终奖金|绩效奖金|专业培训
Java开发工程师,郑州高预美信息技术有限公司,1-1.5万/月,北京-海淀区,3-4年经验,本科,招20人,04-10发布,五险一金|绩效奖金|交通补贴|年终奖金|餐饮补贴
嵌入式开发设计师（异地招聘）,中船蓝海星（北京）文化发展有限责任公司,1-1.5万/月,燕郊开发区,2年经验,本科,招3人,05-20发布,五险一金|年终奖金|定期体检
APP测试工程师,三联生活传媒有限公司,0.7-1万/月,北京-朝阳区,2年经验,本科,招若干人,04-11发布,五险一金|专业培训|通讯补贴|年终奖金|绩效奖金|弹性工作|定期体检
高级项目经理,中青旅联科（北京）公关顾问有限公司,2-2.5万/月,北京,5-7年经验,本科,招1人,05-20发布,五险一金|补充医疗保险|员工旅游|年终奖金|定期体检|专业培训
技术经理/总监,北京盛世东康科技发展有限公司,1.5-3万/月,北京-朝阳区,3-4年经验,本科,招若干人,05-20发布,五险一金|股票期权
Hybrid App开发工程师,建研科技股份有限公司,0.8-1.6万/月,北京-朝阳区,2年经验,本科,招2人,05-20发布,周末双休|带薪年假|五险一金|专业培训|节日福利|高温补贴|餐饮补贴|绩效奖金
高级引擎程序员,北京像素软件科技股份有限公司,1-2万/月,北京-朝阳区,3-4年经验,本科,招若干人,05-20发布,五险一金|餐饮补贴|绩效奖金|弹性工作|定期体检
商务经理（信息流）,广州奇异果互动科技股份有限公司,0.8-1.5万/月,北京-朝阳区,1年经验,大专,招1人,05-20发布,五险一金|员工旅游|餐饮补贴|弹性工作|股票期权|绩效奖金
System analyst,友邦资讯科技(广州)有限公司,2-3万/月,北京,8-9年经验,本科,招若干人,05-20发布,
高薪招聘招聘专员,上海佩琪信息技术有限公司,7-8千/月,天津-和平区,2年经验,大专,招1人,05-20发布,五险一金|餐饮补贴|绩效奖金|带薪年假|节日福利
移动端开发工程师,中国软件与技术服务股份有限公司,0.8-1.2万/月,北京-昌平区,无工作经验,本科,招2人,05-20发布,五险一金|免费班车|通讯补贴|年终奖金|专业培训|带薪年假|节日福利|包住|定期体检
游戏U3D客户端（高级）,武汉牧望群网络科技有限公司,2-3万/月,武汉,3-4年经验,大专,招3人,05-20发布,五险一金|补充公积金|餐饮补贴|通讯补贴|出国机会|绩效奖金|年终奖金|弹性工作|交通补贴
技术支持工程师FAE（北京）,上海移远通信技术股份有限公司,1.5-2万/月,北京-朝阳区,无工作经验,本科,招2人,05-20发布,
手机应用开发,北京九思易自动化软件有限公司,1.5-2.5万/月,北京,3-4年经验,本科,招若干人,05-20发布,五险一金|年终奖金|定期体检
Cocos2d-x开发工程师,广西杰米网络科技有限公司,1-2万/月,南宁,3-4年经验,大专,招2人,05-20发布,年终奖金|周末双休|免费中、晚餐|带薪年假|节日福利|全勤奖|加班补贴
linux驱动开发工程师,东莞市安仕人力资源有限公司,20-30万/年,北京-昌平区,1年经验,本科,招2人,05-20发布,五险一金|额外商业保险|专业培训|绩效奖金|工作八小时|年终奖金
测试工程师（移动端）,北京安德信业信息咨询有限责任公司,1-2万/月,北京-海淀区,3-4年经验,本科,招1人,05-20发布,
java开发实习生/应届生,北京志联利盟科技发展有限公司,4.5-6千/月,北京-朝阳区,无工作经验,大专,招5人,05-20发布,
销售代表,卡宝拉因（大连）油漆有限公司,0.8-1万/月,大连-金州区,3-4年经验,大专,招4人,05-19发布,
移动端开发工程师（昌平）,联合永道（上海）信息技术有限公司,0.9-1.2万/月,北京-昌平区,3-4年经验,大专,招5人,05-19发布,五险一金|餐饮补贴|绩效奖金
APP软件开发工程师,北京崇远信达科技有限公司,0.7-1.5万/月,北京-昌平区,1年经验,本科,招若干人,05-20发布,五险一金|交通补贴|年终奖金|餐饮补贴|通讯补贴
Android开发工程师,贝阳创智（北京）技术有限公司,6-8千/月,北京-朝阳区,2年经验,本科,招1人,04-26发布,五险一金|补充医疗保险|股票期权|弹性工作|带薪年假
前端开发工程师,中国兵器装备集团兵器装备研究所,18-25万/年,北京-昌平区,无工作经验,本科,招4人,05-20发布,五险一金|餐饮补贴|定期体检|专业培训|提供单身宿舍
UI设计师,新道科技股份有限公司,1.4-1.9万/月,北京-海淀区,3-4年经验,本科,招1人,05-20发布,五险一金|交通补贴|专业培训|绩效奖金|餐饮补贴|通讯补贴|上市公司|年终奖金|带薪年假
Android开发工程师,北京中润华油石油化工股份有限公司,0.8-1万/月,北京-朝阳区,1年经验,大专,招1人,04-24发布,五险一金|员工旅游|出国机会|绩效奖金|年终奖金|定期体检
Android开发工程师,上海棋至文化传播有限公司,3-4万/月,北京-东城区,2年经验,大专,招4人,04-24发布,
Android开发工程师,《证券日报》社,1-1.5万/月,北京,3-4年经验,本科,招1人,04-24发布,五险一金|定期体检|餐饮补贴|补充医疗保险|年终奖金
Android开发工程师,北京智驾出行科技有限公司,1-1.8万/月,北京-海淀区,2年经验,本科,招1人,04-27发布,
研发经理（Android开发方向）,爱奇艺（www.iqiyi.com）,20-30万/年,北京-海淀区,5-7年经验,本科,招若干人,04-29发布,六险一金|弹性工作|12天年假|免费茶饮|餐饮补贴|交通补贴|加班补贴|季度奖金|内购福利|节日福利
Android应用开发工程师--慧视公司(职位编号：cetc3000423),中国电子科技集团公司第三研究所,1-1.5万/月,北京-朝阳区,2年经验,本科,招3人,04-30发布,五险一金|交通补贴|餐饮补贴|通讯补贴|年终奖金|专业培训|定期体检
Android工程师（研二1902）,北京南天软件有限公司,0.8-1.6万/月,北京-石景山区,3-4年经验,本科,招5人,04-30发布,五险一金|专业培训|年终奖金|定期体检|工会福利|餐饮补贴
高级Android开发工程师,北京赢鼎教育科技股份有限公司,1.5-2.5万/月,北京-海淀区,3-4年经验,本科,招1人,04-30发布,
Android应用开发工程师,乐荐信息科技（北京）有限公司,1.2-1.5万/月,北京-朝阳区,2年经验,本科,招1人,05-20发布,做五休二|周末双休|弹性工作|带薪年假|五险一金|节日福利|绩效奖金|专业培训
Android开发工程师,环球合一网络技术（北京）股份有限公司,1.2-2.4万/月,北京-海淀区,3-4年经验,本科,招2人,05-20发布,五险一金|通讯补贴|定期体检|补充医疗保险|餐饮补贴|弹性工作|绩效奖金|专业培训
Android开发工程师,北京安龙脉德医学科技有限公司,7-9千/月,北京-海淀区,1年经验,本科,招1人,05-02发布,五险一金|餐饮补贴|通讯补贴|节日福利|交通补贴|带薪年假
Android高级开发工程师,上海广升信息技术股份有限公司,1.5-2万/月,北京-海淀区,2年经验,本科,招1人,05-20发布,五险一金|交通补贴|出国机会|通讯补贴|餐饮补贴|绩效奖金|弹性工作|定期体检|年终奖金|员工旅游
Android开发工程师（北京）,浙江鸿程计算机系统有限公司,1-1.5万/月,北京-海淀区,2年经验,本科,招1人,05-20发布,五险一金|免费班车|交通补贴|餐饮补贴|通讯补贴|年终奖金|绩效奖金|定期体检|专业培训|员工旅游
Android/IOS开发工程师,普元信息技术股份有限公司,0.9-1.5万/月,北京-丰台区,1年经验,本科,招2人,05-20发布,五险一金|定期体检|补充医疗保险|绩效奖金|餐饮补贴|通讯补贴|弹性工作
Android软件工程师 （北京）,上海鲍麦克斯电子科技有限公司,1-2万/月,北京-朝阳区,2年经验,本科,招1人,05-20发布,做五休二|带薪年假|五险一金|餐饮补贴|节日福利|专业培训|绩效奖金|年终奖金|定期体检|员工旅游
高级android工程师-PO-北京-00052,英雄互娱科技股份有限公司,2-3万/月,北京-朝阳区,5-7年经验,本科,招2人,05-20发布,五险一金|补充医疗保险|免费班车|员工旅游|专业培训|餐饮补贴|交通补贴|绩效奖金|年终奖金|定期体检
Android开发工程师,麦田春雪科贸（北京）有限公司,2-2.5万/月,北京-朝阳区,5-7年经验,本科,招3人,05-20发布,五险一金|绩效奖金|年终奖金|股票期权
APP开发工程师(Android方向),北京恒泰实达科技股份有限公司,1-1.5万/月,北京-昌平区,1年经验,大专,招1人,05-20发布,五险一金|员工旅游|交通补贴|专业培训|绩效奖金|年终奖金|弹性工作|定期体检
Android开发工程师,北京直真科技股份有限公司,2-2.5万/月,北京-朝阳区,2年经验,本科,招3人,05-20发布,五险一金|股票期权|年终奖金|绩效奖金|通讯补贴|餐饮补贴|弹性工作|定期体检|专业培训
Android开发工程师,广誉远中药股份有限公司,0.8-1.5万/月,北京,1年经验,大专,招若干人,05-20发布,五险一金|餐饮补贴|通讯补贴|专业培训|定期体检|股票期权
Android开发工程师,北京三盈联合石油技术有限公司,1.5-2万/月,北京-大兴区,2年经验,本科,招若干人,05-20发布,五险一金|免费班车|交通补贴|餐饮补贴|通讯补贴|绩效奖金|年终奖金|定期体检
Android开发工程师(J12785),北京北大方正电子有限公司,1-1.5万/月,北京-海淀区,2年经验,本科,招2人,05-20发布,"免费班车|周末双休,|五险一金|补充医疗保险|餐饮补贴|定期体检|年终奖金|交通补贴"
Android 开发,江苏人加信息科技有限公司,0.8-2万/月,北京-海淀区,3-4年经验,大专,招20人,05-20发布,免费班车|五险一金|定期体检|节日福利|专业培训|交通补贴|通讯补贴|绩效奖金
Android开发工程师,北京首贝科技发展有限公司,0.7-1.5万/月,北京-昌平区,无工作经验,招5人,05-20发布,计算机科学与技术 计算机信息管理,五险一金|员工旅游|餐饮补贴|绩效奖金|年终奖金|弹性工作
高级android开发工程师,南京普惠旭晟药业科技有限公司,1-1.5万/月,北京-朝阳区,2年经验,本科,招2人,05-20发布,
Android开发工程师,河南海融软件有限公司,1-1.5万/月,北京,3-4年经验,大专,招2人,05-20发布,五险一金|员工旅游|年终奖金|专业培训|周末双休
Android工程师JDJ11833,北京方正阿帕比技术有限公司,1.5-2万/月,北京,3-4年经验,本科,招2人,03-26发布,五险一金|补充医疗保险|通讯补贴|餐饮补贴|绩效奖金
Android工程师（中级）,赞同科技股份有限公司,1.5-2万/月,北京-朝阳区,3-4年经验,本科,招若干人,03-28发布,五险一金|补充公积金|餐饮补贴|专业培训|定期体检
Android开发工程师,深圳市博安达信息技术股份有限公司,1-1.5万/月,北京-海淀区,3-4年经验,大专,招若干人,03-29发布,五险一金|员工旅游|交通补贴|餐饮补贴|专业培训|绩效奖金|年终奖金
Android开发工程师,北京慧闻科技发展有限公司,1-1.5万/月,北京-西城区,3-4年经验,本科,招1人,03-30发布,
Android开发工程师,北京蜂窝互联科技有限公司,1.5-2万/月,北京-朝阳区,3-4年经验,大专,招2人,03-31发布,五险一金|餐饮补贴|弹性工作|合伙人制|高比例提成
Android开发工程师(onsite国网电商）,北京华路时代信息技术股份有限公司,1-1.5万/月,北京-西城区,3-4年经验,大专,招4人,04-01发布,五险一金|餐饮补贴|员工旅游|年终奖金|弹性工作|通讯补贴|专业培训
Android高级开发,中宜云控互联网科技股份有限公司,1.5-2.5万/月,北京-海淀区,3-4年经验,大专,招2人,04-02发布,五险一金|交通补贴|餐饮补贴|绩效奖金
Android开发工程师,北京好脉网络信息技术有限公司,1.3-2.5万/月,北京-海淀区,5-7年经验,大专,招1人,04-02发布,
Android-SKD开发工程师(J10620),北京金辰百川科技有限公司,1-1.5万/月,北京-东城区,3-4年经验,本科,招2人,04-03发布,
Android开发工程师,新东方教育科技集团有限公司,1.5-2.5万/月,北京,3-4年经验,本科,招2人,05-17发布,五险一金|补充医疗保险|员工旅游|餐饮补贴|专业培训|绩效奖金|年终奖金|定期体检
Android开发工程师,北京光点智慧科技有限公司,1-1.5万/月,北京-朝阳区,3-4年经验,大专,招若干人,05-17发布,五险一金
移动开发工程师（Android/IOS）,北京中知智慧科技有限公司,0.5-1万/月,北京-海淀区,无工作经验,本科,招1人,05-17发布,五险一金|餐饮补贴|绩效奖金|年终奖金|定期体检
ios/android端app开发,北京陆机科技有限公司,0.8-1.5万/月,北京-石景山区,2年经验,大专,招1人,05-17发布,五险一金|交通补贴|餐饮补贴|绩效奖金|年终奖金
Android高级开发工程师,北京中科软通科技有限责任公司,1.5-2.5万/月,北京-通州区,5-7年经验,大专,招4人,05-17发布,五险一金|绩效奖金|定期体检|年终奖金|员工旅游|补充医疗保险
Android app开发工程师-北京,北京小鱼易连科技有限公司,1.5-2.5万/月,北京-朝阳区,3-4年经验,本科,招1人,05-17发布,五险一金|餐饮补贴|通讯补贴|专业培训|年终奖金|弹性工作|定期体检|节日福利
Android开发工程师(001213)(职位编号：001213),启迪国信科技有限公司,2-4万/月,北京,5-7年经验,本科,招1人,05-17发布,
Android 高级开发工程师,美团点评,2.5-5万/月,北京-朝阳区,5-7年经验,本科,招1人,05-17发布,免费班车|专业培训|年终奖金|弹性工作|定期体检|健身房
Android开发工程师(J11763),作业帮教育科技（北京）有限公司,1.5-3万/月,北京-海淀区,2年经验,本科,招1人,05-17发布,
Android开发工程师,北京爸爸的选择科技有限公司,0.7-1.4万/月,北京-朝阳区,无工作经验,本科,招3人,05-17发布,节日福利|五险一金|专业培训|美日旅游|股票期权
移动应用高级开发工程师,中科软科技股份有限公司,0.8-1.5万/月,北京-海淀区,1年经验,本科,招1人,05-13发布,五险一金|专业培训|餐饮补贴|年终奖金|定期体检
UI设计公司诚招高水平前端制作师(职位编号：01),北京兰亭妙微科技有限公司,0.5-1万/月,北京-昌平区,1年经验,中专,招1人,05-13发布,员工旅游|交通补贴|餐饮补贴|通讯补贴|专业培训|绩效奖金|年终奖金|五险一金
前端开发工程师,广州易星信息科技有限公司,0.7-1.1万/月,北京-西城区,2年经验,大专,招1人,05-14发布,五险一金|补充医疗保险|餐饮补贴|通讯补贴|绩效奖金|年终奖金|定期体检|商业保险
软件测试工程师,北京联创智融信息技术有限公司,0.8-1万/月,北京-西城区,1年经验,本科,招1人,05-14发布,五险一金|专业培训|周末双休|补充医疗保险|定期体检
自动驾驶系统软件工程师,北京纵目安驰智能科技有限公司,2.5-3.5万/月,北京-昌平区,5-7年经验,本科,招1人,05-14发布,五险一金|补充医疗保险|补充公积金|年终奖金|绩效奖金|定期体检|弹性工作|专业培训
Web前端开发工程师,北京中润高科信息技术有限公司,1.5-2万/月,北京,3-4年经验,本科,招2人,05-14发布,
FESCO代某外资知名律所招 IT coordinator,北京外企人力资源服务有限公司,1.5-2万/月,北京-朝阳区,无工作经验,本科,招1人,05-14发布,五险一金|补充医疗保险|周末双休|节日福利
移动开发工程师,乐华建科技（北京）有限公司,1.5-2万/月,北京-朝阳区,3-4年经验,本科,招若干人,05-14发布,五险一金|补充医疗保险|通讯补贴|年终奖金|弹性工作|定期体检
"C,C++ 软件工程师(助理)",北京贝西科科技有限公司,4-6千/月,北京-海淀区,无工作经验,大专,招2人,05-14发布,年终奖金|绩效奖金|五险一金|餐饮补贴
嵌入式软件工程师,嘉兴驭光光电科技有限公司,1.5-2.5万/月,北京-海淀区,无工作经验,本科,招1人,05-14发布,带薪年假|包住宿|绩效奖金|全勤奖|节日福利
手机应用软件开发工程师,北京万云易博达信息技术有限公司,0.8-1万/月,北京-海淀区,1年经验,本科,招2人,04-29发布,五险一金|餐饮补贴|通讯补贴|绩效奖金|年终奖金|定期体检
android Telephony工程师,盘古通信有限公司,1-1.5万/月,北京-朝阳区,无工作经验,本科,招1人,05-10发布,
Android/IOS软件安全检测工程师,中国金融认证中心（CFCA）,1-2万/月,北京,2年经验,本科,招1人,05-11发布,五险一金|优秀团队
Android开发工程师,新晨科技股份有限公司,1.5-2.5万/月,北京,5-7年经验,本科,招1人,05-11发布,五险一金|餐饮补贴|绩效奖金|定期体检|员工旅游
Android开发工程师,德望汇（北京）信息技术服务有限公司,6-8千/月,北京-海淀区,无工作经验,大专,招1人,05-11发布,
Android开发工程师,北京炎黄新星网络科技有限公司,0.7-1.4万/月,北京-海淀区,2年经验,本科,招1人,05-12发布,五险一金|餐饮补贴|员工旅游|年终奖金|定期体检
Android高级开发工程师,北京润启华美信息系统有限公司,1-1.5万/月,北京,3-4年经验,本科,招2人,05-12发布,
Android开发工程师,乐普（北京）医疗器械股份有限公司,15-20万/年,北京,3-4年经验,本科,招3人,05-13发布,周末双休|带薪年假|五险一金|免费班车|节日福利|交通补贴|餐饮补贴|通讯补贴|补充医疗保险|定期体检
Android开发工程师,父母邦,1.1-1.5万/月,北京-朝阳区,2年经验,本科,招1人,05-13发布,弹性工作|五险一金|补充医疗保险|餐饮补贴|绩效奖金
Unreal Engine工程师（VR虚拟现实方向）,新华网股份有限公司,2-3万/月,北京-西城区,3-4年经验,本科,招1人,05-17发布,五险一金|通讯补贴|餐饮补贴|定期体检|绩效奖金|专业培训
产品经理（北京）,马上消费金融股份有限公司,1-1.8万/月,北京-朝阳区,3-4年经验,本科,招2人,05-17发布,五险一金|员工旅游|年终奖金|绩效奖金|专业培训|定期体检
移动开发工程师,普天信息工程设计服务有限公司,6-8千/月,北京-西城区,3-4年经验,本科,招2人,05-17发布,补充医疗保险|餐饮补贴|年终奖金|定期体检|员工旅游|专业培训|通讯补贴|交通补贴|企业年金|晋升机会
移动开发工程师,中国人民人寿保险股份有限公司总公司,,北京,2年经验,本科,招1人,05-17发布,
SaaS销售经理,深圳市和讯华谷信息技术有限公司,1-1.5万/月,北京,3-4年经验,大专,招3人,05-17发布,
QA测试工程师(19校招）(职位编号：04637),上海中清龙图网络科技有限公司北京分公司,0.8-1万/月,北京,无工作经验,本科,招若干人,05-20发布,五险一金|补充医疗保险|员工旅游|定期体检|弹性工作
高级安卓开发工程师(002753)(职位编号：Aspire002753),卓望公司教育事业部,1-2万/月,北京-西城区,5-7年经验,本科,招1人,05-20发布,五险一金|补充医疗保险|餐饮补贴|通讯补贴|绩效奖金|定期体检
交互设计专员-校招岗位,卓望信息技术（北京）有限公司,10-17万/年,北京-丰台区,无工作经验,本科,招10人,05-20发布,餐饮补贴|通讯补贴|绩效奖金|七险二金|补充医疗保险|意外保险|专业培训|弹性工作|公司规模大|中移动控股
UI 设计师,北京泛生子基因科技有限公司,1.5-2.3万/月,北京-朝阳区,2年经验,大专,招1人,05-20发布,五险一金|补充医疗保险|免费班车|餐饮补贴|节日福利|团队聚餐|带薪年假
测试经理,北京中交车付宝科技服务有限公司,1-1.5万/月,北京-海淀区,8-9年经验,本科,招1人,05-20发布,
售前技术支持工程师,北京捷通华声科技股份有限公司,1.5-3万/月,北京,2年经验,本科,招3人,05-20发布,五险一金|绩效奖金|年终奖金|专业培训|晋升空间大|股票期权
运维工程师（急聘）,北京儿医通健康管理有限公司,0.8-1.5万/月,北京-丰台区,2年经验,大专,招2人,04-12发布,五险一金|带薪年假|周末双休
React Native开发工程师,北京慧通明信息科技有限公司,0.8-1万/月,北京-昌平区,1年经验,本科,招2人,04-14发布,五险
安卓开发工程师（联世）,香港基因有限公司,1-2万/月,北京,无工作经验,本科,招2人,04-15发布,五险一金
高级安卓开发工程师,广州中博教育股份有限公司北京分公司,1-2万/月,北京-朝阳区,5-7年经验,本科,招若干人,04-15发布,五险一金|员工旅游|专业培训|年终奖金|弹性工作|定期体检|绩效奖金
安卓开发工程师(J20165),京东方科技集团股份有限公司,1.5-3万/月,北京-大兴区,5-7年经验,本科,招1人,04-15发布,五险一金|补充医疗保险|免费班车|餐饮补贴|通讯补贴|专业培训|年终奖金|定期体检
业务开发工程师,上海依图网络科技有限公司,1-2万/月,北京-海淀区,3-4年经验,本科,招16人,04-15发布,五险一金|年终奖金|餐饮补贴
APP移动端产品经理,北京国信创新科技股份有限公司,1.8-3万/月,北京-海淀区,3-4年经验,本科,招若干人,04-16发布,五险一金|员工旅游|定期体检|餐饮补贴|交通补贴|周末双休|补充医疗保险|年终奖金|绩效奖金
大客户经理,柚子（北京）移动技术有限公司,1-1.5万/月,北京-海淀区,3-4年经验,大专,招2人,04-17发布,
用户增长经理,北京转转精神科技有限责任公司,2-3万/月,北京-海淀区,3-4年经验,本科,招若干人,04-17发布,五险一金|补充医疗保险|专业培训|弹性工作|定期体检|年终奖金|绩效奖金
高级安卓工程师,聚龙融创科技有限公司,1.7-2.2万/月,北京,5-7年经验,本科,招1人,05-20发布,五险一金|弹性工作|定期体检|餐饮补贴|交通补贴|年终奖金
产品经理,北京科基佳德智能技术有限公司,0.8-1.5万/月,北京,无工作经验,本科,招若干人,05-20发布,
Cocos2dx开发工程师,北京视友科技有限责任公司,1-1.5万/月,北京,3-4年经验,本科,招2人,05-20发布,带薪年假|股票期权|五险一金|绩效奖金|年终奖金|员工旅游
软件研发工程师,北京文香信息技术有限公司,1.5-3万/月,北京-海淀区,3-4年经验,本科,招1人,05-20发布,五险一金|员工旅游|年终奖金|弹性工作|补充医疗保险|绩效奖金
React 前端开发工程师,北大医疗信息技术有限公司,1.2-2.5万/月,北京-海淀区,1年经验,本科,招1人,05-20发布,平台好|提供电脑|公司氛围好
UI设计师-四合院8,微医集团,1.2-1.8万/月,北京-朝阳区,3-4年经验,本科,招若干人,05-20发布,五险一金|餐饮补贴|定期体检|弹性工作|年终奖金
web前端技术经理,北京深蓝海域信息科技有限公司,1-1.5万/月,北京-昌平区,5-7年经验,本科,招2人,05-20发布,五险一金|弹性工作|专业培训|绩效奖金|年终奖金|员工旅游
初级客户端开发工程师,完美世界（北京）总部/完美时空,2-3万/月,北京,无工作经验,本科,招1人,05-20发布,
测试工程师,人民日报媒体技术股份有限公司,1-1.5万/月,北京-朝阳区,3-4年经验,本科,招1人,05-20发布,
移动开发工程师(落户指标）,中国软件与技术服务股份有限公司,0.8-1.5万/月,北京,无工作经验,硕士,招2人,05-20发布,五险一金|员工旅游|通讯补贴|专业培训|绩效奖金|年终奖金|定期体检|交通补贴
软件测试工程师,中软国际科技服务有限公司,1-1.5万/月,北京-朝阳区,3-4年经验,本科,招3人,05-20发布,
React Native前端开发工程师,北京京师脑力科技有限公司,0.8-1万/月,北京-海淀区,2年经验,本科,招5人,05-20发布,五险一金|带薪年假|专业培训|绩效奖金|员工旅游
海外网络推广,北京众晶锐驰科技有限公司,5-8千/月,北京,无工作经验,本科,招若干人,05-20发布,
UI设计师,昆明利顿人通信息服务有限公司,1-1.5万/月,北京-顺义区,2年经验,本科,招1人,05-20发布,交通补贴|弹性工作|周末双休|五险一金|带薪年假|节日福利|绩效奖金|通讯补贴
11210I-云前端工程师BJ(职位编号：11210I),平安科技（深圳）有限公司,30-40万/年,北京-朝阳区,5-7年经验,本科,招2人,05-20发布,五险一金|带薪年假|节日福利|定期体检|绩效奖金|高温补贴
全栈工程师(职位编号：J190583),网易集团,2.5-3万/月,北京,2年经验,硕士,招1人,05-20发布,
Java开发工程师,大连滋德商务咨询有限公司,1.5-5万/月,大连,1年经验,大专,招10人,05-20发布,
IT工程师技术员Java，PHP，c#等,湖北一片语科技有限公司,1.2-4万/月,武汉,无工作经验,本科,招20人,05-20发布,出国机会|弹性工作|交通补贴|补充医疗保险
前端开发工程师,中科软科技股份有限公司,0.9-1.8万/月,北京,1年经验,本科,招10人,05-20发布,
Android 开发工程师,北京全路通信信号研究设计院集团有限公司,1.2-1.5万/月,北京-丰台区,2年经验,本科,招1人,05-04发布,五险一金|餐饮补贴|通讯补贴|绩效奖金|年终奖金|定期体检|补充医疗保险
Android开发工程师,北京师大安博教育科技有限责任公司,1.2-1.7万/月,北京-石景山区,3-4年经验,本科,招1人,05-05发布,五险一金|弹性工作|绩效奖金|专业培训|补充医疗保险|年终奖金|办公环境极好|办公环境好|大牛带队|上市公司
软件工程师（Android）(职位编号：001627),烽火通信科技股份有限公司,1-1.5万/月,武汉-江夏区,2年经验,本科,招10人,05-05发布,五险一金|补充医疗保险|免费班车|绩效奖金|年终奖金|股票期权|餐饮补贴
Android高级工程师（急）,北京德麦特捷康科技发展有限公司,6-8千/月,北京-海淀区,无工作经验,本科,招1人,05-20发布,五险一金|绩效奖金|定期体检|员工旅游
Android应用开发工程师,天际汽车科技集团有限公司,2.5-3万/月,北京-朝阳区,5-7年经验,本科,招若干人,05-05发布,五险一金|弹性工作|专业培训|年终奖金|交通补贴
Android高级开发工程师,宁夏丝路通网络科技有限公司北京分公司,1.5-2万/月,北京-朝阳区,3-4年经验,大专,招1人,05-20发布,五险一金|员工旅游|餐饮补贴|通讯补贴|股票期权
Android开发工程师,华西证券股份有限公司,1-2.5万/月,北京,3-4年经验,本科,招1人,05-20发布,五险一金|补充医疗保险|交通补贴|年终奖金|定期体检|通讯补贴
Android开发工程师,南京绛门信息科技股份有限公司,1-1.5万/月,北京-西城区,2年经验,本科,招2人,05-20发布,五险一金|通讯补贴|定期体检|绩效奖金|交通补贴
高级Android开发工程师,北京家视天下科技有限公司,1.5-2万/月,北京-东城区,3-4年经验,本科,招1人,05-20发布,五险一金|餐饮补贴|绩效奖金|补充医疗保险|定期体检
Android开发工程师,中安华邦安全生产技术研究院,1-1.5万/月,北京,3-4年经验,本科,招若干人,05-20发布,五险一金|员工旅游|年终奖金|绩效奖金|专业培训|股票期权
Android开发高级工程师,北京博科管理技术有限公司,0.8-1万/月,北京-海淀区,3-4年经验,本科,招1人,05-20发布,五险一金|补充医疗保险|员工旅游|餐饮补贴|绩效奖金|年终奖金|弹性工作
Android开发工程师,锦师乐伯（北京）管理顾问有限公司,1-2万/月,北京-西城区,3-4年经验,本科,招1人,05-20发布,五险一金|交通补贴|餐饮补贴|通讯补贴|绩效奖金|定期体检|专业培训|年终奖金
Android开发工程师,北京石基大商信息技术有限公司,7-9千/月,北京-朝阳区,1年经验,本科,招2人,05-20发布,五险一金|员工旅游|通讯补贴|绩效奖金|定期体检|年终奖金|生日礼金|周末双休|节日福利|弹性工作
Android开发工程师,深圳市一里递商务科技有限公司,2-5万/月,北京-海淀区,3-4年经验,大专,招2人,05-20发布,
Android开发工程师,黑龙江邮政易通信息网络有限责任公司,1-1.5万/月,北京-丰台区,3-4年经验,本科,招1人,05-20发布,五险一金|补充医疗保险|交通补贴|年终奖金|定期体检
android高级工程师,鸿合科技股份有限公司,1.5-3万/月,北京-海淀区,3-4年经验,本科,招2人,05-20发布,五险一金|补充医疗保险|补充公积金|餐饮补贴|绩效奖金|定期体检|员工团建
Android BSP开发工程师,三星半导体（中国）研究开发有限公司,1-3万/月,北京,1年经验,本科,招若干人,05-20发布,
Android开发工程师-网络产品,深圳达闼科技控股有限公司,1.5-3万/月,北京-朝阳区,5-7年经验,本科,招2人,05-20发布,五险一金|补充医疗保险|餐饮补贴|通讯补贴|专业培训|年终奖金|绩效奖金|弹性工作|定期体检
Android开发工程师,深圳市天宇鸿通网络科技有限公司,2-5万/月,北京-朝阳区,1年经验,大专,招2人,05-20发布,五险一金|做五休二|节日福利|全勤奖|加班补贴|带薪年假
Senior/Staff Android Telephony Software Engineer,翱捷科技（上海）有限公司,,北京-海淀区,2年经验,本科,招1人,05-20发布,五险一金|补充医疗保险|餐饮补贴|弹性工作
Android技术专家,广州小鹏汽车科技有限公司,2-5万/月,北京-海淀区,5-7年经验,硕士,招5人,05-20发布,年终奖金|餐饮补贴|弹性工作|五险一金
Android开发工程师,北京市渠道网络技术开发有限公司,1.2-1.8万/月,北京,3-4年经验,大专,招1人,05-20发布,五险一金|定期体检|员工旅游|免费早午餐
Android安卓/ios苹果/反编译/逆向/反汇编工程师,郴州七啸网络科技有限公司,1.5-2万/月,郴州,3-4年经验,大专,招5人,05-20发布,五险一金|员工旅游|餐饮补贴|专业培训|绩效奖金|年终奖金|包住
android高级开发工程师(语玩bj020),贵阳朗玛信息技术股份有限公司,2-3万/月,北京-海淀区,3-4年经验,本科,招1人,05-20发布,五险一金|餐饮补贴|交通补贴|带薪年假
Android开发工程师,北京智联弘盛科技发展有限公司,1-1.5万/月,北京-丰台区,3-4年经验,本科,招3人,05-20发布,周末双休|带薪年假|五险一金|包住宿|交通补贴|节日福利|全勤奖|餐饮补贴|通讯补贴
Android开发工程师,北京凯视达科技有限公司,1-2万/月,长沙,无工作经验,本科,招1人,05-20发布,五险一金|员工旅游|交通补贴|餐饮补贴|通讯补贴|专业培训|年终奖金|绩效奖金
Android内核驱动工程师,普天信息技术有限公司,0.8-1.5万/月,北京,2年经验,本科,招1人,05-20发布,五险一金|补充医疗保险|餐饮补贴|交通补贴|弹性工作|定期体检
Android开发工程师,北京先进数通信息技术股份公司,0.8-1.3万/月,北京-西城区,2年经验,本科,招2人,05-20发布,五险一金|餐饮补贴|年终奖金|通讯补贴|定期体检
Android开发工程师,北京知了点点教育科技有限公司,1.5-2万/月,北京-海淀区,3-4年经验,本科,招2人,05-20发布,五险一金|绩效奖金|餐补|年终分红|年终奖金|每年多次调薪
ANDROID开发工程师（中级）,鼹鼠世界（北京）信息科技有限责任公司,1-1.5万/月,北京-朝阳区,3-4年经验,本科,招若干人,04-03发布,
高级android系统开发工程师,深圳市网心科技有限公司,1.5-3.5万/月,北京-海淀区,5-7年经验,本科,招若干人,04-03发布,五险一金|交通补贴|通讯补贴|绩效奖金|年终奖金|弹性工作|定期体检
Android开发工程师,上海欧麒瑞信息技术有限公司,1000元/天,北京,3-4年经验,大专,招2人,04-05发布,五险一金|绩效奖金|年终奖金|专业培训|做五休二|周末双休
Android开发工程师,北京盛讯美恒科技发展有限公司,1-1.5万/月,北京,无工作经验,招4人,04-05发布,英语良好,
高级Android开发工程师（上市企业）,北京长久物流股份有限公司,1.5-2万/月,北京,5-7年经验,本科,招1人,04-06发布,包三餐|节日福利|五险一金|带薪年假|高温补贴|年终奖|年度调薪
Android开发工程师,富海阳光（北京）技术发展有限公司,1-1.5万/月,北京,3-4年经验,大专,招若干人,04-07发布,五险一金|餐饮补贴|定期体检|补充公积金|员工旅游|年终奖金|绩效奖金|专业培训|通讯补贴|交通补贴
Android开发工程师,深圳市欧恩德技术有限公司,1-1.5万/月,北京-朝阳区,3-4年经验,本科,招若干人,04-09发布,五险一金|年终奖金|弹性工作
android开发人员,织网（上海）互联网科技有限公司,1.5-3万/月,北京-大兴区,3-4年经验,大专,招1人,05-17发布,五险一金|餐饮补贴|绩效奖金
Android开发工程师(J10300),好大夫在线,1.8-3.6万/月,北京-朝阳区,无工作经验,本科,招1人,05-17发布,周末双休|带薪年假|五险一金|免费班车|绩效奖金|节日福利|专业培训|餐饮补贴|免费健身
Android,北京赛思天成科技有限责任公司,1-1.5万/月,北京-朝阳区,3-4年经验,大专,招1人,05-17发布,
Android高级开发工程师,北京三体云联科技有限公司,2-2.5万/月,北京-昌平区,3-4年经验,本科,招1人,05-17发布,五险一金|弹性工作|餐饮补贴|年终奖金
Android开发工程师,启迪云控(北京)科技有限公司,1.5-2万/月,北京-海淀区,3-4年经验,本科,招若干人,05-17发布,五险一金|补充医疗保险|餐饮补贴|绩效奖金|弹性工作|定期体检
Android高级软件开发工程师-GNSS(职位编号：NavInfo001944),北京四维图新科技股份有限公司,1.5-2.5万/月,北京-海淀区,3-4年经验,本科,招2人,05-17发布,五险一金|补充医疗保险|免费班车|年终奖金|餐饮补贴|弹性工作|定期体检|通讯补贴|专业培训
Android系统安全工程师（赴百度车联网）,上海微创软件股份有限公司,1.5-1.8万/月,北京,1年经验,本科,招5人,05-17发布,五险一金|补充医疗保险|免费班车|弹性工作|定期体检|绩效奖金|年终奖金|专业培训|员工旅游|节日福利
Android/iOS研发工程师（北京）,系统集成有限责任公司,,北京,无工作经验,硕士,招2人,05-18发布,
Android开发工程师,北京和勤联创技术有限公司,1-1.5万/月,北京-朝阳区,3-4年经验,本科,招1人,05-18发布,五险一金
Android 工程师,北京资利管理咨询有限公司,1.5-3万/月,北京-朝阳区,3-4年经验,本科,招5人,05-18发布,五险一金|交通补贴|餐饮补贴|弹性工作
移动应用开发,北京华夏智邦科技有限公司,0.9-1.3万/月,北京-昌平区,2年经验,本科,招3人,05-15发布,五险一金|定期体检|免费班车|餐饮补贴
移动应用安全工程师（2019SAQ26）(职位编号：001535),中国信息通信研究院,1.2-1.4万/月,北京-海淀区,2年经验,本科,招1人,05-15发布,五险一金|补充医疗保险|专业培训|通讯补贴|定期体检|绩效奖金|年终奖金
安卓开发,普尔莱克乳业（北京）有限公司,1-2万/月,北京-朝阳区,3-4年经验,本科,招2人,05-15发布,五险一金|绩效奖金|员工旅游|弹性工作
AR增强现实研发工程师（安卓）,谷东科技有限公司,1-1.5万/月,北京-昌平区,3-4年经验,本科,招1人,05-15发布,五险一金|通讯补贴|餐饮补贴|弹性工作|员工旅游|股票期权|年终奖金|定期体检|专家公寓住宿
UEM技术支持,深圳联想懂的通信有限公司,2-3万/月,北京-海淀区,5-7年经验,本科,招1人,05-15发布,五险一金|补充医疗保险|绩效奖金|定期体检
Cocos 高级工程师,北京易动空间信息技术有限公司,1-3万/月,北京-昌平区,2年经验,大专,招2人,04-29发布,五险一金|餐饮补贴|交通补贴|年终奖金|住房补贴|生日福利
产品经理_精密工程技术中心,浙江大学山东工业技术研究院,0.5-1万/月,枣庄,3-4年经验,本科,招1人,04-29发布,五险一金|餐饮补贴|定期体检
U3D软件开发工程师,北京三月雨文化传播有限责任公司,1-1.5万/月,北京,3-4年经验,大专,招2人,04-29发布,免费班车|交通补贴|餐饮补贴|年终奖金|补充医疗保险|通讯补贴|五险一金|员工旅游|专业培训|绩效奖金
技术总监,天津万家财富资产管理有限公司,4-5万/月,北京-西城区,无工作经验,本科,招1人,04-29发布,五险一金|员工旅游|绩效奖金|年终奖金|定期体检
HTML5前端开发工程师,北京智邦国际软件技术有限公司,1.2-1.7万/月,北京-海淀区,3-4年经验,本科,招1人,04-29发布,五险一金|员工旅游|交通补贴|餐饮补贴|专业培训|绩效奖金|年终奖金
JAVA工程师、前端软件工程师,北京元亨利得咨询有限公司,0.8-1万/月,北京-朝阳区,1年经验,本科,招2人,04-30发布,周末双休|包住宿|高温补贴
全栈工程师,北京品友互动信息技术股份公司,2.5-3万/月,北京,无工作经验,本科,招2人,04-30发布,五险一金|专业培训|绩效奖金|年终奖金|弹性工作|带薪年假|节日福利|岗位晋升|加班补贴|出差补贴
安卓开发工程师（互联网政务事业部）(职位编号：000438),北京用友政务软件股份有限公司,1.5-2万/月,北京-海淀区,3-4年经验,本科,招1人,04-30发布,
IT Mobile Architect（工作地天津）(职位编号：J21504),捷信消费金融有限公司,2-2.5万/月,天津-红桥区,无工作经验,本科,招10人,05-04发布,五险一金|补充医疗保险|绩效奖金|弹性工作|带薪年假|发展空间大
安卓系统应用工程师,联宝（合肥）电子科技有限公司,1-1.5万/月,安徽省,无工作经验,本科,招1人,05-05发布,
UI设计师,上海儒一信息科技有限公司,1-2万/月,北京-昌平区,2年经验,本科,招8人,05-05发布,
UI设计师,北京科技报社,0.7-1.1万/月,北京-朝阳区,2年经验,本科,招1人,05-05发布,五险一金|带薪年假
软件UI设计/网页设计,北京数通云端传媒科技有限公司,6-8千/月,北京-海淀区,2年经验,大专,招2人,05-05发布,五险一金|交通补贴|餐饮补贴|年终奖金|弹性工作|股票期权|绩效奖金|员工旅游
Android WIFI系统工程师-小米电视,小米通讯技术有限公司,2.5-3万/月,北京-海淀区,5-7年经验,本科,招1人,05-13发布,五险一金|做五休二|补充医疗保险|餐饮补贴|弹性工作|定期体检|年终奖金
Android音频系统工程师,南京大鱼半导体有限公司,1-3万/月,北京-海淀区,无工作经验,本科,招若干人,05-14发布,五险一金|补充医疗保险|餐饮补贴|年终奖金|股票期权|弹性工作|定期体检
高级android开发工程师(职位编号：001),北京中园搏望科技发展有限公司,1.5-3万/月,北京-海淀区,3-4年经验,本科,招3人,05-14发布,
Web前端工程师,中电科技（北京）有限公司,1-1.5万/月,北京,2年经验,本科,招1人,05-17发布,
JS工程师（中级HSE室1、高级2）,北京豪仪测控工程有限公司,1-1.5万/月,北京-昌平区,3-4年经验,本科,招3人,05-17发布,五险一金|交通补贴|餐饮补贴|专业培训
软件主管/经理（操作系统方向）,华夏芯（北京）通用处理器技术有限公司,40-50万/年,北京-海淀区,无工作经验,本科,招1人,05-17发布,
安全技术研究(职位编号：20190130-24),北京研究院,,北京,无工作经验,本科,招10人,05-18发布,
0001安全技术研究(北京）,上海研究院,,北京,无工作经验,本科,招10人,05-18发布,
UI设计师,北京绥通科技发展有限公司,0.8-1.4万/月,北京-海淀区,3-4年经验,本科,招1人,05-18发布,
安全技术研究(北京）,中国电信股份有限公司上海分公司,1-1.5万/月,北京,无工作经验,本科,招若干人,05-18发布,
APP安全工程师,中时瑞安（北京）网络科技有限责任公司,1.5-2.5万/月,北京-海淀区,5-7年经验,本科,招1人,05-18发布,
售前技术支持工程师,北京天行汇通信息技术有限公司,1-2万/月,北京,无工作经验,本科,招若干人,05-20发布,五险一金|通讯补贴|交通补贴|专业培训|绩效奖金|年终奖金
安卓开发工程师,北京晋江原创网络科技有限公司,1-1.5万/月,北京-朝阳区,2年经验,本科,招1人,05-20发布,做五休二|五险一金|交通补贴|定期体检|年终奖金|绩效奖金
测试工程师（zy-t-20190228)(职位编号：TAIJI000719),太极计算机股份有限公司,1-1.5万/月,北京-朝阳区,3-4年经验,本科,招1人,05-20发布,五险一金|补充医疗保险|绩效奖金|交通补贴|餐饮补贴|弹性工作|定期体检
资深嵌入式软件工程师,北京云迹科技有限公司,2.5-3万/月,北京-海淀区,5-7年经验,本科,招1人,05-20发布,五险一金|专业培训|绩效奖金|年终奖金|股票期权|弹性工作|定期体检
实习生-移动安全方向,瑞幸咖啡（中国）有限公司,3-5千/月,北京,无工作经验,本科,招5人,05-20发布,
React前端开发工程师（外包）,广州安正软件股份有限公司,1-1.5万/月,北京-东城区,3-4年经验,本科,招4人,05-20发布,五险一金|周末双休|节日福利|绩效奖金|带薪年假
安卓开发工程师(职位编号：1),上海华趣文化发展有限公司,1.3-2.5万/月,北京-东城区,3-4年经验,本科,招4人,05-20发布,五险一金|员工旅游|交通补贴|餐饮补贴|专业培训|绩效奖金|弹性工作|定期体检|年终奖金
高级UI设计师,联合信用征信股份有限公司,1-1.4万/月,北京-朝阳区,无工作经验,本科,招2人,05-20发布,五险一金|员工旅游|交通补贴|餐饮补贴|通讯补贴|年终奖金|定期体检|工作氛围佳|帅哥美女多|节日福利
移动互联网研发总监,安徽华米信息科技有限公司,3-5万/月,北京-海淀区,无工作经验,本科,招若干人,04-19发布,
COS开发工程师,东方口岸科技有限公司,1-2.2万/月,北京-朝阳区,无工作经验,本科,招1人,04-19发布,五险一金|补充医疗保险|交通补贴|餐饮补贴|通讯补贴|绩效奖金|年终奖金|定期体检
高级前端开发工程师,广州奔步电脑有限公司,1.7-2.5万/月,北京-朝阳区,5-7年经验,大专,招若干人,05-20发布,弹性工作|补充医疗保险|五险一金|定期体检|年终奖金
Web前端开发工程师,北京国金源富科技有限公司,1-2万/月,北京-昌平区,3-4年经验,本科,招3人,04-20发布,做五休二|带薪年假|五险一金|节日福利|餐饮补贴
前端开发工程师,北方互联（北京）网络技术有限公司,0.8-2万/月,北京-海淀区,3-4年经验,大专,招若干人,04-20发布,做五休二|周末双休|弹性工作|带薪年假|五险一金|绩效奖金|交通补贴|餐饮补贴|加班补贴|通讯补贴
技术总监,海外知己（北京）信息科技有限公司,60-80万/年,北京-朝阳区,无工作经验,本科,招1人,04-21发布,五险一金|员工旅游|年终奖金|绩效奖金|出国机会|专业培训|弹性工作|周末双休
Web前端开发工程师,南通东华软件有限公司,1-1.5万/月,北京-西城区,1年经验,本科,招1人,04-22发布,五险一金|餐饮补贴|通讯补贴|补充医疗保险|补充公积金|年终奖金|定期体检|员工旅游
系统工程师(软件开发),北京可兰德网络技术有限公司,0.7-1万/月,北京-海淀区,5-7年经验,本科,招3人,04-22发布,五险一金|员工旅游|弹性工作|定期体检|带薪年假
游戏客户端主程,北京万维联动科技有限责任公司,2.2-3万/月,北京-朝阳区,5-7年经验,大专,招1人,04-22发布,五险|弹性工作|绩效奖金|带薪年假|加班补助
安卓开发工程师（硬件）,广东健康在线信息技术股份有限公司,0.8-1.6万/月,北京-西城区,3-4年经验,大专,招1人,05-20发布,五险一金|补充公积金|年终奖金|通讯补贴|餐饮补贴|定期体检|绩效奖金
移动端项目经理,深圳前海汇金融服务有限公司,1.5-2.5万/月,北京-昌平区,3-4年经验,本科,招1人,05-20发布,五险一金|绩效奖金|年终奖金|定期体检
渠道经理,广州艾美网络科技有限公司北京分公司,1.5-2万/月,北京-朝阳区,3-4年经验,本科,招1人,05-20发布,五险一金|餐饮补贴|年终奖金|交通补贴
Web前端开发工程师,北京神州新桥科技有限公司,1-1.5万/月,北京-海淀区,3-4年经验,大专,招1人,05-20发布,五险一金|补充医疗保险|餐饮补贴|通讯补贴|年终奖金|定期体检
大数据产品部—安卓开发工程师,人民网股份有限公司,1.5-3万/月,北京-朝阳区,2年经验,本科,招若干人,05-20发布,五险一金|补充医疗保险|免费班车|年终奖金|绩效奖金|专业培训|定期体检
C++开发工程师,北京海鑫科金高科技股份有限公司,1.8-2.5万/月,北京,5-7年经验,本科,招2人,05-20发布,五险一金|补充医疗保险|交通补贴|餐饮补贴|通讯补贴|年终奖金|定期体检
嵌入式软件开发工程师,北京华信杰通科技有限公司,0.8-1万/月,北京-西城区,2年经验,本科,招2人,05-20发布,五险一金|员工旅游|交通补贴|年终奖金|绩效奖金|专业培训|通讯补贴|餐饮补贴|定期体检|节日福利
APP运营高级经理,北京新意互动数字技术有限公司,1.5-2万/月,北京-海淀区,5-7年经验,大专,招1人,05-20发布,五险一金|补充医疗保险|交通补贴|通讯补贴|专业培训|弹性工作|年终奖金|绩效奖金|定期体检
移动端应用开发工程师,北京东方金鹰信息科技股份有限公司,0.8-1.2万/月,北京,2年经验,本科,招1人,05-20发布,五险一金|餐饮补贴|年终奖金|定期体检|做五休二|节日福利|通讯补贴|带薪年假|商业意外险
React 前端工程师,北京华谊葭信营销管理有限公司,1.5-2万/月,北京-海淀区,无工作经验,本科,招1人,05-20发布,
安卓应用工程师-yjyG00142,成都卫士通信息产业股份有限公司,1-1.5万/月,北京-丰台区,3-4年经验,本科,招1人,05-20发布,五险一金|补充医疗保险|交通补贴|餐饮补贴|通讯补贴|绩效奖金|定期体检|高温假期|年终奖金
软件测试工程师,青岛伟东云教育集团有限公司,0.8-1.5万/月,北京-海淀区,2年经验,大专,招3人,05-20发布,五险一金|餐饮补贴|专业培训|年终奖金|定期体检
安全分析工程师,北京三星通信技术研究有限公司,1.5-2.5万/月,北京-朝阳区,无工作经验,本科,招1人,05-20发布,五险一金|补充医疗保险|弹性工作|专业培训|出国机会|定期体检|年终奖金
移动端高级开发工程师(001673)(职位编号：001673),北京辰安科技股份有限公司,1.5-2.5万/月,北京-海淀区,3-4年经验,本科,招若干人,04-18发布,五险一金|免费班车|员工旅游|交通补贴|餐饮补贴|通讯补贴|专业培训|绩效奖金|年终奖金|弹性工作
安卓开发,北京财讯正兴文化传媒有限公司,0.7-1万/月,北京,1年经验,本科,招2人,05-20发布,五险一金|补充医疗保险|餐饮补贴|绩效奖金|定期体检
产品经理,山东瘦课网教育科技股份有限公司,1-1.5万/月,北京-朝阳区,3-4年经验,大专,招1人,05-20发布,五险一金|交通补贴|餐饮补贴|通讯补贴|绩效奖金|定期体检
功能测试工程师,车音智能科技有限公司,1.5-2.5万/月,北京,3-4年经验,大专,招若干人,05-20发布,五险一金|定期体检|绩效奖金|通讯补贴|节日福利
c++开发工程师技术部,福建福昕软件开发股份有限公司北京分公司,0.9-1.8万/月,北京-海淀区,无工作经验,本科,招若干人,05-20发布,五险一金|补充医疗保险|交通补贴|餐饮补贴|弹性工作|定期体检|员工旅游|年终奖金|节日福利|专业培训
云桌面客户端工程师,南京高泰科技有限公司,1.2-1.5万/月,北京-海淀区,2年经验,本科,招2人,05-20发布,五险一金|员工旅游|餐饮补贴|通讯补贴|定期体检|周末双休|免费班车|年终奖金|专业培训
销售经理,灵云（北京）文化传媒有限公司,0.8-1.5万/月,北京-朝阳区,2年经验,大专,招若干人,05-20发布,五险一金|员工旅游|餐饮补贴|专业培训|年终奖金|定期体检|弹性工作
Linux 驱动工程师,华北工控集团,1-2.5万/月,北京-海淀区,无工作经验,本科,招3人,05-20发布,五险一金|餐饮补贴|定期体检|员工旅游|交通补贴|年终奖金|绩效奖金
软件测试工程师,上海海万信息科技股份有限公司,1-1.5万/月,北京,3-4年经验,本科,招3人,05-20发布,五险一金|员工旅游|定期体检|节日福利|生日礼金
产品经理,南京英诺森软件科技有限公司,1.5-2.5万/月,北京-朝阳区,5-7年经验,本科,招1人,05-20发布,五险一金|补充医疗保险|交通补贴|年终奖金|股票期权|定期体检
ARVR SW Arch on Android/Windows(职位编号：72143),联想集团,,北京,3-4年经验,本科,招若干人,05-20发布,
Android开发工程师,深圳市思迪信息技术股份有限公司,0.8-1万/月,北京-海淀区,1年经验,本科,招若干人,05-20发布,五险一金|员工旅游|专业培训|补充医疗保险|定期体检|弹性工作|绩效奖金
Android Framework高级工程师,智道网联科技（北京）有限公司,2-3.5万/月,北京,8-9年经验,本科,招1人,05-19发布,
测试经理,北京广而告之网讯传媒有限公司,1.8-2.2万/月,北京-西城区,3-4年经验,本科,招1人,05-15发布,五险一金|补充医疗保险|餐饮补贴|绩效奖金|定期体检
Senior UX developer(职位编号：1059311),微软亚洲研究院 （MSRA）,,北京,3-4年经验,本科,招若干人,05-16发布,
Sr. Program Manager(职位编号：1002276),微软应用与服务部门（ASG）,,北京,5-7年经验,本科,招1人,05-16发布,
ASO客户经理,北京微网通联股份有限公司,6-9千/月,北京-海淀区,1年经验,大专,招4人,05-16发布,五险一金|餐饮补贴|通讯补贴|绩效奖金|员工旅游|定期体检
前端开发工程师,红演圈（北京）网络科技有限公司,1.5-2万/月,北京-朝阳区,5-7年经验,本科,招2人,05-15发布,五险一金|专业培训|弹性工作|绩效奖金|带薪年假
UI设计师,北京麦颂文化传播有限公司,1-1.5万/月,北京-昌平区,5-7年经验,本科,招1人,05-16发布,弹性工作|带薪年假|五险一金|节日福利|免费停车
高级UI设计师,联合天际（北京）文化传媒有限公司,1-2万/月,北京-东城区,3-4年经验,本科,招1人,05-16发布,五险一金|定期体检|弹性工作|年终奖金|绩效奖金|交通补贴|员工旅游
UI设计师,绿憬国际环境科技（北京）有限公司,0.8-1.5万/月,北京-海淀区,5-7年经验,本科,招1人,05-06发布,五险一金|周末双休|带薪年假
前端工程师（Html5方向）,北京海天华光信息技术有限公司,0.5-1万/月,北京-石景山区,2年经验,大专,招5人,05-06发布,五险一金|餐饮补贴|年终奖金
iOS开发工程师,北京金信桥信息技术有限公司,0.6-1.2万/月,北京,1年经验,大专,招2人,05-07发布,五险一金|员工旅游|餐饮补贴|专业培训|绩效奖金|节日福利|带薪年假
AR导航测试工程师,北京四维智联科技有限公司,1.5-2万/月,北京-海淀区,3-4年经验,大专,招1人,05-07发布,补充医疗保险|免费班车|餐饮补贴|绩效奖金|弹性工作|定期体检|年终奖金|五险一金|专业培训
UI设计师,腾讯家居,0.8-1.1万/月,北京-朝阳区,2年经验,大专,招1人,05-07发布,专业培训|广阔平台|弹性工作|五险一金|定期体检
前端开发工程师-（信息技术部）,北京超图软件股份有限公司,1.3-2万/月,北京-朝阳区,无工作经验,大专,招2人,05-07发布,五险一金|补充医疗保险|股票期权|交通补贴|通讯补贴|专业培训
Android开发工程师,深圳优速物流信息科技有限公司,1.3-1.8万/月,北京-东城区,3-4年经验,本科,招1人,05-15发布,
高级安卓开发工程师,北京动因体育科技有限公司,2-3万/月,北京-朝阳区,5-7年经验,本科,招1人,05-18发布,
Cocos2d-x开发工程师,深圳猎影商务信息咨询有限公司,2-3.5万/月,深圳-南山区,3-4年经验,大专,招3人,05-18发布,
软件测试工程师,明灏科技（北京）有限公司,0.8-1万/月,北京-朝阳区,2年经验,大专,招2人,05-18发布,包住宿|带薪年假|五险一金|绩效奖金|节日福利|弹性工作|周末双休
测试工程师,北京车与车科技有限公司,1.5-2.5万/月,北京-东城区,2年经验,本科,招1人,05-19发布,五险一金|周末双休|弹性工作|带薪年假|节日福利|交通补贴|通讯补贴|餐饮补贴
高级前端开发（猎头职位）,四川绿橙人力资源管理有限公司,20-30万/年,北京-朝阳区,3-4年经验,本科,招2人,05-20发布,五险一金
高级APP开发工程师,中国化工信息中心有限公司,18-32万/年,北京,3-4年经验,本科,招1人,05-20发布,五险一金|定期体检|专业培训|餐饮补贴|补充医疗保险|出国机会|年终奖金|绩效奖金|企业年金|餐补
安卓开发工程师,瓦戈科技（上海）有限公司,1-2万/月,北京-海淀区,3-4年经验,本科,招若干人,05-20发布,五险一金|年终奖金
互联网 JAVA 工程师,智阳网络技术（上海）有限公司,1.5-2万/月,北京-西城区,3-4年经验,本科,招若干人,05-20发布,五险一金|补充医疗保险|员工旅游|年终奖金|绩效奖金|弹性工作
UI设计师,北京木北科技有限公司,0.8-1.5万/月,北京-大兴区,3-4年经验,本科,招1人,05-20发布,五险一金|带薪年假|交通补贴|餐饮补贴|周末双休
RN工程师,环球悦旅汇旅游科技（北京）有限公司,1-2万/月,北京-朝阳区,3-4年经验,本科,招1人,04-22发布,弹性工作|五险一金|全勤奖|绩效奖金|节日福利|交通补贴|餐饮补贴|工作奖金
逆向安全工程师,北京车和家信息技术有限公司,1.5-3万/月,北京-朝阳区,3-4年经验,本科,招1人,04-22发布,五险一金|弹性工作|定期体检|专业培训|公司前景好|领导有魅力|现代化办公|工作环境好|福利待遇好
APP Validation Engineer,因科汽车电子技术（沈阳）有限公司,1-1.5万/月,北京-顺义区,2年经验,本科,招1人,04-23发布,五险一金|年终奖金|出国机会|专业培训|定期体检
售前工程师（软件方向）实习生-北京,霍尼韦尔（中国）有限公司,150元/天,北京-朝阳区,无工作经验,本科,招若干人,04-23发布,五险一金|补充医疗保险|补充公积金|免费班车|交通补贴|年终奖金|绩效奖金|通讯补贴|餐饮补贴
海外技术工程师,上海合合信息科技发展有限公司,1.5-2万/月,深圳,5-7年经验,本科,招2人,04-23发布,五险一金|弹性工作|餐饮补贴|员工旅游|定期体检
手机APP应用开发,北京百旺贝贝儿童用品有限公司,0.6-1万/月,北京-大兴区,1年经验,中专,招若干人,04-23发布,全勤奖|节日福利|专业培训|五险一金|员工旅游|绩效奖金
cocos2d开发工程师,北京太能沃可网络科技股份有限公司,1-1.5万/月,北京,1年经验,本科,招若干人,04-23发布,五险一金|补充医疗保险|弹性工作|定期体检
手机产品中心-智能手机产品专家（北京）,中国移动智能硬件创新中心,,北京,3-4年经验,本科,招若干人,05-20发布,
中级研发工程师,北京千禧维讯科技有限公司,0.7-1.1万/月,北京-大兴区,3-4年经验,本科,招1人,05-20发布,人身意外险|专业培训|五险一金|补充医疗保险|绩效奖金|定期体检|餐饮补贴|员工旅游|带薪年假|13薪
H5前端工程师,北京中天瑞合科技有限公司,0.8-1万/月,北京-朝阳区,3-4年经验,大专,招1人,05-20发布,五险一金|绩效奖金|专业培训|定期体检|员工旅游|交通补贴|通讯补贴
流量变现运营,红石阳光（北京）科技股份有限公司,2-4万/月,北京-朝阳区,2年经验,大专,招2人,05-20发布,五险一金|交通补贴|绩效奖金|弹性工作
Unity3d开发工程师,深圳市穗彩科技开发有限公司,1.5-2.5万/月,北京-西城区,3-4年经验,本科,招1人,05-20发布,五险一金|员工旅游|交通补贴|餐饮补贴|年终奖金|定期体检|节日福利|高温津贴
中高级前端开发工程师（LZHR195）,朗致集团有限公司,15-25万/年,北京-大兴区,无工作经验,本科,招若干人,05-20发布,五险一金|周末双休|餐饮补贴
客户端开发工程师,北京沃雷特科技有限公司,1.5-2万/月,北京-朝阳区,3-4年经验,本科,招2人,05-20发布,周末双休|带薪年假|五险一金
安卓软件工程师,北京悦视科技有限公司,0.8-1万/月,北京-昌平区,1年经验,本科,招2人,05-20发布,五险一金|交通补贴|弹性工作|年终奖金
移动端架构师,国网汇通金财(北京)信息科技有限公司,2.5-4万/月,北京-西城区,8-9年经验,本科,招1人,05-20发布,五险一金|补充医疗保险|餐饮补贴|绩效奖金|年终奖金|定期体检
前端开发工程师,北京瑞尼尔技术有限公司,1-2.5万/月,北京-海淀区,3-4年经验,本科,招1人,05-20发布,五险一金|年终奖金|餐饮补贴|补充医疗保险|员工旅游|股票期权|绩效奖金|专业培训|定期体检
信息安全移动端开发工程师,西部安全认证中心有限责任公司北京分公司,2-2.5万/月,北京-海淀区,2年经验,本科,招5人,05-20发布,五险一金|补充医疗保险|餐饮补贴|定期体检|取暖费补贴
网站、APP设计,慧学教育科技（北京）有限公司,1-1.8万/月,北京-西城区,3-4年经验,本科,招若干人,05-20发布,
.Net高级软件工程师,深圳帧观德芯科技有限公司,1-1.6万/月,北京-朝阳区,5-7年经验,本科,招1人,05-20发布,弹性工作|定期体检|五险一金|年终奖金|大牛同事
音频语音算法工程师,龙铁纵横（北京）轨道交通科技股份有限公司,1.5-2万/月,北京,3-4年经验,本科,招1人,05-16发布,五险一金|员工旅游|餐饮补贴|通讯补贴|专业培训|定期体检|年终奖金
UI设计师,北京成长轨迹教育科技有限公司,1-1.5万/月,北京-朝阳区,2年经验,大专,招1人,05-07发布,五险一金|绩效奖金|年终奖金|股票期权|专业培训|交通补贴
周末软件技术培训师,北京中科信软科技有限公司,1500元/天,北京-海淀区,3-4年经验,本科,招若干人,05-07发布,
蓝牙产品开发工程师,瑞晶睿达电子技术（北京）有限公司,1-2万/月,北京-朝阳区,2年经验,本科,招2人,05-08发布,
攻防工程师,中科信息安全共性技术国家工程研究中心有限公司,1.5-2.5万/月,北京,5-7年经验,本科,招2人,05-08发布,五险一金|交通补贴|餐饮补贴|通讯补贴|定期体检
cocos2d开发工程师,北京柯鑫网络科技有限公司,1.2-1.8万/月,北京-朝阳区,3-4年经验,大专,招1人,05-08发布,五险一金|补充医疗保险|员工旅游|定期体检|专业培训|餐饮补贴|年终奖金
渠道商务经理,北京圣泽天下网络科技有限公司,1.5-2万/月,北京-朝阳区,3-4年经验,本科,招3人,05-08发布,五险一金|绩效奖金|节日福利|专业培训
WEB前端架构师,北京飞利信科技股份有限公司,1.5-2万/月,北京,5-7年经验,本科,招1人,05-08发布,五险一金|餐饮补贴|绩效奖金|年终奖金
自动化测试工程师,踏浪者国际有限公司,0.7-1万/月,北京,2年经验,本科,招2人,05-08发布,五险一金|餐饮补贴|员工旅游|定期体检|年终奖金
测试工程师（海外项目）,北京三才智者技术服务有限公司,0.8-1万/月,北京-海淀区,3-4年经验,本科,招2人,04-27发布,
React Native 开发工程师,北京邦和世纪科技有限公司,1-1.5万/月,北京-顺义区,2年经验,大专,招1人,04-28发布,五险
安卓开发总监,北京中科白癜风医院,1.5-3万/月,北京-大兴区,2年经验,大专,招1人,05-08发布,包吃住|绩效奖金|员工旅游
SDK开发工程师（C++）,北京臻迪机器人有限公司,1.5-2万/月,北京-昌平区,3-4年经验,本科,招1人,05-09发布,
移动端html5高级研发工程师,北京联德创新科技有限公司,2-4万/月,北京-海淀区,3-4年经验,大专,招3人,05-09发布,
前端开发工程师,北京北大软件工程股份有限公司,0.8-2万/月,北京-海淀区,无工作经验,本科,招若干人,05-09发布,五险一金|交通补贴|定期体检|专业培训
高级测试工程师,财新传媒有限公司,1.5-2万/月,北京,3-4年经验,本科,招1人,05-10发布,五险一金|补充医疗保险|餐饮补贴|交通补贴|定期体检
互联网医院产品主管/专员,北京圆心科技有限公司,0.8-1万/月,北京-朝阳区,3-4年经验,大专,招若干人,05-10发布,五险一金|员工旅游|绩效奖金|年终奖金
C++开发工程师,北京云漫数据技术有限公司,1.5-2万/月,北京,3-4年经验,大专,招2人,05-10发布,带薪年假|绩效奖金|餐饮补贴
高级网页设计师,奕帆信息科技（深圳）有限公司,0.8-1万/月,北京-朝阳区,1年经验,大专,招若干人,05-09发布,
Android开发工程师,北京甲子科技有限责任公司,0.8-1万/月,北京-丰台区,2年经验,本科,招1人,05-20发布,五险一金|绩效奖金|节日福利
Android开发工程师,重庆蓝岸通讯技术有限公司,1-1.8万/月,北京-朝阳区,3-4年经验,本科,招1人,05-20发布,五险一金|交通补贴|餐饮补贴|通讯补贴|弹性工作
Android开发工程师,北京酒仙网络科技有限公司,1-1.5万/月,北京,2年经验,大专,招若干人,05-20发布,五险一金|补充医疗保险|年终奖金|绩效奖金|专业培训
Android开发工程师,北京众友联拓科技有限公司,0.8-2万/月,北京-朝阳区,2年经验,本科,招若干人,05-20发布,
Android讲师,北京中公教育科技股份有限公司,1-2万/月,北京,1年经验,本科,招10人,05-20发布,五险一金|定期体检|年终奖金|股票期权|专业培训|交通补贴|员工旅游
Android开发工程师,北京捷文科技股份有限公司,6-8千/月,北京-海淀区,无工作经验,本科,招1人,05-20发布,五险一金|专业培训|餐饮补贴|年终奖金
Android开发工程师,沐华清诚（北京）教育科技发展有限公司,1.2-1.6万/月,北京-海淀区,3-4年经验,本科,招若干人,05-20发布,五险一金|餐饮补贴|生日福利|入职体检|专业培训|绩效奖金
Android iOS 高级开发工程师,北京智软英才管理咨询有限公司,3-7万/月,北京-朝阳区,无工作经验,本科,招6人,05-20发布,
Android开发工程师,北京中软融通科技有限公司,0.7-1.8万/月,北京,3-4年经验,本科,招若干人,05-20发布,五险一金|通讯补贴|年终奖金|私产公用补贴
Android开发工程师-北京-00011,北京清流鼎点科技有限公司,1.2-1.8万/月,北京,1年经验,本科,招1人,05-20发布,五险一金|补充医疗保险|餐饮补贴|年终奖金|绩效奖金
Android开发工程师,北京比财数据科技有限公司,1.5-2万/月,北京-朝阳区,3-4年经验,本科,招2人,05-20发布,
Android高级讲师,北京八维研修学院,1.8-2.8万/月,北京-海淀区,无工作经验,大专,招4人,05-20发布,五险一金|绩效奖金|专业培训|餐饮补贴
商业运营平台部_Android高级开发工程师(职位编号：027056),百度在线网络技术（北京）有限公司,1.5-3万/月,北京-海淀区,3-4年经验,本科,招若干人,05-20发布,
Android Framework系统工程师(职位编号：33571),字节跳动,2.5-5万/月,北京,3-4年经验,本科,招5人,05-20发布,扁平管理|免费三餐|团队氛围好|租房补贴
Android开发工程师,北京中天博地科技有限公司,0.8-1.5万/月,北京-朝阳区,2年经验,大专,招若干人,05-20发布,五险一金|交通补贴|年终奖金|专业培训|餐饮补贴|通讯补贴
