网络运维专员,陕西绝顶人峰网络科技有限公司,3-4.5千/月,西安-高新技术产业开发区|无工作经验|大专|招1人|05-06发布,绩效奖金|全勤奖|通讯补贴|员工旅游|节日福利|免费班车|专业培训|餐饮补贴|交通补贴|弹性工作
运维工程师,陕西淘丁实业集团有限公司,0.8-1.2万/月,西安-长安区|无工作经验|招1人|05-06发布,周末双休|带薪年假|五险一金|餐饮补贴
安全运维工程师,中通服科信信息技术有限公司,5-7千/月,西安|无工作经验|招3人|05-06发布,绩效奖金|通讯补贴|年终奖金|定期体检
IT运维专员,福建省三福百货有限公司,3.5-5千/月,西安|无工作经验|大专|招2人|05-06发布,五险一金|员工旅游|通讯补贴|专业培训|年终奖金
网络运维工程师,西安国际医学中心有限公司,0.7-1万/月,西安-高新技术产业开发区|3-4年经验|本科|招1人|05-06发布,做五休二|带薪年假|五险一金|节日福利|全勤奖|绩效奖金|餐饮补贴
网络运维工程师,西安尚瑞信息技术有限公司,4.5-6千/月,西安-西咸新区|3-4年经验|大专|招若干人|05-06发布,绩效奖金|年终奖金|周末双休|节日福利|免费班车|全勤奖
网络运维工程师,陕西巨人商务信息咨询有限公司,6-8千/月,西安-雁塔区|无工作经验|招5人|05-06发布,
运维部文员3000+五险一金,西安乾优软件科技有限公司,2.7-4.5千/月,西安-未央区|无工作经验|招2人|05-06发布,弹性工作|包住宿|五险一金|绩效奖金|节日福利|专业培训|交通补贴|高温补贴|通讯补贴|餐饮补贴
云计算运维工程师,上海安畅网络科技股份有限公司,4.5-6千/月,西安-雁塔区|1年经验|大专|招5人|05-06发布,五险一金|员工旅游|年终奖金|弹性工作|定期体检
运维专员,华润太平洋餐饮管理（北京）有限公司,3-4.5千/月,西安|1年经验|大专|招3人|05-06发布,做五休二|带薪年假|五险一金|高温补贴|通讯补贴|加班补贴|餐饮补贴|交通补贴|节日福利|专业培训
运维工程师,西安朔维医疗数据有限公司,0.6-1.2万/月,西安-高新技术产业开发区|2年经验|大专|招2人|05-06发布|计算机网络 计算机应用,五险一金|年终奖金|股票期权|节日福利|绩效奖金
售后运维工程师（西安）,北京锐安科技有限公司,,西安|无工作经验|本科|招若干人|05-06发布,
云计算运维,润联软件系统（深圳）有限公司,,西安|无工作经验|本科|招若干人|05-06发布,
运维管理（德银控股.上海）,陕西天行健车联网信息技术有限公司,1-1.5万/月,上海-静安区|2年经验|本科|招1人|05-06发布,五险一金|补充医疗保险|交通补贴|餐饮补贴|通讯补贴|专业培训|绩效奖金|年终奖金|定期体检|做五休二
运维工程师/实习生,陕西摩天黑石教育科技有限公司,4-7.5千/月,西安-碑林区|无工作经验|大专|招3人|05-06发布,
网络运维工程师,陕西力源仪器设备检测有限公司,4.5-6千/月,西安-长安区|2年经验|本科|招1人|05-06发布,绩效奖金|年终奖金|定期体检|员工旅游|五险一金
ERP实施顾问(实习生),用友网络科技股份有限公司陕西分公司,1.5-2千/月,西安|无工作经验|招若干人|05-06发布,专业培训
大数据运维,西安华创人力资源管理咨询有限公司,20-30万/月,西安-雁塔区|5-7年经验|本科|招2人|04-29发布,五险一金|定期体检|绩效奖金|年终奖金|员工旅游
网络管理员,西安力邦制药有限公司,0.5-1.2万/月,西安|2年经验|大专|招1人|03-14发布|英语良好|计算机应用 计算机网络,五险一金|补充医疗保险|免费班车|员工旅游|年终奖金|绩效奖金|专业培训|定期体检|餐饮补贴|通讯补贴
平面设计师、天猫京东设计师、电商美工,西安碧云天承贸易有限公司,4-6千/月,西安-长安区|1年经验|大专|招4人|03-17发布,五险|绩效奖金|员工旅游|年终奖金|专业培训
技术部经理4000-8000/月,西安善翔电子科技有限责任公司,4-8千/月,西安-雁塔区|无工作经验|本科|招2人|03-18发布,专业培训|弹性工作|绩效奖金|年终奖金|带薪年假
中级数仓开发,西安安谷运合软件技术有限公司,1-1.5万/月,上海-嘉定区|2年经验|招1人|03-18发布,五险一金|交通补贴|餐饮补贴|年终奖金|弹性工作
IT技术支持,西安亚购信息科技有限公司,3-5千/月,西安-高新技术产业开发区|2年经验|本科|招若干人|03-19发布,五险一金|专业培训|年终奖金|绩效奖金|定期体检|出国机会
数据开发工程师,西安亚购信息科技有限公司,1-2万/月,西安-高新技术产业开发区|5-7年经验|本科|招若干人|03-19发布,五险一金|员工旅游|出国机会|绩效奖金|年终奖金
JS前端开发工程师,旅拍通科技有限公司,0.8-1万/月,西安-未央区|3-4年经验|大专|招1人|03-19发布,
服务器工程师,环迅通科技（北京）有限公司,0.8-1万/月,西安-雁塔区|3-4年经验|本科|招1人|03-19发布|英语良好|计算机科学与技术 计算机网络,弹性工作|专业培训|出国机会|绩效奖金|五险一金
系统工程师（通讯/IT）,环迅通科技（北京）有限公司,0.8-1万/月,深圳-南山区|3-4年经验|大专|招2人|03-19发布|英语|计算机科学与技术 通信工程,
小程序电商运营,汉中永杨医药科技发展股份有限公司,4-6千/月,西安-高新技术产业开发区|1年经验|大专|招5人|03-20发布,
行政主管(职位编号：03),陕西荣森网络科技有限公司,4-8千/月,西安-雁塔区|1年经验|大专|招2人|03-22发布,弹性工作|员工旅游|五险一金|朝九晚五|绩效奖金|年终奖金|餐饮补贴|股票期权
电商客服,西安碧云天承贸易有限公司,3-4.5千/月,西安-长安区|1年经验|大专|招5人|03-24发布,五险|绩效奖金|员工旅游|年终奖金|专业培训
电控设计,陕西通家汽车股份有限公司,0.6-1万/月,西安|3-4年经验|本科|招2人|03-25发布,五险一金|餐饮补贴|绩效奖金|交通补贴|免费班车
机房维护工程师,西安海润通信技术有限公司,2-4千/月,西安|1年经验|大专|招2人|03-26发布,五险一金|股票期权|年终奖金|定期体检
维护工程师助理/实习生,西安海润通信技术有限公司,2-4千/月,西安|无工作经验|大专|招2人|03-26发布,五险一金|股票期权|年终奖金|定期体检
网络运营工程师,陕西大辉医疗科技有限公司,4.5-6千/月,西安|3-4年经验|大专|招3人|03-27发布,补充医疗保险|通讯补贴|专业培训|绩效奖金|年终奖金|交通补贴|五险一金|节日福利
焊装设备工程师,宝能汽车有限公司,0.8-1.5万/月,西安-西咸新区|3-4年经验|大专|招1人|03-27发布,五险一金|补充医疗保险|员工旅游|餐饮补贴|通讯补贴|专业培训|绩效奖金|年终奖金|定期体检
IT主管工程师（BOM和PLM）,宝能汽车有限公司,0.8-1.5万/月,西安-西咸新区|5-7年经验|本科|招1人|03-27发布,五险一金|免费班车|餐饮补贴|专业培训|年终奖金|定期体检|全薪病假|十四薪
水暖工程师(职位编号：baoneng003478),宝能汽车有限公司,0.8-1万/月,西安|3-4年经验|本科|招1人|03-27发布,五险一金|定期体检|弹性工作|年终奖金|餐饮补贴|专业培训
焊装工艺工程师(职位编号：baoneng003477),宝能汽车有限公司,6-8千/月,西安|3-4年经验|本科|招3人|03-27发布,五险一金|定期体检|弹性工作|年终奖金|餐饮补贴|专业培训
系统架构师,陕西西部资信股份有限公司,1.2-1.5万/月,西安-高新技术产业开发区|无工作经验|招1人|03-28发布,五险一金|弹性工作|定期体检|员工旅游
配置管理工程师,陕西西部资信股份有限公司,6-8千/月,西安-高新技术产业开发区|无工作经验|招1人|03-28发布,五险一金|弹性工作|定期体检|员工旅游
热能工程师（北京  西安）,西安盛恒智业物联网科技有限公司,0.7-1万/月,北京-海淀区|无工作经验|招2人|03-29发布,五险一金|带薪年假
紧急招聘维护工程师五险一金,西安远眺网络科技有限公司,6-8千/月,西安-高新技术产业开发区|2年经验|本科|招5人|04-02发布,五险一金|交通补贴|通讯补贴|定期体检|绩效奖金|年终奖金|早餐奶、水果
急招：维护工程师,西安远眺网络科技有限公司,6-8千/月,西安-高新技术产业开发区|2年经验|本科|招5人|04-02发布,五险一金|交通补贴|通讯补贴|定期体检|绩效奖金|年终奖金|早餐奶、水果
维护工程师 五险一金,西安远眺网络科技有限公司,6-8千/月,西安-高新技术产业开发区|无工作经验|招5人|04-02发布,五险一金|交通补贴|通讯补贴|定期体检|绩效奖金|年终奖金|早餐奶、水果
技术总监,西安同信力创项目管理咨询有限公司,0.7-1万/月,西安|无工作经验|本科|招1人|04-02发布,五险一金|补充公积金|员工旅游|交通补贴|通讯补贴|绩效奖金|年终奖金|定期体检
弱电工程师,陕西荣森网络科技有限公司,4-8千/月,西安-雁塔区|3-4年经验|大专|招2人|04-02发布,专业培训|弹性工作|员工旅游|五险一金|周末双休|朝九晚五|法定假日
销售,西安沃泰科技有限公司,3-6千/月,西安|无工作经验|招5人|04-02发布,五险一金|补充医疗保险|餐饮补贴|通讯补贴|出差补贴|节日福利
技术服务工程师（4k-10k）,陕西中海知易信息技术有限公司,0.4-1万/月,西安-雁塔区|无工作经验|招15人|04-03发布,通讯补贴|绩效奖金|年终奖金|交通补贴|员工旅游|定期体检|单双休|专业培训|餐饮补贴|五险一金
安全业务高级工程师,中国电信集团系统集成有限责任公司西安区域中心,4-8千/月,西安|2年经验|本科|招5人|04-03发布,
高级网络工程师,中国电信集团系统集成有限责任公司西安区域中心,0.7-1万/月,西安|3-4年经验|招3人|04-03发布,
安全服务工程师,中国电信集团系统集成有限责任公司西安区域中心,6-8千/月,西安|2年经验|大专|招2人|04-03发布|计算机网络 计算机科学与技术,五险一金|年终奖金|交通补贴|餐饮补贴|通讯补贴|定期体检
资深数据平台开发工程师（西安）,杭州数云信息技术有限公司西安分公司,1.5-2万/月,西安-高新技术产业开发区|5-7年经验|大专|招1人|04-09发布,
通信工程师,西安优音通信有限公司,6-8千/月,西安-未央区|3-4年经验|大专|招2人|04-09发布|普通话|计算机科学与技术,五险一金|餐饮补贴|定期体检|专业培训|出国机会|绩效奖金|员工旅游|年终奖金
A29-1 系统集成工程师,西安卓睿信息技术有限公司,4.5-6千/月,西安|无工作经验|大专|招5人|04-10发布,五险一金|补充医疗保险|补充公积金|免费班车|员工旅游|交通补贴|绩效奖金
A213-1 数据库工程师/管理员,西安卓睿信息技术有限公司,4.5-6千/月,西安|无工作经验|大专|招5人|04-10发布,五险一金|补充医疗保险|补充公积金|免费班车|员工旅游|交通补贴|绩效奖金
系统集成工程师实习生,西安卓睿信息技术有限公司,4.5-6千/月,西安|无工作经验|大专|招6人|04-10发布,五险一金|补充医疗保险|补充公积金|员工旅游|餐饮补贴|通讯补贴|专业培训|绩效奖金|年终奖金|定期体检
数据库工程师/管理员实习,西安卓睿信息技术有限公司,4.5-6千/月,西安|无工作经验|大专|招6人|04-10发布,五险一金|补充医疗保险|补充公积金|员工旅游|餐饮补贴|通讯补贴|专业培训|绩效奖金|年终奖金|定期体检
数据库工程师/管理员,西安卓睿信息技术有限公司,4.5-6千/月,西安|无工作经验|大专|招6人|04-10发布,五险一金|补充医疗保险|补充公积金|员工旅游|通讯补贴|专业培训|绩效奖金|年终奖金|弹性工作|定期体检
系统集成工程师,西安卓睿信息技术有限公司,4.5-6千/月,西安|无工作经验|大专|招6人|04-10发布,五险一金|补充医疗保险|员工旅游|补充公积金|通讯补贴|专业培训|绩效奖金|年终奖金|弹性工作|定期体检
游戏设计/助理/实习生  双休+五险一金,西安卓睿信息技术有限公司,6-8千/月,西安|无工作经验|大专|招7人|04-10发布,五险一金|补充医疗保险|补充公积金|免费班车|员工旅游|交通补贴|绩效奖金
环评系统工程师助理实习生/应届,西安卓睿信息技术有限公司,3-4.5千/月,西安-碑林区|无工作经验|本科|招3人|04-10发布,五险一金|补充医疗保险|补充公积金|免费班车|员工旅游|交通补贴|绩效奖金
A61-1技术支持、维护经理,西安卓睿信息技术有限公司,4.5-6千/月,西安|无工作经验|大专|招5人|04-10发布,五险一金|补充医疗保险|补充公积金|免费班车|员工旅游|交通补贴|绩效奖金
A62-1技术支持、维护工程师,西安卓睿信息技术有限公司,4.5-6千/月,西安|无工作经验|大专|招5人|04-10发布,五险一金|补充医疗保险|补充公积金|免费班车|员工旅游|交通补贴|绩效奖金
品牌专员（文案策划）双休+4k-6k,西安卓睿信息技术有限公司,4.5-6千/月,西安|1年经验|大专|招6人|04-10发布,五险一金|补充医疗保险|补充公积金|免费班车|员工旅游|交通补贴|绩效奖金
网络和信息安全工程师/助理/实习生  双休,西安卓睿信息技术有限公司,6-8千/月,西安-碑林区|无工作经验|大专|招6人|04-10发布,五险一金|补充医疗保险|补充公积金|免费班车|员工旅游|交通补贴|绩效奖金
软件售前技术（追溯项目）,西安立人科技股份有限公司,6-8千/月,西安|5-7年经验|大专|招1人|04-10发布,五险一金|绩效奖金|节日福利
弱电主管,陕西荣森网络科技有限公司,4-8千/月,西安-雁塔区|1年经验|中专|招1人|04-10发布,专业培训|弹性工作|员工旅游|五险一金|周末双休|朝九晚五|法定假日
售前顾问,西安融科通信技术有限公司,0.6-1.2万/月,西安|2年经验|本科|招3人|04-11发布,五险一金|员工旅游|绩效奖金|定期体检
运维工程师-实习生,中国软件与技术服务股份有限公司,1.5-3千/月,西安|无工作经验|本科|招3人|05-06发布,五险一金|专业培训|通讯补贴|定期体检|年终奖金
系统管理岗,西安弗斯特口腔医院有限公司,0.5-1万/月,西安-高新技术产业开发区|无工作经验|本科|招1人|03-07发布,周末双休|五险一金
网络管理,西安弗斯特口腔医院有限公司,4-7千/月,西安-高新技术产业开发区|无工作经验|本科|招1人|03-07发布,周末双休|五险一金
信息专员,西安弗斯特口腔医院有限公司,4-6千/月,西安-高新技术产业开发区|无工作经验|本科|招1人|03-07发布,周末双休|五险一金
店铺运营,陕西省君凯电子科技有限公司,4-8千/月,西安|2年经验|本科|招2人|03-08发布,五险一金|专业培训|交通补贴|餐饮补贴|通讯补贴|绩效奖金
网络维护工程师,中通服科信信息技术有限公司,3-4.5千/月,西安|3-4年经验|大专|招2人|03-09发布,
IT技术支持,西安雅格纳商贸有限公司,5-8千/月,西安-未央区|无工作经验|大专|招3人|03-09发布,做五休二|五险一金|绩效奖金|周末双休|节日福利|全勤奖|弹性工作|带薪年假|通讯补贴
基础架构工程师,西安瑞蓝创软件科技有限公司,0.8-2万/月,西安-高新技术产业开发区|2年经验|本科|招3人|03-11发布,
数据库管理员,西安瑞蓝创软件科技有限公司,0.6-1万/月,西安-高新技术产业开发区|2年经验|本科|招2人|03-11发布|计算机科学与技术 软件工程,五险一金|补充医疗保险|员工旅游|年终奖金|定期体检|专业培训|出国机会
软件测试/QA,西安雅格纳商贸有限公司,6-8千/月,西安-未央区|无工作经验|大专|招3人|03-12发布,做五休二|五险一金|绩效奖金|周末双休|节日福利|全勤奖|弹性工作|带薪年假|通讯补贴
新媒体运营专员,陕西昱鑫科技发展有限责任公司,3-4.5千/月,西安|1年经验|大专|招1人|03-12发布|普通话熟练,五险一金|专业培训|餐饮补贴|通讯补贴|绩效奖金|节日福利
高级工程师,北京华软金科信息技术有限公司,1-1.5万/月,西安|5-7年经验|本科|招3人|03-12发布,五险一金|定期体检|绩效奖金|餐饮补贴|通讯补贴|周末双休
数据分析顾问,每一天便利超市连锁有限公司信息中心研发部,6-8千/月,西安-碑林区|2年经验|本科|招3人|04-12发布|统计学 经济学,五险一金|员工旅游|专业培训|绩效奖金
技术支持（软件）,西安和芯信息科技有限公司,5-7千/月,西安|无工作经验|本科|招5人|04-13发布,五险一金|补充医疗保险|交通补贴|专业培训|定期体检|员工旅游|节日福利|周末双休
电气工程师,陕西天成瑞源电力科技有限公司,3-6千/月,西安-未央区|1年经验|大专|招若干人|04-27发布|电气工程及其自动化,五险一金|专业培训|定期体检|绩效奖金|年终奖金|员工旅游|周末双休|员工生日|不定期团建
售前技术支持工程师,陕西天成瑞源电力科技有限公司,4-4.5千/月,西安-未央区|无工作经验|大专|招5人|04-27发布,五险一金|定期体检|专业培训|员工旅游|绩效奖金|年终奖金|员工生日
PHP高级开发工程师,天天充电,0.8-1.5万/月,西安-高新技术产业开发区|无工作经验|招1人|04-27发布,五险一金|高温补贴|节日福利|专业培训|绩效奖金
意大利语运营储备/客服,宁波豪雅进出口集团有限公司,4-6千/月,西安-碑林区|无工作经验|本科|招2人|04-27发布|意大利语熟练,五险|专业培训|绩效奖金|年终奖金|周末双休
售前工程师,陕西兆通利合数码有限公司,4.5-6千/月,西安|3-4年经验|大专|招2人|04-27发布|计算机科学与技术 电子信息工程,周末双休|带薪年假|五险一金|绩效奖金|节日福利|专业培训|通讯补贴
销售服务支持,陕西百旺金赋信息科技有限公司,3-5千/月,西安|1年经验|中专|招1人|04-28发布,五险一金|交通补贴|餐饮补贴|绩效奖金|年终奖金|周末双休|节日福利|带薪年假
系统维护专员,西安美城房地产顾问股份有限公司,4.5-6千/月,西安-未央区|1年经验|大专|招1人|04-28发布,五险一金|员工旅游|专业培训|带薪年假|定期体检|出国机会|年终奖金|交通补贴|绩效奖金
电气技术员,北京埃顿酒店服务有限公司,3-4.5千/月,西安-高新技术产业开发区|2年经验|高中|招1人|04-28发布,五险一金|年终奖金|绩效奖金
高级软件工程师,华为技术有限公司,1.5-2万/月,西安-高新技术产业开发区|无工作经验|招若干人|04-28发布,
IT信息化工程师(职位编号：baoneng003918),宝能汽车有限公司,0.8-1万/月,西安-西咸新区|3-4年经验|本科|招2人|04-29发布,
售前技术支持高级工程师,西安西拓电气股份有限公司,0.7-1.5万/月,西安-雁塔区|5-7年经验|本科|招1人|04-29发布|电气工程及其自动化 电气信息工程,五险一金|交通补贴|餐饮补贴|通讯补贴|专业培训|绩效奖金|年终奖金|弹性工作|带薪年假|周末双休
云平台安全服务工程师,三门峡崤云安全服务有限公司,0.6-1.2万/月,三门峡|无工作经验|招1人|04-29发布,五险一金|年终奖金|专业培训
初级机房监控工程师,三门峡崤云信息服务股份有限公司,3-6千/月,三门峡|无工作经验|招2人|04-29发布,五险一金|交通补贴|餐饮补贴|通讯补贴|专业培训|绩效奖金|年终奖金|股票期权|弹性工作
高级存储工程师,三门峡崤云信息服务股份有限公司,0.8-1.5万/月,三门峡|无工作经验|招1人|04-29发布,五险一金|交通补贴|餐饮补贴|通讯补贴|专业培训|绩效奖金|年终奖金|股票期权|弹性工作
云计算高级技术支持工程师（网络方向）,三门峡崤云信息服务股份有限公司,0.8-1.5万/月,三门峡|无工作经验|招1人|04-29发布,五险一金|年终奖金|专业培训|弹性工作
云计算高级技术支持工程师（操作系统方向）,三门峡崤云信息服务股份有限公司,0.8-1.5万/月,三门峡|无工作经验|招1人|04-29发布,五险一金|年终奖金|专业培训|弹性工作
Linux技术支持工程师,三门峡崤云信息服务股份有限公司,4-8千/月,三门峡|无工作经验|招1人|04-29发布,五险一金|年终奖金|专业培训|弹性工作
云计算解决方案专家,三门峡崤云信息服务股份有限公司,0.8-1.5万/月,三门峡|无工作经验|招1人|04-29发布,五险一金|年终奖金|专业培训|弹性工作
高级DBA工程师,三门峡崤云信息服务股份有限公司,0.8-1.5万/月,三门峡|无工作经验|招1人|04-29发布,五险一金|年终奖金|专业培训|弹性工作
数据库技术支持工程师,三门峡崤云信息服务股份有限公司,4-8千/月,三门峡|无工作经验|招2人|04-29发布,五险一金|年终奖金|专业培训|弹性工作
大数据交付专家,三门峡崤云信息服务股份有限公司,0.8-1.5万/月,三门峡|无工作经验|招1人|04-29发布,五险一金|年终奖金|专业培训|弹性工作
数据库工程师,三门峡崤云视联科技有限公司,0.8-1.5万/月,三门峡|无工作经验|招2人|04-29发布,五险一金|年终奖金|专业培训|周末双休|带薪年假|定期体检
大数据挖掘工程师,三门峡崤云信息服务股份有限公司,0.8-2万/月,三门峡|无工作经验|招2人|04-29发布,五险一金|交通补贴|餐饮补贴|通讯补贴|专业培训|绩效奖金|年终奖金|股票期权|弹性工作
大数据开发实施工程师,三门峡崤云信息服务股份有限公司,0.8-2.5万/月,三门峡|无工作经验|招3人|04-29发布,五险一金|交通补贴|餐饮补贴|通讯补贴|专业培训|绩效奖金|年终奖金|股票期权|弹性工作
数据库高级DBA工程师,三门峡崤云信息服务股份有限公司,0.8-1.5万/月,三门峡|无工作经验|招1人|04-29发布,五险一金|年终奖金|专业培训|餐饮补贴|定期体检|弹性工作|绩效奖金|交通补贴
云平台网络工程师,三门峡崤云安全服务有限公司,,三门峡|无工作经验|招若干人|04-29发布,五险一金|年终奖金|专业培训
信息安全分析师,三门峡崤云安全服务有限公司,0.8-1.6万/月,三门峡|无工作经验|招3人|04-29发布,五险一金|年终奖金|专业培训
日志安全分析师,三门峡崤云安全服务有限公司,0.5-1万/月,三门峡|无工作经验|招1人|04-29发布,五险一金|年终奖金|专业培训
网络编程工程师,三门峡崤云安全服务有限公司,0.8-1.6万/月,三门峡|无工作经验|招2人|04-29发布,五险一金|年终奖金|专业培训
手机软件测试工程师,三门峡崤云信息服务股份有限公司,0.8-1.5万/月,三门峡|无工作经验|招1人|04-29发布,五险一金|交通补贴|餐饮补贴|通讯补贴|专业培训|绩效奖金|年终奖金|股票期权|弹性工作
手机软件测试工程师,三门峡崤云信息服务股份有限公司,0.8-1.5万/月,三门峡|无工作经验|招2人|04-29发布,五险一金|交通补贴|餐饮补贴|通讯补贴|专业培训|绩效奖金|年终奖金|股票期权|弹性工作
Web软件测试工程师（高级）,三门峡崤云信息服务股份有限公司,0.8-1.5万/月,三门峡|无工作经验|招1人|04-29发布,五险一金|交通补贴|餐饮补贴|通讯补贴|专业培训|绩效奖金|年终奖金|股票期权|弹性工作
Web软件测试工程师（中级）,三门峡崤云信息服务股份有限公司,4-8千/月,三门峡|无工作经验|招1人|04-29发布,五险一金|交通补贴|餐饮补贴|通讯补贴|专业培训|绩效奖金|年终奖金|股票期权|弹性工作
高级Java工程师,三门峡崤云信息服务股份有限公司,0.8-1.5万/月,三门峡|无工作经验|招2人|04-29发布,五险一金|交通补贴|餐饮补贴|通讯补贴|专业培训|绩效奖金|年终奖金|股票期权|弹性工作
中级Java工程师,三门峡崤云信息服务股份有限公司,5-8千/月,三门峡|无工作经验|招6人|04-29发布,五险一金|交通补贴|餐饮补贴|通讯补贴|专业培训|绩效奖金|年终奖金|股票期权|弹性工作
初级Java工程师,三门峡崤云信息服务股份有限公司,3-6千/月,三门峡|无工作经验|招4人|04-29发布,五险一金|交通补贴|餐饮补贴|通讯补贴|专业培训|绩效奖金|年终奖金|股票期权|弹性工作
中级Web前端工程师,三门峡崤云信息服务股份有限公司,5-8千/月,三门峡|无工作经验|招3人|04-29发布,五险一金|交通补贴|餐饮补贴|通讯补贴|专业培训|绩效奖金|年终奖金|股票期权|弹性工作
高级Web前端工程师,三门峡崤云信息服务股份有限公司,0.8-1.5万/月,三门峡|无工作经验|招2人|04-29发布,五险一金|交通补贴|餐饮补贴|通讯补贴|专业培训|绩效奖金|年终奖金|股票期权|弹性工作
DBA,三门峡崤云安全服务有限公司,1-1.7万/月,三门峡|无工作经验|招1人|04-29发布,五险一金|年终奖金|专业培训
安全技术支持工程师,三门峡崤云安全服务有限公司,0.6-1万/月,三门峡|无工作经验|招6人|04-29发布,五险一金|年终奖金|专业培训
渗透测试工程师,三门峡崤云安全服务有限公司,0.8-1.6万/月,三门峡|无工作经验|招2人|04-29发布,五险一金|年终奖金|专业培训
日志安全分析师,三门峡崤云信息服务股份有限公司,0.5-1万/月,三门峡|无工作经验|招1人|04-29发布,五险一金|交通补贴|餐饮补贴|通讯补贴|专业培训|绩效奖金|年终奖金|股票期权|弹性工作
交付工程师,西安因联信息科技有限公司,5-8千/月,西安|2年经验|本科|招2人|04-29发布|测控技术与仪器 电子信息科学与技术,五险一金|补充公积金|员工旅游|绩效奖金|弹性工作|定期体检|周末双休
交付工程师,西安因联信息科技有限公司,5-8千/月,西安-高新技术产业开发区|无工作经验|招1人|04-29发布,五险一金|弹性工作|定期体检|员工旅游|交通补贴|餐饮补贴|周末双休|年底双薪|节日福利
系统工程师,西安因联信息科技有限公司,5-8千/月,西安-高新技术产业开发区|无工作经验|招1人|04-29发布,五险一金|员工旅游|定期体检|交通补贴|餐饮补贴|节日福利|周末双休|弹性工作|年底双薪|全勤奖
交付工程师,西安因联信息科技有限公司,5-8千/月,西安-高新技术产业开发区|无工作经验|招1人|04-29发布,周末双休|带薪年假|五险一金|节日福利|全勤奖|年底双薪|年终奖金|每年调薪|定期体检|员工旅游
市场策划经理,西安因联信息科技有限公司,1.2-2万/月,北京-海淀区|无工作经验|招1人|04-29发布,五险一金|员工旅游|定期体检|交通补贴|餐饮补贴|节日福利|周末双休|弹性工作|年底双薪|全勤奖
实施工程师,西安易龙软件有限公司,0.6-1.3万/月,西安-雁塔区|2年经验|大专|招若干人|04-29发布,五险一金|通讯补贴|交通补贴|餐饮补贴
设备管理工程师,金花企业（集团）股份有限公司西安金花制药厂,0.5-1万/月,西安|5-7年经验|大专|招2人|04-29发布,五险一金|专业培训|年终奖金|绩效奖金|员工旅游|员工餐厅|健康体检|内部竞聘
机器人应用工程师,西安培韵智能科技有限公司,6-8千/月,西安-经济技术开发区|无工作经验|招3人|04-29发布,
技术支持（服务）,西安和芯信息科技有限公司,4-6千/月,西安|无工作经验|本科|招6人|04-13发布|计算机科学与技术 电子科学与技术,五险一金|定期体检|专业培训|补充医疗保险|交通补贴|员工旅游|节日福利|周末双休
服务工程师,西安和芯信息科技有限公司,4-6千/月,西安|无工作经验|本科|招5人|04-13发布,五险一金|专业培训|交通补贴|绩效奖金|员工旅游|补充医疗保险|定期体检|周末双休|节日福利
地理信息分公司-自动化系统维护工程师(职位编号：04100003),中煤航测遥感集团有限公司,4-6千/月,西安-长安区|3-4年经验|本科|招6人|04-14发布|测控技术与仪器 电力系统及自动化,五险一金|交通补贴|餐饮补贴|通讯补贴|专业培训|定期体检|绩效奖金|年终奖金
地下空间公司-售前工程师/项目实施工程师(职位编号：04100011),中煤航测遥感集团有限公司,6-8千/月,西安-长安区|1年经验|本科|招2人|04-14发布,五险一金|交通补贴|餐饮补贴|定期体检|年休假|通讯补贴|专业培训|绩效奖金|年终奖金
中级实施工程师,西安图迹信息科技有限公司,5-6千/月,西安|无工作经验|招1人|04-15发布,五险一金|补充医疗保险|员工旅游|弹性工作|定期体检|绩效奖金|年终奖金
销售代表,陕西天成瑞源电力科技有限公司,0.4-1万/月,西安-未央区|无工作经验|大专|招若干人|04-15发布,五险一金|定期体检|专业培训|员工旅游|绩效奖金|年终奖金|员工生日
技术支持工程师,陕西嘉惠碧海电子科技有限公司,2.5-4千/月,商洛|1年经验|大专|招5人|04-16发布,五险一金|员工旅游|交通补贴|绩效奖金|年终奖金|高温补贴|年底双薪|节日福利
IT云计算解决方案测试工程师,华为技术有限公司,2-3万/月,西安-高新技术产业开发区|5-7年经验|本科|招10人|04-16发布,股票期权|年终奖金|绩效奖金|五险一金|出国机会|弹性工作|定期体检
MES/MD系统维护技术支持,西安万兴服务外包有限责任公司,0.4-1万/月,西安-高新技术产业开发区|1年经验|本科|招5人|04-17发布|英语熟练|电子信息科学与技术 制药工程,周末双休|带薪年假|五险一金|节日福利|加班补贴|年终奖金
协会副秘书长,西安名世信息科技有限公司,3-5千/月,西安-雁塔区|2年经验|本科|招1人|04-17发布,绩效奖金|员工旅游|交通补贴|餐饮补贴|通讯补贴|年终奖金|专业培训
协会商务助理,西安名世信息科技有限公司,3-4.5千/月,西安-雁塔区|1年经验|大专|招2人|04-17发布,绩效奖金|员工旅游|交通补贴|餐饮补贴|通讯补贴|年终奖金|专业培训
市场销售经理,西安名世信息科技有限公司,4-8千/月,西安-雁塔区|1年经验|大专|招1人|04-17发布,绩效奖金|员工旅游|交通补贴|通讯补贴|年终奖金|专业培训|五险一金|节日福利
协会秘书处助理,西安名世信息科技有限公司,3-4.5千/月,西安-雁塔区|1年经验|大专|招1人|04-17发布,绩效奖金|员工旅游|交通补贴|餐饮补贴|通讯补贴|年终奖金|专业培训
JAVA工程师,厦门市美亚柏科信息股份有限公司,0.8-1.2万/月,西安-高新技术产业开发区|2年经验|本科|招2人|04-17发布,五险一金|补充医疗保险|员工旅游|交通补贴|年终奖金|定期体检|弹性工作
埃塞俄比亚OSS系统维护工程师,中兴通讯股份有限公司,1-1.5万/月,深圳-南山区|无工作经验|本科|招1人|04-17发布|英语,免费班车|餐饮补贴|绩效奖金|年终奖金|定期体检|专业培训|交通补贴|五险一金
技术工程师,陕西盈创数据信息技术有限公司,6-8千/月,西安-高新技术产业开发区|2年经验|招2人|04-18发布,员工旅游|通讯补贴|五险一金|交通补贴|年终奖金|绩效奖金
技术工程师,陕西盈创数据信息技术有限公司,4.5-6千/月,西安-高新技术产业开发区|1年经验|招2人|04-18发布,员工旅游|通讯补贴|五险一金|交通补贴|年终奖金|绩效奖金
JAVA软件工程师（初级）（工作地点：昆明、西安）(职位编号：001),云南航信空港网络有限公司,6-8千/月,西安|无工作经验|本科|招若干人|04-19发布|计算机科学与技术,
Web前端开发工程师,深圳市讯方技术股份有限公司,0.8-1万/月,西安|1年经验|大专|招1人|04-19发布,五险一金|通讯补贴|绩效奖金|定期体检
市场推广专员,西安博康电子有限公司,3-4.5千/月,西安-鄠邑区|2年经验|大专|招1人|04-19发布,管住宿|周末双休|带薪年假|免费班车
电气工程师(职位编号：20170424),西安欧佰嘉电力科技工程有限公司,4-8千/月,西安-高新技术产业开发区|3-4年经验|本科|招若干人|04-20发布|英语一般|电气工程及其自动化,五险一金|补充医疗保险|补充公积金|员工旅游|交通补贴|餐饮补贴|通讯补贴|专业培训|绩效奖金|年终奖金
现场技术支持工程师,西安远眺网络科技有限公司,4.5-6千/月,西安-高新技术产业开发区|1年经验|本科|招若干人|04-21发布,五险一金|员工旅游|餐饮补贴|定期体检|通讯补贴|绩效奖金
系统集成工程师,陕西盈创数据信息技术有限公司,4.5-6千/月,西安-高新技术产业开发区|1年经验|大专|招3人|04-21发布,员工旅游|通讯补贴|五险一金|交通补贴|年终奖金|绩效奖金
微信运营专员,西安欧绅兔图书文化传播有限公司,5-8千/月,西安|1年经验|本科|招3人|04-22发布,
IT工程师(J13537),好车酷酷二手车经纪（天津）有限公司,0.8-1万/月,西安|无工作经验|招1人|04-23发布,
产品总工,陕西瑞迅电子信息技术有限公司,1-2.5万/月,西安-高新技术产业开发区|5-7年经验|本科|招1人|04-23发布,周末双休|带薪年假|五险一金|节日福利|通讯补贴|餐饮补贴
业务维护工程师,中通服科信信息技术有限公司,3.5-4.9千/月,西安-高新技术产业开发区|无工作经验|大专|招4人|04-23发布,
税务实施顾问,上海汉得信息技术股份有限公司,13-25万/年,北京|无工作经验|招8人|04-24发布,五险一金|餐饮补贴|定期体检|补充医疗保险|补充公积金|股票期权|年终奖金|专业培训|员工旅游
Oracle EBS财务/业务顾问,上海汉得信息技术股份有限公司,15-25万/年,西安|无工作经验|招10人|04-24发布,五险一金|补充医疗保险|补充公积金|定期体检|年终奖金|股票期权|员工旅游|餐饮补贴
主数据实施顾问,上海汉得信息技术股份有限公司,14-25万/年,北京|无工作经验|招5人|04-24发布,五险一金|餐饮补贴|弹性工作|定期体检|补充医疗保险|补充公积金|股票期权|年终奖金|专业培训|员工旅游
10kV电力配网抢修、运行维护专工,西安恒信通电力科技有限公司,4.5-6千/月,西安-雁塔区|3-4年经验|大专|招3人|04-24发布,五险一金|交通补贴|绩效奖金|年终奖金|通讯补贴|餐饮补贴|弹性工作
销售经理,西安沃泰科技有限公司,4.5-8千/月,西安|无工作经验|招若干人|04-25发布,周末双休|法定节假日|带薪年假|五险一金|补充医疗保险|餐饮补贴|节日福利
销售,西安沃泰科技有限公司,4-6千/月,西安|无工作经验|招若干人|04-25发布,五险一金|补充医疗保险|餐饮补贴|通讯补贴|出差补贴|节日福利
ERP服务技术顾问,金蝶软件西安分公司,3-6千/月,西安|无工作经验|本科|招3人|04-25发布,五险一金|员工旅游|专业培训|定期体检|交通补贴|绩效奖金
数据库工程师,中通服科信信息技术有限公司,0.8-1.2万/月,西安|3-4年经验|本科|招3人|04-25发布,绩效奖金|通讯补贴|年终奖金|定期体检
MYSQL数据库及开源组件工程师,中通服科信信息技术有限公司,0.6-1万/月,西安|2年经验|本科|招2人|04-25发布,绩效奖金|通讯补贴|年终奖金|定期体检
网络维护工程师,西安鑫昌途商贸有限公司,3-8千/月,西安-未央区|1年经验|大专|招1人|04-25发布|计算机网络 软件工程,五险一金|餐饮补贴|周末双休|定期体检
网络工程师,北京华电天仁电力控制技术有限公司,,西安-雁塔区|2年经验|大专|招1人|04-26发布,五险一金|补充医疗保险|绩效奖金|弹性工作|定期体检
技术经理,西安交大长天软件股份有限公司,1.5-2万/月,西安|10年以上经验|本科|招1人|04-26发布,五险一金|补充医疗保险|员工旅游|交通补贴|餐饮补贴|专业培训|绩效奖金|年终奖金
技术支持工程师,西安交大长天软件股份有限公司,6-8千/月,天津|1年经验|本科|招2人|04-26发布,五险一金|通讯补贴|员工旅游|餐补
高级信息安全工程师,西安交大长天软件股份有限公司,1-1.5万/月,西安|3-4年经验|本科|招1人|04-26发布,五险一金|补充医疗保险|员工旅游|交通补贴|餐饮补贴|专业培训|绩效奖金|年终奖金
产品测试工程师,环迅通科技（北京）有限公司,0.7-1.2万/月,深圳-罗湖区|3-4年经验|本科|招1人|04-26发布|英语良好|计算机科学与技术 通信工程,交通补贴|弹性工作|餐饮补贴|通讯补贴|出国机会|年终奖金|五险一金
后端开发工程师,上海汉得信息技术股份有限公司,11-21万/年,西安-高新技术产业开发区|无工作经验|招1人|04-26发布,五险一金|餐饮补贴|弹性工作|定期体检|补充医疗保险|补充公积金|股票期权|年终奖金|员工旅游
前端开发工程师,上海汉得信息技术股份有限公司,11-21万/年,西安-高新技术产业开发区|无工作经验|招1人|04-26发布,五险一金|餐饮补贴|弹性工作|定期体检|补充医疗保险|补充公积金|股票期权|年终奖金|员工旅游
网管,西安美兆健康管理有限公司,4-6千/月,西安-高新技术产业开发区|无工作经验|招1人|04-26发布,
JAVA软件工程师（初级）（西安研发分中心）(职位编号：YNT-YF-002-1),云南航信空港网络有限公司,4.5-9万/年,西安-高新技术产业开发区|1年经验|本科|招若干人|04-27发布,五险一金|绩效奖金|年终奖金|定期体检|周末双休|年终双薪
JAVA软件工程师（中级）（西安研发分中心）(职位编号：YNT-YF-002-2),云南航信空港网络有限公司,9-12万/年,西安-高新技术产业开发区|1年经验|本科|招若干人|04-27发布,五险一金|绩效奖金|年终奖金|定期体检|周末双休|年终双薪
JAVA软件工程师（高级）（西安研发分中心）(职位编号：YNT-YF-002-3),云南航信空港网络有限公司,12-15万/年,西安-高新技术产业开发区|3-4年经验|本科|招若干人|04-27发布,五险一金|绩效奖金|年终奖金|定期体检|周末双休|年终双薪
WMS系统副主任工程师（集团总部）(J11085),隆基绿能科技股份有限公司,1.5-2万/月,西安-经济技术开发区|8-9年经验|本科|招1人|05-05发布,五险一金|交通补贴|通讯补贴|年终奖金|带薪年假|节日福利|出差补贴|免费班车|餐饮补贴|500强
IT桌面技术工程师（集团总部）(J11089),隆基绿能科技股份有限公司,5-7千/月,西安-经济技术开发区|2年经验|大专|招1人|05-05发布,五险一金|交通补贴|通讯补贴|年终奖金|带薪年假|节日福利|出差补贴|免费班车|餐饮补贴|500强
安全副主任工程师（西安/清洁能源）,隆基绿能科技股份有限公司,6-8千/月,西安-未央区|5-7年经验|本科|招若干人|05-06发布,周末双休|弹性工作|带薪年假|五险一金|包吃|免费班车|绩效奖金|全勤奖|节日福利|交通补贴
JAVA( Web)开发工程师,西安四智信息科技有限公司,0.8-1.3万/月,西安-雁塔区|5-7年经验|大专|招10人|05-06发布,年终奖金|专业培训|绩效奖金|员工旅游
Java开发工程师,西安四智信息科技有限公司,0.6-1.2万/月,西安-雁塔区|3-4年经验|大专|招3人|05-06发布,员工旅游|绩效奖金|年终奖金|五险一金|弹性工作|定期体检
国内客服副主任工程师,隆基乐叶光伏科技有限公司,1-1.5万/月,西安-未央区|无工作经验|招若干人|05-06发布,五险一金|通讯补贴|交通补贴|年终奖金|弹性工作|股票期权
国内客服工程师,隆基乐叶光伏科技有限公司,0.6-1万/月,西安-未央区|无工作经验|本科|招2人|05-06发布,五险一金|通讯补贴|交通补贴|年终奖金|弹性工作|股票期权
实施工程师,国网汇通金财(北京)信息科技有限公司,6-8千/月,西安|1年经验|本科|招1人|05-06发布,五险一金|补充医疗保险|餐饮补贴|绩效奖金|年终奖金|定期体检
java开发工程师岗位,西安华炎信息科技有限公司,6-8千/月,济南-历下区|3-4年经验|大专|招若干人|05-06发布,五险一金|员工旅游|餐饮补贴|年终奖金|定期体检
研发经理 (MJ001095),上海久耶供应链管理有限公司,1-2万/月,上海-嘉定区|3-4年经验|本科|招1人|05-06发布,五险一金|绩效奖金|年终奖金|弹性工作
电商专员,宁夏华宝枸杞产业有限公司,3-6千/月,西安|无工作经验|招2人|05-06发布,五险一金|餐饮补贴|绩效奖金|通讯补贴|定期体检|年终奖金
数据库工程师,北京爱可生信息技术股份有限公司,1-1.5万/月,西安|无工作经验|招2人|05-06发布,五险一金|定期体检|绩效奖金
核心网系统集成工程师,北京爱可生信息技术股份有限公司,1-1.5万/月,西安-高新技术产业开发区|无工作经验|招30人|05-06发布,五险一金|定期体检|绩效奖金
电气或暖通或弱电技术员,爱玛客服务产业（中国）有限公司,4.5-5千/月,西安|无工作经验|招10人|04-30发布,五险一金|带薪年假|专业培训|加班补贴|试用期全薪
Java开发工程师,西安兴汇电力科技有限公司,0.8-1万/月,西安|1年经验|本科|招1人|04-30发布,五险一金|补充医疗保险|餐饮补贴|通讯补贴|专业培训|绩效奖金|年终奖金|定期体检|交通补贴
系统应用工程师,西安兴汇电力科技有限公司,0.6-1万/月,西安|1年经验|本科|招若干人|04-30发布,五险一金|员工旅游|通讯补贴|专业培训|绩效奖金|年终奖金|定期体检|节日福利|免费班车|交通补贴
系统集成测试工程师,西安兴汇电力科技有限公司,0.6-1.5万/月,西安|1年经验|本科|招若干人|04-30发布|英语良好|计算机科学与技术,五险一金|补充医疗保险|通讯补贴|专业培训|绩效奖金|年终奖金|定期体检|交通补贴
电力系统工程师,西安兴汇电力科技有限公司,0.6-1.2万/月,西安|2年经验|招若干人|04-30发布,五险一金|员工旅游|通讯补贴|专业培训|绩效奖金|年终奖金|股票期权|定期体检|免费班车|交通补贴
Java开发工程师（驻场）,西安兴汇电力科技有限公司,0.8-1万/月,西安|2年经验|本科|招1人|04-30发布,五险一金|补充医疗保险|餐饮补贴|通讯补贴|专业培训|绩效奖金|年终奖金|定期体检|交通补贴
消防工程师,陕西坤同半导体科技有限公司,4-8千/月,咸阳|3-4年经验|本科|招2人|04-30发布|英语一般,
资安网络资深工程师,陕西坤同半导体科技有限公司,0.8-1.2万/月,咸阳|5-7年经验|本科|招1人|04-30发布,
品牌策划,西安市雅特展览有限公司,4.5-6千/月,西安|2年经验|大专|招2人|04-30发布|新闻学 汉语言文学,节日福利|五险|绩效奖金|周末双休
售后技术支持工程师,西安栎安科技有限公司,4-8千/月,西安-雁塔区|无工作经验|招2人|04-30发布,五险一金|交通补贴|通讯补贴|绩效奖金|年终奖金|弹性工作|员工旅游|周末双休
(懂日语优先)软件开发工程师,艾宾信息技术开发（西安）有限公司,0.7-1.4万/月,西安|3-4年经验|本科|招5人|04-30发布|日语一般 英语一般,五险一金|员工旅游|出国机会|专业培训|餐饮补贴|年终奖金|弹性工作
Hadoop开发工程师,南京烽火星空通信发展有限公司,1.5-2.5万/月,西安-高新技术产业开发区|无工作经验|本科|招若干人|04-30发布,五险一金|定期体检
大数据工程师,南京烽火星空通信发展有限公司,1.5-2.5万/月,西安-高新技术产业开发区|无工作经验|招4人|04-30发布,五险一金|补充医疗保险|员工旅游|交通补贴|绩效奖金|年终奖金|餐饮补贴|定期体检
大数据运营部 经理,南京烽火星空通信发展有限公司,1-2万/月,西安-高新技术产业开发区|3-4年经验|本科|招1人|04-30发布,五险一金|补充医疗保险|绩效奖金|年底双薪
大数据开发工程师,郑州万书信息技术有限公司,1.5-2.5万/月,西安-雁塔区|无工作经验|招2人|04-30发布,五险一金|年终奖金|绩效奖金
数据库管理工程师,远光软件股份有限公司,0.6-1万/月,西安-新城区|2年经验|本科|招2人|04-30发布,五险一金|专业培训|定期体检|通讯补贴|餐饮补贴|绩效奖金|年终奖金
技术支持工程师（西安）,杭州数云信息技术有限公司西安分公司,6-8千/月,西安-高新技术产业开发区|1年经验|本科|招3人|05-02发布,
电子电气工程师助理(维护调试)0,西安兴泽融通信息科技有限公司,3-4.5千/月,西安-雁塔区|无工作经验|大专|招若干人|05-02发布,
4K网络管理员可实习+双休0,西安兴泽融通信息科技有限公司,3-4.5千/月,西安-雁塔区|无工作经验|大专|招3人|05-02发布,
通信工程师助理(有无经验均可)0,西安兴泽融通信息科技有限公司,3-4.5千/月,西安-雁塔区|无工作经验|大专|招10人|05-02发布,
流程专员,北京易盛泰和科技有限公司,4-6千/月,西安-雁塔区|无工作经验|本科|招1人|05-02发布,员工旅游|交通补贴|年终奖金|五险|双休|全勤奖
计算机及网络系统维护工程师,西安利通网络技术有限公司,3-4.5千/月,西安-高新技术产业开发区|2年经验|大专|招2人|05-03发布,五险一金|绩效奖金|员工旅游
软件技术支持工程师,西安点通软件信息技术有限公司,4-6千/月,西安-高新技术产业开发区|2年经验|本科|招1人|05-03发布,五险一金|专业培训|年终奖金|弹性工作|绩效奖金|股票期权|员工旅游
软件咨询顾问,西安点通软件信息技术有限公司,4-6千/月,西安-高新技术产业开发区|无工作经验|招1人|05-03发布,五险一金|专业培训|年终奖金|弹性工作|绩效奖金|股票期权|员工旅游
IT技术支持,西安点通软件信息技术有限公司,5-8千/月,西安-高新技术产业开发区|1年经验|本科|招2人|05-03发布,五险一金|专业培训|年终奖金|弹性工作|绩效奖金|员工旅游
售后技术支持,西安点通软件信息技术有限公司,5-8千/月,西安-高新技术产业开发区|无工作经验|招2人|05-03发布,五险一金|专业培训|年终奖金|弹性工作|绩效奖金|员工旅游
咨询顾问（实习）,西安点通软件信息技术有限公司,3-6千/月,西安-高新技术产业开发区|无工作经验|本科|招2人|05-03发布,五险一金|专业培训|年终奖金|弹性工作|绩效奖金|员工旅游
高级软件测试工程师（国企）,三门峡崤云信息服务股份有限公司,0.8-1.5万/月,三门峡|5-7年经验|本科|招7人|05-03发布,五险一金|年终奖金|定期体检|专业培训
中级软件测试工程师（国企）,三门峡崤云信息服务股份有限公司,5-8千/月,三门峡|3-4年经验|本科|招8人|05-03发布,五险一金|年终奖金|定期体检|专业培训
初级软件测试工程师（国企）,三门峡崤云信息服务股份有限公司,3-5千/月,三门峡|1年经验|本科|招8人|05-03发布,五险一金|年终奖金|定期体检|专业培训
软件开发JAVA/COBOL（日语）,大连滋德商务咨询有限公司,1.5-3万/月,大连|1年经验|大专|招10人|05-04发布|日语熟练,
SE，BSE，PG（日语）IT工程师,大连滋德商务咨询有限公司,1.5-3万/月,大连|1年经验|大专|招若干人|05-04发布|日语良好,
光伏电站技术总监,陕西巨光投资控股集团有限公司,0.7-1万/月,西安-高新技术产业开发区|5-7年经验|大专|招1人|05-04发布,五险一金|员工旅游|交通补贴|绩效奖金|专业培训|餐饮补贴|定期体检
技术中心助理,西安启望计算机系统工程有限责任公司,2-3千/月,西安|3-4年经验|大专|招1人|05-04发布,五险一金|通讯补贴|专业培训|绩效奖金|年终奖金|交通补贴
无线通信工程师+实习+岗前培训,西安卓远讯飞信息科技有限公司,3-4.5千/月,西安-碑林区|无工作经验|大专|招若干人|05-04发布,五险一金|带薪休假|公费旅游
Database Developer / SQL Dev.,HCL Technologies (Shanghai) Limited,1.5-2万/月,西安-高新技术产业开发区|2年经验|大专|招1人|05-04发布|英语良好,五险一金|补充医疗保险|通讯补贴|定期体检|弹性工作
无线LTE/Pre5G/5G 工具软件开发工程师,中兴通讯股份有限公司,1-1.5万/月,西安|1年经验|本科|招若干人|05-04发布,免费班车|员工旅游|交通补贴|五险一金|餐饮补贴|年终奖金|定期体检
产品实施工程师,东华软件股份公司,0.6-1.4万/月,西安|无工作经验|招若干人|05-05发布,
网络工程师,南京绛门信息科技股份有限公司,0.7-1.2万/月,西安|3-4年经验|本科|招1人|05-05发布,五险一金|免费班车|定期体检
高级商务经理(职位编号：01),西安网是科技发展有限公司,1-2万/月,西安|5-7年经验|本科|招6人|05-05发布|普通话良好|市场营销,五险一金|员工旅游|绩效奖金|年终奖金|定期体检|年底双薪|专业培训|父母孝心基金|家属关怀|节假日福利
项目管理工程师(职位编号：06),西安网是科技发展有限公司,1-2万/月,西安|5-7年经验|本科|招6人|05-05发布|普通话良好,五险一金|员工旅游|绩效奖金|年终奖金|定期体检|年底双薪|优秀项目奖|父母孝心基金|家属关怀|专业培训
技术总监,西安网是科技发展有限公司,1.5-2万/月,西安|8-9年经验|本科|招1人|05-05发布,五险一金|员工旅游|绩效奖金|年终奖金|定期体检|全勤奖|专业培训|年底双薪|父母孝心基金|家属关怀
数据库开发实习生（烟草业务线）,陕西摩天黑石教育科技有限公司,3-4.5千/月,西安-碑林区|无工作经验|本科|招3人|05-05发布,
资料开发工程师,陕西摩天黑石教育科技有限公司,4.5-6千/月,西安-碑林区|无工作经验|大专|招3人|05-05发布,
数据管理(算法类)(职位编号：uniview002182),浙江宇视科技有限公司,4-8千/月,西安-长安区|1年经验|本科|招若干人|05-05发布,五险一金|餐饮补贴|定期体检|绩效奖金|年终奖金|弹性工作|员工旅游|专业培训|通讯补贴
实施经理,北京神舟航天软件技术有限公司西安分公司,0.8-1.2万/月,西安-雁塔区|3-4年经验|本科|招1人|05-05发布,五险一金|餐饮补贴|年终奖金|绩效奖金|定期体检|弹性工作
Java架构师,上海科箭软件科技有限公司,1.5-2.5万/月,西安-雁塔区|无工作经验|本科|招若干人|05-05发布,五险一金|补充医疗保险|员工旅游|交通补贴|餐饮补贴|通讯补贴|专业培训|绩效奖金|定期体检
（某500强知名企业）Docker高级开发工程师,西安瀚特人力资源有限公司,1-1.5万/月,西安-高新技术产业开发区|3-4年经验|本科|招若干人|05-05发布,
（某500强知名企业）云业务经理,西安瀚特人力资源有限公司,1.5-2万/月,西安-高新技术产业开发区|无工作经验|招若干人|05-05发布,
WMS系统主任工程师（集团总部）(J11084),隆基绿能科技股份有限公司,2.5-3万/月,西安-经济技术开发区|8-9年经验|本科|招1人|05-05发布,五险一金|交通补贴|通讯补贴|年终奖金|带薪年假|节日福利|出差补贴|免费班车|餐饮补贴|500强
社区后勤,成都天符人瑞教育咨询有限公司,4-6千/月,西安-雁塔区|无工作经验|初中及以下|招10人|05-06发布,
软件架构师,亚创（上海）工程技术有限公司,1-1.5万/月,西安-高新技术产业开发区|无工作经验|招2人|05-06发布,五险一金|补充医疗保险|年终奖金|定期体检|带薪年假|节日福利|周末双休
技术支持/维护工程师,陕西博大系统信息技术有限公司,4.5-6千/月,西安|3-4年经验|大专|招1人|05-06发布,五险|交通补贴|员工旅游|绩效奖金|年终奖金|专业培训
技术支持/维护工程师(职位编号：3),陕西国博政通信息科技有限公司,3-5千/月,西安-高新技术产业开发区|2年经验|大专|招5人|05-06发布,五险一金|餐饮补贴|周末双休|生日节日福利|绩效奖金|年终奖金|专业培训
销售（应届毕业生）,东升耘智科技有限公司,3-4千/月,西安|无工作经验|本科|招若干人|05-06发布,五险一金|通讯补贴|员工旅游|定期体检|带薪年假|年终奖金|补充医疗保险|交通补贴|周末双休|丰厚提成
.Net应用高级维护工程师,哈尔滨敏典科技有限公司,1-3万/月,哈尔滨-道里区|2年经验|大专|招2人|05-06发布,员工旅游|通讯补贴|出国机会|绩效奖金|年终奖金|晋升空间大|老板人好|工作氛围很棒
前端H5研发工程师-WIFI,西安恪诚电子科技有限公司,1-1.5万/月,西安-雁塔区|3-4年经验|本科|招5人|05-06发布,五险一金|补充医疗保险|员工旅游|餐饮补贴|年终奖金|定期体检
系统集成工程师,西安恪诚电子科技有限公司,4.5-6千/月,西安-雁塔区|2年经验|本科|招2人|05-06发布|计算机科学与技术 计算机应用,五险一金|补充医疗保险|员工旅游|餐饮补贴|年终奖金|定期体检|周末双休|年假|每年调薪
大客户销售代表,上海蒙帕信息技术有限公司,4-8千/月,西安-雁塔区|1年经验|大专|招4人|05-06发布|计算机工程 计算机网络,员工旅游|交通补贴|餐饮补贴|通讯补贴|绩效奖金|年终奖金|六险一金
数据库工程师,上海蒙帕信息技术有限公司,5-8千/月,西安-雁塔区|2年经验|大专|招2人|05-06发布,员工旅游|交通补贴|餐饮补贴|通讯补贴|专业培训|绩效奖金|年终奖金|六险一金
系统工程师,上海蒙帕信息技术有限公司,4.5-6千/月,西安-高新技术产业开发区|1年经验|大专|招1人|05-06发布,五险一金|员工旅游|交通补贴|餐饮补贴|通讯补贴|专业培训|绩效奖金|年终奖金|定期体检
大数据组长,北京天源迪科信息技术有限公司,1.2-1.8万/月,西安-未央区|3-4年经验|本科|招1人|05-06发布,五险一金|专业培训|定期体检|过节福利|年底双薪|弹性工作|带薪年假|绩效奖金
社区推广专员就近分配,重庆人瑞人力资源服务有限公司,3-4.5千/月,西安-雁塔区|无工作经验|高中|招2人|05-06发布,做五休二|做一休一|周末双休|弹性工作|带薪年假|免费班车|包住宿|包吃|全勤奖|加班补贴
网络工程师（周至工作）,陕西沙河实业有限公司,4.5-6千/月,西安-周至县|3-4年经验|大专|招若干人|05-06发布,
集成方案工程师,西安玄黄通信技术有限公司,6-8千/月,西安-高新技术产业开发区|3-4年经验|本科|招2人|05-06发布|通信工程,
集成方案工程师,西安玄黄通信技术有限公司,6-8千/月,西安-高新技术产业开发区|3-4年经验|本科|招2人|05-06发布|通信工程,
环保管理系统工程师,陕西摩天黑石教育科技有限公司,4.5-6千/月,西安-碑林区|无工作经验|本科|招3人|05-06发布,
代码管理系统工程师助理,陕西摩天黑石教育科技有限公司,4.5-6千/月,西安-碑林区|无工作经验|本科|招3人|05-06发布,
网络安全工程师,陕西摩天黑石教育科技有限公司,4.5-6千/月,西安-碑林区|无工作经验|本科|招2人|05-06发布,
（天猫/京东）运营专员(职位编号：997),西安佳帮手日用品有限公司,10-15万/年,西安-灞桥区|2年经验|大专|招10人|05-06发布,年终奖金|团队活动|交通补贴|全勤奖|节日福利|定期体检|免费工作餐|免费宿舍
电商运营项目经理(职位编号：999),西安佳帮手日用品有限公司,30-60万/年,西安-灞桥区|无工作经验|招5人|05-06发布,全勤奖|节日福利|带薪年假|包住宿|交通补贴|免费工作餐|定期体检
人工智能算法应用专家,上扬软件有限公司,2-2.5万/月,西安-雁塔区|无工作经验|招若干人|05-06发布,五险一金|餐饮补贴|通讯补贴|专业培训|出国机会|年终奖金
建筑机电信息化管理产品专员,陕西汉鼎建筑装饰工程有限公司,4.5-6千/月,西安-碑林区|无工作经验|大专|招3人|05-06发布,
品牌专员（文案策划）双休,陕西汉鼎建筑装饰工程有限公司,3.5-6.5千/月,西安-碑林区|无工作经验|大专|招2人|05-06发布,
工程项目管理系统-需求分析师助理,陕西汉鼎建筑装饰工程有限公司,4.5-8.5千/月,西安-碑林区|无工作经验|大专|招3人|05-06发布,
ERP物资功能顾问/助理 双休,陕西汉鼎建筑装饰工程有限公司,4-8千/月,西安-碑林区|无工作经验|大专|招3人|05-06发布,
系统应用工程师（生产方向）,陕西汉鼎建筑装饰工程有限公司,4-8千/月,西安-碑林区|无工作经验|大专|招3人|05-06发布,
IT专员,西安运通博宝汽车销售服务有限公司,3-4.5千/月,西安|1年经验|大专|招1人|05-06发布,带薪年假|五险一金|专业培训|补充医疗保险|周末双休|节日福利|绩效奖金
维护工程师,北京摩卡软件有限公司,4.5-6千/月,西安-雁塔区|1年经验|本科|招1人|05-06发布|计算机科学与技术 软件工程,五险一金|补充医疗保险|通讯补贴|弹性工作|定期体检
ERP实施顾问/实施顾问/实施工程师/项目实施,明源软件西安公司,0.5-1万/月,西安-未央区|无工作经验|本科|招3人|05-06发布,五险一金|员工旅游|交通补贴|专业培训|绩效奖金|年终奖金|定期体检|周末双休
区域销售经理,西安交大捷普网络科技有限公司,1-1.5万/月,济南|3-4年经验|大专|招3人|05-06发布,五险一金|员工旅游|年终奖金
java（界面）开发工程师,西安交大捷普网络科技有限公司,1-1.5万/月,西安-高新技术产业开发区|2年经验|本科|招5人|05-06发布,
销售经理,西安交大捷普网络科技有限公司,0.8-1万/月,西安|5-7年经验|招若干人|05-06发布,五险一金|员工旅游|交通补贴|出国机会|绩效奖金|专业培训
产品经理,西安和硕物流科技有限公司,0.8-1.2万/月,西安|无工作经验|招1人|05-06发布,员工旅游|专业培训|绩效奖金|社保|朝九晚五|股权|年终奖金
技术负责人(正信电气),西安西驰电气股份有限公司,6-8千/月,西安-高新技术产业开发区|无工作经验|招2人|05-06发布,五险一金|免费班车|交通补贴|通讯补贴|绩效奖金|年终奖金|节假日福利
销售经理（正信电气）,西安西驰电气股份有限公司,6-8千/月,西安-高新技术产业开发区|无工作经验|招2人|05-06发布,五险一金|免费班车|交通补贴|通讯补贴|绩效奖金|年终奖金|节假日福利
工程调试,西安西瑞控制技术股份有限公司,4.5-6千/月,西安|无工作经验|大专|招15人|05-06发布|电气工程及其自动化 电气信息工程,五险一金|补充医疗保险|餐饮补贴|专业培训|绩效奖金|年终奖金|定期体检|交通补贴
一二次调试,西安西瑞控制技术股份有限公司,4.5-6千/月,西安|2年经验|大专|招15人|05-06发布|电气工程及其自动化 电气信息工程,五险一金|餐饮补贴|专业培训|绩效奖金|年终奖金|定期体检
继电保护调试,西安西瑞控制技术股份有限公司,4.5-6千/月,西安|1年经验|大专|招10人|05-06发布|电气工程及其自动化 电气信息工程,五险一金|餐饮补贴|专业培训|绩效奖金|年终奖金|定期体检
PLM（研发）系统主任工程师（集团总部）(J11090),隆基绿能科技股份有限公司,2.5-3万/月,西安-经济技术开发区|8-9年经验|本科|招1人|05-05发布,五险一金|交通补贴|通讯补贴|年终奖金|带薪年假|节日福利|出差补贴|免费班车|餐饮补贴|500强
财务系统（Oracle ebs）主任工程师(J11048),隆基绿能科技股份有限公司,1.7-3万/月,西安-经济技术开发区|5-7年经验|本科|招1人|05-05发布,五险一金|交通补贴|通讯补贴|年终奖金|带薪年假|节日福利|出差补贴|免费班车|餐饮补贴|500强
大数据主任工程师（集团总部）(J11069),隆基绿能科技股份有限公司,2.2-2.8万/月,西安-经济技术开发区|8-9年经验|本科|招1人|05-05发布,五险一金|交通补贴|通讯补贴|年终奖金|带薪年假|节日福利|出差补贴|免费班车|餐饮补贴|500强
PDM/CAPP/CAD/项目人员,陕西建工金牛集团股份有限公司,3-4.5千/月,西安-西咸新区|无工作经验|本科|招1人|05-05发布,五险一金|补充医疗保险|交通补贴|餐饮补贴|专业培训
ERP/OA项目人员,陕西建工金牛集团股份有限公司,3-4.5千/月,西安-西咸新区|3-4年经验|本科|招1人|05-05发布,周末双休|带薪年假|五险一金|包住宿|交通补贴|餐饮补贴|高温补贴
大数据开发工程师（数据仓库方向）,北京易玖生态环境有限公司,2-3万/月,临汾|3-4年经验|本科|招2人|05-05发布,五险一金|弹性工作|餐饮补贴|交通补贴|绩效奖金|定期体检
技术支持工程师(云服务）,上海特朗思大宇宙信息技术服务有限公司西安分公司,6-8千/月,西安-高新技术产业开发区|2年经验|大专|招10人|05-05发布,做五休二|弹性工作|带薪年假|交通补贴|专业培训|节日福利|全勤奖|绩效奖金|五险一金|加班补贴
资深服务支持工程师（云服务）,上海特朗思大宇宙信息技术服务有限公司西安分公司,6-8千/月,西安-高新技术产业开发区|3-4年经验|大专|招10人|05-05发布,做五休二|弹性工作|带薪年假|交通补贴|专业培训|节日福利|全勤奖|绩效奖金|五险一金|加班补贴
资深技术支持工程师（云服务）,上海特朗思大宇宙信息技术服务有限公司西安分公司,6-8千/月,西安-高新技术产业开发区|3-4年经验|大专|招10人|05-05发布,做五休二|弹性工作|带薪年假|交通补贴|专业培训|节日福利|全勤奖|绩效奖金|五险一金|加班补贴
专家--服务支持工程师（云服务）,上海特朗思大宇宙信息技术服务有限公司西安分公司,0.8-1万/月,西安-高新技术产业开发区|5-7年经验|大专|招5人|05-05发布,做五休二|弹性工作|带薪年假|交通补贴|专业培训|节日福利|全勤奖|绩效奖金|五险一金|加班补贴
专家--技术支持工程师（云服务）,上海特朗思大宇宙信息技术服务有限公司西安分公司,0.8-1万/月,西安-高新技术产业开发区|5-7年经验|大专|招10人|05-05发布,做五休二|弹性工作|带薪年假|交通补贴|专业培训|节日福利|全勤奖|绩效奖金|五险一金|加班补贴
技术支持团队TL（云服务）,上海特朗思大宇宙信息技术服务有限公司西安分公司,6-8千/月,西安-高新技术产业开发区|3-4年经验|大专|招5人|05-05发布,做五休二|弹性工作|带薪年假|交通补贴|专业培训|节日福利|全勤奖|绩效奖金|五险一金|加班补贴
云方向业务部门_大数据平台研究高级工程师,北京思特奇信息技术股份有限公司陕西分公司,1-1.5万/月,西安|无工作经验|本科|招1人|05-05发布,五险一金|补充医疗保险|员工旅游|交通补贴|餐饮补贴|通讯补贴|专业培训|绩效奖金|定期体检|弹性工作
DevOps,上海云首信息科技有限公司,1.2-1.6万/月,西安-雁塔区|3-4年经验|本科|招2人|05-05发布,五险一金|补充医疗保险|员工旅游|绩效奖金|弹性工作|定期体检
平台维护工程师,汇纳科技股份有限公司,4-6千/月,西安|无工作经验|大专|招若干人|05-05发布,
驻场工程师,汇纳科技股份有限公司,3-4千/月,西安|无工作经验|大专|招2人|05-05发布,
驻场工程师,汇纳科技股份有限公司,3-4千/月,西安|无工作经验|大专|招1人|05-05发布,
hadoop开发工程师,汇纳科技股份有限公司,1-1.5万/月,西安|3-4年经验|本科|招1人|05-05发布,五险一金|交通补贴|餐饮补贴|绩效奖金|股票期权|定期体检|节日福利|带薪年假
软件开发工程师,力成半导体（西安）有限公司,,西安|3-4年经验|本科|招若干人|05-05发布|英语良好,五险一金|补充医疗保险|免费班车|定期体检|年终奖金|员工旅游|专业培训|绩效奖金
Web开发工程师（西安）(职位编号：ZY),绿盟科技,0.8-1.5万/月,西安|2年经验|本科|招若干人|05-05发布,五险一金|员工旅游|餐饮补贴|通讯补贴|绩效奖金|年终奖金|股票期权|弹性工作|定期体检|补充医疗保险
Web安全SaaS服务研发(J11624),绿盟科技,1-1.8万/月,西安-高新技术产业开发区|1年经验|本科|招若干人|05-05发布,五险一金|补充医疗保险|员工旅游|餐饮补贴|专业培训|绩效奖金|年终奖金|弹性工作|定期体检
工控安全研究员(J11690),绿盟科技,1.3-2万/月,西安-高新技术产业开发区|2年经验|本科|招若干人|05-05发布,五险一金|补充医疗保险|员工旅游|餐饮补贴|专业培训|绩效奖金|年终奖金|弹性工作|定期体检
web前端工程师（西安工控团队）(J10384),绿盟科技,1-1.8万/月,西安-高新技术产业开发区|3-4年经验|本科|招若干人|05-05发布,五险一金|补充医疗保险|员工旅游|餐饮补贴|专业培训|绩效奖金|年终奖金|弹性工作|定期体检
新媒体运营岗,陕西长银消费金融有限公司,6-8千/月,西安|2年经验|本科|招若干人|05-05发布,做五休二|周末双休|带薪年假|五险一金|节日福利|交通补贴|餐饮补贴|通讯补贴|高温补贴|补充医疗保险
平台架构师,陕西长银消费金融有限公司,,西安|8-9年经验|本科|招若干人|05-05发布,做五休二|周末双休|带薪年假|五险一金|节日福利|交通补贴|餐饮补贴|通讯补贴|高温补贴|补充医疗保险
核算开发岗,陕西长银消费金融有限公司,,西安|3-4年经验|本科|招若干人|05-05发布,做五休二|周末双休|带薪年假|五险一金|节日福利|交通补贴|餐饮补贴|通讯补贴|高温补贴|补充医疗保险
项目管理岗,陕西长银消费金融有限公司,,西安|3-4年经验|本科|招若干人|05-05发布,做五休二|周末双休|带薪年假|五险一金|节日福利|交通补贴|餐饮补贴|通讯补贴|高温补贴|补充医疗保险
IT流程管理岗,陕西长银消费金融有限公司,,西安|3-4年经验|本科|招若干人|05-05发布,做五休二|周末双休|带薪年假|五险一金|节日福利|交通补贴|餐饮补贴|通讯补贴|高温补贴|补充医疗保险
开源数据库管理岗,陕西长银消费金融有限公司,,西安|3-4年经验|本科|招若干人|05-05发布,做五休二|周末双休|带薪年假|五险一金|节日福利|交通补贴|餐饮补贴|通讯补贴|高温补贴|补充医疗保险
中间件管理岗,陕西长银消费金融有限公司,,西安|3-4年经验|本科|招若干人|05-05发布,做五休二|周末双休|带薪年假|五险一金|节日福利|交通补贴|餐饮补贴|通讯补贴|高温补贴|补充医疗保险
云平台系统管理岗,陕西长银消费金融有限公司,,西安|3-4年经验|本科|招若干人|05-05发布,做五休二|周末双休|带薪年假|五险一金|节日福利|交通补贴|餐饮补贴|通讯补贴|高温补贴|补充医疗保险
LES&SRM应用支持,宝鸡吉利发动机零部件有限公司,4-8千/月,宝鸡|1年经验|本科|招1人|05-06发布,五险一金|餐饮补贴|通讯补贴|专业培训|年终奖金|定期体检|节日福利
ERP应用支持-SAP,宝鸡吉利发动机零部件有限公司,4-8千/月,宝鸡|无工作经验|招若干人|05-06发布,
银泰商业-财务AP中心高级经理(职位编号：GP535516),阿里巴巴集团,,西安|5-7年经验|本科|招1人|05-06发布,
项目经理,神州数码信息服务股份有限公司,0.7-1万/月,西安-雁塔区|无工作经验|大专|招若干人|05-06发布,餐饮补贴|通讯补贴|绩效奖金|定期体检|交通补贴|五险一金|年终奖金
助理项目经理/西安,深圳市前海亿车科技有限公司,0.5-1万/月,西安|2年经验|本科|招1人|05-06发布,周末双休|弹性工作|带薪年假|五险一金|绩效奖金|专业培训|年度调薪|免费下午茶
ERP实施顾问,陕西锐力信息技术有限公司,4.5-6千/月,西安-高新技术产业开发区|2年经验|大专|招3人|05-06发布,
自媒体策划专员,陕西巨子生物技术有限公司,3-5千/月,西安-高新技术产业开发区|3-4年经验|大专|招1人|05-06发布|艺术设计,五险一金|免费班车|餐饮补贴|年终奖金|员工旅游|绩效奖金|专业培训
.net工程师,东华软件股份公司,0.4-1万/月,西安|2年经验|本科|招10人|05-06发布,
项目经理（实施）,陕西惠宾电子科技有限公司,4.5-6千/月,西安-碑林区|3-4年经验|本科|招2人|05-06发布,五险一金|补充医疗保险|员工旅游|专业培训
后期制作制作经理,陕西惠宾电子科技有限公司,4.5-6千/月,西安-碑林区|2年经验|本科|招1人|05-06发布|英语,五险一金|专业培训|双休
网络工程师,陕西惠宾电子科技有限公司,4.5-6千/月,西安-碑林区|无工作经验|招1人|05-06发布,做五休二|节日福利|绩效奖金|节假日休|定期培训|晋升机会
产品实施工程师,东华软件股份公司,0.6-1.4万/月,西安|无工作经验|大专|招若干人|05-06发布,
解决方案工程师,东华软件股份公司,0.8-1.4万/月,西安|1年经验|本科|招若干人|05-06发布,
项目经理,东华软件股份公司,,西安|5-7年经验|大专|招2人|05-06发布,
项目经理,东华软件股份公司,,西安|5-7年经验|大专|招3人|05-06发布,
信息化系统研发副主任工程师（西安/清洁能源）,隆基绿能科技股份有限公司,0.8-1万/月,西安-未央区|5-7年经验|本科|招若干人|05-06发布,周末双休|弹性工作|带薪年假|五险一金|包吃|免费班车|绩效奖金|全勤奖|节日福利|交通补贴
IT管理员,西安奇维科技有限公司,6-8千/月,西安-高新技术产业开发区|无工作经验|本科|招1人|05-06发布,周末双休|带薪年假|五险一金|节日福利|餐饮补贴|年终奖金
网络工程师,华羿微电子股份有限公司,4.5-6千/月,西安|2年经验|大专|招2人|05-06发布|计算机网络,餐饮补贴|员工旅游|绩效奖金|年终奖金|专业培训|五险一金
通信工程师助理(有无经验均可)1,西安兴泽融通信息科技有限公司,3-4.5千/月,西安-雁塔区|无工作经验|大专|招10人|05-06发布,
4K网络管理员可实习+双休1,西安兴泽融通信息科技有限公司,3-4.5千/月,西安-雁塔区|无工作经验|大专|招3人|05-06发布,
仓库管理员,陕西运维电力股份有限公司,3-4.5千/月,西安|无工作经验|大专|招1人|04-24发布,周末双休|五险一金|弹性工作|节日福利|交通补贴|餐饮补贴|住房补贴|通讯补贴
暖通设计工程师,陕西运维电力股份有限公司,0.5-1万/月,西安|3-4年经验|本科|招2人|05-06发布,
材料工程师,陕西运维电力股份有限公司,6-8千/月,西安|2年经验|硕士|招2人|05-06发布,员工旅游|交通补贴|年终奖金|专业培训|通讯补贴|餐饮补贴|五险一金|绩效奖金|定期体检
高级咖啡师,陕西运维电力股份有限公司,3-4.5千/月,西安|无工作经验|大专|招1人|05-06发布,五险一金|员工旅游|交通补贴|年终奖金|专业培训|通讯补贴|餐饮补贴
暖通系统自控设计工程师,陕西运维电力股份有限公司,6-8千/月,西安|5-7年经验|本科|招1人|05-06发布,五险一金|员工旅游|交通补贴|年终奖金|专业培训|通讯补贴|餐饮补贴
销售工程师,陕西运维电力股份有限公司,4.5-6千/月,西安|无工作经验|招5人|05-06发布,五险一金|员工旅游|交通补贴|年终奖金|专业培训|通讯补贴|餐饮补贴
英语培训师,陕西运维电力股份有限公司,6-8千/月,西安|无工作经验|招1人|05-06发布,五险一金|员工旅游|交通补贴|年终奖金|专业培训|通讯补贴|餐饮补贴
客服主管,陕西运维电力股份有限公司,3-4.5千/月,西安|无工作经验|招1人|05-06发布,五险一金|员工旅游|交通补贴|年终奖金|专业培训|通讯补贴|餐饮补贴
呼叫中心客服,陕西运维电力股份有限公司,3-4.5千/月,西安|无工作经验|高中|招60人|05-06发布,五险一金|员工旅游|年终奖金|专业培训|岗位津贴|节日福利|高温补贴|带薪年假
锅炉技术员,陕西运维电力股份有限公司,4-5万/年,西安|无工作经验|招20人|05-06发布,五险一金|员工旅游|年终奖金|专业培训|岗位津贴|节日福利|高温补贴|带薪年假
电气技术员,陕西运维电力股份有限公司,4-5万/年,西安|无工作经验|招若干人|05-06发布,五险一金|员工旅游|年终奖金|专业培训|岗位津贴|节日福利|高温补贴|带薪年假
汽机技术员,陕西运维电力股份有限公司,4-5万/年,西安|无工作经验|招若干人|05-06发布,五险一金|员工旅游|年终奖金|专业培训|岗位津贴|节日福利|高温补贴|带薪年假
热控技术员,陕西运维电力股份有限公司,4-5万/年,西安|无工作经验|招若干人|05-06发布,五险一金|员工旅游|年终奖金|专业培训|岗位津贴|节日福利|高温补贴|带薪年假
英语翻译,陕西运维电力股份有限公司,6-8千/月,西安|无工作经验|招10人|05-06发布,五险一金|员工旅游|交通补贴|年终奖金|专业培训|通讯补贴|餐饮补贴
餐厅服务员,陕西运维电力股份有限公司,2-3千/月,西安|无工作经验|高中|招若干人|05-06发布,包住宿|包吃|专业培训|做一休一|六险一金
换热设计研发工程师,陕西运维电力股份有限公司,6-8千/月,西安|1年经验|硕士|招2人|05-06发布,五险一金|员工旅游|交通补贴|年终奖金|专业培训|通讯补贴|餐饮补贴
销售代表（欢迎应届及往届毕业生）,陕西运维电力股份有限公司,3-4.5千/月,西安|2年经验|大专|招3人|05-06发布|建筑环境与设备工程 供热通风与空调工程,五险一金|员工旅游|交通补贴|年终奖金|专业培训|通讯补贴|餐饮补贴
酒店营销总监,陕西运维电力股份有限公司,6-8千/月,西安|无工作经验|招1人|05-06发布,五险一金|员工旅游|交通补贴|年终奖金|专业培训|通讯补贴|餐饮补贴
工程预算管理员,陕西运维电力股份有限公司,3-4.5千/月,西安|无工作经验|招1人|05-06发布,五险一金|员工旅游|交通补贴|年终奖金|专业培训|通讯补贴|餐饮补贴
经营管理员（应届生）,陕西运维电力股份有限公司,3-4.5千/月,西安|无工作经验|招1人|05-06发布,五险一金|员工旅游|交通补贴|年终奖金|专业培训|通讯补贴|餐饮补贴
呼叫中心质检岗,陕西运维电力股份有限公司,3-4.5千/月,西安|1年经验|中专|招1人|05-06发布,五险一金|员工旅游|交通补贴|年终奖金|专业培训|通讯补贴|餐饮补贴
咖啡店长,陕西运维电力股份有限公司,4.5-6千/月,西安|无工作经验|招1人|05-06发布,员工旅游|交通补贴|年终奖金|专业培训|通讯补贴|餐饮补贴|五险一金|绩效奖金|定期体检
服务器运维工程师,陕西省君凯电子科技有限公司,0.5-1万/月,西安|3-4年经验|本科|招2人|03-08发布,五险一金|专业培训|交通补贴|餐饮补贴|通讯补贴|绩效奖金
运维工程师,广州中爆数字信息科技股份有限公司,6-8千/月,西安-高新技术产业开发区|3-4年经验|本科|招1人|03-13发布,五险一金|定期体检|绩效奖金|年终奖金
运维工程师,西安远眺网络科技有限公司,6-8千/月,西安-高新技术产业开发区|无工作经验|本科|招若干人|03-16发布,五险一金|交通补贴|通讯补贴|定期体检|绩效奖金|年终奖金|早餐奶、水果
运维工程师,西安安谷运合软件技术有限公司,0.8-1万/月,西安-高新技术产业开发区|无工作经验|大专|招若干人|03-18发布,五险一金|专业培训|弹性工作|交通补贴|绩效奖金|通讯补贴|餐饮补贴
系统运维工程师,陕西天行健车联网信息技术有限公司,4-8千/月,西安-经济技术开发区|3-4年经验|本科|招1人|03-18发布,
系统运维工程师,环迅通科技（北京）有限公司,1-1.5万/月,深圳-南山区|3-4年经验|大专|招3人|03-19发布|英语良好|计算机科学与技术 计算机网络,五险一金|交通补贴|餐饮补贴|通讯补贴|出国机会
运维事业部总经理,西安同信力创项目管理咨询有限公司,6-8千/月,西安|3-4年经验|大专|招1人|03-21发布,五险一金|定期体检|员工旅游|通讯补贴|交通补贴|年终奖金|绩效奖金
运维工程师,西安普天通信有限公司,6-9千/月,西安-国家民用航天产业基地|1年经验|大专|招2人|03-21发布,周末双休|五险一金|绩效奖金|交通补贴|节日福利|餐饮补贴|高温补贴|专业培训|定期体检|年终奖金
系统运维工程师,西安栢丽商业管理有限公司,4-4.5千/月,西安-长安区|3-4年经验|大专|招1人|03-25发布,五险一金|补充医疗保险|员工旅游|餐饮补贴|绩效奖金|专业培训|定期体检
BJ-运维工程师,深圳市博安达信息技术股份有限公司,4-6千/月,西安-雁塔区|无工作经验|招1人|03-29发布,五险一金|绩效奖金|年终奖金|十四薪|全勤奖
HJJCE- 运维工程师,深圳市博安达信息技术股份有限公司,4-6千/月,西安-高新技术产业开发区|无工作经验|招1人|03-29发布,五险一金|绩效奖金|年终奖金|十四薪|全勤奖
运维工程师,中国电信集团系统集成有限责任公司西安区域中心,4-7千/月,西安|2年经验|本科|招10人|04-03发布,
数据中心初级运维工程师,中国电信集团系统集成有限责任公司西安区域中心,4-6千/月,西安-高新技术产业开发区|2年经验|大专|招8人|04-03发布,五险一金|年终奖金|交通补贴|餐饮补贴|通讯补贴|定期体检
数据中心服务器存储运维工程师,中国电信集团系统集成有限责任公司西安区域中心,0.6-1万/月,西安-高新技术产业开发区|无工作经验|招5人|04-03发布,五险一金|年终奖金|交通补贴|餐饮补贴|通讯补贴|定期体检
系统运维,北京裕翔创力科技有限责任公司,0.8-1.1万/月,西安-雁塔区|3-4年经验|招若干人|04-04发布,五险一金|带薪年假|周末双休|专业培训|加班补贴
SAP运维,上海汉得信息技术股份有限公司,1-1.8万/月,西安-雁塔区|无工作经验|招2人|04-08发布,五险一金|补充医疗保险|补充公积金|通讯补贴|定期体检|年终奖金|员工旅游
运维专员（Linux、呼叫中心）,西安优音通信有限公司,3-4.5千/月,西安-未央区|无工作经验|大专|招2人|04-09发布,五险一金|餐饮补贴|专业培训|出国机会|绩效奖金|年终奖金|员工旅游
运维工程师/实习生 双休+五险一金,西安卓睿信息技术有限公司,4.5-6千/月,西安|无工作经验|大专|招6人|04-10发布,五险一金|补充医疗保险|补充公积金|免费班车|员工旅游|交通补贴|绩效奖金
IT运维初级实施工程师/实习生/助理（双休+4k-6k）,西安卓睿信息技术有限公司,4.5-6千/月,西安-碑林区|无工作经验|大专|招6人|04-10发布,五险一金|补充医疗保险|补充公积金|免费班车|员工旅游|交通补贴|绩效奖金
物联网运维实习生/应届生 五险一金+双休,西安卓睿信息技术有限公司,6-8千/月,西安-碑林区|无工作经验|大专|招5人|04-10发布,五险一金|补充医疗保险|补充公积金|免费班车|员工旅游|交通补贴|绩效奖金
运维及数据分析工程师实习生,西安卓睿信息技术有限公司,3-4.5千/月,西安-碑林区|无工作经验|大专|招3人|04-10发布,五险一金|补充医疗保险|补充公积金|免费班车|员工旅游|交通补贴|绩效奖金
网络运维工程师,神州数码系统集成服务有限公司西安分公司,1-1.5万/月,西安|无工作经验|招1人|04-10发布,周末双休|弹性工作|五险一金|节日福利|专业培训
软件开发主管,华羿微电子股份有限公司,0.8-1万/月,西安-未央区|无工作经验|本科|招1人|05-06发布,
系统服务器管理员（双休+五险一金）,华羿微电子股份有限公司,4.5-6千/月,西安-未央区|3-4年经验|大专|招1人|05-06发布|计算机科学与技术 计算机信息管理,五险一金|餐饮补贴|员工旅游|13薪
数据库管理员,华羿微电子股份有限公司,5-8千/月,西安-未央区|5-7年经验|大专|招1人|05-06发布|软件工程 计算机信息管理,五险一金|餐饮补贴|员工旅游
总监助理,西安博达软件股份有限公司,1-1.5万/月,西安-高新技术产业开发区|3-4年经验|本科|招1人|05-06发布|工商管理,五险一金|员工旅游|弹性工作|通讯补贴|定期体检|专业培训|绩效奖金|交通补贴|免费班车|餐饮补贴
通信技术员,西安英杰科技有限公司,4.5-6千/月,西安-高新技术产业开发区|无工作经验|大专|招1人|05-06发布,五险一金|周末双休|节日福利|每年多次调薪|弹性工作
通信技术员,新道共享服务中心,4.5-6千/月,西安-高新技术产业开发区|无工作经验|招1人|05-06发布,五险一金|员工旅游|年终奖金|节日福利|周末双休|弹性工作|带薪年假
网络工程师、技术研发工程师、IT项目经理,西安欧亚学院,4.5-6千/月,西安-雁塔区|2年经验|招3人|05-06发布,周末双休|五险一金|免费班车|绩效奖金|节日福利|专业培训|餐饮补贴|住房补贴
大数据开发工程师,郑州菏怀软件科技有限公司,1.5-2万/月,西安-雁塔区|3-4年经验|本科|招5人|05-06发布,五险一金|弹性工作|交通补贴|年终奖金|绩效奖金
网络工程师,北京中海讯通数码科技有限公司,3-6千/月,西安-经济技术开发区|无工作经验|招5人|05-06发布,五险一金|通讯补贴|专业培训|绩效奖金|年终奖金|定期体检
网络工程师,北京中海讯通数码科技有限公司,3-6千/月,西安-经济技术开发区|无工作经验|招2人|05-06发布,五险一金|通讯补贴|专业培训|绩效奖金|年终奖金|定期体检
软件实施工程师,陕西迪博佰通教育科技有限公司,4.5-6千/月,西安-雁塔区|无工作经验|大专|招3人|05-06发布,五险一金|员工旅游|通讯补贴|弹性工作|绩效奖金|年终奖金
技术工程师,陕西兆通利合数码有限公司,3-4.5千/月,西安|2年经验|大专|招2人|05-06发布|计算机科学与技术 电气信息工程,五险一金|绩效奖金|专业培训|补充医疗保险|员工旅游|通讯补贴
CATIA二次开发/CAA开发,上海安托信息技术有限公司,0.8-1.5万/月,西安|1年经验|本科|招2人|05-06发布,周末双休|带薪年假|五险一金|绩效奖金|专业培训|通讯补贴
电力工程项目经理,陕西加美实业有限公司,1-1.5万/月,西安|3-4年经验|招3人|05-06发布,五险一金|员工旅游|专业培训|年终奖金|绩效奖金|交通补贴
服务器工程师,华天科技（西安）有限公司,0.5-1万/月,西安-未央区|2年经验|本科|招2人|05-06发布,五险一金|员工旅游|餐饮补贴|通讯补贴|年终奖金|定期体检
运营总监,陕西淘丁实业集团有限公司,5-7千/月,西安-长安区|2年经验|本科|招1人|05-06发布,周末双休|带薪年假|五险一金|餐饮补贴
运营总监,陕西淘丁实业集团有限公司,5-7千/月,西安-长安区|2年经验|本科|招1人|05-06发布,周末双休|带薪年假|五险一金|餐饮补贴
IT系统工程师,中通服科信信息技术有限公司,4-8千/月,西安|无工作经验|大专|招2人|05-06发布,绩效奖金|通讯补贴|年终奖金|定期体检
高级系统工程师,西安国际医学中心有限公司,0.7-1.2万/月,西安|无工作经验|本科|招1人|05-06发布,五险一金|绩效奖金|年终奖金|定期体检|餐饮补贴|专业培训
网络通信技术工程师,陕西巨人商务信息咨询有限公司,6-8千/月,西安-雁塔区|无工作经验|招5人|05-06发布,
网络维护管理工程师,陕西巨人商务信息咨询有限公司,4.5-6千/月,西安-雁塔区|无工作经验|招3人|05-06发布,
大数据开发工程师,陕西巨人商务信息咨询有限公司,6-8千/月,西安-雁塔区|无工作经验|招5人|05-06发布,
通讯网站后台开发与维护方向,陕西巨人商务信息咨询有限公司,4.5-6千/月,西安-雁塔区|无工作经验|招3人|05-06发布,
诚聘文员3000+五险,西安乾优软件科技有限公司,3-4.5千/月,西安-未央区|1年经验|大专|招3人|05-06发布,弹性工作|五险一金|绩效奖金|节日福利|专业培训|交通补贴|高温补贴|通讯补贴|餐饮补贴|带薪年假
Devops开发工程师（Linux/Python/Docker）,上海安畅网络科技股份有限公司,1-2万/月,西安-雁塔区|3-4年经验|本科|招2人|05-06发布,五险一金|员工旅游|年终奖金|定期体检|节日福利|年休假|带薪病假
国企诚聘智能信息化专员,西安经发物业管理有限责任公司,3.5-5千/月,西安-未央区|无工作经验|本科|招1人|05-06发布,周末双休|带薪年假|五险一金|包吃|包住宿|绩效奖金|节日福利|高温补贴|取暖费|季度劳保
网络管理及桌面支持,西安华恒航电科技有限公司,6-8千/月,西安-雁塔区|2年经验|大专|招若干人|05-06发布|计算机科学与技术 计算机应用,五险一金|餐饮补贴|定期体检|带薪年假|通讯补贴
网络工程师,西安华恒航电科技有限公司,0.8-1万/月,西安-雁塔区|无工作经验|招若干人|05-06发布,五险一金|餐饮补贴|定期体检|带薪年假|通讯补贴
研发经理,陕西瑞迅电子信息技术有限公司,15-20万/年,西安-高新技术产业开发区|8-9年经验|本科|招1人|05-06发布|英语良好,五险一金|补充医疗保险|餐饮补贴|通讯补贴|绩效奖金|年终奖金|定期体检|免费班车|员工旅游
弱电设计工程师,西安利通网络技术有限公司,3.5-8千/月,西安-高新技术产业开发区|无工作经验|大专|招2人|05-06发布,年终奖金|弹性工作|专业培训
方案设计师,西安利通网络技术有限公司,4.5-6千/月,西安-高新技术产业开发区|3-4年经验|大专|招1人|05-06发布|计算机网络 建筑工程,五险一金|绩效奖金|员工旅游
功能顾问（西安）,润联软件系统（深圳）有限公司,,西安|无工作经验|本科|招若干人|05-06发布,
信息技术专员/系统工程师助理,西安兴泽融通信息科技有限公司,3-4.5千/月,西安-雁塔区|无工作经验|大专|招8人|05-06发布,
软件测试实习生 双休,陕西摩天黑石教育科技有限公司,4-6.5千/月,西安-碑林区|无工作经验|大专|招3人|05-06发布,
系统集成工程师,青岛首航电子有限公司,4.5-6千/月,西安|1年经验|大专|招2人|05-06发布,五险一金|交通补贴|绩效奖金|专业培训|弹性工作|通讯补贴|餐饮补贴|带薪年假
系统集成售后工程师,西安智联网络科技有限公司,4-6千/月,西安|无工作经验|招3人|05-06发布,五险一金|餐饮补贴|通讯补贴|专业培训|交通补贴
大数据研发工程师/架构师,北京空间畅想信息技术有限责任公司,1-2万/月,西安-高新技术产业开发区|无工作经验|大专|招5人|05-06发布,五险一金|绩效奖金|年终奖金|弹性工作
技术支持工程师,陕西盈创数据信息技术有限公司,6-8千/月,西安-高新技术产业开发区|无工作经验|招3人|05-06发布,员工旅游|通讯补贴|五险一金|交通补贴|年终奖金|绩效奖金
研发总监,陕西瑞迅电子信息技术有限公司,1.5-2万/月,西安-高新技术产业开发区|5-7年经验|本科|招1人|05-06发布,五险一金|补充医疗保险|免费班车|员工旅游|年终奖金|绩效奖金|通讯补贴|餐饮补贴|定期体检
系统维护员,西安大明宫实业集团,4-5千/月,西安|1年经验|大专|招1人|05-06发布,五险一金|包三餐|节日福利|定期体检|员工旅游|交通补贴
技术服务工程师（西安）,深圳坐标软件集团有限公司,3-4.5千/月,西安-未央区|无工作经验|大专|招5人|05-06发布,五险一金|补充医疗保险|绩效奖金|员工旅游|年终奖金|生日福利
产品经理（五险一金+双休+丰厚奖金）,深圳坐标软件集团有限公司,1-1.5万/月,西安-未央区|5-7年经验|本科|招2人|05-06发布,股票期权|五险一金|补充医疗保险|餐饮补贴|交通补贴|绩效奖金|年终奖金|专业培训
4K网络管理员可实习+双休,西安兴泽融通信息科技有限公司,3-4.5千/月,西安-雁塔区|无工作经验|大专|招3人|05-06发布,
通信工程师助理(有无经验均可),西安兴泽融通信息科技有限公司,3-4.5千/月,西安-雁塔区|无工作经验|大专|招10人|05-06发布,
急聘机械维修保养/助理+食宿,西安兴泽融通信息科技有限公司,3-4.5千/月,西安-雁塔区|无工作经验|大专|招5人|05-06发布,
合伙人,陕西荣森网络科技有限公司,1-1.5万/月,西安-雁塔区|5-7年经验|大专|招2人|05-06发布,员工旅游|周末双休|法定假日|年终奖金|绩效奖金|股票期权|餐饮补贴|出国机会
Linux系统工程师,中通服科信信息技术有限公司,4.5-6千/月,西安|无工作经验|招3人|05-06发布,绩效奖金|通讯补贴|年终奖金|定期体检
路网收费系统维护工程师/助理,陕西汉鼎建筑装饰工程有限公司,5.5-9.5千/月,西安-碑林区|无工作经验|大专|招3人|05-06发布,
研发运维工程师,西安恪诚电子科技有限公司,0.8-1万/月,西安-雁塔区|2年经验|本科|招5人|05-06发布|计算机科学与技术 计算机应用,五险一金|补充医疗保险|员工旅游|餐饮补贴|年终奖金|定期体检|周末双休|年假|每年调薪
管理系统/APP运维工程师,陕西全通实业集团有限公司,4.5-6千/月,西安-未央区|1年经验|大专|招1人|05-06发布,五险一金|专业培训|定期体检|绩效奖金
网络维护专员,陕西红顶名医堂药业有限公司,4.5-6千/月,西安-碑林区|无工作经验|招1人|03-19发布,五险一金|员工旅游|年终奖金|绩效奖金
微软CRM开发,西安华美海润软件工程有限公司,0.8-1.6万/月,西安|3-4年经验|本科|招2人|03-19发布|英语良好,五险一金|补充医疗保险|员工旅游|定期体检|弹性工作|绩效奖金|年终奖金|出国机会|专业培训|节日福利
.NET开发工程师,西安斯普德科技有限公司,4-8千/月,西安-莲湖区|无工作经验|招若干人|03-19发布,
产品经理（西安）,北京继教网教育科技发展有限公司,0.7-1.1万/月,西安-雁塔区|3-4年经验|本科|招1人|03-19发布,五险一金|补充医疗保险|交通补贴|餐饮补贴|通讯补贴|定期体检|弹性工作|年终奖金
MES实施项目经理,北京安控科技股份有限公司,1-2万/月,北京|5-7年经验|本科|招5人|03-19发布,五险一金|免费班车|餐饮补贴|绩效奖金|年终奖金|定期体检|员工旅游
IDC业务经理,陕西腾兮汇智企业管理有限公司,1.5-2万/月,西安-雁塔区|3-4年经验|本科|招1人|03-20发布|软件工程,五险一金
文案专员/文案编辑,汉中永杨医药科技发展股份有限公司,4-8千/月,西安-高新技术产业开发区|1年经验|大专|招3人|03-20发布,包吃包住
培训助理,积木家（原蘑菇装修）,3-6千/月,西安-未央区|1年经验|大专|招1人|03-21发布,专业培训|节日福利|绩效奖金|带薪年假
.NET项目经理,西安丝路智慧旅游科技有限公司,1-1.5万/月,西安-曲江文化新区|5-7年经验|本科|招1人|03-21发布|计算机科学与技术 软件工程,
网络维护（弱电维护）,陕西兴伦商贸有限公司,3-4.5千/月,西安-鄠邑区|1年经验|招1人|03-22发布,五险一金|绩效奖金|弹性工作|员工旅游
配电自动化运维专员,西安森宝电气工程有限公司,3-5千/月,西安-高新技术产业开发区|无工作经验|大专|招2人|04-15发布,五险一金|员工旅游|交通补贴|餐饮补贴|通讯补贴|年终奖金
电气运维工程师,西安森宝电气工程有限公司,4-6千/月,西安-高新技术产业开发区|无工作经验|招3人|04-15发布,五险一金|员工旅游|交通补贴|餐饮补贴|通讯补贴|年终奖金
电气运维抢修工人,西安森宝电气工程有限公司,3-5千/月,西安-高新技术产业开发区|无工作经验|招10人|04-15发布,五险一金|员工旅游|交通补贴|餐饮补贴|通讯补贴|年终奖金
WCS系统运维工程师,西安万兴服务外包有限责任公司,4-8千/月,西安-高新技术产业开发区|1年经验|本科|招3人|04-17发布,五险一金|免费班车|年终奖金|定期体检|餐饮补贴|专业培训|周末双休|带薪年假|包吃|做五休二
运维工程师,陕西星邑空间技术有限公司,1-1.5万/月,西安-雁塔区|5-7年经验|本科|招2人|04-19发布|英语熟练|计算机网络 计算机应用,五险一金|专业培训|绩效奖金|年终奖金|定期体检
驻场网络运维工程师,阳光雨露信息技术服务（北京）有限公司,6-8千/月,西安|无工作经验|大专|招1人|04-19发布,节日福利|定期体检|五险一金|通讯补贴
网络运维工程师,陕西朗正环保科技有限公司,0.6-1万/月,西安-高新技术产业开发区|无工作经验|招2人|04-19发布,交通补贴|餐饮补贴|通讯补贴|绩效奖金
金蝶运维,陕西佰美基因股份有限公司,4-6千/月,西安-西咸新区|1年经验|大专|招2人|04-19发布,五险一金|补充医疗保险|免费班车|交通补贴|餐饮补贴|绩效奖金
网络运维工程师,北京万维信达科技有限公司,4.5-6千/月,西安|1年经验|大专|招若干人|04-22发布,五险一金|带薪年假|周末双休
系统运维实施工程师,北京鸿果秋实科技有限公司,6-8千/月,西安|3-4年经验|大专|招2人|04-23发布,五险一金|专业培训|通讯补贴|餐饮补贴|交通补贴|绩效奖金|定期体检|员工旅游|年终奖金
数据库运维工程师（驻场）,北京鸿果秋实科技有限公司,1-1.5万/月,西安|3-4年经验|大专|招2人|04-23发布,五险一金|专业培训|通讯补贴|餐饮补贴|交通补贴|绩效奖金|定期体检|员工旅游|年终奖金
（驻场）数据库运维工程师,北京鸿果秋实科技有限公司,1-1.5万/月,西安|3-4年经验|大专|招3人|04-23发布,五险一金|专业培训|通讯补贴|餐饮补贴|交通补贴|绩效奖金|定期体检|员工旅游|年终奖金
EBS财务运维,上海汉得信息技术股份有限公司,15-21万/年,北京|无工作经验|大专|招5人|04-24发布,五险一金|餐饮补贴|定期体检|补充医疗保险|补充公积金|股票期权|年终奖金|专业培训|员工旅游
ORACLE高级技术运维顾问,上海汉得信息技术股份有限公司,13-24万/年,西安|无工作经验|招1人|04-24发布,五险一金|补充医疗保险|补充公积金|免费班车|员工旅游|股票期权|餐饮补贴|弹性工作|年终奖金
运维工程师（中级）,西安图迹信息科技有限公司,4.5-8千/月,西安-高新技术产业开发区|2年经验|大专|招2人|04-27发布,五险一金|补充医疗保险|员工旅游|定期体检|交通补贴|出差补贴
运维项目经理,每一天便利超市连锁有限公司信息中心研发部,0.8-1万/月,西安-碑林区|3-4年经验|大专|招1人|04-27发布,五险一金|员工旅游|专业培训|绩效奖金
高级运维工程师（辽宁）,西安交大捷普网络科技有限公司,0.6-1万/月,沈阳-和平区|3-4年经验|大专|招2人|04-27发布,五险一金|员工旅游|交通补贴|通讯补贴|绩效奖金
高级软件运维工程师,三门峡崤云信息服务股份有限公司,0.8-1.5万/月,三门峡|无工作经验|招若干人|04-29发布,五险一金|交通补贴|餐饮补贴|通讯补贴|专业培训|绩效奖金|年终奖金|股票期权|弹性工作
高级数据库运维人员,三门峡崤云信息服务股份有限公司,0.8-1.5万/月,三门峡|无工作经验|招1人|04-29发布,五险一金|交通补贴|餐饮补贴|通讯补贴|专业培训|绩效奖金|年终奖金|股票期权|弹性工作
安全运维售后技术支持,三门峡崤云安全服务有限公司,0.6-1.2万/月,三门峡|无工作经验|招1人|04-29发布,五险一金|年终奖金|专业培训
初级软件运维人员,三门峡崤云信息服务股份有限公司,3-6千/月,三门峡|无工作经验|招3人|04-29发布,五险一金|交通补贴|餐饮补贴|通讯补贴|专业培训|绩效奖金|年终奖金|股票期权|弹性工作
中级软件运维人员,三门峡崤云信息服务股份有限公司,5-8千/月,三门峡|无工作经验|招2人|04-29发布,五险一金|交通补贴|餐饮补贴|通讯补贴|专业培训|绩效奖金|年终奖金|股票期权|弹性工作
中级云平台运维工程师,三门峡崤云信息服务股份有限公司,4-8千/月,三门峡|无工作经验|招1人|04-29发布,五险一金|交通补贴|餐饮补贴|通讯补贴|专业培训|绩效奖金|年终奖金|股票期权|弹性工作
高级云平台运维工程师,三门峡崤云信息服务股份有限公司,0.8-1.5万/月,三门峡|无工作经验|招1人|04-29发布,五险一金|交通补贴|餐饮补贴|通讯补贴|专业培训|绩效奖金|年终奖金|股票期权|弹性工作
初级软件运维工程师,三门峡崤云信息服务股份有限公司,3-6千/月,三门峡|无工作经验|招1人|04-29发布,五险一金|交通补贴|餐饮补贴|通讯补贴|专业培训|绩效奖金|年终奖金|股票期权|弹性工作
运维工程师,三门峡崤云安全服务有限公司,4-8千/月,三门峡|无工作经验|招3人|04-29发布,五险一金|年终奖金|专业培训
初级软件运维人员,三门峡崤云信息服务股份有限公司,3-6千/月,三门峡|无工作经验|招3人|04-29发布,五险一金|交通补贴|餐饮补贴|通讯补贴|专业培训|绩效奖金|年终奖金|股票期权|弹性工作
中级软件运维人员,三门峡崤云信息服务股份有限公司,5-8千/月,三门峡|无工作经验|招2人|04-29发布,五险一金|交通补贴|餐饮补贴|通讯补贴|专业培训|绩效奖金|年终奖金|股票期权|弹性工作
运维开发工程师,三门峡崤云安全服务有限公司,0.5-1万/月,三门峡|无工作经验|招1人|04-29发布,五险一金|年终奖金|专业培训
嵌入式研发中级工程师（运维方向）,西安因联信息科技有限公司,0.7-1.5万/月,西安-高新技术产业开发区|无工作经验|招1人|04-29发布,五险一金|员工旅游|定期体检|交通补贴|餐饮补贴|节日福利|周末双休|弹性工作|年底双薪|全勤奖
嵌入式硬件运维工程师,西安因联信息科技有限公司,0.8-1.5万/月,西安|3-4年经验|大专|招1人|04-29发布|计算机科学与技术,五险一金|员工旅游|定期体检|弹性工作|餐饮补贴|交通补贴|节日福利|周末双休|年底双薪
平台运维工程师,西安因联信息科技有限公司,0.7-1.2万/月,西安-高新技术产业开发区|无工作经验|招1人|04-29发布,周末双休|带薪年假|五险一金|节日福利|全勤奖|年底双薪|年终奖金|每年调薪|定期体检|员工旅游
环境监测-自动监测站运维副经理,中节能（西安）监测技术有限公司,0.8-1.2万/月,西安|3-4年经验|本科|招1人|04-29发布|英语|环境工程 化学,五险一金|定期体检
高级运维工程师,中节能（西安）监测技术有限公司,5-6千/月,西安|3-4年经验|本科|招1人|04-29发布,五险一金|定期体检
运维技术专家,中节能（西安）监测技术有限公司,5-6千/月,西安|3-4年经验|本科|招1人|04-29发布|化学 环境工程,五险一金|定期体检
运维工程师,中节能（西安）监测技术有限公司,3-5千/月,西安|无工作经验|大专|招4人|04-29发布|机械电子工程/机电一体化 化学,五险一金|定期体检
机房运维工程师,西安天互通信有限公司,3-6千/月,西安|无工作经验|大专|招1人|04-30发布,绩效奖金|员工旅游|定期体检|年终奖金|专业培训
开发运维工程师,西安兴汇电力科技有限公司,6-8千/月,西安|2年经验|本科|招1人|04-30发布|计算机科学与技术 计算机科学,五险一金|通讯补贴|员工旅游|绩效奖金|年终奖金|股票期权|定期体检|专业培训
银行IT运维工程师（双休、五险一金）,阳光雨露信息技术服务（北京）有限公司,4-5千/月,西安|1年经验|大专|招2人|04-30发布,节日福利|定期体检|五险一金
IT运维工程师（地产行业，双休）,阳光雨露信息技术服务（北京）有限公司,4-5千/月,西安|1年经验|大专|招2人|04-30发布,节日福利|定期体检|五险一金
大数据运维工程师,南京烽火星空通信发展有限公司,5.5-8.5千/月,西安-高新技术产业开发区|1年经验|本科|招5人|04-30发布,补充医疗保险|五险一金|专业培训|餐饮补贴|年终奖金|交通补贴|员工旅游
电气设备运维调试技术员0,西安兴泽融通信息科技有限公司,3-4.5千/月,西安-雁塔区|无工作经验|大专|招若干人|05-02发布,
系统运维工程师/网站后台维护,陕西摩天黑石教育科技有限公司,4-6.5千/月,西安-碑林区|1年经验|大专|招2人|05-05发布,
机房运维服务人员,西安银信博锐信息科技有限公司,2-4千/月,西安|无工作经验|招1人|05-05发布,五险一金|年终奖金|通讯补贴|弹性工作
运维工程师,西安银信博锐信息科技有限公司,4.5-6千/月,西安|2年经验|本科|招若干人|05-05发布,周末双休|五险一金|高温补贴|节日福利|员工旅游
驻场桌面运维工程师,阳光雨露信息技术服务（北京）有限公司,6-8千/月,西安-莲湖区|无工作经验|招若干人|05-05发布,节日福利|定期体检|五险一金|通讯补贴
阿里巴巴银泰商业-网络运维-西安(职位编号：GP519803),阿里巴巴集团,,西安|3-4年经验|本科|招1人|05-06发布,
运维工程师,陕西惠宾电子科技有限公司,3-4.5千/月,西安-碑林区|无工作经验|招2人|05-06发布,做五休二|节日福利|绩效奖金|节假日休|定期培训|晋升机会
网站运维工程师,陕西惠宾电子科技有限公司,6-8千/月,西安-碑林区|3-4年经验|本科|招1人|05-06发布,做五休二|节日福利|绩效奖金|节假日休|定期培训|晋升机会
业务运维岗,西安恪诚电子科技有限公司,4.5-6千/月,西安-雁塔区|1年经验|本科|招1人|05-06发布|计算机科学 计算机网络,五险一金|补充医疗保险|员工旅游|餐饮补贴|年终奖金|定期体检|周末双休|年假|每年调薪
媒体管理主管,华润置地（西安）商业物业管理有限公司,8-10万/年,西安-未央区|3-4年经验|本科|招1人|03-24发布,带薪年假|五险一金|包吃|包住宿|绩效奖金|全勤奖|加班补贴
JAVA软件工程师,上海谷彦信息科技有限公司,0.8-1.2万/月,上海-浦东新区|3-4年经验|本科|招若干人|03-25发布,五险一金|周末双休|节日福利|带薪年休假
ERP软件实施和维护工程师,西安商通软件有限责任公司,3-8千/月,西安|1年经验|大专|招5人|03-25发布,员工旅游|年终奖金|定期体检|绩效奖金|五险一金
Web前端开发工程师,西安锦新生物科技有限公司,6-8千/月,西安|无工作经验|招2人|03-25发布,五险一金|员工旅游|交通补贴|通讯补贴|专业培训|绩效奖金|年终奖金|弹性工作|周末双休
产品经理,梵界信息技术（上海）股份有限公司西安分公司,0.7-1.1万/月,西安-碑林区|3-4年经验|本科|招1人|03-25发布,五险一金|周末双休|带薪年假|生日礼物|过节礼品
虚拟化云计算工程师,南京华苏科技有限公司西安分公司,1-1.5万/月,西安-高新技术产业开发区|无工作经验|招若干人|03-25发布,五险一金|定期体检|专业培训|通讯补贴
网络维护工程师,陕西千金药局医药集团有限公司,4.5-6千/月,西安|2年经验|招1人|03-26发布,专业培训|五险一金|餐饮补贴|员工旅游|股票期权|绩效奖金|年终奖金
java工程师,西安文化科技创业城股份有限公司,8-10万/年,西安-雁塔区|3-4年经验|本科|招1人|03-26发布,五险一金|专业培训|绩效奖金|定期体检|周末双休
销售经理,百e国际,10-15万/年,杭州-江干区|3-4年经验|大专|招1人|03-26发布,五险一金|补充医疗保险|员工旅游|专业培训|出国机会|绩效奖金|年终奖金|定期体检|16薪|双休
网络维护工程师,西安润基投资控股有限公司,4.5-6千/月,西安-碑林区|2年经验|本科|招1人|03-26发布,节日福利|五险一金|餐饮补贴|通讯补贴
软件开发软件测试工程师,沈阳亚诗达科技有限公司,0.6-1万/月,西安|无工作经验|招若干人|03-27发布,五险一金|员工旅游|交通补贴|通讯补贴|年终奖金
实施工程师(职位编号：01),西安吉检盛达信息技术有限公司,4.5-6千/月,西安-雁塔区|1年经验|大专|招20人|03-27发布,
日语客户经理 AM,DotC United Group,4-6千/月,西安-高新技术产业开发区|1年经验|本科|招2人|03-27发布|日语精通|日语,五险一金|弹性工作|定期体检|绩效奖金|年终奖金|补充医疗保险
服务器硬件开发工程师（EE）,华勤通讯技术有限公司,1-2万/月,西安-高新技术产业开发区|无工作经验|招5人|03-28发布,五险一金|员工旅游|交通补贴|餐饮补贴|专业培训|绩效奖金|定期体检|弹性工作
现场服务工程师,北京中普达技术有限公司,3.5-4.5千/月,西安-雁塔区|无工作经验|大专|招10人|03-29发布,通讯补贴|弹性工作|周末双休|带薪年假|节日福利
新媒体营销经理,陕西文化旅游股份有限公司,7-10万/年,西安-曲江文化新区|3-4年经验|本科|招1人|03-30发布,
系统维护工程师（西藏）,电讯盈科 西安,1-1.5万/月,西安|3-4年经验|大专|招1人|04-01发布,五险一金|定期体检|补充医疗保险|年终奖金
Java开发工程师,上海中城卫保安服务集团有限公司陕西分公司,6-8千/月,西安|3-4年经验|大专|招1人|04-02发布|英语良好|软件工程,五险一金|绩效奖金|餐饮补贴
Web开发工程师,西安世达通电子信息技术有限公司,6-8千/月,西安|2年经验|本科|招3人|04-02发布,
DevOps Engineer,印孚瑟斯技术（中国）有限公司,1-1.5万/月,西安-雁塔区|无工作经验|招若干人|04-02发布,
视频监控工程师,西安信意通科技有限公司,0.5-1万/月,西安|2年经验|大专|招20人|04-02发布|计算机网络 通信工程,五险一金|交通补贴|专业培训|通讯补贴|出国机会
空调工,某大型国有控股企业,3-4.5千/月,西安|无工作经验|招5人|04-02发布,五险一金|餐饮补贴|通讯补贴|专业培训|绩效奖金|交通补贴|弹性工作|定期体检|年终奖金
JS工程师,东方网力科技股份有限公司,1-2万/月,西安-高新技术产业开发区|3-4年经验|本科|招10人|04-02发布,五险一金|员工旅游|餐饮补贴|通讯补贴|股票期权|定期体检|专业培训|绩效奖金|年终奖金
售后技术支持工程师,湖南麒麟信安科技有限公司,6-8千/月,西安-高新技术产业开发区|无工作经验|招2人|04-02发布,周末双休|带薪年假|餐饮补贴|通讯补贴|绩效奖金|节日福利|免费体检|六险一金|员工健身房|员工活动基金
架构师、技术总监,西安神交科技有限公司,2-5万/月,西安-曲江文化新区|3-4年经验|本科|招若干人|04-03发布,带薪年假|五险一金|绩效奖金|节日福利|专业培训
维护工程师（室分技术员）,四川邮科通信技术有限公司,4-6千/月,成都-高新区|3-4年经验|大专|招2人|04-03发布|中文,周末双休|通讯补贴|绩效奖金|年终奖金|五险一金
ERP实施顾问(医疗行业）,北京东软望海科技有限公司,0.7-1.2万/月,陕西省|3-4年经验|本科|招10人|04-03发布,五险一金|员工旅游|餐饮补贴|专业培训|年终奖金|定期体检|周末双休
高级IT服务工程师（3k-6k）,陕西中海知易信息技术有限公司,3-4.5千/月,西安-雁塔区|1年经验|大专|招3人|04-03发布,绩效奖金|五险一金|专业培训|员工旅游|定期体检
项目施工员,银河电气有限公司,3-4.5千/月,西安|1年经验|中技|招10人|04-04发布,专业培训|绩效奖金|年终奖金|晋升渠道|免费班车|员工旅游|全勤奖|员工餐厅|工龄工资
Java开发工程师,西安瑞德宝尔建材有限公司,0.8-1万/月,西安-高新技术产业开发区|3-4年经验|大专|招若干人|04-05发布,做五休二|五险一金
空调测试技术员(职位编号：001276),维谛技术有限公司,3-5千/月,西安|无工作经验|大专|招2人|04-06发布,
数据库工程师,北京恒融凌通科技有限公司,0.8-1.5万/月,西安-高新技术产业开发区|2年经验|本科|招5人|04-06发布,五险一金|员工旅游|交通补贴|通讯补贴|定期体检|绩效奖金|年终奖金|弹性工作
弱电技工,西安大融城购物中心,3-4.5千/月,西安-未央区|无工作经验|招2人|04-08发布,员工旅游|餐饮补贴|专业培训|年终奖金|定期体检|六险一金|带薪年假|节日福利|高温补贴|绩效奖金
大数据开发工程师,北京明略软件系统有限公司,2-2.5万/月,西安-未央区|无工作经验|本科|招2人|04-08发布,五险一金|补充医疗保险|交通补贴|餐饮补贴|绩效奖金|年终奖金|股票期权
信息维护专管员,陕西郑远元专业修脚保健服务集团有限公司,4.5-6千/月,西安|无工作经验|招1人|04-09发布,周末双休|带薪年假|全勤奖|节日福利|专业培训|餐饮补贴|包住宿
网络及安全工程师,比亚迪汽车金融有限公司,0.8-1万/月,西安-雁塔区|2年经验|本科|招若干人|04-09发布,五险一金|通讯补贴|绩效奖金
产品助理,西安立人科技股份有限公司,4.5-6千/月,西安|2年经验|本科|招1人|04-10发布,五险一金|绩效奖金|节日福利
售后工程师,芯网铭源（北京）科技有限公司,4-8千/月,西安-高新技术产业开发区|1年经验|大专|招6人|04-10发布,五险一金|年终奖金|餐饮补贴|通讯补贴|员工旅游|绩效奖金|定期体检
实施管理专员,海信网络科技公司,4.5-6千/月,西安|2年经验|本科|招1人|04-10发布,五险一金|补充医疗保险|补充公积金|免费班车|专业培训|通讯补贴|餐饮补贴|年终奖金|绩效奖金|弹性工作
电商运营,西安碧云天承贸易有限公司,4.5-6千/月,西安-长安区|1年经验|大专|招3人|04-12发布,五险|绩效奖金|员工旅游|年终奖金|专业培训
应用运维工程师,西安汇景倬元信息技术有限公司,24-35万/年,西安-莲湖区|5-7年经验|本科|招2人|05-06发布,五险一金|员工旅游|专业培训|弹性工作|年终奖金|过节福利|员工生日福利|带薪年假
安全运维工程师,神州数码系统集成服务有限公司西安分公司,0.6-1.2万/月,西安|无工作经验|招1人|05-06发布,周末双休|弹性工作|五险一金|节日福利|专业培训
系统运维工程师,上海中交海德交通科技股份有限公司,0.6-1万/月,西安|3-4年经验|本科|招3人|05-06发布,五险一金|绩效奖金|年终奖金|员工旅游|定期体检
光伏系统运维工程师助理,陕西摩天黑石教育科技有限公司,4.5-6千/月,西安-碑林区|无工作经验|本科|招3人|05-06发布,
IT运维工程师,陕西摩天黑石教育科技有限公司,4.5-6千/月,西安-碑林区|无工作经验|大专|招3人|05-06发布,
数据中心暖通运维工程师助理,陕西汉鼎建筑装饰工程有限公司,4.5-6千/月,西安-碑林区|无工作经验|大专|招3人|05-06发布,
运维工程师,中国软件与技术服务股份有限公司,4-6千/月,西安|无工作经验|本科|招3人|05-06发布,五险一金|补充医疗保险|员工旅游
驻场运维工程师,西安交大捷普网络科技有限公司,4.5-6千/月,西安|2年经验|大专|招若干人|05-06发布,做五休二|绩效奖金|通讯补贴|交通补贴|节日福利|专业培训
高级运维工程师,西安交大捷普网络科技有限公司,6-9千/月,西安|无工作经验|本科|招3人|05-06发布,五险一金|专业培训|绩效奖金|年终奖金
运维检修应届生,西安西瑞控制技术股份有限公司,3-4.5千/月,西安|无工作经验|大专|招40人|05-06发布|电气工程及其自动化 电气信息工程,五险一金|免费班车|交通补贴|餐饮补贴|通讯补贴|专业培训|绩效奖金
运维检修,西安西瑞控制技术股份有限公司,3-5千/月,西安|1年经验|大专|招10人|05-06发布|电气工程及其自动化 电气信息工程,五险一金|餐饮补贴|通讯补贴|专业培训|绩效奖金
运维服务技术工程师,西安西瑞控制技术股份有限公司,4.5-6千/月,西安|2年经验|本科|招6人|05-06发布|电气工程及其自动化,
项目运维管理,上海碧晨国中能源工程有限公司,4.5-6千/月,西安-灞桥区|5-7年经验|高中|招若干人|05-06发布|供热通风与空调工程 热能与动力工程,五险一金|交通补贴|餐饮补贴|通讯补贴|弹性工作
IT运维/技术支持,北京中软国际信息技术有限公司,4.5-6千/月,西安-高新技术产业开发区|无工作经验|招2人|05-06发布|英语良好,五险一金|补充医疗保险|员工旅游|出国机会|年终奖金|弹性工作|定期体检
Java运维工程师,北京中软国际信息技术有限公司,4.5-6.5千/月,西安-高新技术产业开发区|无工作经验|本科|招2人|05-06发布|英语良好,五险一金|补充医疗保险|员工旅游|年终奖金|弹性工作|定期体检|绩效奖金
helpdesk / IT运维工程师,北京中软国际信息技术有限公司,5-6千/月,西安-高新技术产业开发区|无工作经验|本科|招3人|05-06发布,五险一金|补充医疗保险|员工旅游|年终奖金|弹性工作|定期体检|绩效奖金
运维工程师,北京翔睿信诚科技有限公司,4-8千/月,西安-长安区|1年经验|大专|招1人|05-06发布,五险一金|绩效奖金|定期体检|专业培训|创业公司|下午茶|老板NICE
桌面运维工程师（西安）,阳光雨露信息技术服务（北京）有限公司,4.5-6千/月,西安-碑林区|无工作经验|招1人|05-06发布,五险一金|员工旅游|专业培训|定期体检|节假日福利
驻场桌面运维工程师（双休）,阳光雨露信息技术服务（北京）有限公司,3-5千/月,西安-碑林区|无工作经验|招1人|05-06发布,五险一金|员工旅游|专业培训|定期体检|节假日福利
电力运维工程师（经理）,陕西加美实业有限公司,0.6-1.2万/月,西安|5-7年经验|大专|招2人|05-06发布,五险一金|员工旅游|专业培训|年终奖金|绩效奖金|交通补贴
网络运维主管,西安尚瑞信息技术有限公司,6-8千/月,西安-高新技术产业开发区|3-4年经验|大专|招若干人|05-06发布,五险一金|绩效奖金|年终奖金|周末双休|法定节假日
诚聘运维部文员+五险,西安乾优软件科技有限公司,3-4.5千/月,西安-未央区|2年经验|大专|招2人|05-06发布,五险一金|补充医疗保险|补充公积金|员工旅游|餐饮补贴|通讯补贴|专业培训|出国机会|绩效奖金|年终奖金
运维部文员3000+,西安乾优软件科技有限公司,3-6千/月,西安-未央区|无工作经验|招2人|05-06发布,弹性工作|包住宿|五险一金|绩效奖金|节日福利|专业培训|交通补贴|高温补贴|通讯补贴|餐饮补贴
电气设备运维调试技术员,西安兴泽融通信息科技有限公司,3-4.5千/月,西安-雁塔区|无工作经验|大专|招若干人|05-06发布,
IT技术支持运维专员实习生+双休,西安兴泽融通信息科技有限公司,3-4.5千/月,西安-雁塔区|无工作经验|大专|招若干人|05-06发布,
实施工程师-实习生（陕西）,北京用友政务软件股份有限公司,87元/天,西安-雁塔区|无工作经验|本科|招若干人|04-23发布,五险一金|交通补贴|绩效奖金|年终奖金|餐饮补贴|通讯补贴|员工旅游|定期体检|专业培训
技术总监（赛格社区直营中心）,西安赛格电子市场有限公司,4-5.5千/月,西安-高新技术产业开发区|3-4年经验|大专|招1人|05-05发布,带薪年假|高温补贴|节日福利|绩效奖金|专业培训
专/***业务员,西安银河电力电子通讯有限责任公司,2-10万/年,西安|无工作经验|招5人|05-06发布,通讯补贴|双休|节日福利|年假|缴纳社保|奖金
文案策划,陕西佳桦实业有限公司,4.5-6千/月,西安-未央区|3-4年经验|大专|招2人|03-08发布|新闻学 广告学,加班补贴|餐饮补贴
系统管理员,陕西中原物业顾问有限公司,4.5-6千/月,西安-高新技术产业开发区|2年经验|大专|招1人|03-08发布|计算机网络,员工旅游|专业培训|工龄工资|非业务花红|五险一金|补充医疗保险|补充公积金|出国机会
IT工程师,西安闻泰电子科技有限公司,4.5-6千/月,西安|无工作经验|招若干人|03-08发布,
企划专员,新百丽鞋业（深圳）有限公司西安分公司,5-8千/月,西安|1年经验|本科|招若干人|03-11发布|广告学 媒体创意,五险一金|年终奖金|定期体检|专业培训|周末双休|带薪年假|绩效奖金
设备技术员（西安分公司）,陕西煤业化工技术研究院有限责任公司,6-8千/月,西安-高新技术产业开发区|5-7年经验|本科|招2人|03-12发布,五险一金|餐饮补贴|定期体检|年终奖金|绩效奖金|带薪年假|高温补贴
中级工程师,北京华软金科信息技术有限公司,0.8-1万/月,西安|5-7年经验|本科|招3人|03-12发布,五险一金|定期体检|绩效奖金|餐饮补贴|通讯补贴|周末双休
实施工程师,陕西滔搏体育商贸有限公司,4-5.5千/月,西安-莲湖区|1年经验|大专|招1人|03-13发布,五险一金|专业培训|绩效奖金|年终奖金|定期体检|周末双休|带薪年假|节日福利
文案策划,西安市王妈餐饮管理有限责任公司,3-5千/月,西安-碑林区|1年经验|大专|招1人|03-13发布,包住宿|全勤奖|包吃|专业培训|节日福利|绩效奖金
互联网在线专员,盛鼎轩商贸,3.5-5.5千/月,西安-碑林区|无工作经验|大专|招3人|03-13发布,五险一金|带薪年假|全勤奖|绩效奖金|节日福利|周末双休|专业培训|加班补贴
环保总工,陕西德惠源绿色循环环保科技股份有限公司,0.8-1万/月,西安|5-7年经验|本科|招2人|03-15发布|普通话|环境工程 环境科学,五险一金|绩效奖金|交通补贴|定期体检|年终奖金|通讯补贴|餐饮补贴|员工旅游
信息化管理,西安紫薇地产开发有限公司,,西安|无工作经验|硕士|招1人|03-15发布,
驻厂服务工程师(北京）,深圳市中钞科信金融科技有限公司,0.5-1万/月,北京-西城区|无工作经验|大专|招若干人|03-15发布,五险一金|绩效奖金|年终奖金|专业培训|员工旅游|定期体检|弹性工作
网站维护工程师,陕西法利达传媒有限公司,4.5-6千/月,西安-雁塔区|1年经验|大专|招1人|03-15发布|计算机科学 计算机应用,交通补贴|餐饮补贴|通讯补贴|专业培训|绩效奖金|年终奖金|弹性工作|社保缴纳
大数据开发工程师,杭州世平信息科技有限公司,0.8-1.5万/月,西安|3-4年经验|本科|招3人|03-15发布|计算机科学与技术,五险一金|员工旅游|交通补贴|餐饮补贴|通讯补贴|专业培训|年终奖金|定期体检
系统集成项目经理,陕西硅格科技有限公司,4-6千/月,西安-高新技术产业开发区|2年经验|大专|招若干人|03-15发布,员工旅游|餐饮补贴|通讯补贴|专业培训|绩效奖金|年终奖金|弹性工作|定期体检|周末双休
网络工程师,西安雅格纳商贸有限公司,5-8千/月,西安-未央区|无工作经验|大专|招5人|03-16发布,做五休二|五险一金|绩效奖金|周末双休|节日福利|全勤奖|弹性工作|带薪年假|通讯补贴
Java高级开发工程师,陕西昆特气象服务有限公司,0.7-1.5万/月,西安-莲湖区|3-4年经验|大专|招若干人|03-17发布|英语良好|计算机科学与技术 电子信息科学与技术,员工旅游|绩效奖金|弹性工作|专业培训|定期体检
ERP实施顾问,西安善翔电子科技有限责任公司,3-8千/月,西安|无工作经验|本科|招4人|03-18发布,弹性工作|专业培训|绩效奖金|年终奖金|带薪年假|工龄工资
信息管理中心总监（信息总监）,北文时代（北京）文化有限公司,1-2万/月,北京-朝阳区|5-7年经验|本科|招若干人|03-18发布,
光伏电站站长,陕西晶元低碳经济服务中心,1-1.5万/月,榆林|3-4年经验|大专|招1人|03-18发布,五险一金|绩效奖金
驻场工程师,陕西华海信息技术有限公司,3-6千/月,西安-雁塔区|无工作经验|大专|招5人|04-12发布,周末双休|带薪年假|全勤奖|交通补贴|通讯补贴|节日福利|五险一金|员工旅游
办公室副主任（企划方向）,中建三局集团有限公司西北分公司,30-40万/年,西安|5-7年经验|本科|招1人|04-13发布,交通补贴|餐饮补贴|通讯补贴|专业培训|绩效奖金
物业工程主管,西安创业物业发展有限公司,3-4.5千/月,西安-高新技术产业开发区|无工作经验|大专|招若干人|04-27发布,带薪年假|五险一金|包吃|免费班车|绩效奖金|全勤奖|节日福利|专业培训|加班补贴|高温补贴
美国应用材料公司-Database Developer,北京外企德科人力资源服务上海有限公司,1-2万/月,西安|无工作经验|本科|招1人|04-27发布,周末双休|做五休二|五险一金|补充医疗保险|弹性工作
意大利语运营储备/客服,宁波豪雅进出口集团有限公司,4-6千/月,宁波-海曙区|无工作经验|本科|招5人|04-27发布|意大利语熟练,五险|专业培训|绩效奖金|年终奖金|周末双休
机械售后工程师,江苏桂铭机械有限公司,3-6千/月,西安-雁塔区|2年经验|中专|招15人|04-27发布,五险一金|通讯补贴|年终奖金
高级技术支持工程师,北京源晨动力技术服务有限公司,1-1.5万/月,西安-碑林区|2年经验|本科|招3人|04-28发布,周末双休|带薪年假|五险一金|节日福利|专业培训|试用期全薪|定期体检|年度调薪
运营维护工程师（西安印象城项目）,金马节能科技（深圳）有限公司,4-6千/月,深圳-南山区|3-4年经验|中技|招1人|04-28发布,五险一金|绩效奖金|定期体检
后台技术维护,陕西百旺金赋信息科技有限公司,3-4千/月,西安|无工作经验|大专|招1人|04-28发布,五险一金|交通补贴|餐饮补贴|绩效奖金|年终奖金|周末双休
大数据开发工程师,西安九索数据技术股份有限公司,0.6-1.2万/月,西安-高新技术产业开发区|2年经验|本科|招4人|04-28发布,五险一金|员工旅游|绩效奖金|年终奖金|股票期权|定期体检
网络管理员,陕西天恒比高投资有限公司,4.5-6千/月,西安-高新技术产业开发区|3-4年经验|大专|招1人|04-28发布,交通补贴|餐饮补贴|定期体检|年终奖金|购车优惠|生日会|团建活动|节日福利|五险一金|通讯补贴
Java高级开发工程师,西安富立叶微电子有限责任公司,1-1.5万/月,西安-高新技术产业开发区|5-7年经验|本科|招1人|04-28发布,五险一金|补充医疗保险|员工旅游|通讯补贴|专业培训|出国机会|绩效奖金|年终奖金
IT系统工程师,海信赛维电子公司,3-4.5千/月,西安|无工作经验|招1人|04-28发布,专业培训|定期体检|五险一金|绩效奖金|年终奖金|通讯补贴
网管,西安海数多媒体技术有限公司,3.8-5千/月,西安-高新技术产业开发区|无工作经验|高中|招1人|04-28发布,做五休二|弹性工作|带薪年假|五险一金|全勤奖|加班补贴
智能计算-高级软件开发工程师,华为技术有限公司,,西安-高新技术产业开发区|无工作经验|招若干人|04-28发布,
系统维护员,西安摩尔农产品有限责任公司,2-3千/月,西安-未央区|无工作经验|大专|招若干人|04-29发布,五险一金|补充医疗保险|交通补贴|年终奖金|餐饮补贴|定期体检|股票期权
IT终端工程师(职位编号：baoneng003920),宝能汽车有限公司,0.8-1万/月,西安-西咸新区|3-4年经验|本科|招1人|04-29发布,
高级JAVA开发工程师（西安）,浙江正元智慧科技股份有限公司,1-1.8万/月,西安-高新技术产业开发区|无工作经验|招2人|04-29发布,五险一金|免费班车|交通补贴|餐饮补贴|通讯补贴|专业培训|年终奖金|定期体检
文案策划,西安乐居商置不动产有限公司,4-7千/月,西安-高新技术产业开发区|1年经验|高中|招2人|04-29发布,五险一金|绩效奖金|交通补贴|通讯补贴|全勤奖
单店工程物业副总经理,西安区域商管公司,20-30万/年,陕西省|5-7年经验|大专|招若干人|04-29发布,做五休二|包三餐|带薪年假|五险一金|节日福利|年终奖金
能效工程师（电力钢铁冶炼塑料制造化工等）,西安西拓电气股份有限公司,0.8-1.5万/月,西安-雁塔区|8-9年经验|本科|招1人|04-29发布,五险一金|交通补贴|餐饮补贴|通讯补贴|专业培训|绩效奖金|年终奖金|弹性工作|带薪年假|周末双休
信息主管,陕西家世锦商业运营管理有限公司,4.5-7千/月,西安-未央区|无工作经验|招1人|04-29发布,带薪年假|五险一金|补充医疗保险|包吃|绩效奖金|节日福利
售前经理,浙江九州云信息科技有限公司,1-1.5万/月,西安|无工作经验|招若干人|04-29发布,
光伏销售经理\总监,上海汯祺企业管理咨询有限公司,1-1.5万/月,西安|2年经验|本科|招2人|04-29发布,五险一金|补充公积金|员工旅游|绩效奖金|专业培训|年终奖金
网络工程师,三星数据系统（西安）有限公司,0.6-1.3万/月,西安|无工作经验|本科|招5人|04-29发布,五险一金|带薪年假|包三餐|免费班车|绩效奖金
嵌入式研发工程师,西安沃泰科技有限公司,5-8千/月,西安-高新技术产业开发区|无工作经验|招2人|04-29发布,五险一金|补充医疗保险|餐饮补贴|年终奖金|绩效奖金
机器人应用工程师,西安培韵智能科技有限公司,4-8千/月,西安-经济技术开发区|无工作经验|招2人|04-29发布,
交付工程师,北京西骏数据科技股份有限公司,0.8-1万/月,西安-新城区|3-4年经验|本科|招2人|04-29发布,五险一金|员工旅游|交通补贴|餐饮补贴|通讯补贴|绩效奖金|股票期权|弹性工作|专业培训|定期体检
物业工程主管,陕西正泰物业管理有限公司,3-4.5千/月,西安-新城区|无工作经验|招2人|04-30发布,
数据库工程师,陕西昱鑫科技发展有限责任公司,7-8千/月,西安|3-4年经验|本科|招1人|04-30发布,五险一金|专业培训|餐饮补贴|通讯补贴|绩效奖金|节日福利
实施工程师,湖南建研信息技术股份有限公司,2.5-5千/月,西安|1年经验|大专|招3人|04-30发布,五险一金|年终奖金|专业培训|绩效奖金|弹性工作|员工旅游
机房运行值班员,西安和发电子科技有限公司,3-3.5千/月,西安|无工作经验|中专|招6人|04-30发布,餐饮补贴|绩效奖金|年终奖金|员工旅游|五险
软件工程师（陕西区域）,广州天维信息技术股份有限公司,4-8千/月,西安|1年经验|本科|招2人|04-30发布|计算机科学与技术 软件工程,七险一金|员工旅游|餐饮补贴|专业培训|绩效奖金|股票期权|定期体检|晋升空间大
网络工程师,陕西坤同半导体科技有限公司,0.8-1.5万/月,咸阳|5-7年经验|本科|招1人|04-30发布,
.net中级软件工程师,陕西佳之易网络科技有限公司,0.8-1.2万/月,西安-高新技术产业开发区|3-4年经验|本科|招2人|04-30发布|普通话熟练,年终奖金|绩效奖金|员工旅游|节日福利|五险一金
校招实习生-可转正-2020届,北京思特奇信息技术股份有限公司,2-4千/月,西安|无工作经验|招50人|04-30发布,
MBD开发工程师,通力凯顿（北京）系统集成有限公司,1-1.5万/月,西安|3-4年经验|本科|招3人|04-30发布,五险一金|补充医疗保险|餐饮补贴|通讯补贴|弹性工作|定期体检|年终奖金|专业培训|绩效奖金
企划文案,西安市雅特展览有限公司,3.5-5千/月,西安-曲江文化新区|2年经验|大专|招2人|04-30发布|新闻学 汉语言文学,节日福利|五险|绩效奖金|周末双休
PostgreSQL DBA,西安卓恒国际旅行社有限责任公司,1.5-2万/月,西安-碑林区|2年经验|本科|招2人|04-30发布,五险一金|员工旅游|餐饮补贴|专业培训|出国机会|年终奖金|弹性工作|定期体检
PHP开发程序员,陕西太白山旅游网络科技有限公司,5.5-7千/月,西安-高新技术产业开发区|1年经验|本科|招2人|04-30发布|英语一般|计算机科学 软件工程,周末双休|五险一金|通讯补贴|高温补贴|加班补贴|餐饮补贴|绩效奖金|取暖补贴
Windchill/PDM,西安灵秀机电智能系统技术有限公司,0.6-1.5万/月,西安-高新技术产业开发区|1年经验|大专|招10人|04-30发布,绩效奖金|年终奖金|餐饮补贴|通讯补贴|员工旅游|每年多次调薪|周末双休|五险一金|专业培训|交通补贴
云服务开发工程师,郑州万书信息技术有限公司,1.5-2.5万/月,西安-雁塔区|无工作经验|招2人|04-30发布,五险一金|年终奖金|绩效奖金
Java开发工程师,远光软件股份有限公司,0.6-1万/月,西安-新城区|2年经验|大专|招2人|04-30发布|计算机信息管理,五险一金|专业培训|定期体检|通讯补贴|餐饮补贴|绩效奖金|年终奖金
销售工程师,凯特克集团凯特克贸易（上海）有限公司,5-6千/月,西安|无工作经验|招2人|04-30发布,五险一金|补充公积金|员工旅游|年终奖金|绩效奖金|定期体检
技术文案,西安亨顿软件技术有限公司,0.6-1.2万/月,西安|2年经验|大专|招1人|04-30发布,五险一金|周末双休|绩效奖金
销售代表,迈世通（北京）医疗器械有限公司,4-6千/月,西安|2年经验|中专|招5人|05-02发布,五险一金|补充医疗保险|年终奖金|绩效奖金|弹性工作|带薪年假
网络维护员,西安华阳城商业管理运营有限责任公司,3-4千/月,西安|无工作经验|大专|招1人|05-02发布,五险一金|餐饮补贴
ERP工程师,西安航天恒星科技实业（集团）有限公司,0.6-1万/月,西安|无工作经验|招2人|05-03发布,
软件测试工程师,深圳天源迪科信息技术股份有限公司驻西安办事处,6-8千/月,西安|2年经验|本科|招1人|05-03发布|软件工程,五险一金|员工旅游|年终奖金|定期体检
Java开发工程师（西安）,北京恒华伟业科技股份有限公司,0.6-1.2万/月,西安-未央区|3-4年经验|本科|招5人|05-03发布|计算机科学与技术,周末双休|带薪年假|五险一金|交通补贴|餐饮补贴|补充医疗保险
信息主管,广州芈爱服饰有限公司,4.5-6千/月,西安-碑林区|3-4年经验|大专|招若干人|05-03发布,全勤奖|节日福利|专业培训|加班补贴|绩效奖金|五险一金|带薪年假|通讯补贴|交通补贴
技术维护工程师,西安鹏程教育培训中心,4-6千/月,西安-雁塔区|3-4年经验|本科|招2人|05-03发布,
IT培训讲师（Linux）,北京中公教育科技股份有限公司,0.6-1.2万/月,西安-新城区|无工作经验|本科|招15人|04-13发布,五险一金|专业培训|定期体检|年终奖金|交通补贴|餐饮补贴|弹性工作
项目助理（双休+五险一金）,万胜商贸,3-4.5千/月,西安-雁塔区|无工作经验|大专|招3人|04-13发布,周末双休|弹性工作|带薪年假|五险一金|包住宿|全勤奖|绩效奖金|高温补贴|节日福利
集成工程师,北京宜通华瑞科技有限公司,0.7-1.2万/月,西安|2年经验|本科|招5人|04-14发布|英语熟练,五险一金|免费班车|出国机会|交通补贴|年终奖金|弹性工作|专业培训|节日福利|定期体检
短视频运营,成都绽妍生物技术有限公司,4.5-6千/月,西安-雁塔区|2年经验|大专|招3人|04-15发布,五险一金|绩效奖金|定期体检|双休
售前/售后服务,万泰（苏州）环境科技有限公司,4-4.5千/月,西安-阎良区|无工作经验|招1人|04-16发布,五险|包吃包住|加班补助
业务经理,西安高科电气科技有限公司,4.5-6千/月,西安-长安区|无工作经验|招2人|04-16发布,五险一金|弹性工作|绩效奖金
技术支持工程师,陕西金利电子有限责任公司,3.5-5千/月,西安-雁塔区|无工作经验|大专|招1人|04-16发布,
(ID67814)知名汽车公司急聘数据挖掘工程师(职位编号：67814),上海任仕达人才服务有限公司,0.8-1.1万/月,西安|2年经验|本科|招1人|04-17发布,五险一金|餐饮补贴|定期体检|周末双休|年终奖金
电力工程师,陕西旭东售电有限公司,4.5-6千/月,西安-雁塔区|3-4年经验|大专|招若干人|04-18发布|电气工程及其自动化 电气信息工程,绩效奖金|年终奖金|交通补贴|员工旅游|定期体检|专业培训
新媒体运营专员,西安报业传媒集团融媒体发展有限公司,6-8千/月,西安-经济技术开发区|3-4年经验|本科|招4人|04-18发布,
卫星地面站设备运行维护工程师,西安伟信电子科技有限公司,3.5-4.2千/月,西安-国家民用航天产业基地|无工作经验|本科|招2人|04-18发布|英语一般|测控技术与仪器 电子信息工程,免费班车|餐饮补贴|健身俱乐部
.NET软件工程师（初级）（工作地点：昆明）,云南航信空港网络有限公司,0.8-1万/月,西安|无工作经验|本科|招若干人|04-19发布|计算机科学与技术,
ERP部署和维护工程师,西安帝和电子科技有限公司,4-8千/月,西安|2年经验|招1人|04-19发布,五险一金|员工旅游|绩效奖金|年终奖金|周末双休|生日福利|员工聚餐
信息工程师(职位编号：7),西安弗斯特口腔医院有限公司,4.5-7千/月,西安-高新技术产业开发区|无工作经验|本科|招2人|04-19发布|计算机信息管理 计算机网络,五险一金|补充医疗保险
网络维护员,陕西省中业交通建筑工程有限公司,3-5千/月,西安-西咸新区|无工作经验|招1人|04-19发布,餐饮补贴|加班补贴|周末双休|五险
Java开发工程师,方元磐石资产管理股份有限公司,1-1.5万/月,西安-曲江文化新区|3-4年经验|本科|招3人|04-19发布,五险一金|餐饮补贴|通讯补贴
DBA工程师,西安鼎力信息技术有限责任公司,1.5-2.5万/月,西安-未央区|5-7年经验|大专|招2人|04-20发布,五险一金|绩效奖金|员工旅游|周末双休|餐饮补贴|免费班车
信息主管,西安时尚大街有限公司,4.5-6千/月,西安-未央区|3-4年经验|大专|招2人|04-21发布,五险一金|餐补
网络运营主管,陕西爱前方教育科技有限公司,3.6-6千/月,西安-未央区|1年经验|本科|招2人|04-21发布|英语一般|计算机科学与技术 媒体创意,五险一金|补充医疗保险|员工旅游|餐饮补贴|专业培训|绩效奖金|年终奖金|弹性工作|包住宿
技术支持/维护工程师,西安臻道信息科技有限公司,3-3.5千/月,西安-碑林区|无工作经验|大专|招10人|04-22发布|计算机网络 计算机科学与技术,员工旅游|绩效奖金|定期体检|专业培训|年终奖金
C开发工程师（实习、初级、中级）,上海平欣电子科技有限公司,0.3-1万/月,西安|无工作经验|本科|招5人|04-22发布,五险一金|员工旅游|餐饮补贴|通讯补贴|交通补贴|年终奖金
财险陕西-办公室-应用系统维护岗,太平财产保险有限公司陕西分公司,4.5-6千/月,西安|2年经验|本科|招1人|04-22发布,带薪年假|绩效奖金|节日福利|专业培训|六险三金|定期体检|年终奖金
APP界面设计实习生,西安乐纷享广告设计有限公司,4.5-6千/月,西安|无工作经验|大专|招2人|04-23发布,五险一金|绩效奖金|年终奖金|专业培训|员工旅游
IT工程师(J13537),好车酷酷二手车经纪（天津）有限公司,1-1.5万/月,西安|无工作经验|招1人|04-23发布,
云服务开发工程师,郑州苹可云科技有限公司,2-2.5万/月,北京-海淀区|3-4年经验|本科|招6人|04-23发布|英语良好,
售后技术支持工程师,全时云商务服务股份有限公司,0.8-1万/月,西安-雁塔区|3-4年经验|大专|招2人|04-23发布|普通话|计算机科学与技术 计算机信息管理,五险一金|餐饮补贴|交通补贴|通讯补贴|年终奖金|弹性工作|定期体检|节日福利
售后服务工程师,安徽舜禹水务股份有限公司,4.5-6千/月,西安|无工作经验|招10人|04-23发布,五险一金|免费班车|员工旅游|交通补贴|餐饮补贴|通讯补贴|出国机会|年终奖金|绩效奖金|定期体检
实施工程师/项目经理,北京鼎腾科技有限公司,1-1.5万/月,北京-海淀区|无工作经验|招4人|04-23发布,
IT服务支持岗(012355)(职位编号：012355),歌尔股份有限公司,6-8千/月,西安-高新技术产业开发区|5-7年经验|大专|招1人|04-24发布,
驻场技术工程师,陕西智恒数码科技有限责任公司,3-6千/月,西安-曲江文化新区|2年经验|本科|招1人|04-24发布,五险一金|员工旅游|餐饮补贴|年终奖金|通讯补贴
项目实施工程师,新智认知数据服务有限公司,4.5-6千/月,西安-莲湖区|无工作经验|大专|招2人|04-24发布,五险|餐饮补贴|定期体检|年终奖金|绩效奖金|通讯补贴
技术服务工程师（年薪15W起）,深信服科技股份有限公司,0.8-1万/月,深圳-南山区|无工作经验|本科|招6人|04-24发布,五险一金|餐饮补贴|节日福利|通讯补贴|员工旅游|专业培训|定期体检
车辆运营-西安,哈啰出行（哈罗单车hellobike）,6-8千/月,西安|无工作经验|本科|招5人|04-25发布,五险一金|交通补贴|餐饮补贴|绩效奖金|年终奖金|股票期权
信息管理（双休 + 福利）,陕西华远大药房连锁有限公司,2-3千/月,西安-莲湖区|无工作经验|招3人|04-25发布,
（西安）技术支持工程师,网强信息技术（上海）有限公司,3-4.5千/月,西安-雁塔区|无工作经验|大专|招若干人|04-25发布|英语|计算机科学与技术 计算机网络,
云平台及云桌面解决方案售前工程师,西安正保网络科技有限公司,6-8千/月,西安-高新技术产业开发区|3-4年经验|本科|招3人|04-26发布,五险一金|定期体检|绩效奖金|年终奖金|项目奖金|全勤奖金|其他嘉奖奖金|公司团建
软件工程师,西安西电开关电气有限公司,0.6-1万/月,西安-莲湖区|2年经验|本科|招若干人|04-26发布|英语良好|软件工程,五险一金|补充医疗保险|交通补贴|餐饮补贴|专业培训|绩效奖金|年终奖金|定期体检
电商运营经理,陕西东裕生物科技股份有限公司,4-8千/月,西安|2年经验|大专|招1人|04-26发布,补充医疗保险|专业培训|年终奖金|社保统筹|带薪年假
高级Java工程师-西安,北京小鱼易连科技有限公司,1-2万/月,西安|3-4年经验|本科|招1人|04-26发布,五险一金|餐饮补贴|通讯补贴|专业培训|年终奖金|股票期权|弹性工作|定期体检
无线网维护和核心网维护工程师,西安汇诚电信有限责任公司,0.8-1万/月,西安-高新技术产业开发区|3-4年经验|大专|招10人|04-26发布,弹性工作|带薪年假|五险一金|绩效奖金|节日福利|通讯补贴|专业培训|员工旅游|定期体检
高层协议软件开发工程师,西安惠雷通信技术有限公司,0.7-1.5万/月,西安-高新技术产业开发区|无工作经验|招5人|04-26发布,年终奖金|专业培训|周末双休
监控系统集成工程师(职位编号：008),陕西联创电子科技有限责任公司,5-8千/月,西安|2年经验|中专|招5人|04-26发布|普通话熟练,
项目经理,创业慧康科技股份有限公司,0.8-1万/月,陕西省|3-4年经验|大专|招2人|04-26发布,五险一金|交通补贴|餐饮补贴|通讯补贴|专业培训|绩效奖金|股票期权|定期体检
数据开发工程师,西安天健监测仪表有限公司,0.7-1.4万/月,西安-高新技术产业开发区|3-4年经验|本科|招若干人|04-26发布,五险一金|餐饮补贴|年终奖金|绩效奖金|员工旅游|节日福利|周末双休
数据挖掘工程师,联合汽车电子有限公司西安厂,10-15万/年,西安-高新技术产业开发区|1年经验|大专|招1人|04-26发布|英语,带薪年假|五险一金|免费班车|绩效奖金|专业培训|交通补贴|高温补贴|出国机会|年终奖金|定期体检
JAVA软件工程师（资深）（西安研发分中心）(职位编号：YNT-YF-002-4),云南航信空港网络有限公司,15-20万/年,西安-高新技术产业开发区|5-7年经验|本科|招若干人|04-27发布,五险一金|绩效奖金|年终奖金|定期体检|年终13薪|周末双休
售后技术支持,陕西天成瑞源电力科技有限公司,4-5.6千/月,西安-未央区|无工作经验|大专|招5人|04-27发布,五险一金|定期体检|专业培训|员工旅游|绩效奖金|年终奖金|员工生日
PHP高级开发工程师,天天充电,0.8-1.5万/月,西安-高新技术产业开发区|无工作经验|招1人|04-27发布,五险一金|高温补贴|节日福利|专业培训|绩效奖金
网络管理/IT技术员,分众传媒,3.5-4千/月,西安|无工作经验|本科|招1人|05-05发布,五险一金|专业培训|带薪病假|生日福利|年终奖金|做五休二
数据库DBA,柳州智银通信息技术有限公司,0.7-1.1万/月,西安-经济技术开发区|3-4年经验|大专|招1人|05-05发布,五险一金|补充医疗保险|补充公积金|餐饮补贴|通讯补贴|专业培训|绩效奖金|年终奖金|定期体检|带薪年假
网络维护工程师,陕西省商务技术学校,3-4.5千/月,西安-雁塔区|2年经验|大专|招1人|05-06发布,五险一金|免费班车|弹性工作|专业培训|餐饮补贴|绩效奖金|员工旅游|通讯补贴|交通补贴|年终奖金
软件技术(职位编号：20180501),陕西万方汽车零部件有限公司,6-10万/年,西安|1年经验|本科|招1人|05-06发布|计算机科学与技术 软件工程,五险一金|餐饮补贴|专业培训|绩效奖金|年终奖金|免费班车
暖通工程师（西安华为基地）,爱玛客服务产业（中国）有限公司郑州分公司,0.8-1万/月,西安|5-7年经验|本科|招若干人|05-06发布,五险一金|专业培训|定期体检|员工旅游
数据库开发工程师,深圳震有科技股份有限公司,0.8-1.5万/月,深圳-南山区|2年经验|招若干人|05-06发布,五险一金|补充医疗保险|员工旅游|绩效奖金|年终奖金|弹性工作|定期体检
信息系统监理员,时代鼎典工程咨询有限公司,2-3千/月,西安-碑林区|无工作经验|大专|招2人|05-06发布,五险一金|补充医疗保险|员工旅游|绩效奖金|餐饮补贴|通讯补贴|定期体检|周末双休
网络维护工程师（五险一金+双休）,西安二十一世纪生物科技有限公司,3-4.5千/月,西安-西咸新区|2年经验|本科|招1人|05-06发布,五险一金|员工旅游|绩效奖金|年终奖金|专业培训|定期体检
驻地业务代表,华略未来科技（重庆）有限公司,4-8千/月,西安|3-4年经验|大专|招2人|05-06发布,五险一金|绩效奖金|年终奖金|员工旅游|通讯补贴|周末双休|带薪年假|节日福利|全勤奖
IT技术支持,西安金印客电子商务有限公司,3-5千/月,西安-高新技术产业开发区|无工作经验|本科|招1人|05-06发布,五险一金|弹性工作|员工旅游|定期体检|绩效奖金
计算机系统维护,西安威远贸易有限责任公司,2.5-3.5千/月,西安-未央区|1年经验|大专|招若干人|05-03发布,五险一金|交通补贴|员工旅游|年终奖金|餐饮补贴|通讯补贴
微信微博微淘运营专员,西安爱易网络技术有限公司,4.5-5千/月,西安|1年经验|大专|招1人|05-03发布,五险一金|专业培训|弹性工作|年终奖金|绩效奖金
服务器售后工程师,北京博辉在线科技发展有限公司,0.6-1万/月,西安|无工作经验|大专|招2人|05-04发布,专业培训|周末双休|定期体检|五险一金|年终奖|带薪年假|补充医疗保险
Java开发工程师,大连滋德商务咨询有限公司,1.5-5万/月,大连|1年经验|大专|招10人|05-04发布,
全栈开发工程师,西安思科特软件有限公司,1-1.5万/月,西安-高新技术产业开发区|5-7年经验|本科|招1人|05-04发布|英语熟练,五险一金|出国机会|弹性工作|年终奖金|股票期权
校园代理,西安卓远讯飞信息科技有限公司,6-8万/年,西安-碑林区|无工作经验|大专|招若干人|05-04发布,弹性工作|公费旅游|带薪休假|五险一金
（会日语）软件开发+维护工程师,艾宾信息技术开发（西安）有限公司,0.7-1万/月,西安-雁塔区|2年经验|大专|招若干人|05-04发布|日语良好|计算机科学与技术 软件工程,五险一金|员工旅游|出国机会|专业培训|餐饮补贴|年终奖金|弹性工作
IT系统工程师,西安松林超级市场有限公司,3-4.5千/月,西安|2年经验|大专|招2人|05-04发布,
网络维护工程师,陕西匠心德猎人力资源管理有限公司,4.5-6千/月,西安-莲湖区|1年经验|大专|招2人|05-04发布|电子信息科学与技术,五险一金|专业培训|年终奖金|绩效奖金
区域销售经理（全国各办事处）,深圳市友华通信技术有限公司,16-28万/年,深圳-南山区|无工作经验|本科|招若干人|05-04发布,五险一金|专业培训|交通补贴|通讯补贴|绩效奖金|餐饮补贴
电力技术员,西安佳诚劳务派遣有限公司,2-4千/月,西安-长安区|8-9年经验|本科|招1人|05-05发布,五险一金|周末双休
售后文员,西安聚能仪器有限公司,2-3千/月,西安-未央区|2年经验|大专|招2人|05-05发布,
主机工程师,南京绛门信息科技股份有限公司,1-1.5万/月,西安-长安区|3-4年经验|本科|招1人|05-05发布,五险一金|绩效奖金
ERP系统工程师,西安铂力特增材技术股份有限公司,6-8千/月,西安|1年经验|本科|招1人|05-05发布,周末双休|五险一金|节日福利|生日福利|带薪年假|通勤班车|餐饮补贴|定期体检
Java高级开发工程师,亿阳信通股份有限公司,1-1.5万/月,西安|3-4年经验|本科|招若干人|05-05发布,
DBA,西安易流物联科技有限公司,0.7-1万/月,西安-高新技术产业开发区|2年经验|本科|招1人|05-05发布,五险一金|员工旅游|餐饮补贴|绩效奖金|年终奖金
网络营销部长,陕西郝其军制药股份有限公司,0.9-1.1万/月,西安-雁塔区|5-7年经验|本科|招若干人|05-05发布,五险一金|专业培训|绩效奖金|年终奖金|定期体检|免费停车|补充公积金
SAP工程师,次元境界科技（北京）有限公司,0.8-1.5万/月,辽宁省|2年经验|大专|招6人|05-05发布,五险一金|节日福利
系统维护专员,西安迈盛悦合体育用品有限公司,3-4.5千/月,西安-碑林区|2年经验|大专|招1人|05-05发布|英语良好,带薪年假|五险一金|全勤奖|节日福利|通讯补贴|绩效奖金|交通补贴|弹性工作
网络安全工程师,陕西广电智能工程有限公司,3-4.5千/月,西安|无工作经验|本科|招若干人|05-05发布,五险一金|定期体检|通讯补贴|绩效奖金|年终奖金|交通补贴
区域销售经理,陕西惠齐电力科技开发有限公司,0.5-1万/月,西安|5-7年经验|本科|招10人|05-05发布|电气工程及其自动化,餐饮补贴|通讯补贴|免费班车|绩效奖金|员工旅游|年终奖金|专业培训
市场专员,陕西今朝建筑装饰设计工程有限公司,4.5-6千/月,西安|2年经验|大专|招10人|05-05发布|普通话|市场营销 企业管理,五险一金|绩效奖金|专业培训|交通补贴
IT专员/网络维护工程师,西安未央明光医院有限公司,3-4.5千/月,西安-经济技术开发区|无工作经验|招2人|05-05发布,定期体检|五险一金|交通补贴|通讯补贴
新媒体运营专员,陕西绿色医疗科技有限公司,4.5-6千/月,西安-西咸新区|无工作经验|招若干人|05-05发布,
实施经理,汉思信息技术有限公司,0.8-2.5万/月,西安|无工作经验|招若干人|05-05发布,绩效奖金|周末双休|六险一金|弹性工作|定期体检|年度职等调薪|出差补贴|餐饮补贴
智慧社区系统维护工程师(智慧社区)(职位编号：uniview002037),浙江宇视科技有限公司,0.5-1万/月,西安-长安区|无工作经验|大专|招若干人|05-05发布,五险一金|餐饮补贴|定期体检|绩效奖金|年终奖金|弹性工作|员工旅游|专业培训|通讯补贴
物业弱电技工,西安北软网络科技有限公司,3-4千/月,西安-国家民用航天产业基地|2年经验|中技|招2人|05-05发布,餐饮补贴|包住宿|节日福利
数据库管理员,广州石竹计算机软件有限公司,0.8-1.2万/月,西安-高新技术产业开发区|3-4年经验|本科|招1人|05-05发布,五险一金|补充医疗保险|通讯补贴|绩效奖金|定期体检
软件实施工程师,北京神舟航天软件技术有限公司西安分公司,6-8千/月,西安-雁塔区|无工作经验|招5人|05-05发布,五险一金|餐饮补贴|年终奖金|绩效奖金|定期体检|弹性工作
Java高级开发工程师,广誉远中药股份有限公司,1.2-2万/月,西安-雁塔区|无工作经验|招1人|05-05发布,绩效奖金|交通补贴|定期体检|餐饮补贴|通讯补贴
策划执行/新媒体运营推广,西安普惠健康体检有限公司,4-6千/月,西安|3-4年经验|招1人|05-05发布,补充医疗保险|员工旅游|专业培训|定期体检
IT现场工程师,深圳市中兴云服务有限公司,4-5千/月,燕郊开发区|无工作经验|大专|招1人|05-05发布|计算机网络 计算机科学与技术,带薪年假|五险一金|绩效奖金|节日福利|专业培训|交通补贴|餐饮补贴|加班补贴|通讯补贴|免费班车
技术支持（西安）,福建升腾资讯有限公司,3-4.5千/月,西安-碑林区|1年经验|大专|招1人|05-05发布,五险一金|弹性工作
开发工程师（Devops方向）,中电长城网际系统应用有限公司,0.7-1.4万/月,西安-未央区|5-7年经验|本科|招1人|05-05发布,五险一金|餐饮补贴|绩效奖金|定期体检
电气工程师,爱玛客服务产业（中国）有限公司,1-1.5万/月,西安|无工作经验|招1人|05-05发布,五险一金|带薪年假|专业培训|加班补贴|试用期全薪
微信微博微淘运营专员,西安爱易网络技术有限公司,4.5-5千/月,西安-高新技术产业开发区|1年经验|大专|招1人|05-05发布,
软件工程师,上海澳华光电内窥镜有限公司,0.8-1.2万/月,西安|2年经验|本科|招1人|05-05发布|英语良好|生物医学工程 软件工程,
DevOps工程师,北京智信远景软件技术有限公司,6-8千/月,西安|无工作经验|招3人|05-05发布,五险一金
MYSQL DBA,西安天亦寰宇科技有限公司,0.6-1.5万/月,西安-雁塔区|3-4年经验|大专|招若干人|05-05发布,五险一金|绩效奖金|年终奖金|全勤奖|项目奖金|节日福利|带薪年假
数据分析专员（西安/隆基新能源）,西安隆基新能源有限公司,4.5-6千/月,西安-经济技术开发区|3-4年经验|本科|招1人|05-05发布,五险一金|周末双休|交通补贴|餐饮补贴|通讯补贴|定期体检|免费班车
MES\仿真\SCADA\可视化监控项目人员,陕西建工金牛集团股份有限公司,3-4.5千/月,西安-西咸新区|3-4年经验|招1人|05-05发布,五险一金|补充医疗保险|交通补贴|餐饮补贴|专业培训
CDN工程师（18K底薪+高额项目奖金）,北京宜选科技股份公司,1-1.8万/月,西安|3-4年经验|本科|招2人|05-05发布,五险一金|餐饮补贴|周末双休|节日福利|专业培训
系统架构师（大数据方向）,北京易玖生态环境有限公司,3-5万/月,临汾|5-7年经验|本科|招2人|05-05发布,五险一金|弹性工作|餐饮补贴|交通补贴|绩效奖金|定期体检
软件实施工程师,中软国际科技服务有限公司,6-8千/月,西安|无工作经验|本科|招1人|05-05发布,五险一金|年终奖金|周末双休|定期体检
QA质检专员（云服务）,上海特朗思大宇宙信息技术服务有限公司西安分公司,6-8千/月,西安-高新技术产业开发区|3-4年经验|大专|招5人|05-05发布,做五休二|弹性工作|带薪年假|交通补贴|专业培训|节日福利|全勤奖|绩效奖金|五险一金|加班补贴
云方向业务部门_大数据技术主管,北京思特奇信息技术股份有限公司陕西分公司,1-2万/月,西安|5-7年经验|本科|招1人|05-05发布,五险一金|补充医疗保险|员工旅游|交通补贴|餐饮补贴|通讯补贴|专业培训|绩效奖金|定期体检|弹性工作
运营总监（乐享融资租赁）,西安华中投资实业（集团）有限公司,1-1.5万/月,西安-雁塔区|3-4年经验|本科|招1人|05-05发布,带薪年假|五险一金|包吃|全勤奖|绩效奖金|节日福利|专业培训|免费午餐
云计算产品经理,上海云首信息科技有限公司,1.5-2万/月,西安-雁塔区|3-4年经验|本科|招若干人|05-05发布,五险一金|补充医疗保险|员工旅游|绩效奖金|弹性工作|定期体检
信息化主管,（石羊集团）长安花粮油股份有限公司,1.2-1.6万/月,西安|5-7年经验|本科|招1人|05-05发布|计算机科学与技术,五险一金|交通补贴|专业培训|绩效奖金
实施维护工程师（工作地上海）,汇纳科技股份有限公司,4-6千/月,西安|无工作经验|大专|招若干人|05-05发布,五险一金|交通补贴|餐饮补贴|股票期权|定期体检
网络安全工程师-西安,北京信达环宇安全网络技术有限公司,4-6千/月,西安|无工作经验|大专|招2人|05-06发布|英语|计算机网络 信息管理和信息系统,五险一金|补充医疗保险|补充公积金|专业培训|绩效奖金|弹性工作
UI设计师,上海蒙帕信息技术有限公司,5-8千/月,西安-高新技术产业开发区|3-4年经验|大专|招1人|05-06发布,五险一金|员工旅游|交通补贴|餐饮补贴|通讯补贴|专业培训|绩效奖金|年终奖金
DBA/数据库管理员,上海京颐科技股份有限公司,0.8-1.5万/月,西安|3-4年经验|本科|招1人|05-06发布,五险一金|餐饮补贴|通讯补贴|定期体检|节日福利|员工旅游
行政文员 4k起,重庆人瑞人力资源服务有限公司,4.5-6千/月,西安-雁塔区|无工作经验|高中|招2人|05-06发布,做五休二|做一休一|周末双休|弹性工作|带薪年假|免费班车|包住宿|包吃|全勤奖|加班补贴
软件实施工程师,陕西德通信息科技有限公司,4.5-6千/月,银川|无工作经验|本科|招3人|05-06发布|计算机科学与技术,五险一金|员工旅游|交通补贴|餐饮补贴|通讯补贴|年终奖金|定期体检
广告销售经理,西安瑜乐文化科技股份有限公司,0.8-1.5万/月,西安|无工作经验|大专|招若干人|05-06发布,五险一金|绩效奖金|年终奖金
弱电工程师（周至工作）,陕西沙河实业有限公司,6-8千/月,西安-周至县|5-7年经验|大专|招1人|05-06发布,免费班车|包食宿
集成方案工程师,西安玄黄通信技术有限公司,6-8千/月,西安-高新技术产业开发区|3-4年经验|本科|招2人|05-06发布|通信工程,
Oracle DBA,上海新炬网络信息技术股份有限公司,0.8-1.2万/月,西安|无工作经验|招1人|05-06发布,五险一金|通讯补贴|定期体检|员工旅游
模特演绎经纪人,北京热度文化传媒有限公司西安分公司,4.5-6千/月,西安-碑林区|无工作经验|大专|招2人|05-06发布,五险一金|绩效奖金|年终奖金
POS机维护人员,陕西浦思金融网络科技有限公司,4.5-6千/月,西安-新城区|无工作经验|中技|招10人|05-06发布,五险一金|交通补贴|餐饮补贴|通讯补贴|绩效奖金|弹性工作|生日节日福利
电商运营主管(职位编号：998),西安佳帮手日用品有限公司,15-30万/年,西安-灞桥区|无工作经验|招5人|05-06发布,全勤奖|节日福利|带薪年假|包住宿|交通补贴|免费工作餐|定期体检
大数据工程师,上扬软件有限公司,1-1.5万/月,西安-雁塔区|无工作经验|招若干人|05-06发布,五险一金|餐饮补贴|通讯补贴|专业培训|出国机会|年终奖金
实施服务实习生,用友网络科技股份有限公司陕西分公司,1-2千/月,西安|无工作经验|招若干人|05-06发布,专业培训
民宿运营,象宿网络技术（北京）有限公司,0.5-1万/月,西安-莲湖区|1年经验|大专|招1人|05-06发布,五险|绩效奖金|带薪年假
网站设计/美工/网站运营,西安华线石油科技有限公司,3-7千/月,西安|无工作经验|招2人|05-06发布,五险一金|带薪年假|绩效奖金|节日福利|专业培训|员工体检|商业保险|项目奖金|效益奖金|差旅补贴等
技术支持工程师（西安）,上海博达数据通信有限公司,4.5-6千/月,西安-曲江文化新区|1年经验|本科|招1人|05-06发布,五险一金|专业培训|年终奖金|做五休二
客户经理-科研通信-西安(0787),凌云光技术集团光纤仪器与器件事业部,1-2万/月,西安|无工作经验|硕士|招1人|05-06发布,五险一金|补充医疗保险|免费班车|通讯补贴|绩效奖金|年终奖金|弹性工作|定期体检
IT专员,西安运通博宝汽车销售服务有限公司,3-4.5千/月,西安|1年经验|大专|招1人|05-06发布,带薪年假|五险一金|专业培训|补充医疗保险|周末双休|节日福利|绩效奖金
网络维护工程师(职位编号：dxqf-rd-01),西安德信秦风电子商务有限公司,3-4.5千/月,西安-未央区|无工作经验|大专|招1人|05-06发布|计算机科学与技术 软件工程,加班补贴|住房补贴|交通补贴|绩效奖金|工龄工资|年终奖金|额外奖金
文案策划,陕西金红运金属科技有限公司,3-4.5千/月,西安|2年经验|大专|招1人|05-06发布,餐饮补贴|补充医疗保险|定期体检|绩效奖金|年终奖金|五险一金
数据库工程师（大学讲师）,北京华晟经世信息技术有限公司,0.8-1万/月,西安-鄠邑区|3-4年经验|本科|招2人|05-06发布,五险一金|绩效奖金|年终奖金|专业培训|通讯补贴|定期体检
销售经理（西安）,霍立克电气有限公司,15-20万/年,西安|2年经验|大专|招1人|05-06发布|普通话,五险|补充医疗保险|免费班车|餐饮补贴|年终奖金|绩效奖金|专业培训|弹性工作
物联网项目实施管理员,西安安控鼎辉信息技术有限公司,4-6千/月,西安-莲湖区|无工作经验|招5人|05-06发布,五险一金|员工旅游|餐饮补贴|绩效奖金|定期体检|年终奖金
应届毕业生/实施顾问,明源软件西安公司,4-6千/月,西安-未央区|无工作经验|本科|招3人|05-06发布,五险一金|员工旅游|交通补贴|通讯补贴|绩效奖金|年终奖金|定期体检|周末双休
软件实施工程师（长期出差驻外）,陕西公众仕达软件科技有限公司,3-6千/月,西安|无工作经验|招1人|05-06发布,五险|通讯补贴|带薪年假|专业培训
2019信息-西安分中心Linux系统工程师,中国东方航空股份有限公司,1.5-2万/月,上海-闵行区|无工作经验|招若干人|05-06发布,五险一金|专业培训|出国机会
云平台网络工程师,宁波弘讯软件开发有限公司西安分公司,0.6-1.2万/月,西安-高新技术产业开发区|3-4年经验|本科|招3人|05-06发布,
大数据开发工程师,上海阅维信息科技有限公司,1-2万/月,西安|3-4年经验|本科|招3人|05-06发布|计算机科学与技术 信息与计算科学,五险一金|年终奖金|定期体检|员工旅游|专业培训
CATIA二次开发工程师,北京德天博诚科技有限公司,0.8-1.5万/月,北京-朝阳区|3-4年经验|本科|招2人|05-06发布,
Sr. Data Center Operation Engineer(00582D),施耐德电气信息技术（中国）有限公司,,西安|3-4年经验|大专|招1人|05-06发布,
销售经理,西安三图信息技术有限公司,0.8-1万/月,西安|1年经验|大专|招5人|05-06发布,五险一金|员工旅游|年终奖金|绩效奖金|弹性工作
商业信息经理/副经理,陕西南飞鸿实业有限公司,,西安|无工作经验|招若干人|05-06发布,五险一金|定期体检|餐饮补贴|绩效奖金|年终奖金|高温补贴
网络维护,西安莲湖智行医院有限公司,2-4千/月,西安-莲湖区|无工作经验|招1人|05-06发布,餐饮补贴|定期体检|专业培训|绩效奖金
网络信息主管,陕西华诚物业管理有限责任公司,4.5-6千/月,西安-雁塔区|3-4年经验|大专|招2人|05-06发布,五险一金|专业培训|定期体检|员工旅游|餐饮补贴|绩效奖金|年终奖金|带薪年假|高温补贴
网络和服务器维护工程师,上海基灵智能科技有限公司,5-7千/月,西安-雁塔区|1年经验|大专|招1人|05-06发布,
销售助理（正信电气）,西安西驰电气股份有限公司,4.5-6千/月,西安-高新技术产业开发区|无工作经验|招1人|05-06发布,五险一金|免费班车|交通补贴|通讯补贴|绩效奖金|年终奖金|节假日福利
信息专员(职位编号：008257),西安沣东新城吾悦商业管理有限公司,3-4.5千/月,西安-西咸新区|2年经验|大专|招1人|05-06发布,五险一金|餐饮补贴|专业培训|年终奖金
系统维护员,西安大都荟商业管理有限公司,3-4.5千/月,西安-雁塔区|无工作经验|招若干人|05-06发布,五险|年终奖金|餐饮补贴|通讯补贴|交通补贴|带薪年假
软件实施工程师,北京英诺威尔科技股份有限公司,4.5-6千/月,西安|无工作经验|本科|招1人|05-06发布,五险一金|补充医疗保险|餐饮补贴|通讯补贴|年终奖金|定期体检|领导nice|氛围好
技术总监,陕西大辉医疗科技有限公司,12-20万/年,西安|无工作经验|招1人|05-06发布,
.net 开发工程师,住友重机械减速机（中国）有限公司上海分公司,0.8-1.2万/月,西安-雁塔区|3-4年经验|本科|招1人|05-06发布,
网络维护工程师,西安北斗星财务管理有限公司,3-4.5千/月,西安|1年经验|大专|招5人|05-05发布,做五休二|周末双休|带薪年假|绩效奖金|全勤奖|节日福利|餐饮补贴|交通补贴|通讯补贴|高温补贴
网络维护员,陕西健驰生物药业有限公司,2-4千/月,西安-雁塔区|1年经验|招1人|05-05发布,
技术支持工程师（西安）,山大地纬软件股份有限公司,4-8千/月,西安-碑林区|无工作经验|本科|招2人|05-05发布|计算机工程 软件工程,五险一金|通讯补贴|员工旅游|带薪年假|节日福利|绩效奖金
软件开发工程师(ERP),力成半导体（西安）有限公司,,西安|2年经验|本科|招若干人|05-05发布|信息管理和信息系统 计算机科学与技术,五险一金|补充医疗保险|免费班车|年终奖金|绩效奖金|定期体检|员工旅游|专业培训
数据库工程师,西安绿点信息科技有限公司,6-8千/月,西安|无工作经验|招1人|05-05发布,五险一金|通讯补贴|绩效奖金|年终奖金|定期体检|弹性工作
宣传策划,西安世园物业管理有限责任公司,2.5-3.5千/月,西安|2年经验|大专|招1人|05-05发布,带薪年假|加班补贴|包吃|节日福利|全勤奖|餐饮补贴|专业培训|通讯补贴|购买社保|朝九晚五
高级软件架构师,西安华信智慧数字科技有限公司,1.2-2万/月,西安-雁塔区|无工作经验|招2人|05-05发布,做五休二|周末双休|带薪年假|五险一金|节日福利|专业培训|通讯补贴
CTO-技术总监,西安道恩网络科技有限公司,1.5-2.5万/月,西安|5-7年经验|本科|招1人|05-05发布,五险一金|绩效奖金|专业培训|弹性工作|年终奖金|节日福利|员工旅游
新媒体运营编辑,西安欧绅兔图书文化传播有限公司,6-8千/月,西安|2年经验|本科|招3人|05-05发布,
技术支持与维护工程师,陕西先达智能科技有限公司,4-6千/月,西安-雁塔区|1年经验|大专|招2人|05-05发布|英语一般|计算机科学与技术 计算机应用,交通补贴|餐饮补贴|绩效奖金|年终奖金|股票期权|五险一金
自动售货机补货员,杭州新鲜部落科技有限公司,4-7千/月,西安|1年经验|中技|招若干人|05-06发布,
IT基础架构(职位编号：531631),西安吉利汽车有限公司,6-8千/月,西安-经济技术开发区|无工作经验|招2人|05-06发布,
ITSM/DevOps高级咨询顾问,上海速邦信息科技有限公司,1-1.5万/月,西安|5-7年经验|硕士|招1人|05-06发布,五险一金|专业培训|弹性工作|年终奖金
项目经理/西安,深圳市前海亿车科技有限公司,0.8-1.5万/月,西安|5-7年经验|本科|招1人|05-06发布,周末双休|弹性工作|带薪年假|五险一金|绩效奖金|专业培训|年度调薪|免费下午茶
机械维护工程师,西安奥若特材料技术有限公司,4.5-6千/月,西安-阎良区|3-4年经验|大专|招2人|05-06发布,专业培训|五险一金|周末双休|加班补贴|带薪年假
ERP技术支持工程师,陕西锐力信息技术有限公司,4-6千/月,西安|无工作经验|大专|招3人|05-06发布|普通话良好,五险一金|绩效奖金|节日福利|年终奖金|专业培训
SAP实施顾问（PP/MM/FICO）(J10154),西安诺瓦电子科技有限公司,1-2万/月,西安|3-4年经验|本科|招3人|05-06发布,五险一金|员工旅游|餐饮补贴|专业培训|年终奖金|定期体检|司龄假期
业务拓展经理(SAAS业务),万帮新能源投资集团有限公司,4.5-6.5千/月,西安|1年经验|大专|招2人|05-06发布,五险一金|员工旅游|年终奖金|绩效奖金|餐饮补贴|定期体检
Web开发工程师（西安/清洁能源）,隆基绿能科技股份有限公司,0.8-1万/月,西安-未央区|5-7年经验|本科|招若干人|05-06发布,周末双休|弹性工作|带薪年假|五险一金|包吃|免费班车|绩效奖金|全勤奖|节日福利|交通补贴
医疗器械维护工程师（月薪6K+）,陕西华信医疗设备器械有限公司,6-8千/月,西安-雁塔区|3-4年经验|大专|招2人|05-06发布,五险一金|绩效奖金|弹性工作
销售经理,深圳市龙控智能技术有限公司,6-8千/月,西安|无工作经验|招若干人|05-06发布,五险一金|员工旅游|年终奖金|专业培训|定期体检
Java高级开发工程师（西安）,广州亿程交通信息集团有限公司,1-1.5万/月,西安-高新技术产业开发区|5-7年经验|大专|招1人|05-06发布,五险一金|免费班车|年终奖金|员工旅游|绩效奖金|定期体检
UPS安装和维护工程师,美图（中国）机电设备有限公司,4.5-6千/月,西安|2年经验|大专|招若干人|05-06发布,专业培训|通讯补贴|餐饮补贴|五险|周末双休|绩效奖金|交通补贴
客服专员/助理,西安卓越软件开发有限公司,3-5千/月,西安|1年经验|本科|招2人|05-06发布|软件工程 计算机信息管理,五险一金|带薪年假|高温补贴|通讯补贴|绩效奖金|全勤奖|节日福利|弹性工作|商业保险
Python开发工程师,上海久耶供应链管理有限公司,7-9千/月,西安-高新技术产业开发区|2年经验|本科|招2人|05-06发布,五险一金|绩效奖金|定期体检|专业培训|出国机会
项目维护工程师,北京亚控科技发展有限公司,4-6千/月,西安|无工作经验|本科|招3人|05-06发布,
运营专员,宁夏华宝枸杞产业有限公司,3-4.5千/月,西安|无工作经验|大专|招1人|05-06发布,五险一金|餐饮补贴|绩效奖金|年终奖金
数据开发工程师,北京先进数通信息技术股份公司,4-8千/月,西安|3-4年经验|本科|招2人|05-06发布|计算机科学与技术,五险一金|餐饮补贴|定期体检|年终奖金
软件实施工程师（西安市）,福建博思软件股份有限公司,4-7千/月,西安|1年经验|本科|招10人|05-06发布,五险一金|补充医疗保险|员工旅游|餐饮补贴|通讯补贴|股票期权|弹性工作|定期体检
系统管理员,陕西瑞鑫源实业有限公司,4.5-6千/月,西安-高新技术产业开发区|无工作经验|招1人|05-06发布,五险一金|餐饮补贴|通讯补贴|年终奖金|绩效奖金|定期体检
新媒体运营专员,西安东申景观艺术工程有限公司,1-1.5万/月,西安-高新技术产业开发区|2年经验|中专|招2人|05-06发布|新闻学 广告学,五险一金|年终奖金|绩效奖金
IT维护员/网络管理员,北京时代华擎信息技术有限公司,3.5-4.5千/月,陕西省|2年经验|大专|招1人|05-06发布,绩效奖金|周末双休|弹性工作
IT工程师,西安大医集团有限公司,0.5-1万/月,西安|2年经验|招1人|05-06发布,五险一金|通讯补贴|绩效奖金|餐饮补贴
软件工程师,亚创（上海）工程技术有限公司,1-1.5万/月,西安-高新技术产业开发区|无工作经验|招18人|05-06发布,五险一金|补充医疗保险|年终奖金|定期体检|带薪年假|节日福利|周末双休
技术工程师（储能）,广州智光电气股份有限公司,1-1.5万/月,广州-黄埔区|无工作经验|大专|招3人|05-06发布,五险一金|免费班车|年终奖金|绩效奖金|员工旅游
系统集成工程师,陕西博大系统信息技术有限公司,4.5-6千/月,西安|1年经验|大专|招1人|05-06发布,五险|交通补贴|员工旅游|绩效奖金|年终奖金|专业培训
售后工程师,西安森戈精密信号科技有限公司,4-8千/月,西安-高新技术产业开发区|无工作经验|大专|招10人|05-06发布,五险一金|补充医疗保险|绩效奖金|定期体检|周末双休
销售经理    西安代理商,江苏千米网络科技股份有限公司,4-8千/月,西安-碑林区|无工作经验|高中|招5人|05-06发布,绩效奖金|年终奖金|餐饮补贴
实施/java/android/c++/ios/php、其他,中讯志远（武汉）科技有限公司,4.5-6千/月,西安|无工作经验|招若干人|05-06发布,五险一金|专业培训
系统维护工程师,西安唐远信息科技有限公司,3-6千/月,西安-曲江文化新区|无工作经验|本科|招2人|05-06发布,绩效奖金|专业培训|员工午餐
网络工程师,陕西国博政通信息科技有限公司,4-7千/月,西安-高新技术产业开发区|2年经验|大专|招3人|05-06发布,五险一金|周末双休|生日节日福利|绩效奖金|年终奖金|专业培训
大数据开发工程师,紫光陕数大数据有限公司,1-1.5万/月,西安-高新技术产业开发区|5-7年经验|本科|招2人|05-06发布,五险一金|弹性工作|定期体检|交通补贴|通讯补贴
售后服务专家（新能源汽车）,传化物流集团有限公司（绿色慧联）,5-8千/月,西安-未央区|3-4年经验|大专|招若干人|05-06发布,五险一金|餐饮补贴|通讯补贴|定期体检|交通补贴|绩效奖金
openstack工程师,深圳市讯方技术股份有限公司,6-9千/月,西安|1年经验|大专|招1人|05-06发布,五险一金|餐饮补贴|通讯补贴|交通补贴|定期体检|弹性工作
网络工程师/技术支持工程师,飞思达技术（北京）有限公司,0.7-1.3万/月,西安-雁塔区|无工作经验|招2人|05-06发布,五险一金|餐饮补贴|通讯补贴|员工旅游|年终奖金
客户经理,陕西泽鼎企业管理咨询有限公司,6-8千/月,西安-未央区|无工作经验|大专|招30人|05-06发布,五险一金|绩效奖金|年终奖金|员工旅游|带薪年假|全勤奖|节日福利|专业培训|法定节假日休
ERP（财务系统/费控系统）工程师,西安伯恩人力资源咨询有限公司,1-1.5万/月,西安-经济技术开发区|8-9年经验|本科|招1人|05-06发布,做五休二|餐饮补贴|带薪年假|五险一金|绩效奖金|专业培训
图书管理员（西安）,苏州嘉图软件有限公司,2.5-3.5千/月,西安-未央区|无工作经验|招1人|05-06发布,带薪年假|五险一金|补充医疗保险
数据库开发 SQL,HCL Technologies (Shanghai) Limited,0.8-1万/月,西安|5-7年经验|大专|招1人|05-06发布,
实习生,西安博达软件股份有限公司,2-4千/月,西安-高新技术产业开发区|无工作经验|本科|招50人|05-06发布,五险一金|员工旅游|弹性工作|通讯补贴|定期体检|专业培训|绩效奖金|交通补贴|免费班车|餐饮补贴
嵌入式技术总工,陕西瑞迅电子信息技术有限公司,2-3万/月,西安-高新技术产业开发区|8-9年经验|本科|招1人|05-06发布,周末双休|带薪年假|五险一金|节日福利|通讯补贴|餐饮补贴
IT技术支持/Helpdesk（常驻银行）,北京直信创邺数码科技有限公司,3.5-4千/月,西安|1年经验|大专|招1人|05-06发布,带薪年假|五险一金|节日福利|做五休二|弹性工作|高温补贴|绩效奖金|专业培训
软件产品实施工程师(技术支持),西安普瑞米特科技有限公司,6-8千/月,西安-高新技术产业开发区|无工作经验|招3人|05-06发布,做五休二|周末双休|五险一金|绩效奖金|节日福利|通讯补贴
IT工程师（要求英语口语交流沟通能力）,英孚青少儿英语西安学校,4-5千/月,西安|无工作经验|本科|招若干人|05-06发布,五险一金|员工旅游|交通补贴|通讯补贴|出国机会|年终奖金|团队建设|节日福利|子女免费课程
项目经理,西安和硕物流科技有限公司,1.5-2万/月,西安|无工作经验|招若干人|05-06发布,员工旅游|专业培训|绩效奖金|社保|朝九晚五|股权|年终奖金
信息管理,西安首创新开置业有限公司,0.6-1万/月,西安-未央区|3-4年经验|本科|招2人|05-06发布,
高级java开发（云服务）,威发（西安）软件有限公司,0.8-1.6万/月,西安-高新技术产业开发区|5-7年经验|大专|招10人|05-06发布|普通话熟练,员工旅游|专业培训|年终奖金|五险一金|定期体检|补充医疗保险|部分餐补|加班交通补|部分商业保险|文娱体育锻炼
销售总监(职位编号：01),陕西荣森网络科技有限公司,1-1.5万/月,西安-雁塔区|3-4年经验|大专|招2人|05-06发布,员工旅游|周末双休|法定假日|年终奖金|绩效奖金|股票期权|餐饮补贴|出国机会
技术支持,西安佳卓信息科技有限公司,3-4.5千/月,西安|2年经验|大专|招1人|05-06发布,绩效奖金|弹性工作|年终奖金|五险一金|员工旅游|定期体检
Python高级开发工程师,西安比尔电子科技有限公司,5-7千/月,西安-雁塔区|3-4年经验|大专|招2人|05-06发布,绩效奖金|周末双休|年终奖金|五险一金|员工旅游|交通补贴|餐饮补贴|通讯补贴|出国机会
驻场工程师,东升耘智科技有限公司,3-4.5千/月,西安|1年经验|大专|招若干人|05-06发布,
商务经理（懂技术）,陕西锦瑞秦风文化产业有限公司,5-8千/月,西安-高新技术产业开发区|3-4年经验|大专|招10人|05-06发布,五险一金|交通补贴|绩效奖金|年终奖金|周末双休|全勤奖
商务经理（懂技术）,陕西锦瑞秦风文化产业有限公司,5-8千/月,西安-高新技术产业开发区|3-4年经验|大专|招10人|05-06发布,五险一金|交通补贴|年终奖金|绩效奖金|周末双休|全勤奖
实施顾问,西安拓瑞网络信息技术有限公司,4-6千/月,西安-莲湖区|1年经验|大专|招3人|05-06发布,五险一金|绩效奖金|周末双休|带薪年假|通讯补贴|交通补贴|专业培训
Python 后端开发工程师(J11843),绿盟科技,1-1.8万/月,西安-高新技术产业开发区|2年经验|本科|招若干人|05-06发布,五险一金|补充医疗保险|员工旅游|餐饮补贴|专业培训|绩效奖金|年终奖金|弹性工作|定期体检
数据库工程师,上海舟恩信息技术有限公司,1.2-1.8万/月,西安-雁塔区|3-4年经验|大专|招若干人|05-06发布,五险一金|餐饮补贴|年终奖金|带薪年假|周末双休|节日福利
实习生（java技术方向）,西安神州数码有限公司,2-3千/月,西安-高新技术产业开发区|无工作经验|本科|招3人|05-06发布,员工旅游|餐饮补贴|定期体检|弹性工作
俄语翻译,陕西运维电力股份有限公司,6-8千/月,西安|无工作经验|招1人|05-06发布,五险一金|员工旅游|交通补贴|年终奖金|专业培训|通讯补贴|餐饮补贴
技术支持/运维工程师,西安凯达科技有限公司,3.5-6千/月,西安-长安区|无工作经验|招2人|03-07发布,五险一金|交通补贴|通讯补贴
运维工程师,西安图道信息科技有限公司,3-6千/月,西安-雁塔区|无工作经验|招1人|03-08发布,五险一金|员工旅游|交通补贴|定期体检|专业培训|绩效奖金|年终奖金
桌面运维工程师,陕西省君凯电子科技有限公司,5-8千/月,西安|2年经验|本科|招若干人|03-08发布,五险一金|专业培训|交通补贴|餐饮补贴|通讯补贴|绩效奖金
网络运维管理（西安研发中心）,中科芯集成电路股份有限公司,4-6.5千/月,西安-雁塔区|2年经验|本科|招1人|03-08发布|计算机信息管理 计算机网络,五险一金|员工旅游|专业培训|年终奖金|绩效奖金|定期体检
运维工程师,西安瑞蓝创软件科技有限公司,0.7-2万/月,西安-高新技术产业开发区|3-4年经验|招2人|03-11发布,
运维专员,浙江深大智能科技有限公司,3-4.5千/月,西安-未央区|无工作经验|大专|招2人|03-11发布,五险一金|绩效奖金|年终奖金|定期体检|餐饮补贴|通讯补贴
网络运维主管,西安正大制药有限公司,4.5-6千/月,西安-雁塔区|2年经验|大专|招若干人|03-11发布|计算机应用 计算机科学与技术,五险一金|通讯补贴|绩效奖金|交通补贴|定期体检|员工旅游|免费班车|餐饮补贴|专业培训
运维工程师,西安中麦通讯科技有限公司,6-8千/月,西安-雁塔区|无工作经验|招2人|03-14发布,
系统运维工程师,广州中爆数字信息科技股份有限公司,4.5-6千/月,石嘴山|3-4年经验|大专|招2人|03-14发布,五险一金|餐饮补贴|定期体检|绩效奖金|年终奖金
驻场运维工程师,北京华电天仁电力控制技术有限公司,,西安-雁塔区|3-4年经验|大专|招若干人|03-14发布|计算机科学与技术,五险一金|补充医疗保险|绩效奖金|弹性工作|定期体检
运维工程师,陕西众友赛微数码科技有限公司,6-8千/月,西安|3-4年经验|大专|招2人|03-14发布,五险一金|弹性工作|餐饮补贴|交通补贴|绩效奖金
IT运维工程师（双休 五险一金）,西安创新中小企业应收账款管理有限公司,0.8-1万/月,西安-经济技术开发区|3-4年经验|本科|招2人|03-18发布,
实施运维工程师,西安安谷运合软件技术有限公司,6-9千/月,西安-未央区|无工作经验|中专|招若干人|03-18发布,五险一金|交通补贴|餐饮补贴|年终奖金|弹性工作
运维客服,陕西安裕智能科技有限公司,3-4.5千/月,西安-雁塔区|1年经验|招1人|03-18发布,五险一金|弹性工作|交通补贴|年终奖金|专业培训
大数据运维,西安点告网络科技有限公司,2.5-3万/月,西安-雁塔区|无工作经验|招若干人|03-18发布,周末双休|弹性工作|带薪年假|五险一金|节日福利|员工旅游|定期体检|商业险
运维工程师,旅拍通科技有限公司,5-8千/月,西安-未央区|3-4年经验|大专|招1人|03-18发布|软件工程,
运维工程师,西安亚购信息科技有限公司,5-8千/月,西安-高新技术产业开发区|3-4年经验|本科|招若干人|03-19发布,五险一金|专业培训|年终奖金|绩效奖金|定期体检|出国机会
Linux运维工程师,环迅通科技（北京）有限公司,1-1.5万/月,深圳-南山区|3-4年经验|大专|招3人|03-19发布|英语良好|计算机科学与技术 计算机网络,五险一金|交通补贴|餐饮补贴|通讯补贴|出国机会
运维/技术支持工程师,陕西敏捷装饰工程有限公司,0.6-1.5万/月,西安-高新技术产业开发区|无工作经验|招1人|03-23发布,
软件运维工程师   软件实施工程师,西安力邦制药有限公司,4.5-6千/月,西安|2年经验|本科|招3人|03-24发布,餐饮补贴|交通补贴|通讯补贴|定期体检|社保|绩效奖金|年终奖金
运维工程师,西安普天通信有限公司,6-9千/月,西安|无工作经验|大专|招2人|03-25发布,周末双休|五险一金|绩效奖金|交通补贴|节日福利|餐饮补贴|高温补贴|专业培训|定期体检|年终奖金
系统运维工程师,陕西通家汽车股份有限公司,4-8千/月,西安|2年经验|本科|招2人|03-25发布|软件工程 计算机科学与技术,五险一金|餐饮补贴|绩效奖金|交通补贴
运维工程师,瑞幸咖啡（中国）有限公司,4-6千/月,西安|1年经验|本科|招3人|03-27发布,五险一金|交通补贴|餐饮补贴|通讯补贴
桌面运维工程师,北京长禾嘉信息技术有限公司,3-4.5千/月,南宁|1年经验|大专|招2人|03-28发布|英语良好|计算机应用 计算机网络,餐饮补贴
PLM系统运维工程师,西安天和防务技术股份有限公司,6-8千/月,西安|2年经验|本科|招2人|03-28发布,五险一金|定期体检|年终奖金|员工旅游|免费班车|包三餐|带薪年假|周末双休
驻厂运维修人员,西安庆安航空电子有限公司,4.5-6千/月,西安-莲湖区|1年经验|大专|招1人|03-28发布,五险一金|员工旅游|专业培训|绩效奖金|年终奖金|定期体检
运维工程师,富士通（西安）系统工程有限公司,4-8千/月,西安-雁塔区|2年经验|大专|招1人|03-29发布|日语良好,五险一金|补充医疗保险|员工旅游|出国机会|定期体检|年终奖金
运维工程师,海南鹰海医疗信息技术有限公司,3-5千/月,贵阳|1年经验|大专|招1人|03-31发布|计算机科学与技术 软件工程,五险一金|交通补贴|餐饮补贴|通讯补贴|定期体检|绩效奖金
售后技术支持工程师（西安）,深圳市国信合成科技有限公司,4.5-6千/月,西安-雁塔区|1年经验|大专|招1人|05-06发布|计算机网络 计算机科学与技术,五险一金|员工旅游|专业培训|周末双休
暖通技术员,北京埃顿酒店服务有限公司,3-4.5千/月,西安-高新技术产业开发区|3-4年经验|高中|招1人|05-06发布,五险一金|年终奖金|绩效奖金
系统集成项目经理,北京富通东方科技有限公司,1.5-2万/月,陕西省|无工作经验|本科|招1人|05-06发布,五险一金|补充医疗保险|定期体检|餐饮补贴|节日福利
通信技术员,西安英杰科技有限公司,6-8千/月,西安-高新技术产业开发区|无工作经验|招2人|05-06发布,五险一金|周末双休|节日福利|每年多次调薪|弹性工作
系统集成工程师,新道共享服务中心,4.5-6千/月,西安-高新技术产业开发区|无工作经验|招1人|05-06发布,五险一金|员工旅游|年终奖金|节日福利|周末双休|弹性工作|带薪年假
网络信息安全维护工程师,西安启望计算机系统工程有限责任公司,3-4千/月,西安|无工作经验|大专|招1人|05-06发布,五险一金|通讯补贴|专业培训|绩效奖金|年终奖金|交通补贴
教务处行政专员,西安欧亚学院,4.5-6千/月,西安-雁塔区|无工作经验|硕士|招1人|05-06发布|教育学 行政管理,周末双休|五险一金|免费班车|绩效奖金|节日福利|专业培训|餐饮补贴|住房补贴
Java开发工程师,郑州菏怀软件科技有限公司,1.5-2万/月,西安-雁塔区|3-4年经验|本科|招5人|05-06发布,五险一金|弹性工作|交通补贴|年终奖金|绩效奖金
企划主管,华润置地（成都）物业服务有限公司,6-8千/月,西安-未央区|5-7年经验|本科|招1人|05-06发布,带薪年假|五险一金|绩效奖金|节日福利|专业培训|餐饮补贴|高温补贴|通讯补贴|交通补贴|周末双休
售后工程师--- 云计算服务,联强国际,,西安|2年经验|大专|招若干人|05-06发布,五险一金|交通补贴|通讯补贴|绩效奖金|定期体检|周末双休|年终奖金|专业培训|节日福利
技术负责人,北京宏元富成科技有限公司,1.5-3万/月,西安|10年以上经验|本科|招1人|05-06发布|英语良好|计算机科学与技术 软件工程,五险一金|绩效奖金|股票期权|定期体检|出国机会
技术工程师,陕西鲲游电子科技有限公司,3-4.5千/月,西安-碑林区|1年经验|大专|招2人|05-06发布,
运营专员/助理,西安时代顾邦教育科技有限公司,4.5-6千/月,西安-雁塔区|无工作经验|招1人|05-06发布,五险一金|专业培训|绩效奖金|年终奖金
软件实施工程师,江苏世轩科技股份有限公司,3-4.5千/月,西安-雁塔区|无工作经验|大专|招1人|05-06发布|计算机科学与技术 软件工程,五险一金|弹性工作
大数据开发工程师,郑州商霸信息技术有限公司,1.5-2.5万/月,西安|3-4年经验|本科|招若干人|05-06发布,五险一金|交通补贴|餐饮补贴|弹性工作|绩效奖金|年终奖金|交通便利|晋升空间大
PHP程序员,陕西翰林文化发展有限公司,4-6千/月,西安-碑林区|2年经验|大专|招3人|05-06发布,
网络管理员,西安慧浦教育科技有限公司,3-5千/月,西安-新城区|无工作经验|招1人|05-06发布,员工旅游|年终奖金|五险|单双轮休|超长带薪假|定期团建
网络工程师实习生,北京中海讯通数码科技有限公司,3-4.5千/月,西安-经济技术开发区|无工作经验|招5人|05-06发布,五险一金|通讯补贴|专业培训|绩效奖金|年终奖金|定期体检
C++开发工程师（应届生）,上海安托信息技术有限公司,6-8千/月,西安|无工作经验|本科|招5人|05-06发布,周末双休|带薪年假|五险一金|绩效奖金|专业培训|通讯补贴|出差补贴|员工旅游|补充医疗保险|定期体检
计算机维护工程师 4k 双休,西安荣佳商贸有限公司,4.5-6千/月,西安-碑林区|无工作经验|大专|招2人|05-06发布,五险一金|餐饮补贴|交通补贴|绩效奖金|员工旅游|年终奖金|定期体检|弹性工作|朝九晚六|周末双休
数据库工程师,华天科技（西安）有限公司,0.5-1万/月,西安-未央区|2年经验|本科|招2人|05-06发布,五险一金|员工旅游|餐饮补贴|通讯补贴|年终奖金|定期体检
Java开发工程师（贵阳）,大连同方软银科技股份有限公司,0.6-1万/月,贵阳|2年经验|本科|招5人|05-06发布,五险一金|意外伤害险|补充医疗保险|交通补贴|餐饮补贴|绩效奖金|年终奖金
Java 研发工程师,易谷网络科技股份有限公司,0.6-1.2万/月,西安|无工作经验|本科|招若干人|05-06发布,五险一金|员工旅游|交通补贴|餐饮补贴|通讯补贴|专业培训|绩效奖金|年终奖金|定期体检
体系维护工程师,西安源森生物科技有限公司,5-6万/年,西安|1年经验|招1人|05-06发布,周末双休|带薪年假|五险一金|节日福利|加班补贴|绩效奖金
技术支持工程师/售前工程师,广州像素数据技术股份有限公司,4.5-8千/月,西安-雁塔区|1年经验|大专|招2人|05-06发布|计算机科学与技术 电子信息科学与技术,五险一金|交通补贴|餐饮补贴|通讯补贴|员工旅游|年终奖金|绩效奖金|定期体检
技术支持工程师,禾麦科技开发（深圳）有限公司,6-8千/月,西安-高新技术产业开发区|3-4年经验|大专|招2人|05-06发布,五险一金|员工旅游|年终奖金|通讯补贴|专业培训|电脑补贴|周末双休
技术支持工程师,南京海泰医疗信息系统有限公司,5-7千/月,南京-玄武区|无工作经验|本科|招3人|05-06发布,五险一金|餐饮补贴|定期体检|股票期权|绩效奖金|带薪年假
大数据架构师,广东心灯文化旅游有限公司,1-1.5万/月,西安-高新技术产业开发区|5-7年经验|本科|招2人|05-06发布,五险一金|周末双休|多次调薪|绩效奖金|定期团建
电力工程师/技术员,陕西优能电力服务有限公司,4.5-6千/月,西安-灞桥区|1年经验|本科|招3人|05-06发布|电气工程及其自动化,带薪年假|五险一金|绩效奖金|全勤奖|节日福利|专业培训|交通补贴|餐饮补贴|通讯补贴|年终奖金
4G网络维护工程师,西安鼎盛通信信息科技有限公司,3-5千/月,西安-莲湖区|无工作经验|招5人|05-06发布,
支付宝收钱码推广,西安新方位网络科技有限公司,6-8千/月,西安-碑林区|无工作经验|招10人|05-06发布,弹性工作|全勤奖|绩效奖金|专业培训
国企诚聘自动化专员,西安经发物业管理有限责任公司,3.5-4.5千/月,西安-未央区|无工作经验|本科|招1人|05-06发布,周末双休|带薪年假|五险一金|包吃|包住宿|绩效奖金|节日福利|高温补贴|取暖费|季度劳保
Devops高级工程师,西安华恒航电科技有限公司,0.8-1万/月,西安-雁塔区|5-7年经验|招若干人|05-06发布,五险一金|周末双休
公寓店长,魔方公寓,6-8千/月,西安|无工作经验|招2人|05-06发布,节日福利|五险一金|绩效奖金|包住宿|年终奖金|定期体检|带薪年假|通讯补贴
技术支持工程师,陕西银兴智能科技股份有限公司,3-6千/月,西安-碑林区|1年经验|大专|招5人|05-06发布,做五休二|周末双休|带薪年假|全勤奖|绩效奖金|节日福利|专业培训|交通补贴|通讯补贴
云平台开发工程师,北京联盛德微电子有限责任公司,1.8-3.6万/月,西安|3-4年经验|本科|招1人|05-06发布,五险一金|餐饮补贴|绩效奖金|年终奖金|员工旅游|定期体检|弹性工作|带薪年假
IT技术岗,陕西长银消费金融有限公司,,西安|无工作经验|本科|招若干人|05-06发布,
助理实施服务工程师,广联达科技股份有限公司,200元/天,西安-未央区|无工作经验|本科|招3人|05-06发布,五险一金|补充医疗保险|餐饮补贴|定期体检|绩效奖金
信息化管理,西安知名地产公司,8-15万/年,西安|2年经验|本科|招1人|05-06发布,五险一金|补充医疗保险|免费班车|交通补贴|餐饮补贴|通讯补贴|专业培训|年终奖金|定期体检
产品策略副主任工程师,隆基乐叶光伏科技有限公司,1.5-2万/月,西安-经济技术开发区|无工作经验|招1人|05-06发布,带薪年假|五险一金|免费班车|节日福利|交通补贴|通讯补贴|定期体检
电力电气技术支持工程师,青岛首航电子有限公司,4.5-6千/月,西安|1年经验|大专|招1人|05-06发布,五险一金|交通补贴|绩效奖金|专业培训|弹性工作|通讯补贴|餐饮补贴|带薪年假
大数据开发工程师(职位编号：660587),杭州海康威视数字技术股份有限公司,1-1.5万/月,西安-高新技术产业开发区|3-4年经验|本科|招5人|05-06发布,
系统集成售中工程师,西安智联网络科技有限公司,3-4.5千/月,西安|无工作经验|招若干人|05-06发布,交通补贴|员工旅游|餐饮补贴|通讯补贴
Java架构师,上海师悦信息科技有限公司西安分公司,1.5-2.5万/月,西安-经济技术开发区|5-7年经验|本科|招2人|05-06发布|普通话一般,五险一金|专业培训|弹性工作|员工旅游|绩效奖金|股票期权|交通补贴
市场维护工程师,陕西纽兰德实业有限公司,0.6-1万/月,西安-雁塔区|2年经验|本科|招2人|05-06发布|英语精通|英语 机械设计制造及其自动化,餐饮补贴|专业培训|出国机会
系统集成工程师,陕西盈创数据信息技术有限公司,6-8千/月,西安-高新技术产业开发区|1年经验|大专|招3人|05-06发布,员工旅游|通讯补贴|五险一金|交通补贴|年终奖金|绩效奖金
半导体设备维修维护工程师,西安欧鹏信息技术有限公司,4.5-6千/月,西安-高新技术产业开发区|1年经验|大专|招若干人|05-06发布,五险一金|年终奖金|免费班车|餐饮补贴
高层协议软件开发工程师,大唐移动通信设备有限公司西安分公司,0.8-1.3万/月,西安|3-4年经验|本科|招5人|05-06发布,五险一金|补充医疗保险|餐饮补贴|专业培训|绩效奖金|定期体检
健检中心运维工程师,西安美兆健康管理有限公司,4-6千/月,西安-高新技术产业开发区|无工作经验|招1人|04-26发布,
运维开发工程师,西安图迹信息科技有限公司,5-7千/月,西安|3-4年经验|本科|招1人|04-27发布,五险一金|补充医疗保险|员工旅游|交通补贴|餐饮补贴|年终奖金|带薪年假|周末双休
驻厂运维岗,西安魔盾电气工程自动化研究所有限公司,3.5-4千/月,宝鸡|1年经验|大专|招4人|05-05发布|通信工程 计算机网络,五险一金|年终奖金|专业培训|员工旅游|定期体检|绩效奖金|交通补贴
运维工程师,宝鸡吉利发动机零部件有限公司,0.5-1万/月,宝鸡|2年经验|本科|招1人|05-06发布,五险一金|餐饮补贴|通讯补贴|专业培训|年终奖金|定期体检|节日福利
政企云运维服务工程师,神州数码信息服务股份有限公司,1-1.5万/月,西安-雁塔区|5-7年经验|大专|招2人|05-06发布,餐饮补贴|通讯补贴|绩效奖金|定期体检|五险一金|年终奖金
IT运维经理,西安博康电子有限公司,4-8千/月,西安-鄠邑区|无工作经验|招1人|05-06发布,周末双休|带薪年假|绩效奖金|专业培训
系统运维员,陕西巨子生物技术有限公司,0.6-1.5万/月,西安|3-4年经验|招1人|05-06发布,五险一金|补充医疗保险|员工旅游|绩效奖金|年终奖金|餐饮补贴
实施运维工程师,陕西惠宾电子科技有限公司,3-4.5千/月,西安-碑林区|无工作经验|招3人|05-06发布,做五休二|节日福利|绩效奖金|节假日休|定期培训|晋升机会
运维实施工程师,东华软件股份公司,,西安|2年经验|本科|招若干人|05-06发布,
web运维工程师,西安四智信息科技有限公司,4.5-9千/月,西安-雁塔区|2年经验|大专|招5人|05-06发布,员工旅游|绩效奖金|年终奖金|五险一金|弹性工作
软件运维工程师,康德曼（北京）互联网技术有限公司,4-8千/月,西安-雁塔区|2年经验|大专|招若干人|05-06发布,
系统运维工程师,西安新三鸣汽车零部件有限责任公司,4.5-6千/月,西安-经济技术开发区|3-4年经验|本科|招2人|04-01发布|计算机信息管理 软件工程,五险一金|专业培训|定期体检|餐饮补贴|补充医疗保险|包住宿|全勤奖
客户运维专员,上海岛昌医学科技股份有限公司,6-8千/月,西安|2年经验|大专|招若干人|04-02发布,五险一金|专业培训|绩效奖金|年终奖金
运维工程师,北京西普阳光教育科技股份有限公司,6-8千/月,西安-高新技术产业开发区|无工作经验|招2人|04-02发布,五险一金|餐饮补贴|专业培训|绩效奖金|年终奖金
运维工程师,西安远眺网络科技有限公司,6-8千/月,西安-高新技术产业开发区|2年经验|本科|招3人|04-02发布,五险一金|交通补贴|通讯补贴|定期体检|绩效奖金|年终奖金|早餐奶、水果
IT运维实习生,西安栢丽商业管理有限公司,140元/天,西安-长安区|无工作经验|大专|招2人|04-02发布|计算机科学与技术 计算机应用,
运维工程师（DevOps西安）,精硕科技(北京)股份有限公司,0.8-1.4万/月,西安-高新技术产业开发区|无工作经验|招1人|04-03发布,五险一金|补充医疗保险|餐饮补贴|定期体检|年终奖金|节日福利|带薪年假|周末双休|弹性工作|员工旅游
数据中心虚拟化高级运维工程师,中国电信集团系统集成有限责任公司西安区域中心,0.8-1万/月,西安|3-4年经验|本科|招2人|04-03发布,五险一金|专业培训
运维工程师,北京裕翔创力科技有限责任公司,1-1.5万/月,西安|3-4年经验|本科|招5人|04-04发布,五险一金|员工旅游|出国机会|年终奖金|绩效奖金|专业培训
运维工程师（大数据方向）,云积分科技有限公司,1-1.5万/月,西安-雁塔区|无工作经验|招1人|04-04发布,五险一金|股票期权|绩效奖金|周末双休|每月聚餐|定期团建
大数据平台运维工程师（Hadoop方向）,上海罗盘信息科技有限公司,1-1.5万/月,西安-雁塔区|2年经验|本科|招2人|04-08发布,五险一金|员工旅游|年终奖金|专业培训|绩效奖金
产品运维,陕西汇立网络科技有限公司,0.5-1万/月,西安-高新技术产业开发区|2年经验|中专|招5人|04-08发布,
运维经理,陕西护生健康管理有限公司,0.6-1万/月,西安-高新技术产业开发区|3-4年经验|本科|招1人|04-09发布,周末双休|节日福利|社会保险
IT技术支持运维工程师（***）- 西北(职位编号：20180503-XB),北京威通智海网络技术有限公司,500元/天,北京-海淀区|1年经验|大专|招200人|04-09发布|计算机网络,
系统运维工程师,陕西重型汽车有限公司,6-8千/月,西安|1年经验|本科|招10人|04-09发布,五险一金|补充医疗保险|补充公积金|免费班车|交通补贴|年终奖金|绩效奖金|专业培训|通讯补贴|餐饮补贴
运维工程师（西安）,杭州数云信息技术有限公司西安分公司,6-8千/月,西安-高新技术产业开发区|3-4年经验|大专|招1人|04-09发布,
桌面运维工程师,西安优音通信有限公司,3-4.5千/月,西安-未央区|无工作经验|大专|招1人|04-09发布|普通话|电子信息科学与技术,五险一金|餐饮补贴|专业培训|出国机会|绩效奖金|年终奖金|员工旅游|定期体检
运维专员/实习生 双休五险,西安卓睿信息技术有限公司,4.5-6千/月,西安|无工作经验|大专|招6人|04-10发布,五险一金|补充医疗保险|补充公积金|免费班车|员工旅游|交通补贴|绩效奖金
Linux运维/系统维护工程师,西安融科通信技术有限公司,0.6-1.2万/月,西安|3-4年经验|本科|招2人|04-11发布|计算机科学与技术 计算机网络,
运维工程师,南京迈特望科技股份有限公司,0.8-1万/月,西安-雁塔区|1年经验|大专|招1人|04-11发布|普通话熟练|计算机网络,五险一金|弹性工作|定期体检|年终奖金
运维工程师,西安大麦智能科技有限公司,4.5-6千/月,西安-曲江文化新区|2年经验|大专|招4人|04-12发布,五险一金|员工旅游|交通补贴|年终奖金|绩效奖金|专业培训|通讯补贴
运维工程师,西安可视可觉网络科技有限公司,4.5-6千/月,西安|无工作经验|招若干人|04-13发布,做五休二|五险一金|餐饮补贴|交通补贴|节日福利|带薪年假|定期体检|员工旅游|专业培训
运维工程师,西安和芯信息科技有限公司,4-6千/月,西安|无工作经验|本科|招5人|04-13发布,五险一金|专业培训|交通补贴|绩效奖金|员工旅游|补充医疗保险|定期体检|周末双休|节日福利
地信-大数据中心项目实施运维人员,中煤航测遥感集团有限公司,4-6千/月,西安-长安区|1年经验|本科|招3人|04-14发布|地理信息系统 测绘工程,五险一金|交通补贴|餐饮补贴|通讯补贴|专业培训|绩效奖金|年终奖金|定期体检
配电自动化运维工程师,西安森宝电气工程有限公司,3-6千/月,西安-高新技术产业开发区|无工作经验|招1人|04-15发布|电气工程及其自动化 计算机科学与技术,五险一金|员工旅游|交通补贴|餐饮补贴|通讯补贴|年终奖金
IT网络运维工程师,作业帮教育科技（北京）有限公司,4.5-6千/月,西安|2年经验|大专|招2人|04-15发布,五险一金|补充医疗保险|交通补贴|餐饮补贴|绩效奖金|年终奖金|补充公积金|员工旅游|专业培训|定期体检
运维工程师,西安长城数字软件有限公司,4-6千/月,西安-长安区|1年经验|招2人|04-16发布,五险一金|员工旅游|绩效奖金|免费班车|包吃
产品运维经理,西安优理克商务信息咨询有限公司,0.6-1万/月,西安-雁塔区|2年经验|本科|招1人|04-16发布,周末双休|五险一金|节日福利
NC运维顾问,用友建筑云服务有限公司,5-8千/月,西安|3-4年经验|本科|招1人|04-16发布,五险一金|交通补贴|餐饮补贴|通讯补贴|绩效奖金|周末双休|专业培训|年终奖金|定期体检
运维工程师,西安博大信息技术有限公司,4-6千/月,西安-碑林区|2年经验|大专|招若干人|04-17发布,五险一金|带薪年假
网络运维工程师 helpdesk,西安名世信息科技有限公司,3.5-6千/月,西安-雁塔区|1年经验|大专|招3人|04-17发布,绩效奖金|员工旅游|交通补贴|餐饮补贴|通讯补贴|年终奖金|专业培训
仓库系统运维工程师,西安万兴服务外包有限责任公司,6-8千/月,西安-高新技术产业开发区|1年经验|本科|招2人|04-17发布,做五休二|周末双休|节日福利|专业培训
运维工程师（陕西管局）,北京亚鸿世纪科技发展有限公司,5-8千/月,西安|1年经验|本科|招若干人|04-18发布,五险一金|餐饮补贴|通讯补贴|员工旅游|定期体检|节假日福利|带薪年假|结婚生子贺仪|生日会和礼物|年终奖金
高级运维工程师（容器 K8S）,陕西星邑空间技术有限公司,10-15万/年,西安-雁塔区|3-4年经验|本科|招2人|04-19发布|英语精通|计算机工程,五险一金|专业培训|绩效奖金|年终奖金|定期体检
网络运维专员,陕西佰美基因股份有限公司,4-6千/月,西安-西咸新区|1年经验|大专|招2人|04-19发布,五险一金|补充医疗保险|免费班车|交通补贴|餐饮补贴|绩效奖金
变电站运维工程师(职位编号：20170201),西安欧佰嘉电力科技工程有限公司,4-8千/月,西安-高新技术产业开发区|3-4年经验|大专|招若干人|04-20发布|电气工程及其自动化,五险一金|员工旅游|交通补贴|餐饮补贴|通讯补贴|绩效奖金|年终奖金
运维工程师,四川莫名信息科技有限公司西安分公司,5-6千/月,西安|2年经验|大专|招1人|04-21发布|普通话良好,五险一金|带薪年假|交通补贴|专业培训|节日福利|绩效奖金|餐饮补贴|住房补贴|通讯补贴|高温补贴
交通银行信用卡运维客户经理,交通银行信用卡中心,0.8-1万/月,西安-雁塔区|无工作经验|大专|招2人|04-22发布,绩效奖金|五险一金|定期体检|员工旅游|专业培训|补充医疗保险|年终奖金|餐饮补贴|交通补贴
服务器运维工程师,北京万维信达科技有限公司,4-8千/月,西安|1年经验|大专|招若干人|04-22发布,五险一金|带薪年假|周末双休
IT运维远程支持,中兴通讯股份有限公司,3-4.5千/月,西安-长安区|无工作经验|大专|招2人|04-23发布,五险一金|专业培训|年终奖金|定期体检
运维部副经理,陕西金山创新环保科技有限公司,3.5-7千/月,西安|2年经验|大专|招1人|04-23发布,工作餐|宿舍|社保|双休
windows系统运维工程师,西安恒谦教育科技股份有限公司,6-8千/月,西安-未央区|无工作经验|招2人|04-24发布,周末双休|五险一金|员工旅游|定期体检
云计算高级运维工程师,海南易建科技股份有限公司,0.7-1万/月,西安-新城区|2年经验|本科|招1人|04-24发布|英语良好|计算机科学与技术 计算机信息管理,五险一金|补充医疗保险|带薪年假|节日福利|值班费|周末双休
运维工程师,西安盈达信息科技有限公司,6-8千/月,西安-雁塔区|3-4年经验|本科|招3人|04-24发布|计算机科学与技术 软件工程,五险一金|专业培训|年终奖金|周末双休
运维工程师,金蝶软件西安分公司,3-6千/月,西安|2年经验|本科|招若干人|04-25发布,五险一金|员工旅游|专业培训|定期体检|交通补贴|绩效奖金
软件运维工程师,昆山华东信息科技有限公司,4-5千/月,西安-高新技术产业开发区|1年经验|大专|招1人|04-26发布,五险一金|免费班车|员工旅游|通讯补贴|专业培训|年终奖金|定期体检|周末双休|带薪年假
虚拟化运维工程师（驻场）,北京鸿果秋实科技有限公司,6-8千/月,西安|2年经验|大专|招2人|04-26发布,五险一金|专业培训|通讯补贴|餐饮补贴|交通补贴|绩效奖金|定期体检|员工旅游|年终奖金
运维岗,酷渲（北京）科技有限公司,0.5-1万/月,西安-高新技术产业开发区|无工作经验|招1人|04-26发布,五险一金|补充医疗保险|补充公积金|绩效奖金|定期体检|领导nice|公司氛围好|节日福利
高级运维工程师,西安交大长天软件股份有限公司,1-1.5万/月,西安|5-7年经验|本科|招1人|04-26发布,五险一金|补充医疗保险|员工旅游|交通补贴|餐饮补贴|专业培训|绩效奖金|年终奖金
运维经理,上海汉得信息技术股份有限公司,1.6-2万/月,西安|无工作经验|招2人|04-26发布,五险一金|补充医疗保险|补充公积金|通讯补贴|定期体检|年终奖金|员工旅游|专业培训
自动监测项目部-运维工程师,华测检测认证集团股份有限公司,4-6千/月,西安|3-4年经验|大专|招3人|04-26发布,五险一金|年终奖金|绩效奖金|专业培训|通讯补贴|餐饮补贴|定期体检|员工旅游
网络运维工程师-银行,国网汇通金财(北京)信息科技有限公司,6-8千/月,西安-莲湖区|1年经验|本科|招1人|05-06发布,五险一金|补充医疗保险|餐饮补贴|绩效奖金|年终奖金|定期体检
设备运维经理（物业工程经理）,深圳市金地楼宇工程有限公司西安分公司,6-8千/月,西安-雁塔区|3-4年经验|大专|招2人|05-06发布,周末双休|带薪年假|五险一金|绩效奖金|节日福利|专业培训|高温补贴
运维开发工程师,西安华炎信息科技有限公司,1-1.5万/月,杭州-滨江区|3-4年经验|本科|招若干人|05-06发布,五险一金|员工旅游|餐饮补贴|年终奖金|定期体检
软件运维工程师,深圳宏崎达技术有限公司,6-9千/月,西安-高新技术产业开发区|3-4年经验|本科|招1人|05-06发布,五险一金|员工旅游|专业培训|绩效奖金|年终奖金|定期体检|周末双休|带薪年假|节日福利
系统运维工程师（国家电网）,北京爱可生信息技术股份有限公司,6-8千/月,西安|无工作经验|招2人|05-06发布,五险一金|弹性工作|定期体检|绩效奖金|年终奖金|专业培训
运维工程师,郑州信大捷安信息技术股份有限公司,4-8千/月,西安|无工作经验|招2人|05-06发布,五险一金|员工旅游|交通补贴|餐饮补贴|通讯补贴|绩效奖金|年终奖金|定期体检
IT运维,西安比邻卓越人力资源服务有限公司,4-6千/月,西安-未央区|3-4年经验|本科|招1人|05-06发布,
运维工程师,陕西德富祥食品餐饮有限公司,5-7千/月,西安-莲湖区|3-4年经验|大专|招1人|05-06发布,带薪年假|绩效奖金|全勤奖|节日福利|专业培训|餐饮补贴|加班补贴
运维专员,陕西朗正环保科技有限公司,3.7-4.5千/月,西安|2年经验|大专|招3人|05-06发布,补充医疗保险|交通补贴|餐饮补贴|通讯补贴|绩效奖金
彩虹星球 社区运维 小区上班 就近分配,成都天符人瑞教育咨询有限公司,4-6千/月,西安-雁塔区|无工作经验|初中及以下|招20人|05-06发布,
运维服务专员,上海云欢网络科技有限公司,4.5-6千/月,西安-新城区|1年经验|大专|招1人|05-06发布,绩效奖金|年终奖金|员工旅游|做五休二|社保缴纳
网络运维工程师,西安智贸信息科技有限公司,3-6千/月,西安-雁塔区|1年经验|大专|招1人|05-06发布|英语一般|计算机应用,五险一金|餐饮补贴|通讯补贴|年终奖金
网络运维工程师--西安,视联动力信息技术股份有限公司,4.5-6千/月,西安|1年经验|大专|招若干人|05-06发布,五险一金|补充医疗保险|员工旅游|通讯补贴|专业培训|绩效奖金|年终奖金
运维工程师,百视通网络电视技术发展有限责任公司,3-4.5千/月,西安|1年经验|本科|招1人|05-06发布,
Linux运维工程师,哈尔滨敏典科技有限公司,1-3万/月,哈尔滨-道里区|5-7年经验|大专|招2人|05-06发布,员工旅游|通讯补贴|出国机会|绩效奖金|年终奖金|晋升空间大|老板人好|工作氛围很棒
IT运维专员,陕西卓昊物流有限公司,3-4.5千/月,西安-未央区|1年经验|大专|招2人|05-06发布,绩效奖金|节日福利
运维工程师,西咸新区长安港跨境电商物流有限公司,0.6-1万/月,西安-西咸新区|3-4年经验|本科|招2人|05-06发布|软件工程 计算机信息管理,五险一金|餐饮补贴|交通补贴
运维工程师,大方集团（西安）控股有限公司,5-6千/月,西安-雁塔区|3-4年经验|招1人|05-06发布,节日福利|包吃|包住宿|全勤奖
高级运维工程师,北京源晨动力技术服务有限公司,1-1.5万/月,西安-未央区|3-4年经验|大专|招若干人|05-06发布,五险一金|员工旅游|绩效奖金|专业培训|定期体检|年终奖金|通讯补贴
网络运维工程师,汉中新城万博房地产开发有限公司,3-5千/月,西安-高陵区|2年经验|高中|招10人|05-06发布,五险一金|节日福利|专业培训|通讯补贴|餐饮补贴|绩效奖金
系统运维工程师（西安）,广东旭诚科技有限公司,4.5-6千/月,西安|2年经验|大专|招1人|05-06发布|计算机工程 计算机科学与技术,五险一金|周末双休|带薪年假|绩效奖金|年终奖金|员工旅游|定期体检
系统运维工程师,北京中能博泰科技有限公司,4-6千/月,西安-雁塔区|3-4年经验|大专|招2人|05-06发布,五险一金|定期体检|绩效奖金|周末双休
高铁运维工程师,西安恪诚电子科技有限公司,3-4.5千/月,西安-雁塔区|1年经验|大专|招4人|05-06发布|计算机网络 计算机工程,五险一金|补充医疗保险|员工旅游|餐饮补贴|年终奖金|定期体检|周末双休|年假|每年调薪
HJJCH-运维工程师,深圳市博安达信息技术股份有限公司,4-6千/月,深圳-南山区|无工作经验|招1人|05-06发布,五险一金|绩效奖金|年终奖金|十四薪|全勤奖
运维工程师,彩讯科技股份有限公司,0.7-1.2万/月,西安|3-4年经验|本科|招1人|05-06发布,五险一金|通讯补贴|定期体检|绩效奖金|员工旅游
Linux运维开发工程师,大连华信计算机技术股份有限公司,0.8-1.6万/月,西安-雁塔区|2年经验|本科|招6人|05-06发布,五险一金|补充医疗保险|免费班车|专业培训|年终奖金|定期体检
运维工程师,西安汇景倬元信息技术有限公司,6-8千/月,西安-莲湖区|1年经验|招2人|05-06发布,五险一金|员工旅游|专业培训|弹性工作|年终奖金|过节福利|员工生日福利|带薪年假
现场运维工程师,西安商鼎能源科技有限公司,3-4千/月,西安-未央区|1年经验|中专|招2人|05-06发布,绩效奖金
持续集成工程师/运维,北京天源迪科信息技术有限公司,0.7-1.2万/月,西安-未央区|1年经验|本科|招3人|05-06发布,五险一金|专业培训|定期体检|过节福利|年底双薪|弹性工作|带薪年假|绩效奖金
高级运维经理,神州数码系统集成服务有限公司西安分公司,1-1.5万/月,西安|无工作经验|招1人|05-06发布,周末双休|弹性工作|五险一金|节日福利|专业培训
网络运维工程师,上海中交海德交通科技股份有限公司,6-8千/月,西安|2年经验|大专|招2人|05-06发布,五险一金|年终奖金|定期体检|通讯补贴|专业培训|绩效奖金
系统运维工程师,西安新东方学校,4-6千/月,西安|1年经验|大专|招1人|05-06发布|普通话良好|计算机科学与技术 计算机网络,五险一金|专业培训|定期体检|员工旅游|年终奖金|出国机会|绩效奖金
初级运维,郑州三友软件科技有限公司,3-4.5千/月,西安-长安区|1年经验|大专|招6人|05-06发布,五险一金|专业培训|加班工资
运维工程师,陕西思宇信息技术股份有限公司,2-4千/月,西安-高新技术产业开发区|2年经验|本科|招5人|05-06发布|通信工程 计算机网络,五险一金|交通补贴|餐饮补贴|通讯补贴|绩效奖金|定期体检
网站运维,西安大明宫实业集团,5-7千/月,西安|2年经验|大专|招1人|05-06发布,五险一金|每日免费三餐|节日福利|带薪年假|免费体检|员工旅游
建筑设计CAD系统运维工程师助理,陕西汉鼎建筑装饰工程有限公司,4.5-9千/月,西安-碑林区|无工作经验|大专|招2人|05-06发布,
系统运维工程师,西安寰宇卫星测控与数据应用有限公司,0.6-1万/月,西安-雁塔区|3-4年经验|本科|招1人|05-06发布,周末双休|五险一金|绩效奖金|带薪年假|节日福利|通讯补贴|交通补贴|餐饮补贴|员工关怀
系统运维工程师+交通便利,西安鑫昌途商贸有限公司,3-8千/月,西安-未央区|1年经验|大专|招1人|05-06发布|计算机网络 软件工程,五险一金|餐饮补贴|周末双休|定期体检
运维工程师,北京摩卡软件有限公司,4-6千/月,西安-雁塔区|1年经验|本科|招1人|05-06发布|计算机科学 计算机应用,五险一金|通讯补贴|绩效奖金|定期体检
运维工程师（release）,西安华讯科技有限责任公司,0.8-1万/月,西安-高新技术产业开发区|无工作经验|招1人|05-06发布,弹性工作|餐饮补贴|员工旅游|出国机会|绩效奖金|年终奖金|专业培训|五险一金|定期体检
网络运维,西安美城房地产顾问股份有限公司,4.5-6千/月,西安-未央区|1年经验|大专|招1人|04-28发布,五险一金|员工旅游|专业培训|带薪年假|定期体检|出国机会|年终奖金|交通补贴|绩效奖金
游戏运维工程师助理（应届生）+双休,西安钱浩网络科技有限公司,4.5-6千/月,西安-高新技术产业开发区|无工作经验|大专|招若干人|04-28发布,
技术支持/运维工程师（西安）,南京通达海信息技术有限公司,5-8千/月,西安-雁塔区|2年经验|大专|招10人|04-28发布,五险一金|员工旅游|交通补贴|餐饮补贴|定期体检|年终奖金
运维工程师,厦门市美亚柏科信息股份有限公司,4-8千/月,西安-高新技术产业开发区|3-4年经验|本科|招1人|04-28发布,五险一金|补充医疗保险|员工旅游|交通补贴|年终奖金|定期体检|弹性工作
运维工程师,陕西嘉惠碧海电子科技有限公司,0.8-1.5万/月,西安-未央区|3-4年经验|本科|招若干人|04-29发布,五险一金|员工旅游|交通补贴|绩效奖金|年终奖金|年底双薪|节日福利|周末双休
信息专员（运维、网络维护）,西安碑林万达广场,3-4.5千/月,西安|1年经验|大专|招2人|04-29发布,五险一金|年终奖金|定期体检|专业培训|员工餐厅
系统运维岗,西安国信小额贷款有限公司,0.4-1万/月,西安-新城区|5-7年经验|本科|招1人|04-29发布|电子信息工程 计算机工程,五险一金|交通补贴|餐饮补贴|通讯补贴|专业培训|年终奖金|周末双休|节日福利|定期体检
运维工程师,三门峡崤云视联科技有限公司,0.5-1万/月,三门峡|无工作经验|招2人|04-29发布,五险一金|年终奖金|专业培训|周末双休|带薪年假|定期体检
AP运维工程师,恩梯梯数据（中国）信息技术有限公司西安分公司,0.8-1.5万/月,西安-高新技术产业开发区|3-4年经验|本科|招2人|04-29发布|英语精通|计算机科学与技术 软件工程,五险一金|补充医疗保险|员工旅游|专业培训|绩效奖金|定期体检
大数据平台运维工程师,西安因联信息科技有限公司,0.8-1.5万/月,西安-高新技术产业开发区|无工作经验|招1人|04-29发布,五险一金|员工旅游|定期体检|交通补贴|餐饮补贴|节日福利|周末双休|弹性工作|年底双薪|全勤奖
大数据运维工程师,西安华创人力资源管理咨询有限公司,1.5-2.7万/月,西安|8-9年经验|本科|招若干人|04-29发布,五险一金|专业培训|员工旅游|年终奖金|定期体检
运维工程师/技术支持,西安易龙软件有限公司,4-7千/月,西安-雁塔区|1年经验|大专|招2人|04-29发布|计算机工程 通信工程,五险一金|通讯补贴|交通补贴|餐饮补贴
信息运维工程师,金花企业（集团）股份有限公司西安金花制药厂,6-9千/月,西安|1年经验|本科|招1人|04-29发布,五险一金|补充公积金|员工旅游|专业培训|定期体检|员工餐厅|上市公司
运维/实施工程师,上海梦创双杨数据科技股份有限公司,4-8千/月,西安|2年经验|大专|招若干人|04-29发布,五险一金|专业培训|员工旅游|定期体检|生育津贴|餐贴|年终福利
高级运维工程师,中节能（西安）监测技术有限公司,5-8千/月,西安|5-7年经验|本科|招1人|04-29发布|计算机信息管理 计算机科学与技术,五险一金|定期体检|弹性工作|年终奖金
JAVA运维工程师,西安千里鹰航空科技有限公司,3-4.5千/月,西安-高新技术产业开发区|无工作经验|招1人|04-29发布,五险一金|交通补贴|餐饮补贴|通讯补贴
系统运维工程师,西安兴汇电力科技有限公司,6-8千/月,西安|1年经验|本科|招2人|04-30发布|电气工程及其自动化 自动化,五险一金|通讯补贴|员工旅游|绩效奖金|年终奖金|股票期权|定期体检|专业培训
市场运维专员,西安汇丰艺术仓文化艺术品股份有限公司,3-4.5千/月,西安-碑林区|2年经验|大专|招2人|04-30发布,五险一金|餐饮补贴|年终奖金|弹性工作|专业培训|出国机会
运维工程师-技术中心,西安悦泰科技有限责任公司,1-1.2万/月,西安|3-4年经验|本科|招1人|04-30发布|计算机科学与技术,五险一金|员工旅游|餐饮补贴|专业培训|绩效奖金|定期体检
运维工程师(双休+五险一金+车补),西安栎安科技有限公司,0.3-1万/月,西安-雁塔区|2年经验|大专|招2人|04-30发布|英语良好|计算机科学与技术,周末双休|五险一金|补充医疗保险|交通补贴|通讯补贴|绩效奖金|年终奖金|弹性工作|定期体检|餐饮补贴
信息化项目运维经理 中级,三门峡崤云信息服务股份有限公司,0.8-1.5万/月,三门峡|无工作经验|招1人|04-30发布,五险一金|年终奖金|专业培训
信息化项目运维经理 中级,三门峡崤云安全服务有限公司,0.8-1.5万/月,三门峡|无工作经验|招1人|04-30发布,五险一金|年终奖金|专业培训|餐饮补贴|交通补贴|通讯补贴|弹性工作
大数据运维,南京烽火星空通信发展有限公司,1-2万/月,西安-高新技术产业开发区|2年经验|本科|招2人|04-30发布,五险一金|补充医疗保险|年底双薪|交通补贴|餐饮补贴|定期体检
网络运维工程师（驻场）,西安同信力创项目管理咨询有限公司,3.5-4千/月,西安|无工作经验|大专|招若干人|04-30发布,五险一金|员工旅游|交通补贴|通讯补贴|绩效奖金|定期体检
应用系统实施运维(WMS、TMS方向),每一天便利超市连锁有限公司信息中心研发部,0.6-1万/月,西安-碑林区|3-4年经验|大专|招4人|05-01发布,五险一金|员工旅游|专业培训|绩效奖金
系统运维工程师,西安天互通信有限公司,3-4.5千/月,西安|无工作经验|大专|招1人|05-02发布,五险一金|通讯补贴|餐饮补贴|专业培训|员工旅游|交通补贴|绩效奖金|节假日福利|员工生日会
运维工程师,北京易盛泰和科技有限公司,6-8千/月,西安-雁塔区|无工作经验|招1人|05-02发布,交通补贴|五险|双休|全勤奖
巡检运维工程师,西安利通网络技术有限公司,3-4.5千/月,西安-高新技术产业开发区|2年经验|大专|招2人|05-03发布|计算机网络 计算机信息管理,
NOC系统运维工程师,新蛋信息技术（西安）有限公司,6-9千/月,西安|1年经验|本科|招5人|05-03发布|英语熟练,五险一金|补充医疗保险|专业培训|员工旅游|年终奖金|餐饮补贴|定期体检|带薪年假|周末双休|出国机会
IT运维工程师,美格智能西安研究所,4.5-6千/月,西安-高新技术产业开发区|3-4年经验|大专|招1人|05-03发布,五险一金|员工旅游|年终奖金|绩效奖金|定期体检
运维实施工程师,西安点通软件信息技术有限公司,4-6千/月,西安-高新技术产业开发区|无工作经验|招1人|05-03发布,五险一金|专业培训|年终奖金|弹性工作|绩效奖金|股票期权|员工旅游
运维工程师,西安志诚电子有限责任公司,3-8千/月,西安-碑林区|1年经验|大专|招4人|05-03发布,五险一金|补充医疗保险|员工旅游|绩效奖金|出国机会|定期体检
软件运维工程师,陕西奥宝生物科技有限公司,3-8千/月,西安|无工作经验|大专|招5人|05-03发布|普通话良好,五险一金|员工旅游|交通补贴|餐饮补贴|通讯补贴|专业培训|绩效奖金|年终奖金|股票期权|定期体检
光伏电站运维员,陕西巨光投资控股集团有限公司,3.5-5千/月,铜川|2年经验|大专|招若干人|05-04发布,五险一金|员工旅游|交通补贴|年终奖金|绩效奖金|出国机会|通讯补贴|餐饮补贴|弹性工作|定期体检
PHP程序运维,陕西果树医疗健康产业有限公司,4-8千/月,西安|2年经验|大专|招1人|05-04发布|计算机应用 计算机科学与技术,通讯补贴|员工旅游|绩效奖金|年终奖金|提供食宿|提供工作餐|生日会|各种假日福利
软件实施运维服务工程师,北京时代亿信科技股份有限公司,4.5-6千/月,北京-海淀区|1年经验|大专|招10人|05-05发布,五险一金|餐饮补贴|定期体检
运维工程师,西安网是科技发展有限公司,0.6-1.2万/月,西安|5-7年经验|本科|招2人|05-05发布|普通话良好|计算机科学与技术,五险一金|员工旅游|绩效奖金|年终奖金|定期体检|全勤奖|专业培训|年底双薪|父母孝心基金|家属关怀
Linux运维工程师,北京时代一峰信息技术有限公司,4.5-6千/月,西安-高新技术产业开发区|1年经验|本科|招2人|05-05发布,五险一金|员工旅游|餐饮补贴|年终奖金|弹性工作|定期体检
服务器运维工程师,陕西省信息总公司,4.5-6千/月,西安-莲湖区|2年经验|大专|招5人|05-05发布,五险一金
运维工程师,上海科箭软件科技有限公司,0.7-1万/月,西安-雁塔区|无工作经验|招若干人|05-05发布,五险一金|补充医疗保险|员工旅游|交通补贴|餐饮补贴|定期体检
运维工程师（西安）,西安银信博锐信息科技有限公司,3-4.5千/月,西安|无工作经验|招1人|05-05发布,周末双休|五险一金|高温补贴|节日福利|员工旅游
运维工程师,信永中和（西安）数据服务有限公司,4.5-6千/月,西安-高新技术产业开发区|无工作经验|招3人|05-05发布,五险一金
（某500强知名企业）大数据运维工程师,西安瀚特人力资源有限公司,1-1.5万/月,西安-高新技术产业开发区|3-4年经验|本科|招若干人|05-05发布,
运维工程师,上海博为峰软件技术有限公司,6-8千/月,西安-雁塔区|2年经验|大专|招2人|05-05发布,五险一金|员工旅游|交通补贴|餐饮补贴|通讯补贴|弹性工作|定期体检
运维主管,深圳市益田集团股份有限公司,4-6千/月,西安-新城区|2年经验|本科|招若干人|05-05发布,周末双休|带薪年假|五险一金|专业培训|节日福利|绩效奖金|餐饮补贴|加班补贴|高温补贴
Linux运维工程师,西安盛恒智业物联网科技有限公司,3-6千/月,西安-雁塔区|无工作经验|招2人|05-05发布,五险一金|带薪年假
DevOps开发运维岗,陕西长银消费金融有限公司,,西安|3-4年经验|本科|招若干人|05-05发布,做五休二|周末双休|带薪年假|五险一金|节日福利|交通补贴|餐饮补贴|通讯补贴|高温补贴|补充医疗保险
运维工程师,西安仁臻网络科技有限公司,3-5千/月,西安-雁塔区|1年经验|本科|招若干人|05-05发布,
信息运维工程师,上海可易迪生物工程有限公司,4.5-6千/月,西安-高新技术产业开发区|无工作经验|招1人|05-06发布,员工旅游|餐饮补贴|绩效奖金|年终奖金|出国机会|五险一金|专业培训
收单业务部-商户运维BD,美团点评,0.6-1万/月,西安|无工作经验|大专|招若干人|05-06发布,五险一金|带薪年假|交通补贴|补充医疗保险
运维工程师,陕西西部资信股份有限公司,5-7千/月,西安-高新技术产业开发区|2年经验|本科|招1人|05-06发布,五险一金|弹性工作|定期体检|员工旅游
高级运维工程师（银川）,西安交大捷普网络科技有限公司,0.6-1万/月,银川|3-4年经验|大专|招2人|05-06发布,五险一金|员工旅游|交通补贴|通讯补贴|绩效奖金
网络运维（双休）,西安贤泽信息科技有限公司,3-4.5千/月,西安|1年经验|招2人|05-06发布,周末双休|带薪年假|全勤奖|节日福利|社会保险
信息系统管理员 / 运维员,美光半导体（西安）有限责任公司,,西安|1年经验|大专|招若干人|05-06发布|英语|计算机科学与技术,
ERP运维工程师,西安北村精密机械有限公司,4-6千/月,西安|2年经验|大专|招1人|05-06发布|计算机工程 计算机网络,五险一金|补充医疗保险|餐饮补贴|交通补贴|通讯补贴|绩效奖金|定期体检
运维平台监控,西安西瑞控制技术股份有限公司,2.5-3.5千/月,西安|无工作经验|中专|招3人|05-06发布,餐饮补贴|绩效奖金|免费班车|定期体检|住房补贴|五险一金
运维工程师,西安鼎研科技股份有限公司,4.5-6千/月,西安-高新技术产业开发区|1年经验|大专|招10人|05-06发布,五险一金|交通补贴|餐饮补贴|通讯补贴|专业培训|绩效奖金|定期体检
网络运维工程师,西安奇维科技有限公司,4-6千/月,西安-高新技术产业开发区|3-4年经验|本科|招1人|05-06发布,周末双休|带薪年假|五险一金|节日福利|餐饮补贴|年终奖金
软件开发及运维工程师,华羿微电子股份有限公司,6-8千/月,西安-未央区|无工作经验|本科|招6人|05-06发布,
运维专员,西安米旗食品有限公司,3-4.5千/月,西安-经济技术开发区|无工作经验|大专|招1人|05-06发布,餐饮补贴|专业培训|弹性工作|绩效奖金|五险一金
软件运维工程师,陕西博泰朝阳系统集成有限公司,0.6-1万/月,西安-高新技术产业开发区|1年经验|大专|招2人|05-06发布,五险一金|通讯补贴|年终奖金|员工旅游
Linux开发/运维工程师,北京中软国际信息技术有限公司,4-7千/月,西安-高新技术产业开发区|无工作经验|本科|招2人|05-06发布,五险一金|补充医疗保险|员工旅游|年终奖金|弹性工作|定期体检|绩效奖金
运维工程师-西安-20105,优信集团,1-1.4万/月,西安-灞桥区|3-4年经验|大专|招1人|05-06发布,五险一金|补充医疗保险|通讯补贴|餐饮补贴|绩效奖金|定期体检|弹性工作
云计算运维工程师,北京翔睿信诚科技有限公司,0.8-1万/月,西安-长安区|3-4年经验|大专|招1人|05-06发布,五险一金|绩效奖金|定期体检|专业培训|创业公司|下午茶
技术运维工程师,西安宇信融汇网络科技有限公司,4-7千/月,西安|无工作经验|大专|招2人|05-06发布,五险一金|绩效奖金|年终奖金|带薪年假|生日福利|通讯补贴
运维工程师,拓维集团,6-8千/月,西安|1年经验|大专|招若干人|05-06发布,五险一金|员工旅游|年终奖金|绩效奖金|股票期权
Linux运维工程师,陕西迪博佰通教育科技有限公司,4.5-6千/月,西安-雁塔区|无工作经验|大专|招2人|05-06发布,五险一金|员工旅游|通讯补贴|弹性工作|绩效奖金|年终奖金
运维工程师,陕西兆通利合数码有限公司,3-4.5千/月,西安|2年经验|大专|招2人|05-06发布|计算机科学与技术 计算机网络,五险一金|员工旅游|餐饮补贴|专业培训|通讯补贴|免费班车|股票期权|弹性工作|补充公积金
运维工程师,中国软件与技术服务股份有限公司,6-8千/月,西安-新城区|3-4年经验|本科|招1人|05-06发布,五险一金|补充医疗保险|餐饮补贴|通讯补贴|定期体检|年终奖金
银行IT运维工程师,阳光雨露信息技术服务（北京）有限公司,4.5-6千/月,西安-碑林区|无工作经验|招1人|05-06发布,五险一金|员工旅游|专业培训|定期体检|节假日福利
电力运维经理,陕西加美实业有限公司,0.8-1万/月,西安|3-4年经验|大专|招3人|05-06发布,年终奖金|绩效奖金|专业培训
技术支持/软件实施/售后运维,北京麦迪克斯科技有限公司,4-6千/月,西安|2年经验|本科|招3人|05-06发布,五险一金|交通补贴|餐饮补贴|通讯补贴|年终奖金|绩效奖金
服务器运维工程师,西安海润通信技术有限公司,4-8千/月,西安|无工作经验|招若干人|05-06发布,五险一金|周末双休|定期体检|年终奖金
高级运维工程师,武汉牧望群网络科技有限公司,1.5-3万/月,武汉|3-4年经验|大专|招2人|05-06发布,五险一金|补充公积金|餐饮补贴|通讯补贴|出国机会|绩效奖金|年终奖金|弹性工作|交通补贴
运维工程师,北京空间畅想信息技术有限责任公司,0.8-1.5万/月,西安-高新技术产业开发区|2年经验|本科|招3人|05-06发布,五险一金|年终奖金|弹性工作
ERP运维工程师,陕西全通实业集团有限公司,4.5-6千/月,西安-未央区|1年经验|大专|招1人|05-06发布,五险一金|专业培训|定期体检|绩效奖金
运维工程师,深圳坐标软件集团有限公司,1-1.5万/月,西安-未央区|无工作经验|招1人|05-06发布,五险一金|补充医疗保险|员工旅游|年终奖金|生日福利|节日福利
银泰商业-网络运维-IOT产品运营(职位编号：GP537126),阿里巴巴集团,,西安|3-4年经验|本科|招1人|05-06发布,
产品运维工程师,维视科技（西安）有限公司,0.6-1万/月,西安-雁塔区|3-4年经验|本科|招1人|05-06发布,五险一金|周末双休|年底双薪|带薪年假|弹性工作|定期体检|节日福利|股票期权|团队建设
配网运维，配网抢修，电气工程师,西安恒信通电力科技有限公司,10-15万/年,西安|5-7年经验|中专|招3人|05-06发布,
运维管理总监,上海碧晨国中能源工程有限公司,1.5-2万/月,西安-灞桥区|5-7年经验|大专|招1人|05-06发布,五险一金|交通补贴|餐饮补贴|通讯补贴|弹性工作
电气设备运维调试技术员1,西安兴泽融通信息科技有限公司,3-4.5千/月,西安-雁塔区|无工作经验|大专|招若干人|05-06发布,
