系统架构师（大数据方向）,北京易玖生态环境有限公司,3-5万/月,临汾,5-7年经验,本科,招2人,05-20发布,五险一金|弹性工作|餐饮补贴|交通补贴|绩效奖金|定期体检
大数据架构师,西安博达软件股份有限公司,2-2.5万/月,西安-高新技术产业开发区,5-7年经验,本科,招1人,05-20发布,周末双休|弹性工作|带薪年假|五险一金|免费班车|绩效奖金|全勤奖|节日福利|加班补贴|专业培训
大数据分析统计师,西安世龙世家商贸有限公司,6-8千/月,西安,2年经验,大专,招2人,05-20发布,通讯补贴|餐饮补贴|弹性工作|专业培训|年终奖金|交通补贴|十三薪|带薪年假
大数据架构师,广东心灯文化旅游有限公司,1-1.5万/月,西安-高新技术产业开发区,5-7年经验,本科,招2人,05-20发布,五险一金|周末双休|多次调薪|绩效奖金|定期团建
大数据开发工程师,西安易流物联科技有限公司,1-2万/月,西安-高新技术产业开发区,3-4年经验,本科,招2人,05-20发布,五险一金|员工旅游|餐饮补贴|绩效奖金|年终奖金
大数据开发工程师,郑州菏怀软件科技有限公司,1.5-2万/月,西安-雁塔区,3-4年经验,本科,招5人,05-20发布,五险一金|弹性工作|交通补贴|年终奖金|绩效奖金
大数据分析,西安盛世豪科网络科技有限公司,6-8千/月,西安-高新技术产业开发区,无工作经验,大专,招5人,05-20发布,五险一金|专业培训|绩效奖金|股票期权|员工旅游|老板nice|团队聚餐|项目奖金
Spark大数据开发工程师,东方通信股份有限公司,0.6-1万/月,西安,1年经验,本科,招2人,05-20发布,五险一金|餐饮补贴|通讯补贴|定期体检|交通补贴|年终奖金
智慧建筑大数据支持工程师,陕西汉鼎建筑装饰工程有限公司,6-8千/月,西安-碑林区,无工作经验,大专,招3人,05-20发布,
大数据开发工程师,重庆丝路启航智能科技有限公司,0.8-1.6万/月,西安-高新技术产业开发区,2年经验,本科,招1人,05-20发布,
大数据研发工程师/架构师,北京空间畅想信息技术有限责任公司,1-2万/月,西安-高新技术产业开发区,无工作经验,大专,招5人,05-20发布,五险一金|绩效奖金|年终奖金|弹性工作
JAVA高级开发工程师(大数据方向)(职位编号：glodon006244),广联达科技股份有限公司,1.1-2万/月,西安-未央区,5-7年经验,本科,招1人,05-20发布,五险一金|补充医疗保险|餐饮补贴|定期体检|绩效奖金
销售经理,中译语通科技（陕西）有限公司,1-1.2万/月,西安-西咸新区,3-4年经验,本科,招4人,05-20发布,五险一金|免费班车|员工旅游|交通补贴|餐饮补贴|专业培训|绩效奖金|定期体检|年终奖金|弹性工作
Web前端开发工程师-----外派绿盟网络安全业务,西安鼎拓信息科技有限公司,4-6千/月,西安-雁塔区,1年经验,本科,招2人,05-20发布,周末双休|五险一金|全勤奖|节日福利|补充医疗保险|员工旅游|年终奖金|弹性工作|定期体检|做五休二
西安链家急聘销售运营,西安链家宝业房地产经纪有限公司第九十七分公司,0.8-1万/月,西安-高新技术产业开发区,无工作经验,大专,招若干人,05-20发布,
高底薪高提成/房产销售/储备店长,陕西贝壳闹海房地产经纪有限公司,0.5-1万/月,西安-雁塔区,无工作经验,高中,招8人,05-20发布,绩效奖金|节日福利|专业培训|弹性工作|带薪年假
数据分析管培生,SHEIN,8-9千/月,广州-番禺区,无工作经验,本科,招3人,05-20发布,五险一金|餐饮补贴|绩效奖金|年终奖金|定期体检|带薪年假|周末双休|节假日福利
网络工程师,西安美城房地产顾问股份有限公司,3-5千/月,陕西省,1年经验,大专,招1人,05-20发布,五险一金|员工旅游|专业培训|带薪年假
网络运维,西安美城房地产顾问股份有限公司,4.5-6千/月,西安-未央区,1年经验,大专,招1人,05-20发布,五险一金|员工旅游|专业培训|带薪年假|定期体检|出国机会|年终奖金|交通补贴|绩效奖金
算法工程师(高级),东华软件股份公司,2.5-3.5万/月,西安,5-7年经验,本科,招3人,05-20发布,
ETL高级工程师,东华软件股份公司,0.8-1万/月,西安,3-4年经验,大专,招10人,05-20发布,
ETL开发工程师,东华软件股份公司,6.4-8千/月,西安,1年经验,大专,招10人,05-20发布,
20人大团队聘储备店长,西安链家宝业房地产经纪有限公司第十一分公司,0.8-1万/月,西安-莲湖区,2年经验,大专,招5人,04-23发布,五险一金|弹性工作|带薪年假|高温补贴|绩效奖金
西安链家 房产经纪人 销售专员 招应届毕业生,陕西贝壳闹海房地产经纪有限公司,5-8千/月,西安-灞桥区,无工作经验,大专,招4人,05-20发布,
链家房地产销售代表,西安链家总部,4.5-6千/月,西安-高新技术产业开发区,无工作经验,大专,招5人,05-16发布,五险一金|弹性工作|带薪年假|高温补贴|专业培训|节日福利|绩效奖金
产品经理,东华软件股份公司,2-3万/月,西安-雁塔区,5-7年经验,本科,招10人,05-20发布,
IT云计算解决方案测试工程师,华为技术有限公司,2-3万/月,西安-高新技术产业开发区,5-7年经验,本科,招10人,04-16发布,股票期权|年终奖金|绩效奖金|五险一金|出国机会|弹性工作|定期体检
机器学习算法工程师-ZNYF(职位编号：NavInfo001998),北京四维图新科技股份有限公司,1.5-2.5万/月,西安-雁塔区,无工作经验,本科,招3人,04-17发布,自动驾驶领域|A股上市公司|地图领域龙头|各类福利丰富|本人子女商险|Nice团队|职业晋升通道|免费班车
区域销售经理（陕西）,南京弦歌信息技术有限公司,1-1.5万/月,西安,1年经验,大专,招2人,04-17发布,五险一金|绩效奖金|年终奖金|弹性工作|节日福利
区域销售经理(江西),南京弦歌信息技术有限公司,0.8-1万/月,西安-灞桥区,1年经验,大专,招2人,04-17发布,五险一金|绩效奖金|年终奖金|弹性工作|节日福利
销售经理,西安全力行房地产咨询有限公司,6-8千/月,汉中,3-4年经验,大专,招1人,04-02发布,五险一金|补充医疗保险|出国机会|员工旅游|绩效奖金|年终奖金
安全业务高级工程师,中国电信集团系统集成有限责任公司西安区域中心,4-8千/月,西安,2年经验,本科,招5人,04-03发布,
银行大数据开发储备岗/实习生,陕西摩天黑石教育科技有限公司,2-3千/月,西安-碑林区,无工作经验,大专,招3人,05-20发布,
化工软件文档工程师,陕西敏捷装饰工程有限公司,4.5-6千/月,西安-高新技术产业开发区,无工作经验,大专,招3人,03-22发布,
数据分析专员,美菜网,4.5-6千/月,西安,2年经验,大专,招若干人,03-28发布,五险一金|带薪年假|节日福利|绩效奖金|通讯补贴|高温补贴|补充公积金|专业培训|年终奖金|股票期权
链家销售代表+无责底薪3000,西安链家总部,4.5-6千/月,西安,无工作经验,大专,招5人,05-16发布,五险一金|弹性工作|带薪年假|高温补贴|专业培训|节日福利|绩效奖金
链家校园招聘/大平台，有保障,西安链家总部,4.5-6千/月,西安,无工作经验,大专,招5人,05-16发布,五险一金|弹性工作|带薪年假|高温补贴|专业培训|节日福利|绩效奖金
解决方案工程师(高薪+五险一金+双休),西安政通信息技术有限公司,1.5-2万/月,西安-高新技术产业开发区,5-7年经验,本科,招1人,05-16发布,周末双休|带薪年假|五险一金|节日福利|交通补贴|餐饮补贴|员工旅游|定期体检|年终奖金
链家房产销售+西安市100多家店/就近安排,西安链家总部,4.5-6千/月,西安,无工作经验,大专,招5人,05-16发布,五险一金|弹性工作|带薪年假|高温补贴|专业培训|节日福利|绩效奖金
技术经理,西安交大长天软件股份有限公司,1.5-2万/月,西安,10年以上经验,本科,招1人,05-16发布,五险一金|补充医疗保险|员工旅游|交通补贴|餐饮补贴|专业培训|绩效奖金|年终奖金
数据分析师,西安交大长天软件股份有限公司,1-1.5万/月,西安,3-4年经验,本科,招1人,05-16发布,五险一金|员工旅游|餐饮补贴|通讯补贴|绩效奖金|年终奖金|加班补贴|节日福利
Web安全SaaS服务研发(J11624),绿盟科技,1-1.8万/月,西安-高新技术产业开发区,1年经验,本科,招若干人,05-16发布,五险一金|补充医疗保险|员工旅游|餐饮补贴|专业培训|绩效奖金|年终奖金|弹性工作|定期体检
售前方案经理（西安）,山南远宏科技有限公司,0.8-1.5万/月,西安-莲湖区,3-4年经验,大专,招1人,05-15发布,五险一金|餐饮补贴|绩效奖金
数据分析师（实习生）,陕西文都教育科技有限公司,2-4千/月,西安-雁塔区,无工作经验,硕士,招3人,05-15发布,周末双休|带薪年假|弹性工作|节日福利|专业培训|高温补贴|五险一金|员工旅游
贝壳找房/急聘房产经纪人,陕西链家,4-6千/月,西安,无工作经验,大专,招10人,05-15发布,绩效奖金|节日福利|五险一金
高级开发工程师,华为三立（北京）能源科技有限公司,20-30万/年,西安-雁塔区,无工作经验,本科,招2人,05-16发布,
空间数据处理工程师,中科星图股份有限公司,0.8-1万/月,西安-国家民用航天产业基地,3-4年经验,本科,招3人,05-16发布,五险一金|补充医疗保险|员工旅游|交通补贴|餐饮补贴|专业培训|绩效奖金|股票期权|弹性工作|定期体检
大数据运维,南京烽火星空通信发展有限公司,1-2万/月,西安-高新技术产业开发区,2年经验,本科,招2人,05-16发布,五险一金|补充医疗保险|年底双薪|交通补贴|餐饮补贴|定期体检
大数据高级开发工程师,西安政通信息技术有限公司,1-1.5万/月,西安-高新技术产业开发区,3-4年经验,本科,招2人,05-16发布,
大数据工程师（spark/scala后端开发）,汇纳科技股份有限公司,1-1.5万/月,西安,2年经验,本科,招1人,05-17发布,五险一金|交通补贴|餐饮补贴|股票期权|定期体检
大数据应用开发工程师（西安）,新华三技术有限公司,,西安,无工作经验,本科,招若干人,05-18发布,
项目经理/大数据销售经理,陕西淘丁实业集团有限公司,0.8-1万/月,西安-长安区,无工作经验,大专,招若干人,05-16发布,
云平台数据库开发工程师(高级),研华（中国）有限公司,1-2万/月,西安-高新技术产业开发区,3-4年经验,本科,招1人,04-08发布,五险一金|补充医疗保险|员工旅游|餐饮补贴|年终奖金|定期体检|年底双薪|节日福利|绩效奖金
销售经理(职位编号：001),西安四叶草信息技术有限公司,1-1.5万/月,西安-高新技术产业开发区,3-4年经验,大专,招20人,04-08发布,
大数据业务方向--大数据架构师,北京思特奇信息技术股份有限公司陕西分公司,2-2.5万/月,西安-高新技术产业开发区,5-7年经验,硕士,招1人,05-20发布,补充医疗保险|五险一金|交通补贴|餐饮补贴|通讯补贴|专业培训|定期体检|绩效奖金
技术总监,陕西百格数据科技有限责任公司,1-1.5万/月,西安-高新技术产业开发区,无工作经验,本科,招2人,04-10发布,补充医疗保险|五险一金|弹性工作|年终奖金|餐饮补贴|绩效奖金
IT培训讲师,北京中公教育科技股份有限公司,1-1.5万/月,西安-新城区,无工作经验,本科,招18人,04-13发布,五险一金|专业培训|定期体检|年终奖金
销售BD,美菜网,0.6-1万/月,西安,1年经验,大专,招2人,04-11发布,弹性工作|带薪年假|五险一金|节日福利|绩效奖金|交通补贴|通讯补贴
Java开发工程师,西安中麦通讯科技有限公司,6-8千/月,西安-雁塔区,5-7年经验,大专,招若干人,04-12发布,
运营专员,西安点告网络科技有限公司,0.5-1万/月,西安-雁塔区,2年经验,招若干人,04-14发布,英语,弹性工作
贝壳一手新房销售 月入过万不是梦,陕西贝壳闹海房地产经纪有限公司,1-1.5万/月,西安-灞桥区,无工作经验,大专,招4人,05-19发布,
JAVA开发工程师(职位编号：tiancom000559),广州天维信息技术股份有限公司,0.6-1万/月,西安,1年经验,本科,招5人,05-16发布,五险一金|专业培训|绩效奖金|餐饮补贴|定期体检|股票期权|员工旅游
运维工程师（陕西管局）,北京亚鸿世纪科技发展有限公司,5-8千/月,西安,1年经验,本科,招若干人,05-16发布,五险一金|餐饮补贴|通讯补贴|员工旅游|定期体检|节假日福利|带薪年假|结婚生子贺仪|生日会和礼物|年终奖金
高级java web全栈工程师,西安博恩生物科技有限公司,1.5-2万/月,西安-雁塔区,5-7年经验,本科,招1人,05-16发布,五险一金|绩效奖金|员工旅游|交通补贴|通讯补贴|周末双休|年终奖金
售前顾问,金蝶软件西安分公司,0.6-1.2万/月,西安,5-7年经验,本科,招2人,05-16发布,五险一金|员工旅游|专业培训|定期体检|交通补贴|绩效奖金|补充医疗保险|年终奖金|弹性工作|通讯补贴
数字营销运营经理,西安互动未来信息技术有限公司,0.8-1万/月,西安-高新技术产业开发区,3-4年经验,大专,招2人,05-16发布,五险一金|补充医疗保险|员工旅游|交通补贴|餐饮补贴|通讯补贴|出国机会|绩效奖金|股票期权
技术支持工程师(J10280),北京天融信科技有限公司,1-1.5万/月,西安-雁塔区,3-4年经验,本科,招5人,05-16发布,五险一金|补充医疗保险|交通补贴|餐饮补贴|年终奖金
Python开发工程师,上海蒙帕信息技术有限公司,0.8-1.3万/月,西安-高新技术产业开发区,3-4年经验,大专,招1人,05-17发布,员工旅游|交通补贴|餐饮补贴|通讯补贴|专业培训|绩效奖金|年终奖金|六险一金
Java开发工程师（西安）,浙江省易得融信软件有限公司,0.6-1.2万/月,西安,3-4年经验,大专,招3人,05-06发布,
区域市场经理,上海海迪信息科技有限公司,1-2.5万/月,西安-高新技术产业开发区,无工作经验,大专,招若干人,05-06发布,五险一金|员工旅游|带薪年假|年终双薪|节日福利|年终奖金|定期体检|绩效奖金
售前总监,迪思杰（北京）数据管理技术有限公司,40-50万/年,西安-高新技术产业开发区,3-4年经验,本科,招1人,05-07发布,
项目经理,天津博和利统计大数据有限公司,5-8千/月,西安-西安国际港务区,2年经验,本科,招1人,03-26发布,五险一金|员工旅游|年终奖金|餐饮补贴|带薪年假|福利体检|周末双休
数据分析师/统计/经济数据分析[西安],天津博和利统计大数据有限公司,4-6千/月,西安-西安国际港务区,无工作经验,本科,招3人,03-26发布,五险一金|员工旅游|年终奖金|餐饮补贴|带薪年假|福利体检|周末双休
政府统计专员/数据分析-西安,天津博和利统计大数据有限公司,4-6千/月,西安-西安国际港务区,无工作经验,本科,招3人,03-26发布,五险一金|员工旅游|年终奖金|餐饮补贴|带薪年假|福利体检|周末双休
大区经理/合伙人,天津博和利统计大数据有限公司,1.5-2万/月,西安-西安国际港务区,5-7年经验,本科,招1人,03-26发布,五险一金|员工旅游|年终奖金|餐饮补贴|带薪年假|福利体检|周末双休
医学编辑,伯图大数据管理有限公司西安分公司,5-7千/月,西安-高新技术产业开发区,2年经验,本科,招2人,04-23发布,
高级UI设计师/交互设计师(职位编号：001),西安速度时空大数据科技有限公司,0.8-1万/月,西安-雁塔区,3-4年经验,本科,招5人,04-25发布,
链家中坚力量房产经纪人,西安链家总部,0.8-1万/月,西安-雁塔区,无工作经验,大专,招8人,05-20发布,五险一金|员工旅游|定期体检
西安链家直聘职业房产经纪人,西安链家总部,0.8-1万/月,西安-雁塔区,无工作经验,中专,招8人,05-20发布,五险一金|员工旅游|定期体检
政府关系总监,西安盛世豪科网络科技有限公司,2-2.5万/月,西安-高新技术产业开发区,5-7年经验,本科,招2人,05-20发布,五险一金|专业培训|绩效奖金|股票期权|员工旅游|老板nice|团队聚餐|项目奖金
链家贝壳新房直销 诚聘房产销售精英,陕西贝壳闹海房地产经纪有限公司,6-8千/月,西安-灞桥区,无工作经验,大专,招5人,05-20发布,
链家新房直招 房产经纪人 储备店经理 管培生,陕西贝壳闹海房地产经纪有限公司,0.8-1万/月,西安-灞桥区,无工作经验,大专,招6人,05-20发布,
浐灞链家/房产经纪/电话销售/五险,西安链家宝业房地产经纪有限公司第五十六分公司,6-8千/月,西安-灞桥区,无工作经验,大专,招15人,05-20发布,弹性工作|带薪年假|五险一金|节日福利|专业培训|高温补贴|交通补贴|一对一帮扶|定时团建|不定时旅游
链家直招 房产经纪人 储备店经理 管培生,陕西贝壳闹海房地产经纪有限公司,0.8-1.5万/月,西安-灞桥区,无工作经验,本科,招2人,05-20发布,
房产经纪人+无责3K+培训+师傅带,陕西贝壳闹海房地产经纪有限公司,4.5-8千/月,西安-高新技术产业开发区,无工作经验,高中,招10人,05-20发布,绩效奖金|节日福利|专业培训|弹性工作|带薪年假
云方向业务部门_大数据工程师,北京思特奇信息技术股份有限公司陕西分公司,0.6-1万/月,西安,2年经验,本科,招若干人,05-20发布,五险一金|补充医疗保险|员工旅游|餐饮补贴|通讯补贴|交通补贴|专业培训|绩效奖金|定期体检|弹性工作
云方向业务部门_大数据高级工程师,北京思特奇信息技术股份有限公司陕西分公司,1-1.5万/月,西安,3-4年经验,本科,招若干人,05-20发布,五险一金|补充医疗保险|员工旅游|交通补贴|餐饮补贴|通讯补贴|专业培训|绩效奖金|弹性工作|定期体检
云方向业务部门_大数据技术主管,北京思特奇信息技术股份有限公司陕西分公司,1-2万/月,西安,5-7年经验,本科,招1人,05-20发布,五险一金|补充医疗保险|员工旅游|交通补贴|餐饮补贴|通讯补贴|专业培训|绩效奖金|定期体检|弹性工作
大数据开发工程师（数据仓库方向）,北京易玖生态环境有限公司,2-3万/月,临汾,3-4年经验,本科,招2人,05-20发布,五险一金|弹性工作|餐饮补贴|交通补贴|绩效奖金|定期体检
项目开发实习生,广州金越软件技术有限公司,1.5-2千/月,西安-高新技术产业开发区,无工作经验,大专,招2人,04-23发布,
Hadoop开发工程师,西安环太科技发展有限公司,5-8千/月,西安-高新技术产业开发区,无工作经验,本科,招5人,05-20发布,定期体检|员工旅游|员工食堂|节日福利|带薪年假|五险
大数据架构师,西安锐特企业管理咨询有限公司,20-50万/月,西安-雁塔区,5-7年经验,本科,招1人,05-10发布,
数据分析工程师,北京东方润泽生态科技股份有限公司,1-1.5万/月,西安,1年经验,本科,招1人,03-21发布,五险一金|补充医疗保险|餐饮补贴|定期体检|绩效奖金|年终奖金|股票期权|弹性工作
新媒体运营专员,西安丽仁行房地产经纪,4-6千/月,西安-未央区,1年经验,大专,招1人,03-22发布,五险一金|餐饮补贴|弹性工作|专业培训|补充医疗保险
金泰店链家总部诚聘房产置业顾问,西安链家总部,6-8千/月,西安-雁塔区,无工作经验,大专,招8人,05-20发布,带薪年假|五险一金|绩效奖金|节日福利|专业培训|加班补贴
金仕华城 链家总部诚聘房产销售,西安链家总部,6-8千/月,西安-未央区,1年经验,大专,招8人,05-20发布,带薪年假|五险一金|绩效奖金|节日福利|专业培训|加班补贴
金桥太阳岛 链家直聘房产经纪人,西安链家总部,6-8千/月,西安-未央区,无工作经验,大专,招8人,05-20发布,带薪年假|五险一金|绩效奖金|节日福利|专业培训|加班补贴
西安链家地产，房产经纪人,西安链家总部,6-8千/月,西安-高新技术产业开发区,无工作经验,大专,招10人,05-20发布,带薪年假|五险一金|绩效奖金|节日福利|专业培训|加班补贴
贝壳新房直销经纪人  统招大专以上学历,陕西贝壳闹海房地产经纪有限公司,0.8-1万/月,西安-灞桥区,无工作经验,大专,招5人,05-20发布,
西安链家新房直销经纪人/置业顾问、大平台、晋升快,陕西贝壳闹海房地产经纪有限公司,6-8千/月,西安-灞桥区,无工作经验,大专,招5人,05-20发布,
贝壳找房房产经纪人/置业顾问/储备店经理,陕西贝壳闹海房地产经纪有限公司,6-9千/月,西安-灞桥区,无工作经验,大专,招4人,05-20发布,
数据库开发实习生（烟草业务线）,陕西摩天黑石教育科技有限公司,3-4.5千/月,西安-碑林区,无工作经验,本科,招3人,05-20发布,
网络信息管理员,陕西摩天黑石教育科技有限公司,4.5-6千/月,西安-碑林区,无工作经验,大专,招3人,05-20发布,
人工智能开发委培实习生,陕西摩天黑石教育科技有限公司,3-4.5千/月,西安-碑林区,无工作经验,本科,招3人,05-20发布,
嵌入式系统工程师,无锡矽微智能科技有限公司,0.4-1.5万/月,无锡-无锡新区,无工作经验,大专,招若干人,04-17发布,五险一金|餐饮补贴|专业培训|绩效奖金|股票期权|定期体检
Java开发工程师,方元磐石资产管理股份有限公司,1-1.5万/月,西安-曲江文化新区,3-4年经验,本科,招3人,04-19发布,五险一金|餐饮补贴|通讯补贴
市场经理,陕西淘丁实业集团有限公司,4.5-6千/月,西安-长安区,3-4年经验,大专,招1人,05-16发布,五险一金|年终奖金
高级UI设计师（长安）,陕西淘丁实业集团有限公司,0.8-1万/月,西安-长安区,无工作经验,大专,招3人,05-16发布,周末双休|带薪年假|五险一金|餐饮补贴|股票期权|员工旅游
房地产销售/贝壳大平台,贝壳找房,6-8千/月,西安,无工作经验,中专,招8人,04-19发布,带薪年假|专业培训|节日福利|绩效奖金|年终奖金|弹性工作|员工旅游
大客户业务经理,陕西淘丁实业集团有限公司,3-4.5千/月,西安-长安区,1年经验,大专,招若干人,05-16发布,周末双休|带薪年假|五险一金|餐饮补贴
链家创业团队 诚聘合伙人 高分润,西安链家宝业房地产经纪有限公司第十一分公司,6-8千/月,西安-莲湖区,无工作经验,大专,招5人,04-23发布,
链家聘销售顾问 收入上不封顶,西安链家宝业房地产经纪有限公司第十一分公司,6-8千/月,西安-莲湖区,无工作经验,大专,招5人,04-23发布,
链家新房销售顾问总部直聘无责底薪3000+提成免费培训,陕西贝壳闹海房地产经纪有限公司,5-9千/月,西安-灞桥区,无工作经验,大专,招5人,05-19发布,弹性工作|带薪年假|专业培训|节日福利|绩效奖金|五险一金
链家城南区招收房地产经纪人，平台大，晋升快,西安链家总部,4.5-6千/月,西安,无工作经验,大专,招5人,05-16发布,五险一金|弹性工作|带薪年假|高温补贴|专业培训|节日福利|绩效奖金
高端房产销售 一对一培养带教,西安链家宝业房地产经纪有限公司第十一分公司,6-8千/月,西安-莲湖区,无工作经验,本科,招10人,04-23发布,五险一金|补充医疗保险|补充公积金|员工旅游|专业培训|出国机会|绩效奖金|年终奖金|弹性工作
链家新房 销售顾问 总部直聘 无责底薪 免费培训,陕西贝壳闹海房地产经纪有限公司,5-9千/月,西安-灞桥区,无工作经验,大专,招5人,05-19发布,弹性工作|带薪年假|专业培训|节日福利|绩效奖金|五险一金
区域销售代表/销售助理/房产经纪人,西安链家宝业房地产经纪有限公司第五十六分公司,6-8千/月,西安-灞桥区,无工作经验,大专,招20人,05-19发布,弹性工作|带薪年假|五险一金|节日福利|专业培训|高温补贴|交通补贴
贝壳新房 销售顾问 总部直聘 无责底薪 免费培训,陕西贝壳闹海房地产经纪有限公司,5-9千/月,西安-灞桥区,无工作经验,大专,招5人,05-19发布,弹性工作|带薪年假|专业培训|节日福利|绩效奖金|五险一金
浐灞链家/无责底薪3千+高提成,西安链家宝业房地产经纪有限公司第五十六分公司,6-8千/月,西安-浐灞生态区,无工作经验,大专,招15人,05-19发布,弹性工作|带薪年假|五险一金|节日福利|专业培训|高温补贴|交通补贴|一对一帮扶|定时团建|不定时旅游
贝壳找房 新房直销 高薪直聘 销售顾问 无责底薪,陕西贝壳闹海房地产经纪有限公司,6-8千/月,西安-灞桥区,无工作经验,大专,招5人,05-19发布,弹性工作|带薪年假|专业培训|节日福利|绩效奖金|五险一金
android应用软件工程师,西安富立叶微电子有限责任公司,1-1.5万/月,西安-高新技术产业开发区,5-7年经验,本科,招1人,05-17发布,五险一金|员工旅游|通讯补贴|专业培训|绩效奖金|年终奖金|弹性工作|定期体检
数据分析师（运营方向）,陕西大剧院 西安音乐厅,5.5-6.5千/月,西安-曲江文化新区,2年经验,本科,招1人,05-17发布,五险一金|交通补贴|餐饮补贴|通讯补贴|带薪年假|定期体检|节日福利|绩效奖金
房地产/销售代表/高提成+五险/无责底薪3000,西安链家总部,6-8千/月,西安,无工作经验,大专,招10人,05-17发布,
软件工程师（车联网方向）,广东国鸿氢能科技有限公司,10-20万/年,佛山-禅城区,无工作经验,本科,招1人,05-17发布,五险一金|免费班车|员工旅游|出国机会|年终奖金|定期体检|弹性工作|免费住宿|餐饮补贴
java（界面）开发工程师,西安交大捷普网络科技有限公司,1-1.5万/月,西安-高新技术产业开发区,2年经验,本科,招5人,05-17发布,
项目经理,西安泰晟信息科技有限公司,1-1.5万/月,西安-高新技术产业开发区,3-4年经验,本科,招2人,05-17发布,五险一金|绩效奖金|弹性工作|年终奖金
售前工程师,上海艾飞能源科技有限公司,0.8-1万/月,西安-高新技术产业开发区,3-4年经验,本科,招2人,05-17发布,五险一金|专业培训|定期体检|员工旅游
Java开发工程师,美能国际生物科技（深圳）有限公司,0.8-1.6万/月,西安-高新技术产业开发区,3-4年经验,本科,招若干人,05-17发布,年终分红|股票期权|每年多次调薪|绩效奖金|出国游|大牛带队|五险一金
销售经理（酒店方向）(职位编号：005),陕西尚弘信息科技有限公司,0.5-1.5万/月,西安-高新技术产业开发区,3-4年经验,本科,招2人,05-17发布,五险一金|交通补贴|餐饮补贴|通讯补贴|专业培训|员工旅游|弹性工作|绩效奖金|年终奖金|扁平管理
策略发展总监/总助,西安启望计算机系统工程有限责任公司,1-2万/月,西安,无工作经验,本科,招1人,05-17发布,五险一金|通讯补贴|专业培训|绩效奖金|年终奖金|交通补贴
数据运营主管,西安诚优网络科技有限责任公司,6-8千/月,西安-雁塔区,3-4年经验,本科,招1人,05-17发布,五险一金|员工旅游|定期体检|年终奖金|绩效奖金|周末双休|带薪年假|全勤奖
服务器运维工程师,陕西省信息总公司,4.5-6千/月,西安-莲湖区,2年经验,大专,招5人,05-17发布,五险一金
对日软件工程师,大连清峰网络科技有限公司,15-45万/年,陕西省,1年经验,大专,招2人,05-08发布,绩效奖金|年终奖金|弹性工作|专业培训|出国机会
销售/市场拓展/大客户销售（西安）,重庆猪八戒网络有限公司,0.7-1.2万/月,西安,3-4年经验,大专,招2人,05-09发布,五险一金|交通补贴|餐饮补贴|岗位晋升|补充医疗保险|通讯补贴|专业培训|绩效奖金|带薪年假|电脑补贴车贴
交付工程师,北京西骏数据科技股份有限公司,0.8-1万/月,西安-新城区,3-4年经验,本科,招2人,05-09发布,五险一金|员工旅游|交通补贴|餐饮补贴|通讯补贴|绩效奖金|股票期权|弹性工作|专业培训|定期体检
算法工程师（德银控股.西安/上海）,陕西天行健车联网信息技术有限公司,1-1.5万/月,西安-经济技术开发区,2年经验,本科,招1人,05-09发布,五险一金|补充医疗保险|交通补贴|餐饮补贴|通讯补贴|专业培训|绩效奖金|年终奖金|定期体检|做五休二
人工智能-初级数据工程师,西安知象光电科技有限公司,4.5-8千/月,西安,无工作经验,本科,招2人,05-10发布,五险一金|员工旅游|绩效奖金|年终奖金|定期体检|出国机会
科技路区链家房产销售/无责底薪3000,西安链家宝业房地产经纪有限公司第十一分公司,0.8-1万/月,西安,无工作经验,大专,招9人,05-11发布,绩效奖金|节日福利|专业培训|弹性工作|带薪年假|五险一金|员工旅游
高级客户经理,新华人寿保险股份有限公司西安市雁塔支公司,0.8-1.5万/月,西安-雁塔区,3-4年经验,大专,招2人,05-10发布,带薪年假|高提成|奖金|年终奖|底薪|周末双休
首席技术官,梵界信息技术（上海）股份有限公司西安分公司,1.5-2万/月,西安-碑林区,8-9年经验,硕士,招1人,05-11发布,五险一金|周末双休|带薪年假|生日礼物|过节礼品
数据工程师（LT13whx）,北京东方国信科技股份有限公司,0.5-1万/月,西安,1年经验,本科,招2人,05-12发布,五险一金|年终奖金|定期体检|专业培训
JAVA软件开发工程师,新蛋信息技术（西安）有限公司,0.6-1.2万/月,西安,2年经验,招若干人,05-13发布,英语良好,五险一金|补充医疗保险|员工旅游|餐饮补贴|专业培训|出国机会|绩效奖金|年终奖金|弹性工作|定期体检
直聘法务1年经验,西安云选智能科技有限公司,3-4.5千/月,西安-新城区,1年经验,大专,招2人,05-12发布,
Java中级开发工程师（质量分析管理平台）,通力凯顿（北京）系统集成有限公司,0.8-2万/月,西安,2年经验,本科,招1人,05-13发布,五险一金|补充医疗保险|餐饮补贴|弹性工作|定期体检
IT售前工程师,西安和瑞智能科技有限公司,6-8千/月,西安-雁塔区,3-4年经验,本科,招3人,05-13发布,五险一金|周末双休|定期体检|员工旅游|年终奖金
数据分析师,北京蝉鸣信息科技有限公司,0.8-1万/月,西安-雁塔区,3-4年经验,本科,招1人,05-13发布,五险一金|绩效奖金|节日福利|加班补贴|餐饮补贴|周末双休|弹性工作|带薪年假|专业培训|定期体检
人事主管,西安君润大数据科技有限公司,4-6千/月,西安-雁塔区,2年经验,大专,招1人,04-26发布,五险一金|员工旅游|出国机会|绩效奖金|补充医疗保险|专业培训
WebGL研发工程师,西安速度时空大数据科技有限公司,1-1.5万/月,西安-雁塔区,2年经验,本科,招2人,05-09发布,五险一金|补充医疗保险|专业培训|年终奖金
人事专员,西安君润大数据科技有限公司,4-8千/月,西安-雁塔区,1年经验,大专,招2人,04-26发布,五险一金|员工旅游|出国机会|绩效奖金|补充医疗保险
信息经理/总监,伯图大数据管理有限公司西安分公司,1-2万/月,西安-高新技术产业开发区,5-7年经验,本科,招1人,05-15发布,
业务员,西安君润大数据科技有限公司,4-8千/月,西安-雁塔区,无工作经验,大专,招10人,05-16发布,五险一金|员工旅游|出国机会|绩效奖金|补充医疗保险|专业培训|弹性工作
产品专员,西安君润大数据科技有限公司,4-8千/月,西安-雁塔区,1年经验,大专,招10人,05-16发布,五险一金|员工旅游|出国机会|绩效奖金|补充医疗保险|专业培训|弹性工作
售前工程师,紫光陕数大数据有限公司,0.7-1.2万/月,西安-西咸新区,8-9年经验,本科,招2人,05-17发布,五险一金|弹性工作|定期体检|交通补贴|通讯补贴
系统集成项目经理,紫光陕数大数据有限公司,0.8-1万/月,西安-西咸新区,5-7年经验,本科,招2人,05-17发布,五险一金|交通补贴|餐饮补贴|员工旅游|通讯补贴|专业培训|年终奖金|定期体检
Java高级开发工程师(职位编号：000423),紫光陕数大数据有限公司,1.7-3万/月,西安-雁塔区,10年以上经验,本科,招2人,05-17发布,五险一金|交通补贴|餐饮补贴|员工旅游|通讯补贴|专业培训|年终奖金|定期体检
销售经理,紫光陕数大数据有限公司,6-8千/月,西安-西咸新区,3-4年经验,本科,招2人,05-17发布,五险一金|交通补贴|餐饮补贴|员工旅游|通讯补贴|专业培训|年终奖金|定期体检
机器算法工程师,紫光陕数大数据有限公司,2-2.5万/月,西安-西咸新区,无工作经验,硕士,招2人,05-17发布,五险一金|交通补贴|餐饮补贴|员工旅游|通讯补贴|专业培训|年终奖金|定期体检
系统集成工程师,紫光陕数大数据有限公司,0.8-1万/月,西安-西咸新区,无工作经验,本科,招2人,05-17发布,五险一金|弹性工作|定期体检|交通补贴|通讯补贴
行政专员,紫光陕数大数据有限公司,4.5-6千/月,西安-西咸新区,无工作经验,本科,招1人,05-17发布,五险一金|交通补贴|餐饮补贴|员工旅游|通讯补贴|专业培训|年终奖金|定期体检
地图制图员,西安速度时空大数据科技有限公司,3.5-6千/月,西安-雁塔区,2年经验,大专,招10人,05-19发布,五险一金|补充医疗保险|专业培训|年终奖金
房产销售+无责3K+就近分配+贝壳,陕西贝壳闹海房地产经纪有限公司,0.6-1万/月,西安-雁塔区,无工作经验,高中,招10人,05-20发布,绩效奖金|节日福利|专业培训|弹性工作|带薪年假
二手房中介+高提成+就近分配,陕西贝壳闹海房地产经纪有限公司,0.6-1万/月,西安-雁塔区,无工作经验,高中,招10人,05-20发布,绩效奖金|节日福利|专业培训|弹性工作|带薪年假
房产销售+无责3000+社保+高提成+链家,陕西贝壳闹海房地产经纪有限公司,4-8千/月,西安-高新技术产业开发区,无工作经验,大专,招10人,05-20发布,绩效奖金|节日福利|专业培训|弹性工作|带薪年假|五险一金
房产销售+无责3K+提成+出国游,陕西贝壳闹海房地产经纪有限公司,6-8千/月,西安-雁塔区,无工作经验,高中,招10人,05-20发布,绩效奖金|节日福利|专业培训|弹性工作|带薪年假
二手房门店经理+高提成收入+贝壳,陕西贝壳闹海房地产经纪有限公司,1-1.5万/月,西安-高新技术产业开发区,3-4年经验,高中,招3人,05-20发布,绩效奖金|节日福利|专业培训|弹性工作|带薪年假
二手房中介+高提成高底薪,陕西贝壳闹海房地产经纪有限公司,0.8-1万/月,西安-灞桥区,2年经验,高中,招5人,05-20发布,绩效奖金|节日福利|专业培训|弹性工作|带薪年假
二手房中介+就近分配+无责底薪,陕西贝壳闹海房地产经纪有限公司,6-8千/月,西安-高新技术产业开发区,无工作经验,高中,招10人,05-20发布,绩效奖金|节日福利|专业培训|弹性工作|带薪年假
房产中介+高提成+无责3K,陕西贝壳闹海房地产经纪有限公司,6-8千/月,西安-高新技术产业开发区,1年经验,高中,招9人,05-20发布,绩效奖金|节日福利|专业培训|弹性工作|带薪年假
置业顾问+就近分配+高提成收入,陕西贝壳闹海房地产经纪有限公司,0.6-1万/月,西安-雁塔区,2年经验,中专,招9人,05-20发布,绩效奖金|节日福利|专业培训|弹性工作|带薪年假
无责3K+二手房中介+社保+链家,陕西贝壳闹海房地产经纪有限公司,0.5-1万/月,西安-高新技术产业开发区,1年经验,大专,招8人,05-20发布,绩效奖金|节日福利|专业培训|弹性工作|带薪年假
平安普惠客户经理,平安普惠投资咨询有限公司陕西分公司,0.6-1.5万/月,西安-雁塔区,无工作经验,大专,招6人,05-20发布,绩效奖金|年终奖金|员工旅游|补充公积金|专业培训|补充医疗保险|五险一金|定期体检|弹性工作|出国机会
平安普惠客户专员,平安普惠投资咨询有限公司陕西分公司,0.6-2万/月,西安-雁塔区,无工作经验,大专,招6人,05-20发布,绩效奖金|年终奖金|员工旅游|补充公积金|专业培训|补充医疗保险|五险一金|定期体检|弹性工作|出国机会
电控设计,陕西通家汽车股份有限公司,0.6-1万/月,西安,3-4年经验,本科,招2人,03-25发布,五险一金|餐饮补贴|绩效奖金|交通补贴|免费班车
售前工程师,浪潮（北京）电子信息产业有限公司,1.5-3万/月,北京-海淀区,5-7年经验,本科,招若干人,03-26发布,
云服务产品销售经理,西安诺嘉信息科技有限公司,20-30万/年,西安-未央区,3-4年经验,本科,招1人,03-28发布,员工旅游|交通补贴|餐饮补贴|通讯补贴|专业培训|年终奖金|绩效奖金
总经理,西安影视数据评估中心有限公司,40-80万/年,西安-曲江文化新区,10年以上经验,本科,招1人,03-30发布,
高薪诚聘销售团队经理,中国平安人寿保险股份有限公司陕西分公司,1-1.5万/月,西安,1年经验,大专,招3人,04-04发布,做五休二|周末双休|弹性工作|带薪年假|节日福利|专业培训
建筑机电信息化管理产品专员,陕西汉鼎建筑装饰工程有限公司,4.5-6千/月,西安-碑林区,无工作经验,大专,招3人,05-20发布,
商学院教师,西安思源学院,3-4.5千/月,西安-灞桥区,3-4年经验,硕士,招1人,04-01发布,五险一金|免费班车|定期体检|周末双休|寒暑假
项目经理,西安盈达信息科技有限公司,1-1.5万/月,西安-雁塔区,5-7年经验,本科,招3人,05-20发布,五险一金|专业培训|年终奖金|周末双休
数据仓库工程师,西安盈达信息科技有限公司,0.8-1.5万/月,西安-雁塔区,3-4年经验,本科,招4人,05-20发布,五险一金|专业培训|年终奖金|周末双休
贝壳房产经理+专人带训,西安链家宝业房地产经纪有限公司,6-8千/月,西安-新城区,2年经验,大专,招7人,05-20发布,专业培训|绩效奖金|定期体检|年终奖金|专人带训
房产经纪人 储备店经理,陕西贝壳闹海房地产经纪有限公司,6-9千/月,西安-灞桥区,无工作经验,大专,招3人,05-20发布,弹性工作|带薪年假|五险一金|节日福利|专业培训
房产经纪人 储备店经理,陕西贝壳闹海房地产经纪有限公司,1-1.5万/月,西安-灞桥区,1年经验,本科,招2人,05-20发布,
无责底薪3000/房产顾问,西安链家宝业房地产经纪有限公司第二十二分公司,3-4.5千/月,西安,无工作经验,大专,招12人,04-19发布,五险一金|弹性工作|带薪年假|绩效奖金|节日福利|专业培训|交通补贴|互助金|海外游|团建
DBA工程师,西安鼎力信息技术有限责任公司,1.5-2.5万/月,西安-未央区,5-7年经验,大专,招2人,04-20发布,五险一金|绩效奖金|员工旅游|周末双休|餐饮补贴|免费班车
中国平安急聘优才储备主管,中国平安人寿保险股份有限公司陕西分公司,0.8-1万/月,西安-未央区,无工作经验,高中,招5人,04-20发布,
Java高级开发工程师,西安好乐互娱文化传播有限责任公司,1.2-1.8万/月,西安-曲江文化新区,5-7年经验,本科,招2人,04-22发布,五险一金|补充医疗保险|弹性工作
实习生/管培生,中国汽车技术研究中心数据资源中心,1-1千/月,天津-东丽区,无工作经验,硕士,招若干人,04-23发布,
聘销售顾问 月薪过万不是梦,西安链家宝业房地产经纪有限公司第十一分公司,6-8千/月,西安-莲湖区,无工作经验,大专,招5人,04-23发布,
销售顾问(职位编号：004),西安天辰优创科技有限公司,0.5-2万/月,西安-国家民用航天产业基地,1年经验,大专,招5人,04-24发布,周末双休|弹性工作|带薪年假|五险一金|绩效奖金|全勤奖|节日福利|专业培训|交通补贴|通讯补贴
数据分析专员,优酷网络技术（北京）有限公司,3-6千/月,西安-曲江文化新区,1年经验,本科,招3人,04-24发布,五险一金|专业培训|绩效奖金|定期体检|带薪年假|餐饮补贴|夜班补助
Java架构师,中软国际科技服务有限公司,2.5-3万/月,西安-雁塔区,8-9年经验,大专,招1人,04-26发布,
影视数据公司总经理,西安电视剧版权交易中心有限公司,40-80万/年,西安-雁塔区,10年以上经验,本科,招1人,04-26发布,五险一金|交通补贴|餐饮补贴|通讯补贴|绩效奖金|定期体检
碑林区房地产销售/链家,西安链家总部,4.5-6千/月,西安,无工作经验,大专,招5人,05-16发布,五险一金|弹性工作|带薪年假|高温补贴|专业培训|节日福利|绩效奖金
高新区链家房地产销售/无责底薪3000,西安链家总部,4.5-6千/月,西安,无工作经验,大专,招5人,05-16发布,五险一金|弹性工作|带薪年假|高温补贴|专业培训|节日福利|绩效奖金
AI算法应用研发工程师,华为技术有限公司,2-2.5万/月,西安,3-4年经验,硕士,招2人,05-17发布,五险一金|免费班车|年终奖金|绩效奖金|弹性工作|定期体检
Java-中间件开发,西安华炎信息科技有限公司,1-1.5万/月,杭州-滨江区,3-4年经验,本科,招若干人,05-17发布,五险一金|员工旅游|餐饮补贴|年终奖金|定期体检
数据分析BI,西安华炎信息科技有限公司,1.5-2万/月,杭州-滨江区,3-4年经验,本科,招若干人,05-17发布,五险一金|员工旅游|餐饮补贴|年终奖金|定期体检
销售经理,西安正保网络科技有限公司,1.5-2万/月,西安-高新技术产业开发区,3-4年经验,本科,招3人,04-26发布,五险一金|通讯补贴|弹性工作|定期体检|年终奖金|交通补贴|全勤奖|项目奖金|高额提成|团队建设
音频工程师,华为技术有限公司,1.5-2万/月,西安-高新技术产业开发区,3-4年经验,本科,招3人,05-17发布,五险一金|员工旅游|定期体检|年终奖金
Java-风控,西安华炎信息科技有限公司,1.5-2万/月,杭州-滨江区,5-7年经验,本科,招若干人,05-17发布,五险一金|员工旅游|餐饮补贴|年终奖金|定期体检
版权法务主管,西安电视剧版权交易中心有限公司,6-10万/年,西安-曲江文化新区,3-4年经验,本科,招1人,04-26发布,
Web前端开发工程师,西安华炎信息科技有限公司,1.5-2万/月,杭州-滨江区,3-4年经验,本科,招若干人,05-17发布,五险一金|员工旅游|餐饮补贴|年终奖金|定期体检
AI网络在线客服,中国平安人寿保险股份有限公司陕西分公司,4.5-6千/月,西安-雁塔区,无工作经验,大专,招6人,04-27发布,周末双休|弹性工作|节日福利|专业培训|全勤奖|绩效奖金|五险一金|带薪年假|降温取暖费|无责任底薪
产品总监,西安华创人力资源管理咨询有限公司,2.5-4万/月,杭州-拱墅区,5-7年经验,本科,招1人,04-29发布,定期体检|专业培训|员工旅游|交通补贴|绩效奖金|年终奖金|五险一金|通讯补贴|餐饮补贴
西安-Java高级软件研发工程师,广州粤境通供应链管理有限公司,1.2-2万/月,西安-长安区,5-7年经验,本科,招2人,04-29发布,五险一金|补充医疗保险|绩效奖金|弹性工作|定期体检
研发主管/经理,西安华创人力资源管理咨询有限公司,1.5-2万/月,北京-海淀区,5-7年经验,本科,招3人,04-29发布,五险一金|专业培训|员工旅游|年终奖金|定期体检|弹性工作|交通补贴|绩效奖金
售前工程师,三盟科技股份有限公司,0.8-1.2万/月,西安,2年经验,本科,招1人,04-30发布,五险一金|年终奖金|弹性工作|绩效奖金|交通补贴|通讯补贴|专业培训|周末双休|带薪年假
Java后端服务开发-西安-HXY(职位编号：NavInfo001888),北京四维图新科技股份有限公司,1.2-1.6万/月,西安-雁塔区,3-4年经验,本科,招3人,05-02发布,五险一金|补充医疗保险|免费班车|年终奖金|餐饮补贴|弹性工作|定期体检|通讯补贴|专业培训
预先研究员,西安华创人力资源管理咨询有限公司,27-30万/年,北京-石景山区,2年经验,硕士,招1人,04-29发布,五险一金|专业培训|员工旅游|年终奖金|定期体检|弹性工作|交通补贴|绩效奖金
前端工程师(职位编号：TAIJI000746),太极计算机股份有限公司,0.7-1.3万/月,西安-雁塔区,2年经验,本科,招2人,05-05发布,五险一金|补充医疗保险|绩效奖金|交通补贴|餐饮补贴|弹性工作|定期体检|14薪
IT项目规划主任工程师（西安总部）(J11070),隆基绿能科技股份有限公司,2.3-3万/月,西安-经济技术开发区,8-9年经验,本科,招1人,05-05发布,五险一金|交通补贴|通讯补贴|年终奖金|带薪年假|节日福利|出差补贴|免费班车|餐饮补贴|500强
高级开发工程师,陕西嘉惠碧海电子科技有限公司,0.8-2万/月,西安-未央区,3-4年经验,本科,招3人,05-05发布,五险一金|员工旅游|交通补贴|绩效奖金|年终奖金|高温补贴|年底双薪|节日福利
院校合作经理,上海海迪信息科技有限公司,0.8-2万/月,西安-高新技术产业开发区,无工作经验,大专,招若干人,05-06发布,五险一金|员工旅游|带薪年假|年终双薪|节日福利|年终奖金|定期体检|绩效奖金
版权经理人(职位编号：03),西安电视剧版权交易中心有限公司,6-10万/年,西安-曲江文化新区,2年经验,硕士,招1人,05-08发布,
高级Java开发工程师,北京蝉鸣信息科技有限公司,1-1.5万/月,西安-雁塔区,5-7年经验,本科,招2人,05-07发布,五险一金|绩效奖金|节日福利|加班补贴|餐饮补贴|周末双休|弹性工作|带薪年假|专业培训|定期体检
数据分析师,北京易玖生态环境有限公司,1-2万/月,西安-经济技术开发区,3-4年经验,硕士,招2人,05-17发布,五险一金|弹性工作|餐饮补贴|交通补贴|绩效奖金|定期体检
浐灞链家/储备干部/房产店长,西安链家宝业房地产经纪有限公司第五十六分公司,6-8千/月,西安-灞桥区,无工作经验,大专,招15人,05-17发布,弹性工作|带薪年假|五险一金|节日福利|专业培训|高温补贴|交通补贴|一对一帮扶|定时团建|不定时旅游
平安普惠信贷销售专员,平安普惠投资咨询有限公司陕西分公司,0.8-1.5万/月,西安-雁塔区,无工作经验,大专,招4人,05-17发布,绩效奖金|年终奖金|员工旅游|补充公积金|专业培训|补充医疗保险|五险一金|定期体检|弹性工作|出国机会
平安普惠信贷销售专员,平安普惠投资咨询有限公司陕西分公司,0.8-1.5万/月,西安-雁塔区,无工作经验,大专,招4人,05-17发布,绩效奖金|年终奖金|员工旅游|补充公积金|专业培训|补充医疗保险|五险一金|定期体检|弹性工作|出国机会
平安普惠客户专员,平安普惠投资咨询有限公司陕西分公司,0.6-1.5万/月,西安-雁塔区,无工作经验,大专,招6人,05-17发布,绩效奖金|年终奖金|员工旅游|补充公积金|专业培训|补充医疗保险|五险一金|定期体检|弹性工作|出国机会
贷款销售专员,平安普惠投资咨询有限公司陕西分公司,0.8-1.5万/月,西安-雁塔区,无工作经验,大专,招4人,05-17发布,绩效奖金|年终奖金|员工旅游|补充公积金|专业培训|补充医疗保险|五险一金|定期体检|弹性工作|出国机会
营销（百度信息流产品，高提成）,百度西北营销服务中心,5-6千/月,西安,无工作经验,大专,招10人,05-17发布,带薪年假|五险一金|专业培训|节日福利|绩效奖金|法定假|员工旅游|高额提成|结婚礼金|年终大奖
数据分析师 包食宿180518x,上海如创网络技术有限公司,6-8千/月,上海,无工作经验,大专,招若干人,05-17发布,五险一金|补充医疗保险|补充公积金|专业培训|弹性工作|绩效奖金
JAVA软件工程师（初级）（西安研发分中心）(职位编号：YNT-YF-002-1),云南航信空港网络有限公司,4.5-9万/年,西安-高新技术产业开发区,1年经验,本科,招若干人,05-18发布,五险一金|绩效奖金|年终奖金|定期体检|周末双休|年终双薪
Java高级开发工程师,陕西途悠悠供应链管理有限公司,0.8-1.5万/月,西安-雁塔区,5-7年经验,大专,招10人,05-17发布,
销售经理-公安事业部,上海蓝灯数据科技股份有限公司,0.8-1万/月,上海,3-4年经验,大专,招1人,05-17发布,五险一金|补充医疗保险|餐饮补贴|通讯补贴|专业培训|绩效奖金|年终奖金|定期体检
JAVA软件工程师（中级）（西安研发分中心）(职位编号：YNT-YF-002-2),云南航信空港网络有限公司,9-12万/年,西安-高新技术产业开发区,1年经验,本科,招若干人,05-18发布,五险一金|绩效奖金|年终奖金|定期体检|周末双休|年终双薪
测试开发工程师（西安）(职位编号：20180823-112),天翼电子商务有限公司,,西安,无工作经验,本科,招1人,05-18发布,
Java开发工程师,华正云科（北京）信息技术有限公司西安分公司,4-8千/月,西安-未央区,无工作经验,本科,招4人,05-18发布,五险一金|交通补贴|通讯补贴|专业培训|绩效奖金|年终奖金|周末双休|节日福利|出差补贴
IT技术岗,陕西长银消费金融有限公司,,西安,无工作经验,本科,招若干人,05-18发布,
UI设计师,西安智贸信息科技有限公司,4.5-8千/月,西安-雁塔区,3-4年经验,本科,招若干人,05-18发布,五险一金|通讯补贴|绩效奖金|年终奖金|交通补贴|定期体检|餐饮补贴
VR教育产品渠道销售经理,西安飞蝶虚拟现实科技有限公司,4.5-6千/月,西安-高新技术产业开发区,3-4年经验,大专,招10人,05-18发布,五险一金|周末双休|绩效奖金|节日福利
MES/WMS/DNC工业软件及系统集成销售,西安维德汇通工业自动化有限公司,5-7千/月,西安-高新技术产业开发区,2年经验,大专,招1人,05-18发布,周末双休|带薪年假|五险一金|绩效奖金|节日福利|专业培训
大客户经理  无责底薪4000+提成+双休,三体云智能科技有限公司,1-1.5万/月,西安-未央区,1年经验,大专,招2人,05-18发布,五险一金|绩效奖金|员工旅游|年终奖金|弹性工作|团队聚餐|员工生日|节日福利|下午茶|水果趴
项目经理,西安美兆健康管理有限公司,6-8千/月,西安-高新技术产业开发区,无工作经验,本科,招1人,05-13发布,
技术总监,西安格蒂电力有限公司,2-4万/月,西安,无工作经验,博士,招1人,05-14发布,五险一金|交通补贴|餐饮补贴|专业培训|定期体检
城市合伙人,四川融合融信息技术有限公司,3-5万/月,深圳-福田区,3-4年经验,大专,招1人,05-14发布,绩效奖金|专业培训|节日福利|弹性工作|股票期权
链家销售代表/优秀应届生,德佑（天津）房地产经纪服务有限公司,0.8-1万/月,西安,无工作经验,大专,招10人,05-14发布,弹性工作|全勤奖|绩效奖金|节日福利|专业培训
质量核查专员,优信集团,6-7千/月,西安-灞桥区,2年经验,大专,招5人,05-14发布,五险一金|带薪年假|绩效奖金|交通补贴|补充医疗保险|通讯补贴|节日福利|定期体检
链家房产招聘 置业顾问,西安链家宝业房地产经纪有限公司第六十九分公司,0.8-1万/月,西安-未央区,无工作经验,大专,招10人,05-14发布,五险一金|绩效奖金|专业培训|带薪年假
销售代表,陕西联兴网络科技有限公司,0.5-1万/月,西安-雁塔区,2年经验,大专,招2人,05-15发布,五险一金|员工旅游|交通补贴|年终奖金|专业培训|周末双休|节日福利
Java初级开发工程师（微信小程序+app),陕西德通信息科技有限公司,4-6千/月,西安-高新技术产业开发区,1年经验,大专,招1人,05-15发布,五险一金|员工旅游|交通补贴|餐饮补贴|通讯补贴|年终奖金|定期体检
汽车金融运营专员,霆科国际融资租赁有限公司,3-4.5千/月,西安-经济技术开发区,1年经验,大专,招若干人,05-15发布,员工旅游|交通补贴|绩效奖金|享受五险|父母体检|生日福利|弹性工作
数据可视化专家,深圳力维智联技术有限公司,2-4万/月,西安,3-4年经验,本科,招若干人,05-15发布,绩效奖金|定期体检|六险一金|带薪年假|每天多次调薪|周末双休|员工旅游|节日福利|餐补话补|班车接送
.NET开发工程师,北京北斗兴业信息技术股份有限公司,0.7-1.2万/月,西安-雁塔区,3-4年经验,大专,招1人,05-15发布,五险一金|带薪年假|通讯补贴|交通补贴|餐饮补贴
高级数据库工程师,西安国际医学中心有限公司,0.8-1.2万/月,西安-高新技术产业开发区,5-7年经验,本科,招1人,05-15发布,五险一金|绩效奖金|年终奖金|专业培训|定期体检|餐饮补贴
算法工程师（西安）,北京睿至大数据有限公司,,西安,无工作经验,硕士,招3人,05-20发布,
管培生（技术方向、销售方面）（西安）,北京睿至大数据有限公司,,西安,无工作经验,硕士,招5人,05-20发布,
开发工程师（数据挖掘、数据分析、Java开发、web前端、运维）（西安）,北京睿至大数据有限公司,,西安,无工作经验,本科,招5人,05-20发布,
销售精英（西安）,北京睿至大数据有限公司,,西安,无工作经验,本科,招5人,05-20发布,
品牌经理/品牌运营经理,伯图大数据管理有限公司西安分公司,0.8-1.2万/月,西安-高新技术产业开发区,3-4年经验,大专,招2人,05-20发布,
内容运营,伯图大数据管理有限公司西安分公司,4-6千/月,西安-高新技术产业开发区,2年经验,大专,招3人,05-20发布,
APP推广经理,伯图大数据管理有限公司西安分公司,0.6-1.2万/月,西安-高新技术产业开发区,3-4年经验,大专,招3人,05-20发布,
Java开发工程师,伯图大数据管理有限公司西安分公司,0.8-1.5万/月,西安-高新技术产业开发区,2年经验,大专,招5人,05-20发布,
react-native高级开发工程师,伯图大数据管理有限公司西安分公司,0.9-2万/月,西安-高新技术产业开发区,2年经验,大专,招3人,05-20发布,
客服,伯图大数据管理有限公司西安分公司,3-4千/月,西安-高新技术产业开发区,1年经验,中专,招3人,05-20发布,
WEB前端开发主管/经理,伯图大数据管理有限公司西安分公司,1.3-2.5万/月,西安-高新技术产业开发区,5-7年经验,本科,招2人,05-20发布,
前端开发工程师(职位编号：002),西安速度时空大数据科技有限公司,0.8-1.2万/月,西安-雁塔区,2年经验,本科,招5人,05-20发布,
后端研发工程师(职位编号：003),西安速度时空大数据科技有限公司,0.8-1.5万/月,西安-雁塔区,2年经验,本科,招若干人,05-20发布,五险一金|补充医疗保险|专业培训|年终奖金
平安普惠信贷销售专员,平安普惠投资咨询有限公司陕西分公司,0.8-1.5万/月,西安-雁塔区,无工作经验,大专,招6人,05-20发布,绩效奖金|年终奖金|员工旅游|补充公积金|专业培训|补充医疗保险|五险一金|定期体检|弹性工作|出国机会
平安普惠信贷销售员,平安普惠投资咨询有限公司陕西分公司,0.8-1.5万/月,西安-雁塔区,无工作经验,大专,招8人,05-20发布,绩效奖金|年终奖金|员工旅游|补充公积金|专业培训|补充医疗保险|五险一金|定期体检|弹性工作|出国机会
项目经理,上海德拓信息技术股份有限公司,1.2-1.8万/月,西安,无工作经验,本科,招若干人,05-20发布,五险一金|弹性工作|员工旅游|定期体检
房产经纪人/储备店长/高底薪提成,陕西贝壳闹海房地产经纪有限公司,0.5-1万/月,西安-高新技术产业开发区,无工作经验,高中,招10人,05-20发布,绩效奖金|节日福利|专业培训|弹性工作|带薪年假
JAVA开发工程师-西安,北京华晨阳通信技术有限责任公司,4-8千/月,西安-雁塔区,1年经验,本科,招10人,04-06发布,员工旅游|餐饮补贴|通讯补贴|年终奖金|带薪年假
贝壳新房直销经纪人  储备店经理 统招大专以上学历,陕西贝壳闹海房地产经纪有限公司,5-9千/月,西安-灞桥区,无工作经验,大专,招5人,05-20发布,
数据分析师（双休 +社保）,西安雾速桔信息科技有限责任公司,4.5-6千/月,西安-碑林区,1年经验,本科,招1人,05-20发布,员工旅游|专业培训|餐饮补贴|交通补贴|五险一金|绩效奖金|弹性工作
链家新房直销 诚聘房产销售精英,陕西贝壳闹海房地产经纪有限公司,4-9千/月,西安-灞桥区,1年经验,大专,招4人,05-20发布,
新房销售 贝壳链家,陕西贝壳闹海房地产经纪有限公司,0.8-1万/月,西安-灞桥区,无工作经验,大专,招6人,05-20发布,
链家新房直招 房产经纪人 储备店经理,陕西贝壳闹海房地产经纪有限公司,0.8-1万/月,西安-灞桥区,无工作经验,大专,招3人,05-20发布,
西安链家新房直销经纪人 储备店经理,陕西贝壳闹海房地产经纪有限公司,1-1.5万/月,西安-灞桥区,无工作经验,本科,招2人,05-20发布,带薪年假|五险一金|专业培训|节日福利|弹性工作
高端房产 黄金商圈（底薪4K+30高额提成）,西安链家总部,6-8千/月,西安-高新技术产业开发区,1年经验,大专,招10人,05-20发布,带薪年假|五险一金|绩效奖金|节日福利|专业培训|加班补贴
链家销售代表/无责底薪/高提成,西安链家总部,6-8千/月,西安-雁塔区,无工作经验,大专,招9人,05-20发布,五险一金|员工旅游|定期体检|绩效奖金
风控专员5-8k五险双休带薪年假,西安壬林商务信息咨询有限公司,5-8千/月,西安-雁塔区,无工作经验,大专,招3人,05-20发布,五险一金|员工旅游|周末双休|不加班|早九晚五|带薪年假|节假日福利|晋升空间大|临近地铁口|年终奖金
链家销售代表/五险一金/高提成+底薪,西安链家总部,6-8千/月,西安,无工作经验,大专,招8人,05-20发布,
链家销售代表/五险一金/高提成+底薪,西安链家总部,6-8千/月,西安-雁塔区,无工作经验,大专,招8人,05-20发布,五险一金|员工旅游|定期体检|绩效奖金|专业培训|节日福利
舆情分析-西安-04862(职位编号：04862),博彦科技股份有限公司,3-4千/月,西安,1年经验,本科,招1人,04-28发布,
（19西安校招）C/C++研发工程师,中国电子科技集团公司第十五研究所（华北计算技术研究所）,0.5-1万/月,西安-高新技术产业开发区,无工作经验,本科,招若干人,05-14发布,五险一金|员工旅游|绩效奖金|年终奖金|交通补贴|餐饮补贴|定期体检|高温补贴|通讯补贴|带薪年假
城市合伙人/创业合伙人,浙江猎数信息科技有限公司,40-50万/年,宁波-高新区,无工作经验,大专,招1人,04-28发布,
java技术支持讲师,西安童程童创教育科技有限公司,6-8千/月,西安-碑林区,2年经验,大专,招3人,04-28发布,五险一金|交通补贴|绩效奖金|年终奖金|员工旅游
Web前端开发工程师,杭州鸿泉物联网技术股份有限公司,0.8-1.5万/月,西安-高新技术产业开发区,1年经验,本科,招1人,04-30发布,五险一金|员工旅游|绩效奖金|年终奖金|股票期权|通讯补贴|定期体检
大客户销售,用友网络科技股份有限公司重庆分公司,8-40万/年,重庆-渝北区,2年经验,本科,招5人,05-04发布,周末双休|带薪年假|五险一金|绩效奖金|节日福利|餐饮补贴|高温补贴
算法工程师,三盟科技股份有限公司,1.5-1.8万/月,西安,3-4年经验,本科,招1人,04-30发布,五险一金|年终奖金|股票期权|绩效奖金|周末双休|带薪年假|节日福利
校园代理,西安卓远讯飞信息科技有限公司,6-8万/年,西安-碑林区,无工作经验,大专,招若干人,05-04发布,弹性工作|公费旅游|带薪休假|五险一金
售前技术支持,浙江正泰电器股份有限公司,0.8-1万/月,杭州,5-7年经验,大专,招若干人,05-05发布,五险一金|包住宿|包吃|带薪年假|节日福利|专业培训|加班补贴|高温补贴|绩效奖金
下属公司副总经理,西安建工物流设备集团有限公司,1.5-2万/月,西安-雁塔区,5-7年经验,本科,招1人,05-05发布,五险一金|餐饮补贴|交通补贴|通讯补贴|年终奖金|绩效奖金|定期体检
政府信息化软件销售,西安诺嘉信息科技有限公司,20-30万/年,西安-未央区,3-4年经验,本科,招1人,03-28发布,员工旅游|交通补贴|餐饮补贴|通讯补贴|专业培训|年终奖金|绩效奖金
Java高级开发工程师,西安悦泰科技有限责任公司,1.5-2万/月,西安,5-7年经验,本科,招2人,03-29发布,五险一金|交通补贴|绩效奖金|通讯补贴|定期体检|餐饮补贴
服务器软件开发工程师,西安锐益达风电技术有限公司,0.8-1.2万/月,西安,3-4年经验,本科,招1人,03-29发布,五险一金|交通补贴|餐饮补贴|通讯补贴|绩效奖金|年终奖金|员工旅游
西安链家 新房直招销售顾问 招优秀应届毕业生(职位编号：001),陕西贝壳闹海房地产经纪有限公司,5-9千/月,西安-灞桥区,无工作经验,大专,招5人,05-19发布,
链家房产经纪人 销售专员 招应届毕业生,陕西贝壳闹海房地产经纪有限公司,0.8-1万/月,西安-灞桥区,无工作经验,大专,招5人,05-19发布,
将来的你一定会感谢现在拼搏的自己  销售,陕西贝壳闹海房地产经纪有限公司,5-9千/月,西安-灞桥区,无工作经验,大专,招5人,05-19发布,
大客户销售代表,陕西贝壳闹海房地产经纪有限公司,0.9-1.5万/月,西安-灞桥区,无工作经验,大专,招4人,05-19发布,
销售专员 做销售不丢人,陕西贝壳闹海房地产经纪有限公司,5-9千/月,西安-灞桥区,无工作经验,大专,招5人,05-19发布,
销售顾问 接受应届毕业生 越努力 越幸运,陕西贝壳闹海房地产经纪有限公司,6-9千/月,西安-灞桥区,无工作经验,大专,招4人,05-19发布,弹性工作|带薪年假|专业培训|节日福利|绩效奖金|五险一金
链家销售代表/置业顾问,陕西贝壳闹海房地产经纪有限公司,5-9千/月,西安-灞桥区,无工作经验,大专,招4人,05-19发布,
贝壳找房 新房直销 高薪直聘 销售顾问 房产经纪人,陕西贝壳闹海房地产经纪有限公司,6-8千/月,西安-灞桥区,无工作经验,大专,招5人,05-19发布,弹性工作|带薪年假|专业培训|节日福利|绩效奖金|五险一金
贝壳找房总部直聘 新房销售 无责底薪  灞桥区,陕西贝壳闹海房地产经纪有限公司,5-9千/月,西安-灞桥区,无工作经验,大专,招4人,05-19发布,弹性工作|带薪年假|五险一金|节日福利|专业培训|互助金|国外游
链家新房总部直聘 房产经纪人 灞桥区 统招大专,陕西贝壳闹海房地产经纪有限公司,5-9千/月,西安-灞桥区,无工作经验,大专,招4人,05-19发布,弹性工作|带薪年假|五险一金|节日福利|专业培训|互助金|国外游
数据研发,西安华炎信息科技有限公司,2-2.5万/月,杭州-滨江区,5-7年经验,本科,招若干人,05-17发布,五险一金|员工旅游|餐饮补贴|年终奖金|定期体检
贝壳新房高薪直聘销售精英/店经理/商圈经理,陕西贝壳闹海房地产经纪有限公司,1-1.5万/月,西安-灞桥区,1年经验,本科,招2人,05-19发布,
链家新房高薪直聘销售精英/店经理,陕西贝壳闹海房地产经纪有限公司,1-1.5万/月,西安-灞桥区,1年经验,本科,招3人,05-19发布,
贝壳新房高薪直聘销售精英无责底薪3000+高提成+现金奖,陕西贝壳闹海房地产经纪有限公司,5-9千/月,西安-灞桥区,无工作经验,大专,招5人,05-19发布,
嵌入式工程师,西安富立叶微电子有限责任公司,0.8-1万/月,西安-高新技术产业开发区,5-7年经验,本科,招1人,05-17发布,五险一金|员工旅游|通讯补贴|专业培训|年终奖金|定期体检
项目申报主管,西安富立叶微电子有限责任公司,5-8千/月,西安-高新技术产业开发区,5-7年经验,本科,招1人,05-17发布,五险一金|员工旅游|通讯补贴|专业培训|年终奖金|定期体检
销售副总监,西安富立叶微电子有限责任公司,1-1.5万/月,西安-高新技术产业开发区,8-9年经验,本科,招1人,05-17发布,五险一金|餐饮补贴|专业培训|年终奖金|股票期权|绩效奖金
嵌入式开发组长,西安富立叶微电子有限责任公司,1-1.5万/月,西安-高新技术产业开发区,5-7年经验,本科,招1人,05-17发布,五险一金|餐饮补贴|专业培训|年终奖金|股票期权|绩效奖金
会计,西安富立叶微电子有限责任公司,4.5-6千/月,西安-高新技术产业开发区,3-4年经验,本科,招1人,05-17发布,五险一金|员工旅游|通讯补贴|专业培训|绩效奖金|年终奖金|弹性工作|定期体检
云计算高级研发工程师,华为技术有限公司,2-2.5万/月,西安,3-4年经验,硕士,招3人,05-17发布,五险一金|免费班车|年终奖金|绩效奖金|弹性工作|定期体检
急招数据库开发工程师,西安泰晟信息科技有限公司,1-1.5万/月,西安-高新技术产业开发区,3-4年经验,本科,招1人,05-08发布,五险一金|绩效奖金|弹性工作|年终奖金
Web开发工程师,西安泰晟信息科技有限公司,0.8-1.5万/月,西安-高新技术产业开发区,3-4年经验,本科,招1人,05-08发布,五险一金|交通补贴|餐饮补贴|通讯补贴|绩效奖金|年终奖金|弹性工作|季度奖金|提供住宿
数据开发工程师,上海米赋网络科技有限公司,0.6-1.2万/月,西安-雁塔区,3-4年经验,本科,招1人,05-08发布,五险一金|员工旅游|专业培训|年终奖金
营销主管,西安电视剧版权交易中心有限公司,6-10万/年,西安-曲江文化新区,3-4年经验,本科,招1人,05-08发布,
高级Java开发工程师,西安泰晟信息科技有限公司,0.8-1.5万/月,西安-高新技术产业开发区,3-4年经验,本科,招5人,05-10发布,五险一金|绩效奖金|年终奖金|弹性工作|节日福利|补充医疗保险
中、高级java开发,西安泰晟信息科技有限公司,0.8-1.5万/月,西安-高新技术产业开发区,3-4年经验,大专,招2人,05-10发布,五险一金|交通补贴|餐饮补贴|通讯补贴|绩效奖金|年终奖金|弹性工作|季度奖金|提供住宿
链家高端房产销售,西安链家宝业房地产经纪有限公司,0.8-1万/月,西安,无工作经验,大专,招10人,05-10发布,
链家房产经纪人高薪诚聘,西安链家宝业房地产经纪有限公司,6-8千/月,西安,无工作经验,大专,招10人,05-10发布,
数据库工程师/管理员,江苏银丰信息技术有限公司,1-1.5万/月,西安,3-4年经验,本科,招2人,05-11发布,五险一金|弹性工作|专业培训|员工旅游|年终奖金|股票期权|餐饮补贴|绩效奖金
西安链家底薪3000/房产销售/2018届,西安链家宝业房地产经纪有限公司第十一分公司,0.8-1万/月,西安,无工作经验,大专,招10人,05-11发布,绩效奖金|节日福利|专业培训|弹性工作|带薪年假
西安链家直聘高薪职业房产经纪人,西安链家宝业房地产经纪有限公司第十一分公司,1-1.5万/月,西安,无工作经验,大专,招若干人,05-11发布,专业培训|弹性工作|带薪年假|五险一金|员工旅游|绩效奖金
西安链家地产，业内高底薪3000+五险,西安链家宝业房地产经纪有限公司第十一分公司,6-8千/月,西安,无工作经验,大专,招10人,05-11发布,专业培训|弹性工作|带薪年假|五险一金|员工旅游|绩效奖金
西安链家直聘高薪职业经纪人店经理,西安链家宝业房地产经纪有限公司第十一分公司,0.8-1万/月,西安,无工作经验,本科,招10人,05-11发布,专业培训|弹性工作|带薪年假|五险一金|员工旅游|绩效奖金
无责任底薪3千+高提成+包住宿,西安链家宝业房地产经纪有限公司第五十六分公司,6-8千/月,西安-灞桥区,无工作经验,大专,招15人,05-19发布,弹性工作|带薪年假|五险一金|节日福利|专业培训|高温补贴|交通补贴|包住宿
一二手房置业顾问/房屋租赁,西安链家宝业房地产经纪有限公司第五十六分公司,6-8千/月,西安-灞桥区,无工作经验,大专,招20人,05-19发布,弹性工作|带薪年假|五险一金|节日福利|专业培训|高温补贴|交通补贴
销售专员,陕西贝壳闹海房地产经纪有限公司,5-9千/月,西安-灞桥区,无工作经验,大专,招4人,05-19发布,
房产销售/门店经理/提成高/就近安排,西安链家总部,0.8-1万/月,西安-雁塔区,无工作经验,大专,招5人,05-19发布,弹性工作|五险一金|专业培训
西安链家总部直招房产经纪人+豪宅置业顾问+实习生,西安链家宝业房地产经纪有限公司第九十七分公司,1-1.5万/月,西安-高新技术产业开发区,无工作经验,大专,招若干人,05-18发布,
链家网线下门店经纪人,西安链家宝业房地产经纪有限公司第九十七分公司,0.8-1万/月,西安-高新技术产业开发区,无工作经验,大专,招若干人,05-18发布,
西安链家-市场 营销 销售 住宿,西安链家宝业房地产经纪有限公司第九十七分公司,0.8-1万/月,西安-高新技术产业开发区,无工作经验,大专,招若干人,05-18发布,
房产名企-链家总部高薪诚聘销售精英/实习生,西安链家宝业房地产经纪有限公司第九十七分公司,0.8-1万/月,西安-高新技术产业开发区,无工作经验,大专,招若干人,05-18发布,
链家大平台诚聘置业顾问,西安链家宝业房地产经纪有限公司第九十七分公司,0.8-1万/月,西安-高新技术产业开发区,无工作经验,大专,招若干人,05-18发布,
链家直招-市场营销/房企管培生,西安链家宝业房地产经纪有限公司第九十七分公司,6-8千/月,西安-高新技术产业开发区,无工作经验,大专,招若干人,05-18发布,
链家-创未来 优秀实习生/销售代表,西安链家宝业房地产经纪有限公司第九十七分公司,0.8-1万/月,西安-高新技术产业开发区,无工作经验,大专,招若干人,05-18发布,
西安链家总部直聘/房产经纪人 /底薪3000,西安链家宝业房地产经纪有限公司第九十七分公司,0.8-1万/月,西安-高新技术产业开发区,无工作经验,大专,招若干人,05-18发布,
应届生岗位链家销售管培生,西安链家宝业房地产经纪有限公司第九十七分公司,1-1.5万/月,西安-高新技术产业开发区,无工作经验,大专,招若干人,05-18发布,
西安链家-销售代表/实习生/师徒制,西安链家宝业房地产经纪有限公司第九十七分公司,6-8千/月,西安-高新技术产业开发区,无工作经验,大专,招若干人,05-18发布,
销售代表/销售实习生/储备干部,西安链家宝业房地产经纪有限公司第九十七分公司,6-8千/月,西安-高新技术产业开发区,无工作经验,大专,招若干人,05-18发布,
链家营销管培生 专业培训,西安链家宝业房地产经纪有限公司第九十七分公司,0.8-1万/月,西安-高新技术产业开发区,无工作经验,大专,招若干人,05-18发布,弹性工作|五险一金|绩效奖金|节日福利|专业培训|国内外旅游
链家置业顾问 房产经纪人,西安链家宝业房地产经纪有限公司第九十七分公司,6-8千/月,西安-高新技术产业开发区,无工作经验,大专,招若干人,05-18发布,弹性工作|五险一金|绩效奖金|节日福利|专业培训|国内外旅游
西安链家招聘,西安链家宝业房地产经纪有限公司第九十七分公司,6-8千/月,西安-高新技术产业开发区,无工作经验,大专,招若干人,05-18发布,
Java开发工程师,西安卓越软件开发有限公司,6-8万/年,西安,2年经验,本科,招5人,05-18发布,股票期权|年终奖金|五险一金|补充医疗保险|绩效奖金|员工旅游|通讯补贴|弹性工作|专业培训|人身意外险
Java高级开发工程师,厦门市巨龙信息科技有限公司,0.8-1.5万/月,西安,无工作经验,本科,招2人,05-20发布,五险一金|年终奖金|定期体检
实施项目经理（项目奖金多）,上海京颐科技股份有限公司,0.7-1.2万/月,西安,3-4年经验,本科,招若干人,05-20发布,五险一金|员工旅游|餐饮补贴|通讯补贴|绩效奖金|年终奖金|股票期权|定期体检
项目经理（base西安，全国出差）,上海京颐科技股份有限公司,0.8-1万/月,西安,3-4年经验,本科,招5人,05-20发布,五险一金|餐饮补贴|通讯补贴|定期体检|出差补贴|员工旅游
百度数据分析专员/助理 双休,陕西摩天黑石教育科技有限公司,4-7.5千/月,西安-碑林区,无工作经验,大专,招3人,05-20发布,
Java开发工程师,陕西嘉惠碧海电子科技有限公司,0.8-1.5万/月,西安-未央区,3-4年经验,本科,招若干人,05-20发布,五险一金|员工旅游|交通补贴|绩效奖金|年终奖金|年底双薪|节日福利|周末双休
高级客户经理,中国人寿保险股份有限公司西安分公司经济技术开发区营销服务部,0.5-1万/月,西安-未央区,无工作经验,本科,招5人,05-20发布,弹性工作|带薪年假|五险一金|绩效奖金|全勤奖|节日福利|专业培训|高温补贴
旅游客服,广东心灯文化旅游有限公司,4-6千/月,西安-高新技术产业开发区,1年经验,本科,招1人,05-20发布,
资深软件工程师,普元信息技术股份有限公司,1.5-2万/月,西安-高新技术产业开发区,5-7年经验,本科,招1人,05-20发布,
房产经纪人 一手房（浐灞店）,陕西链家高策房地产经纪有限公司西安纺织城店,6-8千/月,西安-灞桥区,1年经验,大专,招10人,05-20发布,五险一金|员工旅游|绩效奖金|专业培训|定期体检
房产经纪人 一手房（东郊）,陕西链家高策房地产经纪有限公司西安纺织城店,0.8-1万/月,西安-灞桥区,无工作经验,大专,招8人,05-20发布,五险一金|员工旅游|绩效奖金|专业培训|定期体检
JAVA高级开发工程师,西安博达软件股份有限公司,1.2-1.5万/月,西安,3-4年经验,本科,招2人,05-20发布,绩效奖金|弹性工作|五险一金|员工旅游|免费班车|年终奖金|专业培训|定期体检|股票期权|交通补贴
孵化器运营经理,北京第一创客企业管理有限公司,3.5-4.5千/月,西安,3-4年经验,本科,招1人,05-20发布,五险一金|补充医疗保险|交通补贴|餐饮补贴|年终奖金|员工旅游|节假日福利
销售总监,西安去买票科技有限公司,0.3-1万/月,西安,2年经验,大专,招1人,05-20发布,做五休二|周末双休|五险一金|全勤奖|节日福利|交通补贴|加班补贴
Java高级开发工程师,北京寄云鼎城科技有限公司,1.5-3万/月,西安-高新技术产业开发区,8-9年经验,本科,招1人,05-20发布,五险一金|专业培训|绩效奖金|年终奖金|弹性工作|定期体检
市场营销类（西安）,中国电信陕西公司,,西安,无工作经验,本科,招若干人,05-15发布,
3D-GIS研发工程师,西安速度时空大数据科技有限公司,1-1.2万/月,西安-雁塔区,3-4年经验,本科,招3人,05-20发布,五险一金|补充医疗保险|专业培训|年终奖金
孵化器招商经理,北京第一创客企业管理有限公司,5-8千/月,西安,3-4年经验,本科,招1人,05-20发布,五险一金|补充医疗保险|交通补贴|餐饮补贴|弹性工作|年终奖金|员工旅游
大数据高级开发工程师,神州数码系统集成服务有限公司西安分公司,1-1.8万/月,西安,5-7年经验,本科,招1人,04-02发布,
大数据工程师,北京明略软件系统有限公司,1.5-2.6万/月,北京-海淀区,3-4年经验,本科,招2人,04-08发布,五险一金|补充医疗保险|交通补贴|餐饮补贴|绩效奖金|年终奖金|股票期权
大数据算法工程师,西安华创人力资源管理咨询有限公司,2-2.5万/月,北京-海淀区,3-4年经验,本科,招3人,04-29发布,五险一金|专业培训|员工旅游|年终奖金|定期体检|弹性工作|交通补贴|绩效奖金
大数据开发高级工程师,神州数码系统集成服务有限公司西安分公司,1-2万/月,西安,无工作经验,本科,招1人,05-06发布,
大数据架构师,陕西长银消费金融有限公司,,西安,5-7年经验,本科,招若干人,05-14发布,做五休二|周末双休|带薪年假|五险一金|节日福利|交通补贴|餐饮补贴|通讯补贴|高温补贴|补充医疗保险
（某500强知名企业）大数据开发工程师,西安瀚特人力资源有限公司,1.5-2万/月,西安-高新技术产业开发区,5-7年经验,本科,招若干人,05-16发布,
大数据运维工程师,南京烽火星空通信发展有限公司,5.5-8.5千/月,西安-高新技术产业开发区,1年经验,本科,招5人,05-16发布,补充医疗保险|五险一金|专业培训|餐饮补贴|年终奖金|交通补贴|员工旅游
无责底薪3000/房产销售/高提成,陕西贝壳闹海房地产经纪有限公司,0.5-1万/月,西安-雁塔区,无工作经验,本科,招10人,05-20发布,绩效奖金|节日福利|专业培训|弹性工作|带薪年假
（19西安校招）大数据高级工程师,中国电子科技集团公司第十五研究所（华北计算技术研究所）,0.5-1万/月,西安-高新技术产业开发区,无工作经验,硕士,招若干人,05-14发布,五险一金|员工旅游|绩效奖金|年终奖金|交通补贴|餐饮补贴|定期体检|高温补贴|通讯补贴|带薪年假
大数据产品经理,西安因联信息科技有限公司,1.5-2.5万/月,北京-海淀区,5-7年经验,本科,招1人,05-15发布,五险一金|定期体检|弹性工作|餐饮补贴|交通补贴|员工旅游|节日福利|年底双薪|周末双休|全勤奖
二手房销售+高底薪提成+就近安排,陕西贝壳闹海房地产经纪有限公司,0.6-1万/月,西安-高新技术产业开发区,无工作经验,高中,招9人,05-20发布,绩效奖金|节日福利|专业培训|弹性工作|带薪年假
储备店长/房产经纪人/就近安排,陕西贝壳闹海房地产经纪有限公司,6-8千/月,西安-高新技术产业开发区,无工作经验,本科,招10人,05-20发布,绩效奖金|节日福利|专业培训|弹性工作|带薪年假
需求分析师,北京空间畅想信息技术有限责任公司,0.8-1万/月,西安-高新技术产业开发区,无工作经验,本科,招1人,05-20发布,五险一金|绩效奖金|年终奖金|弹性工作
Java中级开发工程师,北京空间畅想信息技术有限责任公司,1-2万/月,西安-高新技术产业开发区,3-4年经验,本科,招若干人,05-20发布,五险一金|员工旅游|专业培训|年终奖金|弹性工作|定期体检|绩效奖金|带薪年假
Java高级开发工程师,北京空间畅想信息技术有限责任公司,1.5-2万/月,西安-高新技术产业开发区,5-7年经验,本科,招若干人,05-20发布,五险一金|年终奖金|弹性工作|做五休二|带薪年假
房产中介+无责底薪3000+就近分配,陕西贝壳闹海房地产经纪有限公司,6-8千/月,西安,无工作经验,高中,招10人,05-20发布,绩效奖金|全勤奖|节日福利|带薪年假|周末双休|加班补贴
境商总部 诚聘地产中介,陕西境商集团,3.5-8.5千/月,西安-雁塔区,无工作经验,高中,招12人,05-20发布,节日福利|国内外旅游|带薪培训|周末单休|绩效奖金|专业培训|入股分红|一对一带教
房产经纪人/储备干部/无责底薪3K,陕西贝壳闹海房地产经纪有限公司,0.5-1万/月,西安-曲江文化新区,无工作经验,大专,招10人,05-20发布,绩效奖金|节日福利|专业培训|弹性工作|带薪年假
后台研发工程师（ROS）(J11589),绿盟科技,1.2-1.5万/月,西安-高新技术产业开发区,1年经验,本科,招若干人,05-20发布,五险一金|补充医疗保险|员工旅游|餐饮补贴|专业培训|绩效奖金|年终奖金|弹性工作|定期体检
JAVA资深研发工程师（西安）(职位编号：ZY),绿盟科技,1-1.5万/月,西安,3-4年经验,本科,招若干人,05-20发布,五险一金|补充医疗保险|餐饮补贴|通讯补贴|专业培训|绩效奖金|年终奖金|股票期权|弹性工作|定期体检
资深软件研发工程师（西安）(职位编号：ZY),绿盟科技,1-1.5万/月,西安,5-7年经验,本科,招若干人,05-20发布,
资深软件研发工程师（西安）(J10073),绿盟科技,1-1.5万/月,西安-高新技术产业开发区,1年经验,本科,招若干人,05-20发布,五险一金|补充医疗保险|员工旅游|餐饮补贴|专业培训|绩效奖金|年终奖金|弹性工作|定期体检
销售人员/无责底薪3000,陕西贝壳闹海房地产经纪有限公司,0.5-1万/月,西安-雁塔区,无工作经验,高中,招10人,05-20发布,绩效奖金|节日福利|专业培训|弹性工作|带薪年假
python研发工程师(职位编号：zy),绿盟科技,0.8-1万/月,西安,1年经验,本科,招若干人,05-20发布,弹性工作|定期体检|餐饮补贴|五险一金
销售经理,西安奥卡云数据科技有限公司,1.5-2万/月,西安-西咸新区,5-7年经验,本科,招1人,05-20发布,
销售经理,西安奥卡云数据科技有限公司,1.5-2万/月,西安-西咸新区,5-7年经验,本科,招1人,05-20发布,
地产销售/房产中介,陕西境商集团,3.5-8.5千/月,西安-雁塔区,无工作经验,高中,招12人,05-20发布,节日福利|国内外旅游|带薪培训|周末单休|绩效奖金|专业培训|入股分红|一对一带教
Java高级开发工程师,陕西思尔生物科技有限公司,0.8-2万/月,西安,5-7年经验,大专,招2人,05-20发布,绩效奖金|年终奖金|美女多|员工福利|工作氛围轻松
（西安）C/C++研发工程师,中国电子科技集团公司第十五研究所（华北计算技术研究所）,0.6-1.2万/月,西安-高新技术产业开发区,2年经验,本科,招若干人,05-14发布,五险一金|员工旅游|绩效奖金|年终奖金|交通补贴|餐饮补贴|定期体检|高温补贴|通讯补贴|带薪年假
Web前端开发工程师,北京明略软件系统有限公司,2-2.5万/月,西安-未央区,无工作经验,本科,招1人,04-08发布,五险一金|补充医疗保险|交通补贴|餐饮补贴|绩效奖金|年终奖金|股票期权
项目经理-西安,北京明略软件系统有限公司,2-2.5万/月,西安-未央区,无工作经验,本科,招1人,04-08发布,五险一金|补充医疗保险|交通补贴|餐饮补贴|绩效奖金|年终奖金|股票期权
产品经理-西安,北京明略软件系统有限公司,1.5-2万/月,西安-未央区,无工作经验,本科,招若干人,04-08发布,五险一金|补充医疗保险|交通补贴|餐饮补贴|绩效奖金|年终奖金|股票期权
Java高级开发工程师(西安）,杭州数云信息技术有限公司西安分公司,1.5-2万/月,西安-高新技术产业开发区,5-7年经验,大专,招2人,04-09发布,
资深数据平台开发工程师（西安）,杭州数云信息技术有限公司西安分公司,1.5-2万/月,西安-高新技术产业开发区,5-7年经验,大专,招1人,04-09发布,
售前工程师,西安格蒂电力有限公司,1.5-2万/月,西安,5-7年经验,本科,招5人,04-09发布,五险一金|做五休二|周末双休|节日福利|带薪年假|高温补贴
技术总监,西安格蒂电力有限公司,2-4万/月,西安,5-7年经验,博士,招1人,04-09发布,五险一金|周末双休|节日福利|带薪年假|交通补贴|餐饮补贴|通讯补贴|绩效奖金|年终奖金|定期体检
数据统计员/实习生/应届生 双休,西安卓睿信息技术有限公司,4.5-6千/月,西安-碑林区,1年经验,大专,招7人,04-10发布,五险一金|补充医疗保险|补充公积金|免费班车|员工旅游|交通补贴|绩效奖金
测试应用工程师实习生/应届生,西安卓睿信息技术有限公司,3-4.5千/月,西安-碑林区,无工作经验,本科,招3人,04-10发布,五险一金|补充医疗保险|补充公积金|免费班车|员工旅游|交通补贴|绩效奖金
百度搜索数据分析专员  双休+五险一金,西安卓睿信息技术有限公司,4.5-6千/月,西安,无工作经验,大专,招7人,04-10发布,五险一金|补充医疗保险|补充公积金|免费班车|员工旅游|交通补贴|绩效奖金
产品经理,广州石竹计算机软件有限公司,1.5-2万/月,西安-高新技术产业开发区,5-7年经验,本科,招1人,04-12发布,五险一金|补充医疗保险|通讯补贴|绩效奖金|定期体检
销售经理,梵界信息技术（上海）股份有限公司西安分公司,0.3-1万/月,西安-碑林区,1年经验,大专,招2人,04-11发布,五险一金|周末双休|带薪年假|生日礼物|过节礼品
数据开发工程师,西安悦泰科技有限责任公司,1-1.5万/月,西安,3-4年经验,本科,招5人,04-12发布,五险一金|交通补贴|餐饮补贴|通讯补贴|专业培训|绩效奖金|员工旅游
IT培训讲师（Python）,北京中公教育科技股份有限公司,1-1.5万/月,西安-新城区,无工作经验,本科,招10人,04-13发布,五险一金|专业培训|定期体检|年终奖金|交通补贴|餐饮补贴|弹性工作
项目经理,三盟科技股份有限公司,0.8-1.2万/月,西安,3-4年经验,大专,招1人,04-14发布,五险一金|弹性工作|员工旅游|周末双休|节日福利|年终奖金|绩效奖金
链家销售代表/无责底薪/高提成,西安链家总部,6-8千/月,西安-雁塔区,无工作经验,大专,招9人,05-19发布,五险一金|员工旅游|定期体检|绩效奖金
西安链家直聘高薪职业房产经纪人,西安链家总部,1-1.5万/月,西安-雁塔区,无工作经验,大专,招若干人,05-19发布,五险一金|员工旅游|定期体检|绩效奖金
链家销售代表/五险一金/高提成+底薪,西安链家总部,6-8千/月,西安-雁塔区,无工作经验,大专,招8人,05-19发布,五险一金|员工旅游|定期体检|绩效奖金
链家销售代表/五险一金/高提成+底薪,西安链家总部,6-8千/月,西安-雁塔区,无工作经验,大专,招8人,05-19发布,五险一金|员工旅游|定期体检|绩效奖金
链家房地产经纪人,西安链家总部,6-8千/月,西安-雁塔区,无工作经验,大专,招8人,05-19发布,五险一金|员工旅游|定期体检|绩效奖金
链家销售代表/无责底薪/高提成,西安链家总部,6-8千/月,西安-雁塔区,无工作经验,大专,招9人,05-19发布,五险一金|员工旅游|定期体检|绩效奖金
链家销售代表/五险一金/高提成+底薪,西安链家总部,6-8千/月,西安-雁塔区,无工作经验,大专,招8人,05-19发布,五险一金|员工旅游|定期体检|绩效奖金
贝壳总部内容运营主管,西安链家总部,6-8千/月,西安-雁塔区,3-4年经验,本科,招1人,05-19发布,五险一金|员工旅游|定期体检|绩效奖金
数据分析师5-8K-带薪年假-五险,西安壬林商务信息咨询有限公司,5-8千/月,西安-雁塔区,无工作经验,大专,招5人,05-19发布,五险一金|员工旅游|周末双休|不加班|早九晚五|带薪年假|节假日福利|专业培训|晋升空间大|临近地铁口
链家销售代表/五险一金/高提成+底薪,西安链家总部,6-8千/月,西安-雁塔区,无工作经验,大专,招8人,05-19发布,五险一金|员工旅游|定期体检|绩效奖金
贝壳直招数据分析专员/主管,西安链家总部,6-8千/月,西安-雁塔区,1年经验,本科,招3人,05-19发布,五险一金|员工旅游|定期体检|绩效奖金
链家销售代表/无责底薪/高提成,西安链家总部,6-8千/月,西安-雁塔区,无工作经验,大专,招9人,05-19发布,五险一金|员工旅游|定期体检|绩效奖金
链家销售代表/五险一金/高提成+底薪,西安链家总部,6-8千/月,西安-雁塔区,无工作经验,大专,招8人,05-19发布,五险一金|员工旅游|定期体检|绩效奖金
链家销售代表/无责底薪/高提成,西安链家总部,6-8千/月,西安-雁塔区,无工作经验,大专,招9人,05-19发布,五险一金|员工旅游|定期体检|绩效奖金
Java高级开发工程师,江苏银丰信息技术有限公司,1.6-2.1万/月,西安,5-7年经验,本科,招1人,05-19发布,五险一金|餐饮补贴|弹性工作|专业培训|年终奖金|绩效奖金|定期体检
hadoop开发工程师,汇纳科技股份有限公司,1-1.5万/月,西安,3-4年经验,本科,招1人,05-17发布,五险一金|交通补贴|餐饮补贴|绩效奖金|股票期权|定期体检|节日福利|带薪年假
德佑+房产经纪人+无责底薪3000,陕西贝壳闹海房地产经纪有限公司,6-8千/月,西安-曲江文化新区,无工作经验,高中,招若干人,05-20发布,绩效奖金|节日福利|专业培训|弹性工作|带薪年假
无责3K+房地产销售+晋升+出国游,陕西贝壳闹海房地产经纪有限公司,6-8千/月,西安-雁塔区,无工作经验,高中,招10人,05-20发布,绩效奖金|节日福利|专业培训|弹性工作|带薪年假
高级产品经理,美能国际生物科技（深圳）有限公司,2-4万/月,西安-高新技术产业开发区,5-7年经验,本科,招1人,05-17发布,年终分红|股票期权|每年多次调薪|绩效奖金|出国游|大牛带队|五险一金|带薪年假|项目奖金|年终双薪
房地产置业顾问/销售专员/房产经理,西安链家宝业房地产经纪有限公司第五十六分公司,1-1.5万/月,西安-灞桥区,无工作经验,大专,招10人,05-17发布,弹性工作|带薪年假|五险一金|节日福利|专业培训|高温补贴|交通补贴
高级java研发工程师（西安）,北京明朝万达科技股份有限公司,1-1.5万/月,西安-高新技术产业开发区,5-7年经验,本科,招2人,05-17发布,五险一金|绩效奖金|专业培训|定期体检
销售经理(职位编号：002),陕西尚弘信息科技有限公司,0.5-1.5万/月,西安-高新技术产业开发区,3-4年经验,本科,招2人,05-17发布,五险一金|交通补贴|餐饮补贴|通讯补贴|专业培训|员工旅游|弹性工作|绩效奖金|年终奖金|扁平管理
软件测试工程师,北京明朝万达科技股份有限公司,0.6-1.3万/月,西安-高新技术产业开发区,5-7年经验,本科,招2人,05-17发布,五险一金|交通补贴|专业培训|绩效奖金|定期体检
高级java研发工程师,北京明朝万达科技股份有限公司,1-2万/月,西安-高新技术产业开发区,5-7年经验,本科,招若干人,05-17发布,五险一金|绩效奖金|专业培训|定期体检|出国机会|股票期权|年终奖金
高级售前技术顾问（政府事业部）,北京明朝万达科技股份有限公司,1-2万/月,西安-高新技术产业开发区,5-7年经验,本科,招2人,05-17发布,五险一金|绩效奖金|专业培训|定期体检|员工旅游
房地产/销售代表/高提成+五险/无责底薪3000,西安链家宝业房地产经纪有限公司第五十六分公司,6-8千/月,西安-灞桥区,无工作经验,大专,招15人,05-17发布,弹性工作|带薪年假|五险一金|节日福利|专业培训|高温补贴|交通补贴
JAVA开发工程师（LT13whx）,北京东方国信科技股份有限公司,0.7-1万/月,西安,2年经验,本科,招2人,05-12发布,五险一金|年终奖金|定期体检|专业培训
能源互联网研发副主任工程师（西安/清洁能源）,隆基绿能科技股份有限公司,1-1.5万/月,西安-未央区,5-7年经验,本科,招若干人,05-13发布,周末双休|弹性工作|带薪年假|五险一金|包吃|免费班车|绩效奖金|全勤奖|节日福利|交通补贴
高新区链家校园招聘/大平台，有保障无责底薪3000,西安链家宝业房地产经纪有限公司第十一分公司,4.5-6千/月,西安,无工作经验,大专,招9人,05-11发布,绩效奖金|节日福利|专业培训|弹性工作|带薪年假|五险一金|员工旅游
链家房产销售/门店经理/3000底薪+提成高,西安链家宝业房地产经纪有限公司第十一分公司,6-8千/月,西安,无工作经验,大专,招若干人,05-11发布,绩效奖金|节日福利|专业培训|弹性工作|带薪年假|五险一金|员工旅游
链家房产销售+无责底薪3000,西安链家宝业房地产经纪有限公司第十一分公司,6-8千/月,西安,无工作经验,大专,招9人,05-11发布,绩效奖金|节日福利|专业培训|弹性工作|带薪年假|五险一金|员工旅游
数据分析师,西安九索数据技术股份有限公司,0.6-1.5万/月,西安-高新技术产业开发区,3-4年经验,本科,招2人,05-14发布,五险一金|餐饮补贴|绩效奖金|年终奖金|股票期权|定期体检
软件开发架构师,陕西长银消费金融有限公司,,西安,8-9年经验,本科,招若干人,05-14发布,做五休二|周末双休|带薪年假|五险一金|节日福利|交通补贴|餐饮补贴|通讯补贴|高温补贴|补充医疗保险
测试开发工程师,西安比邻卓越人力资源服务有限公司,2.5-5万/月,北京,2年经验,本科,招10人,05-14发布,五险一金|绩效奖金
运维工程师-西安-20105,优信集团,1-1.4万/月,西安-灞桥区,3-4年经验,大专,招1人,05-14发布,五险一金|补充医疗保险|通讯补贴|餐饮补贴|绩效奖金|定期体检|弹性工作
Java开发工程师,西安九索数据技术股份有限公司,0.6-1.2万/月,西安-高新技术产业开发区,3-4年经验,本科,招3人,05-14发布,五险一金|绩效奖金|年终奖金|股票期权|定期体检|餐饮补贴
链家，龙首片区 招聘 房地产销售,西安链家宝业房地产经纪有限公司第六十九分公司,6-8千/月,西安-未央区,无工作经验,大专,招10人,05-14发布,
数据分析岗,陕西长银消费金融有限公司,1-1.5万/月,西安,3-4年经验,本科,招2人,05-14发布,做五休二|周末双休|带薪年假|五险一金|节日福利|交通补贴|餐饮补贴|通讯补贴|高温补贴|补充医疗保险
房产销售/置业顾问/就近安排,西安链家总部,6-8千/月,西安-雁塔区,无工作经验,大专,招6人,05-19发布,弹性工作|五险一金|专业培训
西安链家新房直销经纪人/置业顾问、大平台、晋升快,陕西贝壳闹海房地产经纪有限公司,6-8千/月,西安-灞桥区,无工作经验,大专,招4人,05-19发布,
西安链家 房产经纪人 销售专员 招应届毕业生,陕西贝壳闹海房地产经纪有限公司,5-9千/月,西安-灞桥区,无工作经验,大专,招5人,05-19发布,
西安链家 房产经纪人 销售专员 招优秀应届毕业生(职位编号：001),陕西贝壳闹海房地产经纪有限公司,6-8千/月,西安-灞桥区,无工作经验,大专,招5人,05-19发布,
链家新房直招 房产经纪人 储备店经理(职位编号：002),陕西贝壳闹海房地产经纪有限公司,6-8千/月,西安-灞桥区,无工作经验,本科,招3人,05-19发布,
链家新房直招 房产经纪人 储备店经理 管培生,陕西贝壳闹海房地产经纪有限公司,6-9千/月,西安-灞桥区,无工作经验,大专,招6人,05-19发布,
链家运营实习生/房产中介,西安链家总部,4.5-6千/月,西安-雁塔区,无工作经验,大专,招6人,05-19发布,弹性工作|五险一金|专业培训
西安链家 房产经纪人 销售专员 招优秀应届毕业生(职位编号：001),陕西贝壳闹海房地产经纪有限公司,6-9千/月,西安-灞桥区,无工作经验,本科,招4人,05-19发布,
链家销售顾问 房产经纪人,陕西贝壳闹海房地产经纪有限公司,0.6-1.2万/月,西安-灞桥区,1年经验,大专,招4人,05-19发布,带薪年假|专业培训
软件销售  无责底薪4K+提成  双休,三体云智能科技有限公司,1-1.5万/月,西安-未央区,1年经验,大专,招2人,05-18发布,五险一金|绩效奖金|员工旅游|年终奖金|弹性工作|团队聚餐|员工生日|节日福利|下午茶|水果趴
互联网销售经理,三体云智能科技有限公司,1.5-2万/月,西安-经济技术开发区,1年经验,大专,招3人,05-18发布,五险一金|绩效奖金|员工旅游|年终奖金|弹性工作|团队聚餐|员工生日|节日福利|下午茶|水果趴
西安链家新房销售 想挣钱的来,陕西贝壳闹海房地产经纪有限公司,5-9千/月,西安-灞桥区,1年经验,大专,招5人,05-19发布,弹性工作|带薪年假|专业培训|节日福利|绩效奖金|五险一金
链家新房直销 青春正燃 链就不凡,陕西贝壳闹海房地产经纪有限公司,5-9千/月,西安-灞桥区,无工作经验,大专,招5人,05-19发布,弹性工作|带薪年假|专业培训|节日福利|绩效奖金|五险一金
链家直招/销售管培生,西安链家宝业房地产经纪有限公司第九十七分公司,0.8-1万/月,西安-高新技术产业开发区,无工作经验,大专,招若干人,05-18发布,弹性工作|五险一金|绩效奖金|节日福利|专业培训|国内外旅游
销售经理,三体云智能科技有限公司,1-1.5万/月,西安-未央区,无工作经验,大专,招3人,05-18发布,五险一金|绩效奖金|员工旅游|年终奖金|弹性工作|团队聚餐|员工生日|节日福利|下午茶|水果趴
链家贝壳新房直销房产经纪人 销售专员 招应届毕业生,陕西贝壳闹海房地产经纪有限公司,6-9.5千/月,西安-灞桥区,无工作经验,大专,招5人,05-19发布,五险一金|弹性工作|高温补贴|专业培训|带薪年假
数据产品经理,北京翔睿信诚科技有限公司,1-1.5万/月,西安-长安区,3-4年经验,招1人,05-20发布,信息与计算科学 数学与应用数学,专业培训|下午茶|创业公司
产品经理（产品设计方向）,西安未来国际信息股份有限公司,0.8-1.2万/月,西安,5-7年经验,本科,招2人,05-20发布,五险一金|交通补贴|餐饮补贴|通讯补贴|股票期权
高级销售经理,西安未来国际信息股份有限公司,0.8-1万/月,西安,3-4年经验,本科,招2人,05-20发布,
房产经纪人+就近分配+3000底薪,陕西贝壳闹海房地产经纪有限公司,6-8千/月,西安,无工作经验,高中,招10人,05-20发布,
中介+贝壳找房+就近分配,陕西贝壳闹海房地产经纪有限公司,6-8千/月,西安,无工作经验,高中,招10人,05-20发布,绩效奖金|全勤奖|节日福利|带薪年假|周末双休|加班补贴
地产销售/管家+西安市就近分配(职位编号：999),陕西贝壳闹海房地产经纪有限公司,6-8千/月,西安,无工作经验,高中,招10人,05-20发布,绩效奖金|全勤奖|节日福利|带薪年假|周末双休|加班补贴
房产销售+ 无责底薪+贝壳平台,陕西贝壳闹海房地产经纪有限公司,6-8千/月,西安,无工作经验,高中,招10人,05-20发布,绩效奖金|全勤奖|节日福利|带薪年假|周末双休|加班补贴
贝壳找房销售顾问 接受应届毕业生,陕西贝壳闹海房地产经纪有限公司,0.5-1.1万/月,西安-灞桥区,无工作经验,大专,招5人,05-15发布,弹性工作|带薪年假|专业培训|节日福利|绩效奖金|五险一金
分公司总经理（负责人）,天津博和利统计大数据有限公司,1-1.5万/月,西安-西安国际港务区,5-7年经验,本科,招1人,03-26发布,五险一金|员工旅游|年终奖金|餐饮补贴|带薪年假|福利体检|周末双休
链家销售代表/无责底薪/高提成,西安链家总部,6-8千/月,西安-雁塔区,无工作经验,大专,招9人,05-20发布,
链家直招房地产销售(职位编号：020),陕西贝壳闹海房地产经纪有限公司,5-9.5千/月,西安-灞桥区,无工作经验,大专,招5人,05-15发布,弹性工作|带薪年假|专业培训|节日福利|绩效奖金|五险一金
渠道销售,陕西联兴网络科技有限公司,0.5-1万/月,西安-雁塔区,2年经验,大专,招3人,05-15发布,五险一金|员工旅游|餐饮补贴|交通补贴|弹性工作|绩效奖金|年终奖金
高级数据研究员,深圳力维智联技术有限公司,2-4万/月,西安,3-4年经验,硕士,招若干人,05-15发布,绩效奖金|定期体检|六险一金|带薪年假|每天多次调薪|周末双休|员工旅游|节日福利|餐补话补|班车接送
Java高级开发工程师,神州数码系统集成服务有限公司西安分公司,0.8-1.5万/月,西安,5-7年经验,本科,招3人,05-15发布,周末双休|弹性工作|五险一金|节日福利|专业培训|补充医疗保险|通讯补贴|餐饮补贴|年终奖金|定期体检
产品经理,神州数码系统集成服务有限公司西安分公司,0.8-1.6万/月,西安,5-7年经验,本科,招1人,05-15发布,五险一金|补充医疗保险|免费班车|通讯补贴|年终奖金|弹性工作|定期体检
高/中级java开发工程师,西安维德汇通工业自动化有限公司,1-1.5万/月,西安-高新技术产业开发区,5-7年经验,本科,招3人,05-15发布,周末双休|带薪年假|五险一金|绩效奖金|节日福利|专业培训
钢业行业市场总监,西安因联信息科技有限公司,1-1.5万/月,北京-海淀区,5-7年经验,本科,招1人,05-15发布,五险一金|定期体检|弹性工作|餐饮补贴|交通补贴|员工旅游|节日福利|年底双薪|周末双休|全勤奖
首席技术官(CTO),西安因联信息科技有限公司,1-1.5万/月,西安-高新技术产业开发区,8-9年经验,本科,招1人,05-15发布,五险一金|定期体检|弹性工作|餐饮补贴|交通补贴|员工旅游|节日福利|年底双薪|周末双休|全勤奖
无责底薪3000/房产顾问,西安链家宝业房地产经纪有限公司第二十二分公司,3-4.5千/月,西安,无工作经验,大专,招12人,04-19发布,五险一金|弹性工作|带薪年假|绩效奖金|节日福利|专业培训|交通补贴|互助金|海外游|团建
无责底薪3000/房产顾问,西安链家宝业房地产经纪有限公司第二十二分公司,3-4.5千/月,西安,无工作经验,大专,招12人,04-19发布,五险一金|弹性工作|带薪年假|绩效奖金|节日福利|专业培训|交通补贴|互助金|海外游|团建
政务行业解决方案工程师,北京天源迪科信息技术有限公司,1.5-1.8万/月,西安-未央区,5-7年经验,本科,招1人,05-15发布,五险一金|专业培训|定期体检|过节福利|年底双薪|弹性工作|带薪年假|绩效奖金
持续集成工程师,北京天源迪科信息技术有限公司,0.7-1.2万/月,西安-未央区,1年经验,本科,招1人,05-15发布,五险一金|专业培训|定期体检|过节福利|年底双薪|弹性工作|带薪年假|绩效奖金
无责底薪3000/房产顾问,西安链家宝业房地产经纪有限公司第二十二分公司,3-4.5千/月,西安,无工作经验,大专,招12人,04-19发布,五险一金|弹性工作|带薪年假|绩效奖金|节日福利|专业培训|交通补贴|互助金|海外游|团建
无责底薪3000/房产顾问,西安链家宝业房地产经纪有限公司第二十二分公司,4.5-6千/月,西安,无工作经验,大专,招12人,04-19发布,五险一金|弹性工作|带薪年假|绩效奖金|节日福利|专业培训|交通补贴|互助金|海外游|团建
系统架构师（西安）,杭州数云信息技术有限公司西安分公司,2.5-3.5万/月,西安-高新技术产业开发区,5-7年经验,本科,招1人,04-23发布,
西安链家新房直销,陕西贝壳闹海房地产经纪有限公司,0.8-1万/月,西安-灞桥区,无工作经验,大专,招5人,05-20发布,
西安链家新房直销经纪人,陕西贝壳闹海房地产经纪有限公司,5-9千/月,西安-灞桥区,无工作经验,大专,招5人,05-20发布,
贝壳找房总部直招  销售顾问/储备店经理,陕西贝壳闹海房地产经纪有限公司,5-9千/月,西安-灞桥区,无工作经验,大专,招4人,05-20发布,
房产销售+贝壳大平台+无责底薪3000,西安链家宝业房地产经纪有限公司,4-8千/月,西安-新城区,无工作经验,大专,招5人,05-20发布,专业培训|绩效奖金|定期体检|年终奖金|弹性工作
Linux运维开发工程师,大连华信计算机技术股份有限公司,0.8-1.6万/月,西安-雁塔区,2年经验,本科,招6人,05-20发布,五险一金|补充医疗保险|免费班车|专业培训|年终奖金|定期体检
java/.net高级讲师（年薪17万）,陕西省商务技术学校,8-10万/年,西安-雁塔区,2年经验,大专,招2人,05-20发布,五险一金|免费班车|弹性工作|专业培训|餐饮补贴|绩效奖金|员工旅游|通讯补贴|交通补贴
Java讲师,陕西省商务技术学校,8-10万/年,西安-雁塔区,3-4年经验,大专,招5人,05-20发布,五险一金|免费班车|弹性工作|专业培训|餐饮补贴|绩效奖金|员工旅游|通讯补贴|交通补贴|年终奖金
Java高级开发工程师（西安）,北京中海华晟信息技术有限公司西安分公司,1-1.5万/月,西安-高新技术产业开发区,3-4年经验,本科,招2人,05-20发布,五险一金|十三薪|项目奖金|交通补贴|餐饮补贴|通讯补贴|双休|绩效奖金|员工旅游|定期体检
房地产置业顾问,西安链家宝业房地产经纪有限公司第六十九分公司,0.8-1万/月,西安-未央区,无工作经验,大专,招30人,05-14发布,
西安链家新房直招 房产经纪人 储备店经理 管培生,陕西贝壳闹海房地产经纪有限公司,5-9千/月,西安-灞桥区,无工作经验,大专,招5人,05-19发布,
西安链家新房直销 诚聘房产销售精英,陕西贝壳闹海房地产经纪有限公司,5-9千/月,西安-灞桥区,无工作经验,大专,招4人,05-20发布,
软件开发人员,西安华线石油科技有限公司,4-9千/月,西安,无工作经验,本科,招3人,05-20发布,五险一金|带薪年假|绩效奖金|节日福利|专业培训|项目奖金|效益奖金|员工体检|商业保险|差旅补贴等
Java开发工程师,郑州菏怀软件科技有限公司,1.5-2万/月,西安-雁塔区,3-4年经验,本科,招5人,05-20发布,五险一金|弹性工作|交通补贴|年终奖金|绩效奖金
渠道服务专员,陕西星势力影视文化传播有限责任公司,4.5-6千/月,西安-雁塔区,3-4年经验,本科,招1人,05-20发布,五险一金|餐饮补贴|免费班车|年终奖金|专业培训|定期体检|绩效奖金
链家新房直销房产经纪人 销售专员 招应届毕业生,陕西贝壳闹海房地产经纪有限公司,5-9千/月,西安-灞桥区,无工作经验,大专,招4人,05-20发布,
链家新房直招 房产经纪人 储备店经理 管培生,陕西贝壳闹海房地产经纪有限公司,6-8千/月,西安-灞桥区,无工作经验,大专,招5人,05-20发布,
市场策划部经理,西安因联信息科技有限公司,1.2-2万/月,北京-海淀区,5-7年经验,本科,招1人,05-20发布,五险一金|定期体检|弹性工作|餐饮补贴|交通补贴|员工旅游|节日福利|年底双薪|周末双休|全勤奖
战略合作总监,西安因联信息科技有限公司,1-1.5万/月,北京-海淀区,5-7年经验,本科,招1人,05-20发布,五险一金|定期体检|弹性工作|餐饮补贴|交通补贴|员工旅游|节日福利|年底双薪|周末双休|全勤奖
浙江区域-销售总监,西安因联信息科技有限公司,1.5-2万/月,浙江省,3-4年经验,本科,招1人,05-20发布,五险一金|员工旅游|定期体检|交通补贴|餐饮补贴|节日福利|周末双休|弹性工作|年底双薪|全勤奖
链家新房总部直招销售 高佣金  高提成,陕西贝壳闹海房地产经纪有限公司,6-8千/月,西安-灞桥区,无工作经验,大专,招3人,05-20发布,
持续集成工程师/运维,北京天源迪科信息技术有限公司,0.7-1.2万/月,西安-未央区,1年经验,本科,招3人,05-15发布,五险一金|专业培训|定期体检|过节福利|年底双薪|弹性工作|带薪年假|绩效奖金
销售经理（西安）,北京天源迪科信息技术有限公司,1-1.5万/月,西安-未央区,3-4年经验,大专,招2人,05-15发布,五险一金|专业培训|定期体检|过节福利|年底双薪|弹性工作|带薪年假|绩效奖金
贝壳找房 销售代表+地铁沿线就近分配,陕西链家,1-1.5万/月,西安,1年经验,大专,招10人,05-15发布,绩效奖金|节日福利|专业培训|弹性工作|全勤奖
房产销售/高底薪/高提成/五险/贝壳大平台,陕西链家,6-8千/月,西安,无工作经验,大专,招10人,05-15发布,绩效奖金|节日福利|五险一金|弹性工作
系统设计师,中科星图股份有限公司,1.5-1.8万/月,西安-国家民用航天产业基地,5-7年经验,硕士,招3人,05-16发布,五险一金|补充医疗保险|交通补贴|餐饮补贴|绩效奖金|年终奖金|股票期权|弹性工作|定期体检
（某500强知名企业）高级JAVA开发工程师,西安瀚特人力资源有限公司,1.5-2万/月,西安-高新技术产业开发区,5-7年经验,本科,招若干人,05-16发布,
（某500强知名企业）副总经理,西安瀚特人力资源有限公司,3-4万/月,西安-高新技术产业开发区,10年以上经验,本科,招若干人,05-16发布,
贝壳-房产销售代表-无责底薪3000,陕西链家,4.5-6千/月,西安,无工作经验,中专,招若干人,05-15发布,绩效奖金|节日福利|五险一金|弹性工作
数据库开发工程师(职位编号：tiancom000558),广州天维信息技术股份有限公司,0.8-1万/月,西安,2年经验,本科,招2人,05-16发布,五险一金|员工旅游|餐饮补贴|专业培训|绩效奖金|定期体检|带薪年假|节日福利
电话专员  500强待遇  正式编制  五险一金  周末双休,中国平安人寿保险股份有限公司陕西分公司,4.5-6千/月,西安-雁塔区,无工作经验,大专,招4人,05-16发布,周末双休|弹性工作|带薪年假|五险一金|专业培训|节日福利|全勤奖|绩效奖金|高温补贴
Hadoop开发工程师,南京烽火星空通信发展有限公司,1.5-2.5万/月,西安-高新技术产业开发区,无工作经验,本科,招若干人,05-16发布,五险一金|定期体检
测试工程师,南京烽火星空通信发展有限公司,6-8千/月,西安-高新技术产业开发区,无工作经验,本科,招若干人,05-16发布,员工旅游|补充医疗保险|五险一金|餐饮补贴|交通补贴|年终奖金
Java后台开发工程师,南京烽火星空通信发展有限公司,1.5-2.5万/月,西安-高新技术产业开发区,无工作经验,本科,招若干人,05-16发布,五险一金|补充医疗保险|员工旅游|交通补贴|股票期权|定期体检|餐饮补贴
人工智能,西安盈达信息科技有限公司,2-3.5万/月,西安-雁塔区,3-4年经验,本科,招5人,05-16发布,五险一金|专业培训|年终奖金|周末双休
链家校园招聘+晋升完善,西安链家总部,4.5-6千/月,西安-高新技术产业开发区,无工作经验,大专,招5人,05-16发布,五险一金|弹性工作|带薪年假|高温补贴|专业培训|节日福利|绩效奖金
产品经理,西安盈达信息科技有限公司,0.8-1万/月,西安-雁塔区,3-4年经验,本科,招2人,05-16发布,五险一金|专业培训|年终奖金|周末双休
链家房地产销售/置业顾问/应届生,西安链家总部,4.5-6千/月,西安,无工作经验,大专,招5人,05-16发布,五险一金|弹性工作|带薪年假|高温补贴|专业培训|节日福利|绩效奖金
链家房地产销售/五险一金/无责底薪/高提成,西安链家总部,4.5-6千/月,西安,无工作经验,大专,招5人,05-16发布,五险一金|弹性工作|带薪年假|高温补贴|专业培训|节日福利|绩效奖金
架构师,东华软件股份公司,3-5万/月,西安-雁塔区,5-7年经验,本科,招20人,05-20发布,
解决方案工程师,东华软件股份公司,0.8-1.4万/月,西安,1年经验,本科,招若干人,05-20发布,
项目经理,东华软件股份公司,,西安,5-7年经验,大专,招2人,05-20发布,
项目经理,东华软件股份公司,,西安,5-7年经验,大专,招3人,05-20发布,
项目经理,东华软件股份公司,,西安,5-7年经验,本科,招若干人,05-20发布,
护理病历系统C#开发工程师,东华软件股份公司,,西安,1年经验,本科,招若干人,05-20发布,
解决方案工程师（智慧城市方向）,深圳宏崎达技术有限公司,1-1.5万/月,西安-高新技术产业开发区,3-4年经验,本科,招2人,05-20发布,五险一金|员工旅游|专业培训|绩效奖金|年终奖金|定期体检|交通补贴|餐饮补贴|通讯补贴
AI算法工程师,西安盛道企业咨询有限公司,2-2.5万/月,西安,3-4年经验,本科,招1人,05-20发布,五险一金|绩效奖金|年终奖金|交通补贴|餐饮补贴
技术开发总监,陕西浦思金融网络科技有限公司,25-30万/年,西安-雁塔区,5-7年经验,本科,招1人,05-20发布,员工旅游|交通补贴|绩效奖金|专业培训|通讯补贴|餐饮补贴
Java开发工程师,上海阅维信息科技有限公司,0.8-1.6万/月,西安,3-4年经验,本科,招3人,05-20发布,五险一金|员工旅游|年终奖金|专业培训|定期体检
数据开发工程师,上海德拓信息技术股份有限公司,1-1.5万/月,西安,无工作经验,本科,招若干人,05-20发布,五险一金|员工旅游|通讯补贴|定期体检|提供午餐|下午茶
测试工程师(测试中心)(职位编号：uniview001201),浙江宇视科技有限公司,0.6-1.2万/月,陕西省,无工作经验,本科,招18人,05-20发布,五险一金|餐饮补贴|定期体检|绩效奖金|年终奖金|弹性工作|员工旅游|专业培训|通讯补贴
销售经理,上海德拓信息技术股份有限公司,0.8-1.5万/月,西安,3-4年经验,大专,招若干人,05-20发布,五险一金|定期体检|通讯补贴|年终奖金|员工旅游
教师（会计类方向）(职位编号：9999),西安欧亚学院,7-12万/年,西安,无工作经验,硕士,招若干人,05-20发布,
教师（金融类方向）(职位编号：9997),西安欧亚学院,7-12万/年,西安,2年经验,硕士,招若干人,05-20发布,
教师（计算机方向）,西安欧亚学院,7-12万/年,西安,无工作经验,硕士,招1人,05-20发布,
教师（物流贸易方向）(职位编号：9998),西安欧亚学院,7-12万/年,西安,3-4年经验,硕士,招若干人,05-20发布,
Java高级软件工程师,珠海网博信息科技股份有限公司,1-1.5万/月,西安,3-4年经验,大专,招2人,05-20发布,五险一金|员工旅游|餐饮补贴|绩效奖金|年终奖金|定期体检
java技术专家,珠海网博信息科技股份有限公司,1.5-2万/月,西安,5-7年经验,大专,招1人,05-20发布,五险一金|餐饮补贴|通讯补贴|年终奖金|定期体检|绩效奖金
数据分析,重庆胜健通信设备有限责任公司,4.5-6千/月,西安-雁塔区,1年经验,本科,招2人,05-20发布,五险|员工旅游|专业培训|通讯补贴|交通补贴|节日福利
Web前端开发工程师,深圳震有科技股份有限公司,0.8-1.6万/月,西安-高新技术产业开发区,2年经验,本科,招若干人,05-20发布,五险一金|补充医疗保险|员工旅游|绩效奖金|定期体检|弹性工作
Python开发工程师,西安比邻卓越人力资源服务有限公司,0.8-1.5万/月,西安-未央区,2年经验,本科,招1人,05-20发布,
研发经理（西安）,东方微银科技（北京）有限公司,1.5-2.5万/月,西安,5-7年经验,本科,招1人,05-20发布,五险一金|餐饮补贴|通讯补贴|定期体检|专业培训
数据分析师,西安比邻卓越人力资源服务有限公司,0.5-1万/月,西安-未央区,3-4年经验,本科,招1人,05-20发布,
大数据测试实习生（医药云方向）,陕西摩天黑石教育科技有限公司,3-4.5千/月,西安-碑林区,无工作经验,大专,招3人,05-20发布,
软件直销客户经理,三体云智能科技有限公司,1.5-2千/月,南京-建邺区,1年经验,大专,招若干人,05-18发布,五险一金|绩效奖金|员工旅游|年终奖金|弹性工作|团队聚餐|员工生日|节日福利|下午茶|水果趴
大数据运维,西安华创人力资源管理咨询有限公司,20-30万/月,西安-雁塔区,5-7年经验,本科,招2人,04-29发布,五险一金|定期体检|绩效奖金|年终奖金|员工旅游
大数据工程师,北京先进数通信息技术股份公司,4-9千/月,西安,1年经验,大专,招2人,05-20发布,
大数据开发工程师-西安,北京小鱼易连科技有限公司,1-2万/月,西安,3-4年经验,本科,招1人,05-17发布,五险一金|餐饮补贴|通讯补贴|专业培训|年终奖金|股票期权|弹性工作|定期体检
大数据开发工程师(职位编号：1),厦门市美亚柏科信息股份有限公司,0.7-1.5万/月,西安-高新技术产业开发区,3-4年经验,本科,招5人,05-17发布,五险一金|补充医疗保险|员工旅游|交通补贴|年终奖金|定期体检|弹性工作
大数据开发工程师(西安),新华三技术有限公司,,西安,无工作经验,本科,招若干人,05-18发布,
数据分析师,西安佳帮手日用品有限公司,0.6-1万/月,西安-灞桥区,2年经验,本科,招1人,05-20发布,全勤奖|节日福利|体检补贴|绩效奖金|年终奖金|交通补贴|专业培训
全职-大数据软件工程师（西安）(职位编号：07),IBM2019应届生招聘项目,,西安,无工作经验,本科,招若干人,05-19发布,
大数据开发（西安）,北京睿至大数据有限公司,,西安,无工作经验,硕士,招2人,05-20发布,
项目经理（大数据）,神州数码信息服务股份有限公司,1-1.5万/月,本溪,5-7年经验,本科,招1人,05-20发布,五险一金|餐饮补贴|通讯补贴|专业培训|定期体检|年终奖金|补充医疗保险|绩效奖金
大数据工程师,浙江大华技术股份有限公司,1.5-3万/月,西安,无工作经验,本科,招若干人,05-20发布,免费班车|餐饮补贴|专业培训|弹性工作|年终奖金|通讯补贴|定期体检|周末双休|五险一金|绩效奖金
大数据实施开发工程师,大连华信计算机技术股份有限公司,1-2万/月,西安-雁塔区,5-7年经验,本科,招8人,05-20发布,五险一金|补充医疗保险|免费班车|专业培训|年终奖金|定期体检
大数据架构师,创意信息技术股份有限公司,1.5-2.5万/月,成都,5-7年经验,本科,招2人,05-20发布,带薪年假|五险一金|包吃|免费班车|节日福利|周末双休
文案策划,西安天子传媒有限公司,4-8千/月,西安-浐灞生态区,3-4年经验,大专,招2人,05-20发布,五险一金|员工旅游|绩效奖金|年终奖金|弹性工作|员工宿舍|节日福利|高温补贴|生日福利
算法工程师,西安华线石油科技有限公司,4-8千/月,西安,无工作经验,硕士,招1人,05-20发布,五险一金|带薪年假|绩效奖金|节日福利|专业培训|员工体检|商业保险|项目奖金|效益奖金|差旅补贴等
营销专员,陕西星势力影视文化传播有限责任公司,0.4-1万/月,西安-雁塔区,5-7年经验,大专,招2人,05-20发布,五险一金|餐饮补贴|免费班车|年终奖金|专业培训|定期体检|绩效奖金
Java开发工程师,南京美聚集电子商务股份有限公司西安分公司,0.6-1.2万/月,西安-高新技术产业开发区,3-4年经验,大专,招1人,05-20发布,五险一金|员工旅游|5A办公
互联网产品经理,西安银信博锐信息科技有限公司,0.8-1.5万/月,西安,1年经验,大专,招3人,05-20发布,做五休二|带薪年假|五险一金|年终奖金|绩效奖金|专业培训|交通补贴|节日福利
GIS工程师 Java高级软件开发工程师,广州麦野工程设计有限公司,2-3万/月,西安,无工作经验,本科,招4人,05-20发布,五险一金|年终奖金|节日福利|补充医疗保险|补充公积金|专业培训
架构师（西安）,东方微银科技（北京）有限公司,1.5-2万/月,西安,5-7年经验,本科,招1人,05-20发布,五险一金|餐饮补贴|通讯补贴|定期体检|专业培训
Java Web开发工程师,郑州信大捷安信息技术股份有限公司,0.8-1.5万/月,西安,3-4年经验,本科,招7人,05-20发布,五险一金|员工旅游|交通补贴|餐饮补贴|通讯补贴|绩效奖金|年终奖金|定期体检
数据运营经理,陕西万盛达信息科技有限公司,0.9-1.6万/月,西安-碑林区,3-4年经验,大专,招若干人,05-20发布,五险一金|餐饮补贴|定期体检|带薪年假|全勤补助|法定节假日|地铁口附近|朝九晚六|周末双休|专业培训
Java高级研发工程师,西安中服软件有限公司,1-1.5万/月,西安,2年经验,本科,招若干人,05-20发布,五险一金|补充医疗保险|员工旅游|绩效奖金|年终奖金|定期体检
Pinterest广告投放,西安大热分子电子信息科技有限公司,6-8千/月,西安-雁塔区,1年经验,本科,招1人,05-20发布,五险一金|员工旅游|出国机会|弹性工作|绩效奖金
需求分析师,厦门市巨龙信息科技有限公司,0.8-1.2万/月,西安,3-4年经验,大专,招1人,05-20发布,五险一金|通讯补贴|绩效奖金|年终奖金
大数据算法工程师,西安锐益达风电技术有限公司,0.9-1.2万/月,西安,2年经验,本科,招1人,03-29发布,五险一金|交通补贴|餐饮补贴|通讯补贴|绩效奖金|年终奖金|员工旅游
销售经理（大数据方向）,陕西恒通智能机器有限公司,0.5-1万/月,西安,3-4年经验,大专,招1人,03-31发布,五险一金|补充医疗保险|交通补贴|餐饮补贴|员工旅游|通讯补贴|定期体检
大数据JAVA开发工程师,通联商务服务有限公司,1-1.5万/月,西安-新城区,3-4年经验,本科,招若干人,04-02发布,
大数据开发工程师,北京明略软件系统有限公司,2-2.5万/月,西安-未央区,无工作经验,本科,招2人,04-08发布,五险一金|补充医疗保险|交通补贴|餐饮补贴|绩效奖金|年终奖金|股票期权
JAVA中高级软件开发工程师（公安视图库方向）,磐基技术有限公司,1-1.5万/月,西安,3-4年经验,本科,招1人,05-20发布,每年多次调薪|周末双休|绩效奖金|通讯补贴|带薪年假|员工旅游|高温补贴|节日福利|五险一金
缤纷南郡链家店诚聘房产销售3K,西安链家总部,0.8-1万/月,西安-雁塔区,1年经验,大专,招5人,05-20发布,带薪年假|五险一金|绩效奖金|节日福利|专业培训|加班补贴
新媒体运营,西安志行堂文化艺术传播有限公司,0.3-1万/月,西安,无工作经验,大专,招2人,05-20发布,员工旅游|专业培训|绩效奖金|年终奖金|弹性工作|集体聚餐|节日礼物|试用期短|项目奖金|多种补助
解决方案工程师,西安奥卡云数据科技有限公司,1.5-2万/月,西安-西咸新区,5-7年经验,本科,招1人,05-20发布,
电力系统分析师(职位编号：09001),西安市双合软件技术有限公司,0.8-1.3万/月,西安-雁塔区,无工作经验,硕士,招4人,05-20发布,五险一金|餐饮补贴|住宿补贴|年终奖金
云计算产品经理,上海云首信息科技有限公司,1.5-2万/月,西安-雁塔区,3-4年经验,本科,招若干人,05-20发布,五险一金|补充医疗保险|员工旅游|绩效奖金|弹性工作|定期体检
ROM工程师,陕西思尔生物科技有限公司,0.8-2万/月,西安,2年经验,本科,招2人,05-20发布,绩效奖金|年终奖金|美女多|员工福利|工作氛围轻松
百度AI开放平台项目负责人,百度西北营销服务中心,0.8-1.2万/月,西安,5-7年经验,本科,招2人,05-20发布,带薪年假|五险一金|专业培训|节日福利|绩效奖金|法定假|员工旅游|高额提成|结婚礼金|年终大奖
风险经理,深圳居易融科技信息有限公司,4.5-6千/月,西安-雁塔区,1年经验,大专,招2人,05-20发布,五险一金|员工旅游|弹性工作|专业培训
大数据架构师（西安）,杭州数云信息技术有限公司西安分公司,2-2.5万/月,西安-高新技术产业开发区,5-7年经验,大专,招1人,04-09发布,
大数据校园招聘实习生,西安卓睿信息技术有限公司,4.5-6千/月,西安-碑林区,无工作经验,本科,招3人,04-10发布,五险一金|补充医疗保险|补充公积金|免费班车|员工旅游|交通补贴|绩效奖金
云计算大数据解决方案架构师（运营商行业）,华为技术有限公司,3-6万/月,西安-高新技术产业开发区,5-7年经验,本科,招2人,04-20发布,股票期权|年终奖金|绩效奖金|五险一金|出国机会|弹性工作|定期体检
大数据开发工程师,陕西嘉惠碧海电子科技有限公司,0.8-1.5万/月,西安-未央区,5-7年经验,大专,招3人,04-23发布,五险一金|员工旅游|交通补贴|绩效奖金|年终奖金|高温补贴|年底双薪|节日福利
链家地产置业顾问,西安链家总部,6-8千/月,西安-雁塔区,无工作经验,大专,招8人,05-20发布,五险一金|员工旅游|定期体检|绩效奖金
浐灞链家/房产销售/客户代表,西安链家宝业房地产经纪有限公司第五十六分公司,0.5-1万/月,西安-灞桥区,无工作经验,大专,招20人,05-20发布,弹性工作|带薪年假|五险一金|节日福利|专业培训|高温补贴|一对一帮扶|定时团建|不定时旅游|交通补贴
Java中级开发工程师,陕西卓居未来智能科技有限公司,1.5-1.8万/月,西安-碑林区,3-4年经验,本科,招2人,05-20发布,
Java高级开发工程师,西安英卓酒店管理有限公司,1.3-1.8万/月,西安-碑林区,3-4年经验,本科,招1人,05-20发布,五险一金|通讯补贴|员工旅游|交通补贴|绩效奖金|年终奖金|零食|老板nice
行业销售经理,陕西西部资信股份有限公司,0.7-1.4万/月,西安-高新技术产业开发区,5-7年经验,本科,招2人,05-20发布,五险一金|弹性工作|定期体检|员工旅游
高级java开发工程师(职位编号：00029),数尊信息科技（上海）有限公司,1.5-2万/月,西安-高新技术产业开发区,5-7年经验,本科,招3人,05-20发布,
诚聘客户专员   客户经理   高级客户经理,中国人寿保险股份有限公司西安分公司经济技术开发区营销服务部,0.5-1万/月,西安-未央区,无工作经验,大专,招5人,05-20发布,弹性工作|带薪年假|五险一金|绩效奖金|全勤奖|节日福利|专业培训|高温补贴
软件系统架构师,西安网是科技发展有限公司,1.5-2万/月,西安,5-7年经验,本科,招1人,05-20发布,五险一金|员工旅游|绩效奖金|年终奖金|定期体检|全勤奖|专业培训|年底双薪|父母孝心基金|家属关怀
400客服经理,西安晗月酒店管理集团有限公司,5-8千/月,西安-未央区,3-4年经验,大专,招1人,05-20发布,社会保险|免费工作餐|岗位晋升|补充医疗保险|节日福利|年终奖金
数据分析实习生（西安）(职位编号：18),亚信科技（中国）有限公司,,西安,无工作经验,本科,招若干人,05-20发布,
高级软件工程师,普元信息技术股份有限公司,0.9-1.5万/月,西安-高新技术产业开发区,无工作经验,本科,招1人,05-20发布,
Java 高级工程师,西安天亦寰宇科技有限公司,0.8-2万/月,西安-雁塔区,3-4年经验,大专,招3人,05-20发布,五险一金|绩效奖金|年终奖金|全勤奖|项目奖金|节日福利|带薪年假
储备管理干部 双休 五险,中国平安人寿保险股份有限公司陕西分公司,4.5-6千/月,西安-高新技术产业开发区,无工作经验,大专,招3人,05-20发布,五险一金|补充医疗保险|补充公积金|员工旅游|专业培训|绩效奖金|弹性工作|定期体检|周末双休|降温取暖费
大数据分析实习生+双休,西安钱浩网络科技有限公司,4.5-6千/月,西安-高新技术产业开发区,无工作经验,大专,招3人,04-28发布,五险一金|员工旅游|交通补贴|年终奖金|弹性工作|定期体检|绩效奖金
大数据开发工程师,长城计算机软件与系统有限公司,1-1.5万/月,西安-未央区,3-4年经验,本科,招2人,04-28发布,五险一金|补充医疗保险|交通补贴|餐饮补贴|绩效奖金|年终奖金|弹性工作|定期体检
大数据运维工程师,西安华创人力资源管理咨询有限公司,1.5-2.7万/月,西安,8-9年经验,本科,招若干人,04-29发布,五险一金|专业培训|员工旅游|年终奖金|定期体检
大数据挖掘开发工程师-HXY(职位编号：NavInfo001899),北京四维图新科技股份有限公司,0.9-1.5万/月,西安-雁塔区,3-4年经验,本科,招1人,05-02发布,五险一金|补充医疗保险|免费班车|年终奖金|餐饮补贴|弹性工作|定期体检|通讯补贴|专业培训
服务端高级开发工程师（大数据方向）,中创三优（北京）科技有限公司,1-1.5万/月,西安-高新技术产业开发区,5-7年经验,本科,招1人,05-04发布,五险一金|餐饮补贴|绩效奖金|周末双休|餐补
高级大数据开发工程师（西安）0890(职位编号：TAIJI000890),太极计算机股份有限公司,1-1.5万/月,西安-雁塔区,无工作经验,本科,招2人,05-05发布,五险一金|补充医疗保险|绩效奖金|交通补贴|餐饮补贴|弹性工作|定期体检|14薪
大数据开发工程师,中电长城网际系统应用有限公司,0.7-1.4万/月,西安-未央区,2年经验,本科,招2人,05-05发布,五险一金|免费班车|交通补贴|餐饮补贴|定期体检|绩效奖金
大数据主任工程师（集团总部）(J11069),隆基绿能科技股份有限公司,2.2-2.8万/月,西安-经济技术开发区,8-9年经验,本科,招1人,05-05发布,五险一金|交通补贴|通讯补贴|年终奖金|带薪年假|节日福利|出差补贴|免费班车|餐饮补贴|500强
销售经理（计算机视觉/人工智能/视频大数据结构化）,苏州千视通视觉科技股份有限公司,4-6千/月,西安,2年经验,本科,招若干人,05-06发布,五险一金|员工旅游|年终奖金|绩效奖金|定期体检
大数据开发工程师,上海米赋网络科技有限公司,1-2万/月,西安-雁塔区,3-4年经验,本科,招1人,05-08发布,五险一金|员工旅游|专业培训|年终奖金
大数据/人工智能开发工程师,江苏润和软件股份有限公司,0.8-1万/月,西安,无工作经验,本科,招若干人,05-08发布,
Java研发工程师,北京明朝万达科技股份有限公司,1-2万/月,西安-高新技术产业开发区,5-7年经验,本科,招2人,05-19发布,五险一金|专业培训|绩效奖金|员工旅游|股票期权|定期体检
西安链家 销售代表/储备店长,西安链家宝业房地产经纪有限公司第九十七分公司,0.8-1万/月,西安-高新技术产业开发区,无工作经验,大专,招若干人,05-20发布,
AD商品专员,西安杰茜雅服饰贸易有限公司,3.5-5千/月,西安-新城区,1年经验,大专,招3人,05-20发布,弹性工作|餐饮补贴|专业培训|绩效奖金|年终奖金|交通补贴
链家/贝壳 招聘房产中介 经纪人 置业顾问,西安链家宝业房地产经纪有限公司第七十四分公司,3-6千/月,西安-高新技术产业开发区,无工作经验,大专,招5人,05-20发布,弹性工作|专业培训|出国旅游|大病基金
HR(特聘) 周末双休+薪资3500+,中国平安人寿保险股份有限公司陕西分公司,4.5-6千/月,西安-雁塔区,无工作经验,大专,招3人,05-20发布,周末双休|弹性工作|带薪年假|五险一金|专业培训|节日福利|全勤奖|绩效奖金|高温补贴
售前工程师,中译语通科技（陕西）有限公司,1.2-1.5万/月,西安-西咸新区,5-7年经验,本科,招若干人,05-20发布,五险一金|免费班车|交通补贴|餐饮补贴|绩效奖金|节日福利|年终奖金|专业培训|定期体检|弹性工作
资深项目经理（HIS实施）,上海京颐科技股份有限公司,0.8-1.5万/月,西安,3-4年经验,本科,招5人,05-20发布,五险一金|餐饮补贴|通讯补贴|定期体检|节日福利|员工旅游|出差补助|包住|项目奖金
贝壳新房销售 成年人的底气都是钱给的 想挣钱的来,陕西贝壳闹海房地产经纪有限公司,5-9千/月,西安-灞桥区,无工作经验,大专,招5人,05-20发布,弹性工作|带薪年假|专业培训|节日福利|绩效奖金|五险一金
邮件在线客服岗,西安人瑞人力资源服务有限公司,3.5-4千/月,西安-雁塔区,无工作经验,中专,招10人,05-20发布,五险一金|绩效奖金|带薪年假|做五休二|全勤奖|节日福利|加班补贴|餐饮补贴|交通补贴|专业培训
java高级软件工程师,江苏银丰信息技术有限公司,1.5-2万/月,西安-雁塔区,8-9年经验,本科,招4人,05-20发布,五险一金|弹性工作|餐饮补贴|员工旅游|年终奖金|股票期权|专业培训|绩效奖金
二手房中介 高提成 就近分配,陕西境商集团,3.5-8.5千/月,西安-雁塔区,无工作经验,高中,招12人,05-20发布,节日福利|国内外旅游|带薪培训|周末单休|绩效奖金|专业培训|入股分红|一对一带教
链家新房销售顾问 底薪三千（灞桥）,陕西链家高策房地产经纪有限公司西安纺织城店,0.8-1万/月,西安-灞桥区,1年经验,大专,招若干人,05-20发布,五险一金|员工旅游|绩效奖金|专业培训|定期体检
销售总监（区域：西安）,北京捷通华声科技股份有限公司,1.5-2.5万/月,西安,5-7年经验,本科,招1人,05-20发布,五险一金|绩效奖金|股票期权|专业培训|晋升空间大|定期团建
咨询中级工程师,福建新大陆软件工程有限公司,0.9-1.6万/月,西安,3-4年经验,本科,招2人,05-20发布,五险一金|交通补贴|通讯补贴|专业培训|绩效奖金|年终奖金|定期体检|免费班车
孵化器运营专员,北京第一创客企业管理有限公司,4-6千/月,西安,2年经验,本科,招1人,05-20发布,五险一金|补充医疗保险|交通补贴|餐饮补贴|年终奖金|员工旅游|节假日福利
高级销售经理,北京寄云鼎城科技有限公司,1.5-3万/月,西安-高新技术产业开发区,5-7年经验,本科,招3人,05-20发布,五险一金|专业培训|绩效奖金|年终奖金|弹性工作|定期体检
网站APP软件运营专员(双休),陕西昊康体育设施有限公司,3-5千/月,西安-经济技术开发区,2年经验,大专,招3人,05-20发布,员工旅游|交通补贴|通讯补贴|定期体检|年终奖金|五险|节日福利|全勤奖
Java中级开发工程师,广州石竹计算机软件有限公司,1-1.2万/月,西安-高新技术产业开发区,3-4年经验,本科,招2人,05-20发布,五险一金|补充医疗保险|通讯补贴|绩效奖金|定期体检
技术总监/经理,西安未来国际信息股份有限公司,1.5-2.5万/月,西安,10年以上经验,本科,招1人,05-20发布,五险一金|补充医疗保险|交通补贴|餐饮补贴|专业培训|定期体检
置业顾问,西安链家宝业房地产经纪有限公司,6-8千/月,西安,无工作经验,大专,招10人,05-20发布,
Java开发工程师,安徽兆尹信息科技股份有限公司,1-1.5万/月,西安-雁塔区,3-4年经验,本科,招11人,05-20发布,五险一金|绩效奖金|通讯补贴|餐饮补贴|定期体检
大数据开发工程师,万达信息股份有限公司,1.5-2万/月,西安-高新技术产业开发区,5-7年经验,大专,招若干人,05-10发布,五险一金|定期体检
（西安）大数据高级工程师,中国电子科技集团公司第十五研究所（华北计算技术研究所）,0.6-1.2万/月,西安-高新技术产业开发区,2年经验,硕士,招若干人,05-14发布,五险一金|员工旅游|绩效奖金|年终奖金|交通补贴|餐饮补贴|定期体检|高温补贴|通讯补贴|带薪年假
大数据开发工程师(职位编号：660587),杭州海康威视数字技术股份有限公司,1-1.5万/月,西安-高新技术产业开发区,3-4年经验,本科,招5人,05-15发布,
大数据开发岗,陕西长银消费金融有限公司,,西安,3-4年经验,本科,招若干人,05-14发布,做五休二|周末双休|带薪年假|五险一金|节日福利|交通补贴|餐饮补贴|通讯补贴|高温补贴|补充医疗保险
大数据工程师,西安天和防务技术股份有限公司,0.6-1万/月,西安,5-7年经验,本科,招4人,05-14发布,五险一金|免费班车|年终奖金|定期体检|节日福利|全勤奖|加班补贴|周末双休|带薪年假|员工餐厅
大数据开发工程师,西安九索数据技术股份有限公司,0.6-1.2万/月,西安-高新技术产业开发区,2年经验,本科,招4人,05-14发布,五险一金|员工旅游|绩效奖金|年终奖金|股票期权|定期体检
大数据架构师,神州数码系统集成服务有限公司西安分公司,1.2-2.4万/月,西安,无工作经验,本科,招1人,05-15发布,
高级大数据开发工程师,西安交大长天软件股份有限公司,2-2.5万/月,西安,3-4年经验,大专,招1人,05-16发布,五险一金|补充医疗保险|员工旅游|交通补贴|餐饮补贴|专业培训|绩效奖金|年终奖金
大数据组长,北京天源迪科信息技术有限公司,1.2-1.8万/月,西安-未央区,3-4年经验,本科,招1人,05-15发布,五险一金|专业培训|定期体检|过节福利|年底双薪|弹性工作|带薪年假|绩效奖金
（某500强知名企业）大数据运维工程师,西安瀚特人力资源有限公司,1-1.5万/月,西安-高新技术产业开发区,3-4年经验,本科,招若干人,05-16发布,
大数据运营部 经理,南京烽火星空通信发展有限公司,1-2万/月,西安-高新技术产业开发区,3-4年经验,本科,招1人,05-16发布,五险一金|补充医疗保险|绩效奖金|年底双薪
大数据挖掘工程师(高薪+五险一金+双休),西安政通信息技术有限公司,1.5-2万/月,西安-高新技术产业开发区,3-4年经验,本科,招1人,05-16发布,周末双休|五险一金|交通补贴|餐饮补贴|加班补贴|定期体检
大数据研发工程师（西安）(J10075),绿盟科技,1-1.5万/月,西安-高新技术产业开发区,1年经验,本科,招若干人,05-16发布,五险一金|补充医疗保险|员工旅游|餐饮补贴|专业培训|绩效奖金|年终奖金|弹性工作|定期体检
大数据项目总监,陕西淘丁实业集团有限公司,0.8-1万/月,西安-长安区,5-7年经验,本科,招2人,05-16发布,五险一金|周末双休|带薪年假|节日福利|法定节假日
大数据测试工程师,西安华炎信息科技有限公司,1-1.5万/月,杭州-滨江区,5-7年经验,本科,招若干人,05-17发布,五险一金|员工旅游|餐饮补贴|年终奖金|定期体检
JAVA后台开发,陕西新通智能科技有限公司,0.8-1.3万/月,西安-高新技术产业开发区,5-7年经验,本科,招1人,05-19发布,五险一金|员工旅游|交通补贴|餐饮补贴|通讯补贴|专业培训|绩效奖金|年终奖金|定期体检
大数据与云计算架构师（工作地点：郑州市）（西安）,中国联合网络通信有限公司河南省分公司,,西安,无工作经验,硕士,招若干人,05-17发布,
大数据平台运维工程师（Hadoop方向）,上海罗盘信息科技有限公司,1-1.5万/月,西安-雁塔区,2年经验,本科,招2人,05-17发布,五险一金|员工旅游|年终奖金|专业培训|绩效奖金
网络运维工程师,陕西力源仪器设备检测有限公司,4.5-6千/月,西安-长安区,2年经验,本科,招1人,05-19发布,绩效奖金|年终奖金|定期体检|员工旅游|五险一金
数据专员（洲际装饰）(职位编号：07),陕西明珠龙安居置业有限公司,4-7千/月,西安-西咸新区,2年经验,招若干人,05-19发布,计算机信息管理,五险一金|弹性工作|节日福利|周末双休|餐饮补贴|免费班车|交通补贴|绩效奖金|通讯补贴
财务部部长,西安电视剧版权交易中心有限公司,10-15万/年,西安-曲江文化新区,8-9年经验,本科,招1人,05-20发布,
链家销售代表+房产经纪人+就近安排,陕西贝壳闹海房地产经纪有限公司,0.8-1万/月,西安,无工作经验,大专,招10人,05-19发布,
Java中级开发工程师,五道口信息技术（深圳）有限公司,0.8-1.5万/月,西安-高新技术产业开发区,3-4年经验,大专,招15人,05-20发布,五险一金|交通补贴|餐饮补贴|通讯补贴|专业培训|绩效奖金|年终奖金|弹性工作
Java开发工程师,大连滋德商务咨询有限公司,1.5-5万/月,大连,1年经验,大专,招10人,05-20发布,
新媒体运营专员,西安天正房地产价格评估咨询有限公司,4-6千/月,西安,1年经验,本科,招若干人,05-20发布,五险一金|交通补贴|餐饮补贴|通讯补贴|绩效奖金|年终奖金|定期体检|员工旅游
销售,西安链家总部,6-8千/月,西安-未央区,无工作经验,大专,招5人,05-19发布,弹性工作|五险一金|专业培训
系统架构师,陕西惠宾电子科技有限公司,20-30万/年,西安-碑林区,无工作经验,本科,招若干人,05-20发布,五险一金|绩效奖金|股票期权
Java工程师,陕西国博政通信息科技有限公司,0.3-1万/月,西安-高新技术产业开发区,3-4年经验,大专,招3人,05-20发布,五险一金|餐饮补贴|周末双休|生日节日福利|绩效奖金|年终奖金|专业培训
院校解决方案销售(base杭州5),浙江华为通信技术有限公司,1-2万/月,杭州,3-4年经验,本科,招1人,05-20发布,五险一金|补充医疗保险|年终奖金|绩效奖金|专业培训|通讯补贴|定期体检
西安高底薪销售代表（中国化工网）,浙江网盛生意宝股份有限公司,3-8千/月,西安,无工作经验,大专,招8人,05-20发布,周末双休|五险一金|绩效奖金|高温补贴|节日福利
云服务器销售,西安优盛信息技术有限公司,12-18万/年,西安,2年经验,大专,招1人,05-20发布,绩效奖金|节日福利|交通补贴|加班补贴|通讯补贴|专业培训|带薪年假|五险一金|全勤奖
Python开发工程师----外派绿盟网络安全业务,西安鼎拓信息科技有限公司,4-7千/月,西安-雁塔区,2年经验,本科,招1人,05-20发布,周末双休|五险一金|全勤奖|节日福利|补充医疗保险|年终奖金|弹性工作|定期体检|员工旅游
德佑+置业顾问+无责底薪3000,陕西贝壳闹海房地产经纪有限公司,0.8-1万/月,西安-雁塔区,1年经验,高中,招10人,05-20发布,绩效奖金|节日福利|专业培训|弹性工作|带薪年假
JAVA高级开发工程师,西安酷聊智能科技有限公司,0.9-1.8万/月,西安-高新技术产业开发区,5-7年经验,大专,招2人,05-20发布,
气象工程师,紫光陕数大数据有限公司,1.5-3万/月,西安-西咸新区,1年经验,硕士,招2人,05-17发布,五险一金|弹性工作|定期体检|交通补贴|通讯补贴
营销策划主管,伯图大数据管理有限公司西安分公司,0.6-1万/月,西安-高新技术产业开发区,3-4年经验,大专,招1人,05-20发布,
车辆信息化助理工程师,陕西摩天黑石教育科技有限公司,4.5-6千/月,西安-碑林区,无工作经验,大专,招3人,05-20发布,
解决方案工程师,西安速度时空大数据科技有限公司,0.8-1.2万/月,西安-雁塔区,5-7年经验,本科,招2人,05-20发布,五险一金|补充医疗保险|专业培训|年终奖金
双休：数据审核4000-6000,网迅科技,4-6千/月,西安-高新技术产业开发区,无工作经验,大专,招20人,05-20发布,带薪年假|节日福利|五险一金|绩效奖金|全勤奖|专业培训|调班补贴|晋升前景大
房地产策划经理,西安全力行房地产咨询有限公司,0.8-1万/月,西安-高新技术产业开发区,2年经验,本科,招2人,05-20发布,五险一金|出国机会|员工旅游|绩效奖金|年终奖金
数据分析管培生 (MJ000356),SHEIN,8-9千/月,广州-番禺区,无工作经验,本科,招3人,05-20发布,
研发副总监,广州亿程交通信息集团有限公司,1.5-1.8万/月,西安-高新技术产业开发区,5-7年经验,本科,招1人,05-20发布,五险一金|免费班车|年终奖金|员工旅游|绩效奖金|定期体检
系统维护专员,西安美城房地产顾问股份有限公司,4.5-6千/月,西安-未央区,1年经验,大专,招1人,05-20发布,五险一金|员工旅游|专业培训|带薪年假|定期体检|出国机会|年终奖金|交通补贴|绩效奖金
Java高级开发工程师,北京中软国际信息技术有限公司,1-1.5万/月,西安-高新技术产业开发区,3-4年经验,本科,招若干人,05-20发布,做五休二|周末双休|带薪年假|五险一金|免费班车|绩效奖金|专业培训
高级运维工程师,北京源晨动力技术服务有限公司,1-1.5万/月,西安-未央区,3-4年经验,大专,招若干人,05-20发布,五险一金|员工旅游|绩效奖金|专业培训|定期体检|年终奖金|通讯补贴
数据分析（高级）,西安恪诚电子科技有限公司,1-1.5万/月,西安-雁塔区,5-7年经验,本科,招2人,05-20发布,五险一金|补充医疗保险|员工旅游|餐饮补贴|年终奖金|定期体检
项目咨询工程师,陕西山利科技发展有限责任公司,0.8-1万/月,西安,3-4年经验,本科,招1人,05-20发布,五险一金|交通补贴|餐饮补贴|通讯补贴
软件实施工程师,深圳宏崎达技术有限公司,6-9千/月,西安-高新技术产业开发区,2年经验,大专,招3人,05-20发布,五险一金|员工旅游|专业培训|绩效奖金|年终奖金|定期体检|补充公积金|交通补贴|餐饮补贴|通讯补贴
大区技术总监（可接受外派）,陕西浦思金融网络科技有限公司,0.8-1.1万/月,西安-雁塔区,3-4年经验,大专,招10人,05-20发布,五险一金|补充医疗保险|交通补贴|专业培训|绩效奖金|年终奖金|定期体检
Java架构师,上海科箭软件科技有限公司,1.5-2.5万/月,西安-雁塔区,无工作经验,本科,招若干人,05-20发布,五险一金|补充医疗保险|员工旅游|交通补贴|餐饮补贴|通讯补贴|专业培训|绩效奖金|定期体检
IT经理或IT项目经理,西安伯恩人力资源咨询有限公司,2.5-3万/月,西安,8-9年经验,本科,招2人,05-20发布,五险一金|周末双休
教育研究员（教育创新研究院）,西安欧亚学院,7-12万/年,西安-雁塔区,无工作经验,硕士,招若干人,05-20发布,
医保拓展经理-健康金融14,微医集团,1-2万/月,北京-朝阳区,3-4年经验,本科,招1人,05-20发布,周末双休|弹性工作|带薪年假|五险一金|节日福利
产品经理,西安多普多信息科技有限公司,10-18万/年,西安-碑林区,3-4年经验,本科,招1人,05-20发布,五险一金|定期体检|绩效奖金|每年多次调薪|餐补|话补|交通补助|年终奖
大数据实施工程师,北京中能博泰科技有限公司,0.6-1万/月,西安-雁塔区,3-4年经验,本科,招2人,05-20发布,
大数据业务方向-大数据架构师,北京思特奇信息技术股份有限公司,2-2.5万/月,西安,3-4年经验,本科,招若干人,05-20发布,
云方向业务部门_大数据平台研究高级工程师,北京思特奇信息技术股份有限公司陕西分公司,1-1.5万/月,西安,无工作经验,本科,招1人,05-20发布,五险一金|补充医疗保险|员工旅游|交通补贴|餐饮补贴|通讯补贴|专业培训|绩效奖金|定期体检|弹性工作
java/.net/web/大数据软件工程师,陕西省商务技术学校,8-10万/年,西安-雁塔区,2年经验,大专,招5人,05-20发布,五险一金|专业培训|免费班车|弹性工作|通讯补贴|餐饮补贴|交通补贴|绩效奖金
大数据开发工程师(研究院)(职位编号：uniview001245),浙江宇视科技有限公司,0.7-1.2万/月,陕西省,1年经验,本科,招若干人,05-20发布,五险一金|餐饮补贴|定期体检|绩效奖金|年终奖金|弹性工作|员工旅游|专业培训|通讯补贴
大数据开发工程师,上海德拓信息技术股份有限公司,1-1.6万/月,西安,无工作经验,本科,招若干人,05-20发布,五险一金|员工旅游|通讯补贴|定期体检|提供午餐|下午茶
客户大数据体系管理部部长,百跃羊乳集团（谱恩）营销中心,15-20万/年,西安-未央区,5-7年经验,本科,招1人,05-20发布,五险一金|周末双休|生日补贴|高温补贴|采暖补贴
大数据架构师,西安比邻卓越人力资源服务有限公司,2-3万/月,西安-未央区,3-4年经验,本科,招1人,05-20发布,五险一金|绩效奖金
大数据大学讲师,陕西厚溥教育科技有限公司,0.8-1万/月,咸阳,1年经验,大专,招2人,05-20发布,五险一金|员工旅游|通讯补贴|专业培训|绩效奖金|年终奖金|周末双休
大数据开发工程师,郑州商霸信息技术有限公司,1.5-2.5万/月,西安,3-4年经验,本科,招若干人,05-20发布,五险一金|交通补贴|餐饮补贴|弹性工作|绩效奖金|年终奖金|交通便利|晋升空间大
KA负责人,重庆胜健通信设备有限责任公司,2.5-2.9万/月,西安-雁塔区,5-7年经验,本科,招1人,05-20发布,五险|员工旅游|专业培训|通讯补贴|交通补贴|节日福利
