NLP算法工程师,中金智汇科技有限责任公司,1.5-3万/月,北京,1年经验,硕士,招1人,05-20发布,五险一金|补充医疗保险|交通补贴|餐饮补贴|通讯补贴|定期体检|绩效奖金
雷达算法工程师（实习生）,北京凌波微步信息技术有限公司,6-8千/月,北京-昌平区,无工作经验,本科,招1人,05-20发布,五险一金|绩效奖金|年终奖金|股票期权|弹性工作
资深算法工程师 - 效率工程(职位编号：35644),字节跳动,3-6万/月,北京,3-4年经验,本科,招5人,05-20发布,六险一金|高薪期权|弹性工作|免费三餐|租房补贴|带薪休假|休闲下午茶|扁平管理|健身瑜伽|职业大牛
网络算法工程师,北京通广龙电子科技有限公司,1-2万/月,北京-海淀区,1年经验,硕士,招2人,05-20发布,五险一金|免费班车|交通补贴|餐饮补贴|绩效奖金|年终奖金|定期体检|专业培训|无理由假|探亲假
电力系统高级算法工程师,北京煜邦电力技术股份有限公司,2.5-3.5万/月,北京,8-9年经验,本科,招1人,05-20发布,五险一金|年终奖金|餐饮补贴|交通补贴|绩效奖金|通讯补贴|弹性工作
算法工程师,北明智通（北京）科技有限公司,2-2.5万/月,北京,5-7年经验,硕士,招1人,05-20发布,带薪年假|通讯补贴|五险一金|补充医疗保险|节日福利|做五休二|弹性工作
图像算法工程师,北京蓝卡科技股份有限公司,1-2.5万/月,北京-海淀区,无工作经验,本科,招2人,05-20发布,五险一金|餐饮补贴|绩效奖金|年终奖金|定期体检|员工旅游
图像算法工程师,南京天数智芯科技有限公司,2-3万/月,北京,3-4年经验,硕士,招若干人,05-20发布,五险一金|补充医疗保险|弹性工作|定期体检|年终奖金|专业培训
算法工程师（AI方向）,北京富通东方科技有限公司,2-3万/月,北京-朝阳区,3-4年经验,本科,招1人,05-20发布,五险一金|补充医疗保险|定期体检|餐饮补贴|节日福利
算法工程师,北京芯动联科微电子技术有限公司,10-30万/年,北京-海淀区,2年经验,硕士,招2人,05-20发布,
遥感算法工程师,武汉珈和科技有限公司,1-2万/月,北京-海淀区,1年经验,本科,招若干人,05-20发布,五险一金|弹性工作|专业培训|员工旅游|定期体检|年终奖金|股票期权|餐饮补贴|绩效奖金
软件算法工程师,北京迪文科技有限公司,2.5-3万/月,北京-海淀区,无工作经验,本科,招1人,05-20发布,五险一金|补充医疗保险|员工旅游|绩效奖金|定期体检
通信算法工程师,北京安德信业信息咨询有限责任公司,3-4万/月,北京-海淀区,无工作经验,本科,招1人,05-20发布,五险一金|员工旅游|绩效奖金|年终奖金
电商广告算法负责人(职位编号：34634),字节跳动,5-10万/月,北京,5-7年经验,本科,招2人,05-19发布,六险一金|弹性工作|免费三餐|租房补贴|带薪休假|休闲下午茶|扁平管理|过亿用户|职业大牛|晋升空间
00161-微博机器学习团队——系统研发中高级工程师,新浪微博,5-8万/月,北京,3-4年经验,本科,招20人,05-17发布,五险一金|补充医疗保险|补充公积金|免费班车|交通补贴|年终奖金|绩效奖金|通讯补贴|专业培训|餐饮补贴
图像处理工程师,软通动力信息技术（集团）有限公司,0.9-1.4万/月,北京,2年经验,本科,招10人,04-15发布,五险一金|弹性工作|定期体检|免费班车
深度学习工程师-帝派,北京神州泰岳软件股份有限公司,1-1.5万/月,北京,2年经验,本科,招1人,05-20发布,五险一金|补充医疗保险|餐饮补贴|定期体检
3D渲染开发工程师,北京妙趣横生网络科技有限公司,20-45万/年,北京-朝阳区,3-4年经验,本科,招1人,05-20发布,
FTL开发工程师,记忆科技（深圳）有限公司,15-40万/年,北京-海淀区,1年经验,本科,招1人,05-20发布,五险一金|补充医疗保险|员工旅游|专业培训|通讯补贴|餐饮补贴|绩效奖金|弹性工作|定期体检|年终奖金
图像算法专家（人脸识别）,北京风影车讯科技有限公司,0.8-2万/月,北京-海淀区,5-7年经验,硕士,招2人,05-20发布,五险一金|绩效奖金|年终奖金
高级算法开发工程师,记忆科技（深圳）有限公司,30-40万/年,北京-海淀区,3-4年经验,本科,招1人,05-20发布,五险一金|餐饮补贴|弹性工作|定期体检|通讯补贴|补充医疗保险|专业培训|补充公积金|绩效奖金
高级软件开发工程师/专家(J190410004)(职位编号：J190410004),滴滴,3-4万/月,北京-海淀区,3-4年经验,本科,招1人,05-20发布,
高级Java工程师（算法后端方向）,北京富通东方科技有限公司,1.5-2.5万/月,北京-朝阳区,5-7年经验,本科,招2人,05-20发布,五险一金|补充医疗保险|定期体检|餐饮补贴|节日福利
C++软件工程师,凌云光技术集团工业视觉事业部,2.5-4万/月,北京-海淀区,1年经验,硕士,招1人,05-20发布,补充医疗保险|免费班车|年终奖金|股票期权
2D/3D人脸识别算法工程师,中国科学院自动化研究所,20-50万/年,北京-海淀区,无工作经验,硕士,招2人,04-07发布,
召回排序方向负责人(职位编号：34632),字节跳动,5-10万/月,北京,5-7年经验,本科,招2人,05-19发布,六险一金|弹性工作|免费三餐|租房补贴|带薪休假|休闲下午茶|扁平管理|过亿用户|职业大牛|晋升空间
知识图谱算法专家,广州小鹏汽车科技有限公司,2-5万/月,北京-海淀区,5-7年经验,硕士,招5人,05-20发布,年终奖金|餐饮补贴|弹性工作|五险一金
R语言数据分析师,北京赛思天成科技有限责任公司,0.8-1.6万/月,北京,1年经验,本科,招3人,05-17发布,免费班车|员工旅游|交通补贴|年终奖金|通讯补贴|餐饮补贴|定期体检|五险一金
国企 震动声学算法研发工程师,北京市精诚兴信息有限责任公司,0.8-1.2万/月,北京-海淀区,无工作经验,硕士,招3人,05-16发布,做五休二|节日福利|年终奖金|五险一金|补充医疗保险
数据分析师,北京必可测科技股份有限公司,1-2万/月,石家庄,3-4年经验,本科,招4人,05-05发布,五险一金|通讯补贴|专业培训|年终奖金|定期体检
算法实习生 - 抖音短视频(职位编号：27823),字节跳动,6-8千/月,北京,无工作经验,本科,招5人,05-20发布,免费三餐|休闲下午茶|扁平管理|过亿用户|职业大牛|晋升空间|团队氛围好
数据处理工程师,北京中环信科科技股份有限公司,1-1.5万/月,北京,2年经验,本科,招1人,05-20发布,五险一金|餐饮补贴|弹性工作
姿态估算算法负责人,广州笨笨网络科技有限公司,3-4万/月,北京-海淀区,5-7年经验,硕士,招1人,05-20发布,五险一金|补充医疗保险|员工旅游|周末双休|年终奖金
智能问诊-医学产品经理 (MJ003020),北京搜狗科技发展有限公司,1.5-3万/月,北京-海淀区,无工作经验,本科,招1人,05-20发布,五险一金|餐饮补贴|补充医疗保险|弹性工作|绩效奖金
搜狗输入法-资深自然语言研究员-北京-01993,北京搜狗科技发展有限公司,2.5-5万/月,北京-海淀区,3-4年经验,硕士,招1人,05-20发布,五险一金|补充医疗保险|餐饮补贴
智能语音-机器翻译研究员,北京搜狗科技发展有限公司,2.5-4.5万/月,北京-海淀区,3-4年经验,硕士,招2人,05-20发布,五险一金|补充医疗保险|定期体检|弹性工作|年终奖金|餐饮补贴
智能语音-数据挖掘研究员-北京-02334,北京搜狗科技发展有限公司,2-4万/月,北京-海淀区,2年经验,硕士,招1人,05-20发布,五险一金|补充医疗保险|定期体检|弹性工作|年终奖金|餐饮补贴
搜狗输入法-自然语言处理研发工程师-北京-02200,北京搜狗科技发展有限公司,2-4万/月,北京-海淀区,2年经验,硕士,招2人,05-20发布,五险一金|补充医疗保险|定期体检|弹性工作|年终奖金|餐饮补贴
雷达算法优化实习生,北醒（北京）光子科技有限公司,3-5千/月,北京-海淀区,无工作经验,硕士,招2人,05-20发布,五险一金|补充医疗保险|通讯补贴|专业培训|绩效奖金|年终奖金|股票期权|定期体检
商业策略研究-广告算法研究员 (MJ001950),北京搜狗科技发展有限公司,2.5-5万/月,北京-海淀区,3-4年经验,硕士,招2人,05-20发布,五险一金|补充医疗保险|餐饮补贴
图形图像算法工程师,字节跳动,2.5-5万/月,北京,3-4年经验,本科,招3人,05-20发布,高薪期权|弹性工作|租房补贴|过亿用户|职业大牛
NLP算法工程师 - 算法平台,字节跳动,2.5-5万/月,北京,2年经验,本科,招3人,05-20发布,六险一金|弹性工作|免费三餐|租房补贴|带薪休假|休闲下午茶|扁平管理
NLP算法工程师 - 审核业务,字节跳动,2.5-5万/月,北京,2年经验,本科,招3人,05-20发布,六险一金|弹性工作|免费三餐|租房补贴|带薪休假|休闲下午茶|扁平管理
NLP算法工程师 - 国际化,字节跳动,2.5-5万/月,北京,2年经验,本科,招3人,05-20发布,六险一金|弹性工作|免费三餐|租房补贴|带薪休假|休闲下午茶|扁平管理
音效处理算法工程师(职位编号：14711),字节跳动,2.5-5万/月,北京,3-4年经验,本科,招5人,05-20发布,租房补贴|扁平管理|职业大牛|团队氛围好
推荐算法工程师(职位编号：16076),字节跳动,2.5-5万/月,北京,3-4年经验,本科,招1人,05-20发布,六险一金|弹性工作|免费三餐|租房补贴
高级算法工程师(职位编号：16074),字节跳动,2.5-5万/月,北京,3-4年经验,本科,招1人,05-20发布,六险一金|弹性工作|免费三餐|租房补贴
NLP算法工程师 - 内容质量,字节跳动,2.5-5万/月,北京,2年经验,本科,招3人,05-20发布,六险一金|弹性工作|免费三餐|租房补贴|带薪休假|休闲下午茶|扁平管理
声纹识别算法工程师（VPR）,北京捷通华声科技股份有限公司,2-4万/月,北京,1年经验,硕士,招5人,05-20发布,五险一金|绩效奖金|晋升空间大|项目奖金|每年多次调薪
深度学习算法工程师 (MJ000208),北京推想科技有限公司,2-4万/月,北京-朝阳区,2年经验,硕士,招2人,05-20发布,五险一金|餐饮补贴|绩效奖金|年终奖金|弹性工作|专业培训
自然语言理解算法工程师（文本问答和对话QA）,北京捷通华声科技股份有限公司,2-4万/月,北京,1年经验,硕士,招1人,05-20发布,五险一金|绩效奖金|项目奖金|晋升空间大|每年多次调薪
资深前端图像算法工程师（PACS前端开发） (MJ000165),北京推想科技有限公司,1.5-3万/月,北京-朝阳区,5-7年经验,本科,招3人,05-20发布,五险一金|餐饮补贴|绩效奖金|年终奖金|弹性工作|专业培训
图像算法工程师 (MJ000183),北京推想科技有限公司,1.5-3万/月,北京-朝阳区,3-4年经验,本科,招2人,05-20发布,五险一金|餐饮补贴|绩效奖金|年终奖金|弹性工作|专业培训
文本大数据分析算法工程师（BDA）,北京捷通华声科技股份有限公司,2-4万/月,北京,1年经验,硕士,招1人,05-20发布,五险一金|绩效奖金|晋升空间大|项目奖金|每年多次调薪
人脸识别算法工程师（AFR）,北京捷通华声科技股份有限公司,2-4万/月,北京,1年经验,硕士,招3人,05-20发布,五险一金|绩效奖金|晋升空间大|项目奖金|每年多次调薪
语音信号处理算法工程师（SSP),北京捷通华声科技股份有限公司,2-4万/月,北京,1年经验,硕士,招1人,05-20发布,五险一金|绩效奖金|晋升空间大|项目奖金|每年多次调薪
NLP算法工程师(职位编号：33369),字节跳动,2-4万/月,北京,无工作经验,本科,招2人,05-19发布,弹性工作|免费三餐|租房补贴|休闲下午茶|扁平管理|五险一金
信息检索算法工程师-AI Lab(职位编号：33583),字节跳动,2-4万/月,北京,无工作经验,本科,招3人,05-19发布,免费三餐|租房补贴
00109-三维重建算法工程师,北京智行者科技有限公司,40-50万/年,北京-昌平区,2年经验,硕士,招1人,05-08发布,五险一金|弹性工作|定期体检|年终奖金|股票期权|绩效奖金|员工旅游
自然语言处理算法工程师（NLP）,北京捷通华声科技股份有限公司,2-4万/月,北京,1年经验,硕士,招1人,05-20发布,五险一金|绩效奖金|项目奖金|每年多次调薪|晋升空间
搜索算法工程师(职位编号：30498),字节跳动,2.5-5万/月,北京,3-4年经验,本科,招1人,05-19发布,六险一金|弹性工作|免费三餐|租房补贴|带薪休假|休闲下午茶|扁平管理|健身瑜伽|职业大牛|晋升空间
机器翻译算法工程师（MT）,北京捷通华声科技股份有限公司,2-4万/月,北京,1年经验,硕士,招1人,05-20发布,五险一金|绩效奖金|项目奖金|每年多次调薪|晋升空间
指纹识别算法工程师（FPR）,北京捷通华声科技股份有限公司,2-4万/月,北京,1年经验,硕士,招1人,05-20发布,五险一金|绩效奖金|项目奖金|每年多次调薪|晋升空间
算法工程师 - 广告系统(职位编号：28071),字节跳动,2-4万/月,北京,无工作经验,本科,招20人,05-19发布,职业大牛|健身瑜伽|弹性工作|免费三餐|租房补贴
语音信号处理算法工程师（SSP）,北京天行汇通信息技术有限公司,2-4万/月,北京,无工作经验,硕士,招若干人,05-20发布,五险一金|通讯补贴|交通补贴|专业培训|绩效奖金|年终奖金
算法工程师,上海芮美生物科技有限公司,20-50万/年,北京-海淀区,2年经验,大专,招2人,05-20发布,
视觉/图像算法工程师,北京探境科技有限公司,1.6-3.2万/月,北京-朝阳区,3-4年经验,硕士,招3人,05-20发布,五险一金|补充医疗保险|绩效奖金|年终奖金|股票期权|弹性工作
语音前处理算法工程师 - 抖音短视频(职位编号：33835),字节跳动,3-6万/月,北京,3-4年经验,本科,招5人,05-19发布,高薪期权|租房补贴|扁平管理|职业大牛|团队氛围好|优厚薪资
NLP算法工程师 - 广告系统(职位编号：34514),字节跳动,2.5-5万/月,北京,5-7年经验,本科,招2人,05-19发布,六险一金|弹性工作|免费三餐|租房补贴|扁平管理
机器学习算法工程师 - 抖音/火山(职位编号：34980),字节跳动,2.5-5万/月,北京,2年经验,本科,招5人,05-19发布,六险一金|高薪期权|弹性工作|免费三餐|租房补贴|休闲下午茶|扁平管理|过亿用户|职业大牛|团队氛围好
WXG08-121 微信小程序商业算法工程师(广州/北京)(职位编号：49817),深圳市腾讯计算机系统有限公司,,北京,2年经验,硕士,招1人,05-20发布,
CSIG16-组合惯导高级算法工程师(职位编号：49854),深圳市腾讯计算机系统有限公司,,北京,2年经验,硕士,招3人,05-20发布,
PCG19-用户增长基础算法工程师(职位编号：49633),深圳市腾讯计算机系统有限公司,,北京,3-4年经验,硕士,招3人,05-20发布,
WXG08-121 微信模式识别自然语言处理算法工程师（北京）(职位编号：49416),深圳市腾讯计算机系统有限公司,,北京,1年经验,硕士,招1人,05-20发布,
27730-短视频个性化推荐算法工程师(职位编号：49249),深圳市腾讯计算机系统有限公司,,北京,3-4年经验,硕士,招1人,05-20发布,
人工智能自然语言处理（NLP）算法工程师/专家(职位编号：vivo002644),vivo智能手机（维沃移动通信有限公司）,3-4万/月,杭州-西湖区,5-7年经验,本科,招若干人,05-20发布,
算法工程师(高级),东华软件股份公司,2.5-3.5万/月,北京,5-7年经验,本科,招3人,05-20发布,
算法工程师,东华软件股份公司,,北京-海淀区,无工作经验,本科,招5人,05-20发布,
算法工程师,洛伦兹（北京）科技有限公司,24-36万/年,北京-昌平区,1年经验,硕士,招4人,05-20发布,五险一金|出国机会|绩效奖金|股票期权|员工旅游|专业培训|年终奖金
人工智能算法工程师,北京盛德信联科技有限公司,1.5-2万/月,北京-朝阳区,无工作经验,硕士,招若干人,05-20发布,五险一金|餐饮补贴|通讯补贴|交通补贴|绩效奖金|弹性工作
00107-融合定位算法工程师,北京智行者科技有限公司,3-5万/月,北京-昌平区,3-4年经验,硕士,招1人,05-08发布,五险一金|弹性工作|定期体检|年终奖金|股票期权|绩效奖金|员工旅游|节日福利|年底双薪|餐补
00099-路径规划算法工程师,北京智行者科技有限公司,3-5万/月,北京-昌平区,3-4年经验,硕士,招1人,05-08发布,五险一金|弹性工作|定期体检|年终奖金|股票期权|绩效奖金|员工旅游|节日福利|年底双薪|餐补
00167-激光slam算法工程师,北京智行者科技有限公司,2-3.5万/月,北京-昌平区,2年经验,硕士,招1人,05-08发布,五险一金|弹性工作|定期体检|年终奖金|股票期权|绩效奖金|员工旅游|节日福利|年底双薪|餐补
00108-视觉SLAM算法工程师,北京智行者科技有限公司,2-4万/月,北京-昌平区,3-4年经验,硕士,招1人,05-08发布,五险一金|弹性工作|定期体检|年终奖金|股票期权|绩效奖金|员工旅游|节日福利|年底双薪|餐补
00097-强化学习算法工程师,北京智行者科技有限公司,3-5万/月,北京-昌平区,3-4年经验,硕士,招1人,05-08发布,五险一金|弹性工作|定期体检|年终奖金|股票期权|绩效奖金|员工旅游|节日福利|年底双薪|餐补
00096-行为预测算法工程师,北京智行者科技有限公司,2-4万/月,北京-昌平区,2年经验,硕士,招2人,05-08发布,五险一金|弹性工作|定期体检|年终奖金|股票期权|绩效奖金|员工旅游|节日福利|年底双薪|餐补
00094-横向控制算法工程师,北京智行者科技有限公司,2-4万/月,北京-昌平区,2年经验,硕士,招2人,05-08发布,五险一金|弹性工作|定期体检|年终奖金|股票期权|绩效奖金|员工旅游|节日福利|年底双薪|餐补
图像算法工程师,北明智通（北京）科技有限公司,1.5-2万/月,北京,2年经验,硕士,招若干人,05-09发布,带薪年假|通讯补贴|五险一金|补充医疗保险|节日福利|做五休二|弹性工作
图像算法工程师,北京易泊时代科技有限公司,1.5-2万/月,北京-朝阳区,2年经验,硕士,招1人,05-09发布,
图像算法工程师,北京易泊时代科技有限公司,1.5-2万/月,北京-朝阳区,2年经验,硕士,招1人,05-09发布,
云台算法工程师,北京臻迪机器人有限公司,1.5-2.5万/月,北京-昌平区,3-4年经验,硕士,招1人,05-09发布,
C++算法工程师,北京热刺激光技术有限责任公司,2-4万/月,北京-朝阳区,1年经验,硕士,招1人,05-09发布,周末双休|带薪年假|五险一金|包吃|节日福利
组合优化算法工程师,北京热刺激光技术有限责任公司,2-4万/月,北京-朝阳区,无工作经验,硕士,招1人,05-09发布,周末双休|带薪年假|五险一金|包吃|节日福利
图像图形学算法工程师,北京热刺激光技术有限责任公司,1-2万/月,北京-朝阳区,1年经验,硕士,招1人,05-09发布,周末双休|带薪年假|五险一金|包吃|节日福利
运动控制算法工程师,北京热刺激光技术有限责任公司,1.5-2万/月,北京-朝阳区,3-4年经验,本科,招1人,05-09发布,周末双休|带薪年假|五险一金|包吃|节日福利
图形/图像算法工程师,北京热刺激光技术有限责任公司,1.5-2万/月,北京-朝阳区,3-4年经验,本科,招1人,05-09发布,周末双休|带薪年假|五险一金|包吃|节日福利
三维排样算法工程师,北京热刺激光技术有限责任公司,1.5-2万/月,北京-朝阳区,1年经验,本科,招1人,05-09发布,带薪年假|五险一金|节日福利|年终奖金|交通补贴|通讯补贴|餐饮补贴|绩效奖金
计算机视觉算法工程师,北京三星通信技术研究有限公司,1.5-2.5万/月,北京-朝阳区,无工作经验,硕士,招5人,05-20发布,五险一金|补充医疗保险|弹性工作|专业培训|出国机会|定期体检|年终奖金
图像视觉算法工程师(职位编号：17846),奇虎360科技有限公司,3-4万/月,北京,3-4年经验,硕士,招1人,05-20发布,
算法工程师-广告推荐方向(职位编号：17895),奇虎360科技有限公司,2.5-3万/月,北京,3-4年经验,本科,招2人,05-20发布,
算法工程师-广告点击率预估方向(职位编号：17896),奇虎360科技有限公司,3-4万/月,北京,3-4年经验,本科,招2人,05-20发布,
3D引擎和算法工程师(职位编号：6964),字节跳动,3-4万/月,北京-海淀区,3-4年经验,硕士,招若干人,05-20发布,
人脸识别算法工程师,天地融科技股份有限公司,1.5-2万/月,北京,无工作经验,硕士,招若干人,05-20发布,五险一金|补充医疗保险|绩效奖金|餐饮补贴|弹性工作|定期体检
移动端图像算法工程师(职位编号：6967),字节跳动,3-4万/月,北京-海淀区,3-4年经验,硕士,招若干人,05-20发布,
图像算法工程师-图像/视频/并行计算/3D算法(职位编号：6963),字节跳动,3-4万/月,北京-海淀区,3-4年经验,本科,招若干人,05-20发布,
高级/资深视觉AI算法工程师/专家,广州小鹏汽车科技有限公司,2-5万/月,北京-海淀区,3-4年经验,本科,招5人,05-20发布,年终奖金|餐饮补贴|弹性工作|五险一金
算法工程师(职位编号：7260),字节跳动,3-4万/月,北京-海淀区,3-4年经验,本科,招若干人,05-20发布,
推荐算法工程师(职位编号：7406),字节跳动,3-4万/月,北京-海淀区,2年经验,本科,招若干人,05-20发布,
高级推荐算法工程师(职位编号：7512),字节跳动,3-4万/月,北京-海淀区,3-4年经验,本科,招若干人,05-20发布,
（高级）算法工程师-直播短视频业务(职位编号：8011),字节跳动,3-4万/月,北京-海淀区,3-4年经验,本科,招若干人,05-20发布,
机器学习资深算法工程师（多模态学习）,广州小鹏汽车科技有限公司,2-5万/月,北京-海淀区,2年经验,硕士,招5人,05-20发布,年终奖金|餐饮补贴|弹性工作|五险一金
头条实验室算法工程师-语音技术(职位编号：9447),字节跳动,3-4万/月,北京-海淀区,2年经验,本科,招若干人,05-20发布,
控制算法工程师（提供宿舍）,北京博科测试系统股份有限公司,1.5-2万/月,北京,3-4年经验,硕士,招2人,05-20发布,五险一金|补充医疗保险|员工旅游|交通补贴|餐饮补贴|绩效奖金|年终奖金|定期体检
系统算法工程师（校招）,北京中科晶上科技股份有限公司,0.8-1.6万/月,北京-海淀区,无工作经验,硕士,招2人,05-20发布,五险一金|补充医疗保险|定期体检|绩效奖金|年终奖金|专业培训
高级点云算法工程师,北醒（北京）光子科技有限公司,1.5-2.5万/月,北京-海淀区,3-4年经验,硕士,招1人,05-20发布,五险一金|补充医疗保险|通讯补贴|专业培训|绩效奖金|年终奖金|股票期权|定期体检
算法工程师（心电领域）,北京麦迪克斯科技有限公司,2-3万/月,北京,3-4年经验,本科,招3人,05-20发布,五险一金|免费班车|交通补贴|餐饮补贴|通讯补贴|年终奖金|弹性工作
无线通信信号处理算法工程师（校招）,北京中科晶上科技股份有限公司,0.8-1.6万/月,北京-海淀区,无工作经验,本科,招2人,05-20发布,五险一金|补充医疗保险|定期体检|绩效奖金|年终奖金|专业培训
AI算法工程师,北京品友互动信息技术股份公司,1.5-2万/月,北京,无工作经验,本科,招若干人,05-20发布,五险一金|专业培训|绩效奖金|定期体检
算法工程师,北京品友互动信息技术股份公司,2-2.5万/月,北京,无工作经验,本科,招若干人,05-20发布,五险一金|专业培训|绩效奖金|年终双薪|周末双休|带薪年假|节日福利|岗位晋升|住房补贴|体检
三维CAD渲染算法工程师,北京热刺激光技术有限责任公司,1.5-2万/月,北京-朝阳区,1年经验,本科,招1人,05-09发布,带薪年假|五险一金|节日福利|年终奖金|交通补贴|通讯补贴|餐饮补贴|绩效奖金
图像处理算法工程师,北京热刺激光技术有限责任公司,1.5-2万/月,北京-朝阳区,1年经验,本科,招1人,05-09发布,带薪年假|五险一金|节日福利|年终奖金|交通补贴|通讯补贴|餐饮补贴|绩效奖金
平面排样算法工程师,北京热刺激光技术有限责任公司,1.5-2万/月,北京-朝阳区,1年经验,本科,招1人,05-09发布,带薪年假|五险一金|节日福利|年终奖金|交通补贴|通讯补贴|餐饮补贴|绩效奖金
二维CAD几何图形算法工程师,北京热刺激光技术有限责任公司,1.5-2万/月,北京-朝阳区,1年经验,本科,招1人,05-09发布,带薪年假|五险一金|节日福利|年终奖金|交通补贴|通讯补贴|餐饮补贴|绩效奖金
资深无线通信算法工程师,北京新岸线移动多媒体技术有限公司,1-2.5万/月,北京,1年经验,硕士,招2人,05-10发布,五险一金|补充医疗保险|弹性工作|定期体检|绩效奖金
算法工程师,北京恩穗企业咨询有限责任公司,3-4万/月,北京,2年经验,本科,招1人,05-10发布,五险一金|补充医疗保险|补充公积金|定期体检|年终奖金|绩效奖金|通讯补贴
推荐算法工程师,北京恩穗企业咨询有限责任公司,3-6万/月,上海-浦东新区,3-4年经验,本科,招2人,05-10发布,五险一金|补充医疗保险|补充公积金|定期体检|年终奖金|绩效奖金|通讯补贴
高级音频编解码算法工程师 (MJ001574),欢聚时代（多玩YY）,3-5万/月,广州-番禺区,5-7年经验,本科,招1人,05-13发布,
ADAS视觉算法工程师,纵目科技（上海）股份有限公司,2-3.5万/月,北京-昌平区,无工作经验,本科,招2人,05-14发布,五险一金|补充医疗保险|绩效奖金|年终奖金|股票期权|弹性工作|补充公积金|专业培训|定期体检
无人驾驶车身控制算法工程师,纵目科技（上海）股份有限公司,2-3.5万/月,北京-昌平区,无工作经验,硕士,招2人,05-14发布,五险一金|补充医疗保险|股票期权|年终奖金|绩效奖金|弹性工作|补充公积金|专业培训|定期体检
SLAM算法工程师,纵目科技（上海）股份有限公司,40-50万/年,北京-昌平区,无工作经验,本科,招1人,05-14发布,五险一金|补充医疗保险|补充公积金|年终奖金|绩效奖金|定期体检|弹性工作
智能交通算法工程师,北京星云互联科技有限公司,1-2万/月,北京-海淀区,2年经验,本科,招3人,05-13发布,五险一金|员工旅游|交通补贴|餐饮补贴|通讯补贴|专业培训|绩效奖金|年终奖金|弹性工作|定期体检
自然语言处理算法工程师,中国电子科技集团公司第十五研究所（华北计算技术研究所）,1.6-4.2万/月,北京,无工作经验,博士,招3人,05-16发布,五险一金|员工旅游|绩效奖金|年终奖金|交通补贴|餐饮补贴|定期体检
导航算法工程师,一飞智控（北京）科技有限公司,1-2万/月,天津-滨海新区,2年经验,本科,招1人,05-16发布,五险一金|弹性工作|绩效奖金|年终奖金|包吃
飞控算法工程师,一飞智控（北京）科技有限公司,1.5-2万/月,北京-西城区,2年经验,本科,招1人,05-16发布,餐饮补贴|弹性工作|通讯补贴|专业培训|绩效奖金|年终奖金|股票期权|员工旅游|五险一金
图像算法工程师,东方晶源微电子科技（北京）有限公司,1-3万/月,北京-大兴区,2年经验,硕士,招1人,05-16发布,交通补贴|餐饮补贴|五险一金|通讯补贴|年终奖金|绩效奖金|定期体检|工作居住证|高新技术企业|带薪病假
仿真建模及算法工程师(职位编号：000437),北京经纬恒润科技有限公司,1-1.5万/月,北京-海淀区,无工作经验,本科,招若干人,05-16发布,
控制算法工程师（智能驾驶）(职位编号：000470),北京经纬恒润科技有限公司,1-1.5万/月,北京-海淀区,无工作经验,硕士,招若干人,05-16发布,
环境感知算法工程师（智能驾驶）(职位编号：000323),北京经纬恒润科技有限公司,1-1.5万/月,北京-海淀区,无工作经验,硕士,招若干人,05-16发布,
飞控算法工程师(天津),一飞智控（北京）科技有限公司,1-2万/月,天津-滨海新区,2年经验,本科,招1人,05-16发布,弹性工作|年终奖金|股票期权|五险一金|包吃
PHM算法工程师(职位编号：001526),北京经纬恒润科技有限公司,15-20万/年,北京-海淀区,无工作经验,硕士,招1人,05-16发布,
04887-高级策略算法工程师,新浪微博,2.5-3.5万/月,北京-海淀区,5-7年经验,硕士,招1人,05-17发布,五险一金|补充医疗保险|餐饮补贴|年终奖金|定期体检
00158-语音识别中高级算法工程师,新浪微博,4-7万/月,北京,5-7年经验,本科,招2人,05-17发布,五险一金|免费班车|交通补贴|年终奖金|绩效奖金|通讯补贴|专业培训|餐饮补贴|餐补|定期体检
计算机视觉算法工程师,方正信息产业集团,,北京-海淀区,2年经验,本科,招1人,05-17发布,
雷达算法工程师（博士后）,北京理工雷科电子信息技术有限公司,2-2.5万/月,北京,无工作经验,博士,招若干人,05-17发布,弹性工作|五险一金|补充医疗保险|交通补贴|餐饮补贴|通讯补贴|定期体检|年终奖金|绩效奖金|解决户口
控制算法工程师,安路普（北京）汽车技术有限公司,30-40万/年,北京,无工作经验,硕士,招若干人,05-17发布,五险一金|通讯补贴|餐饮补贴|弹性工作|年终奖金
图像算法工程师,北京理工雷科电子信息技术有限公司,1-1.5万/月,北京,无工作经验,硕士,招1人,05-17发布,五险一金|补充医疗保险|弹性工作|年终奖金|绩效奖金
文档结构识别算法工程师,方正信息产业集团,1.5-2.5万/月,北京-海淀区,2年经验,本科,招3人,05-17发布,
高级搜索排序算法工程师1859(职位编号：OPPO001859),OPPO,3-4万/月,北京,无工作经验,本科,招若干人,04-13发布,五险一金|补充医疗保险|免费班车|员工旅游|餐饮补贴|年终奖金|定期体检
资深算法工程师,北京明略软件系统有限公司,2-3.5万/月,北京-海淀区,3-4年经验,硕士,招1人,04-08发布,五险一金|补充医疗保险|交通补贴|餐饮补贴|绩效奖金|年终奖金|股票期权
智能数据分析算法工程师(000958)(职位编号：zyhy000958),中移（杭州）信息技术有限公司,2-2.5万/月,杭州-西湖区,2年经验,本科,招若干人,04-12发布,五险一金|补充医疗保险|交通补贴|餐饮补贴|通讯补贴|专业培训|绩效奖金|定期体检
自然语言处理（NLP）算法工程师(000957)(职位编号：zyhy000957),中移（杭州）信息技术有限公司,2-2.5万/月,杭州-西湖区,无工作经验,本科,招若干人,04-12发布,五险一金|补充医疗保险|交通补贴|餐饮补贴|通讯补贴|专业培训|绩效奖金|定期体检
高级搜索排序算法工程师1859(职位编号：OPPO001859),OPPO,3-4万/月,北京,无工作经验,本科,招若干人,04-13发布,五险一金|补充医疗保险|免费班车|员工旅游|餐饮补贴|年终奖金|定期体检
计算机视觉算法工程师1860(职位编号：OPPO001860),OPPO,2.5-3.5万/月,北京-朝阳区,3-4年经验,本科,招若干人,04-13发布,五险一金|补充医疗保险|免费班车|员工旅游|餐饮补贴|年终奖金|定期体检
推荐算法工程师(职位编号：16772),字节跳动,2.5-3.5万/月,北京,3-4年经验,本科,招3人,05-20发布,弹性工作|免费三餐|租房补贴|休闲下午茶|扁平管理
视频算法工程师(职位编号：17565),字节跳动,2-4万/月,北京,3-4年经验,本科,招5人,05-20发布,六险一金|弹性工作|免费三餐|租房补贴|休闲下午茶|扁平管理|健身瑜伽|过亿用户|职业大牛|晋升空间
算法工程师(职位编号：20186),字节跳动,1.8-3.6万/月,北京,2年经验,本科,招3人,05-20发布,弹性工作|免费三餐|租房补贴|休闲下午茶|扁平管理|职业大牛|晋升空间|五险一金
AML(applied machine learning)算法工程师(职位编号：21004),字节跳动,3.5-6万/月,北京,3-4年经验,本科,招5人,05-20发布,职业大牛|晋升空间|租房补贴
算法工程师(职位编号：23027),字节跳动,2-4万/月,北京,3-4年经验,本科,招1人,05-20发布,六险一金|高薪期权|弹性工作|免费三餐|租房补贴|带薪休假|休闲下午茶|扁平管理|健身瑜伽|职业大牛
音频算法工程师(职位编号：25675),字节跳动,2-4万/月,北京,3-4年经验,本科,招5人,05-20发布,免费三餐|租房补贴|休闲下午茶|扁平管理|职业大牛|团队氛围好|五险一金
NLP算法工程师 - 知识图谱(职位编号：22552),字节跳动,2.5-5万/月,北京,2年经验,本科,招3人,05-20发布,六险一金|弹性工作|免费三餐|租房补贴|带薪休假|扁平管理|休闲下午茶
音效处理算法工程师 - 抖音短视频(职位编号：25228),字节跳动,2.5-5万/月,北京,3-4年经验,本科,招5人,05-20发布,租房补贴|扁平管理|职业大牛|团队氛围好
西瓜视频推荐算法工程师(职位编号：26743),字节跳动,2-4万/月,北京,2年经验,本科,招2人,05-20发布,六险一金|弹性工作|免费三餐|租房补贴|带薪休假|休闲下午茶|扁平管理|过亿用户|职业大牛|晋升空间
AI Lab算法工程师 - 自然语言处理NLP(职位编号：26630),字节跳动,2.5-5万/月,北京,2年经验,本科,招2人,05-20发布,弹性工作|免费三餐|租房补贴|带薪休假|休闲下午茶|扁平管理|健身瑜伽|过亿用户|职业大牛|团队氛围好
搜狗地图-定位算法工程师,北京搜狗科技发展有限公司,2-4万/月,北京,3-4年经验,硕士,招1人,05-20发布,弹性工作|餐饮补贴|五险一金|绩效奖金|定期体检
搜狗金融-风控算法工程师-北京-02176,北京搜狗科技发展有限公司,3-5万/月,北京-海淀区,3-4年经验,硕士,招1人,05-20发布,五险一金|补充医疗保险|定期体检|弹性工作|年终奖金|餐饮补贴
算法工程师,北京中电易达科技有限公司,1.5-2.5万/月,北京-东城区,无工作经验,本科,招若干人,05-20发布,五险一金|绩效奖金|年终奖金|定期体检|股票期权|员工旅游
SLAM算法工程师,北京迪路科技有限公司,1.5-3.5万/月,北京-海淀区,2年经验,硕士,招2人,05-20发布,五险一金|员工旅游|专业培训|年终奖金|股票期权|弹性工作|定期体检|绩效奖金
计算机视觉算法工程师,北京迪路科技有限公司,1.5-3万/月,北京-海淀区,3-4年经验,硕士,招2人,05-20发布,五险一金|员工旅游|专业培训|年终奖金|股票期权|弹性工作|定期体检|绩效奖金
AI算法工程师,北京寻宝天行网络技术有限公司,2-4万/月,北京-朝阳区,无工作经验,本科,招1人,05-20发布,周末双休|弹性工作|五险一金|免费班车
CT重建算法工程师,北京朗视仪器有限公司,1.4-2.5万/月,北京-海淀区,无工作经验,硕士,招1人,05-20发布,
算法工程师,北京煜邦电力技术股份有限公司,1.5-2.5万/月,北京,2年经验,本科,招1人,05-20发布,五险一金|年终奖金|餐饮补贴|交通补贴|绩效奖金|通讯补贴|弹性工作
增长策略算法工程师(J190327003)(职位编号：J190327003),滴滴,3-4万/月,北京-海淀区,3-4年经验,本科,招3人,05-20发布,
资深算法工程师(J190402014)(职位编号：J190402014),滴滴,2.5-3万/月,北京-海淀区,3-4年经验,本科,招1人,05-20发布,
Android资深开发工程师,广州小鹏汽车科技有限公司,2-5万/月,北京-海淀区,5-7年经验,硕士,招5人,05-20发布,年终奖金|餐饮补贴|弹性工作|五险一金
Java资深开发工程师（数据平台）,广州小鹏汽车科技有限公司,2-5万/月,北京-海淀区,3-4年经验,硕士,招5人,05-20发布,年终奖金|餐饮补贴|弹性工作|五险一金
Java资深开发工程师（智能交互平台）,广州小鹏汽车科技有限公司,2-5万/月,北京-海淀区,3-4年经验,硕士,招5人,05-20发布,年终奖金|餐饮补贴|弹性工作|五险一金
智能交互技术专家,广州小鹏汽车科技有限公司,2-5万/月,北京-海淀区,5-7年经验,硕士,招5人,05-20发布,年终奖金|餐饮补贴|弹性工作|五险一金
Android技术专家,广州小鹏汽车科技有限公司,2-5万/月,北京-海淀区,5-7年经验,硕士,招5人,05-20发布,年终奖金|餐饮补贴|弹性工作|五险一金
智能交互算法专家/高级专家,广州小鹏汽车科技有限公司,3-6万/月,北京-海淀区,5-7年经验,硕士,招5人,05-20发布,年终奖金|餐饮补贴|弹性工作|五险一金
音频算法工程师,北京快鱼电子股份公司,2-3万/月,北京,无工作经验,本科,招3人,05-15发布,五险一金|带薪年假|弹性工作|周末双休|节日福利|交通补贴|高温补贴|通讯补贴|餐饮补贴
算法工程师-联仪,大唐移动通信设备有限公司,1.5-2万/月,北京-海淀区,无工作经验,本科,招1人,05-15发布,餐饮补贴|五险一金|补充医疗保险|定期体检|员工旅游|年终奖金
算法工程师,北京融通智慧科技有限公司,3-5万/月,北京-丰台区,无工作经验,硕士,招10人,05-16发布,年终奖金|定期体检|餐饮补贴|五险|劳保补贴|高温补贴
算法工程师,中科星图股份有限公司,1.1-2.5万/月,北京-海淀区,2年经验,硕士,招2人,05-16发布,五险一金|补充医疗保险|免费班车|员工旅游|餐饮补贴|出国机会|绩效奖金|定期体检|交通补贴|专业培训
高级图像算法工程师（合适可谈算法主管）,无锡先导智能装备股份有限公司,2-3万/月,无锡,5-7年经验,本科,招4人,05-16发布,五险一金|通讯补贴|年终奖金|绩效奖金|大牛带队|加薪晋升|弹性工作|包吃|专业培训
卫星基带算法工程师,北京北斗星通导航技术股份有限公司,3-5万/月,北京,无工作经验,本科,招3人,05-16发布,
音频语音算法工程师,龙铁纵横（北京）轨道交通科技股份有限公司,1.5-2万/月,北京,3-4年经验,本科,招1人,05-16发布,五险一金|员工旅游|餐饮补贴|通讯补贴|专业培训|定期体检|年终奖金
视觉算法工程师,龙铁纵横（北京）轨道交通科技股份有限公司,1.5-3万/月,北京,3-4年经验,本科,招1人,05-16发布,五险一金|员工旅游|餐饮补贴|通讯补贴|专业培训|定期体检|年终奖金
高级AR算法工程师,中国电子科技集团公司第十五研究所（华北计算技术研究所）,1-2万/月,北京,无工作经验,硕士,招1人,05-16发布,五险一金|员工旅游|绩效奖金|年终奖金|交通补贴|餐饮补贴|定期体检
网络协议算法工程师,中国电子科技集团公司第十五研究所（华北计算技术研究所）,1.6-4.2万/月,北京,无工作经验,博士,招3人,05-16发布,五险一金|员工旅游|绩效奖金|年终奖金|交通补贴|餐饮补贴|定期体检
人脸识别算法工程师,中科博宏（北京）科技有限公司,2.5-5万/月,北京-海淀区,2年经验,硕士,招6人,03-22发布,五险一金|周末双休|带薪年假|节日福利|员工旅游|定期体检|绩效奖金
语音信号处理算法工程师,北京声智科技有限公司,2.5-5万/月,北京-海淀区,无工作经验,本科,招若干人,03-26发布,五险一金|补充医疗保险|绩效奖金|弹性工作
定位算法工程师(职位编号：NavInfo001928),北京四维图新科技股份有限公司,2-3万/月,北京-海淀区,无工作经验,硕士,招2人,03-26发布,五险一金|补充医疗保险|免费班车|年终奖金|餐饮补贴|弹性工作|定期体检|通讯补贴|专业培训
语音信号处理算法工程师-合肥,北京声智科技有限公司,1.5-3万/月,合肥-包河区,无工作经验,本科,招若干人,03-26发布,五险一金|补充医疗保险|绩效奖金|弹性工作
语音识别算法工程师-合肥,北京声智科技有限公司,1.5-3万/月,合肥-包河区,无工作经验,本科,招若干人,03-26发布,五险一金|补充医疗保险|绩效奖金|弹性工作
语音信号处理算法工程师-苏州,北京声智科技有限公司,1.5-3万/月,苏州-工业园区,无工作经验,本科,招若干人,03-26发布,五险一金|补充医疗保险|绩效奖金|弹性工作
linux C/C++软件开发工程师,启迪云控(北京)科技有限公司,2-3万/月,北京-海淀区,3-4年经验,本科,招5人,05-17发布,
广告算法技术专家 - AI Optimization(职位编号：35161),字节跳动,3-6万/月,北京,无工作经验,本科,招5人,05-19发布,扁平管理|过亿用户|免费三餐|团队氛围好|职业大牛
30359-视觉算法研究员(职位编号：50349),深圳市腾讯计算机系统有限公司,,北京,2年经验,硕士,招1人,05-20发布,
搜索广告算法研发工程师 - 核心广告系统(职位编号：33976),字节跳动,3-6万/月,北京,无工作经验,本科,招5人,05-19发布,扁平管理|弹性工作|免费三餐|租房补贴|带薪休假
CSIG16-定位算法研发高级工程师(北京)(职位编号：49511),深圳市腾讯计算机系统有限公司,,北京,2年经验,硕士,招6人,05-20发布,
算法实习生（可转正）(职位编号：35240),字节跳动,4-8千/月,北京,无工作经验,本科,招10人,05-19发布,扁平管理|免费三餐|租房补贴|职业大牛
导航算法工程师（校招）,北京理工雷科电子信息技术有限公司,1-1.5万/月,北京,无工作经验,硕士,招若干人,05-17发布,五险一金|补充医疗保险|交通补贴|餐饮补贴|通讯补贴|绩效奖金|弹性工作|定期体检
CSIG15-语音识别算法研究员(职位编号：49158),深圳市腾讯计算机系统有限公司,,北京,5-7年经验,硕士,招1人,05-20发布,
淘系技术部-算法专家/高级专家-内容(职位编号：GP542104),阿里巴巴集团,,北京,3-4年经验,本科,招3人,05-20发布,
基带算法工程师（博士后）,北京理工雷科电子信息技术有限公司,2-2.5万/月,北京,无工作经验,博士,招若干人,05-17发布,弹性工作|五险一金|补充医疗保险|交通补贴|餐饮补贴|通讯补贴|定期体检|年终奖金|绩效奖金|解决户口
导航算法工程师（博士后）,北京理工雷科电子信息技术有限公司,2-2.5万/月,北京,无工作经验,博士,招若干人,05-17发布,弹性工作|五险一金|补充医疗保险|交通补贴|餐饮补贴|通讯补贴|定期体检|年终奖金|绩效奖金|解决户口
图像算法工程师（博士后）,北京理工雷科电子信息技术有限公司,2-2.5万/月,北京,无工作经验,博士,招若干人,05-17发布,弹性工作|五险一金|补充医疗保险|交通补贴|餐饮补贴|通讯补贴|定期体检|年终奖金|绩效奖金|解决户口
雷达算法工程师（校招）,北京理工雷科电子信息技术有限公司,1-1.5万/月,北京,无工作经验,硕士,招若干人,05-17发布,五险一金|补充医疗保险|交通补贴|餐饮补贴|通讯补贴|绩效奖金|弹性工作|定期体检
雷达算法工程师,北京理工雷科电子信息技术有限公司,1-1.5万/月,北京,无工作经验,本科,招4人,05-17发布,五险一金|补充医疗保险|通讯补贴|餐饮补贴|定期体检|员工旅游|绩效奖金
图像算法工程师（深度学习）,北京理工雷科电子信息技术有限公司,12-18万/年,北京,无工作经验,硕士,招1人,05-17发布,五险一金|补充医疗保险|交通补贴|餐饮补贴|通讯补贴|定期体检|弹性工作
图像处理与模式识别算法工程师,北京文通科技有限公司,1-2万/月,北京,1年经验,本科,招1人,05-17发布,五险一金|专业培训|员工旅游|交通补贴|年终奖金|绩效奖金|定期体检
雷达算法工程师（校招岗）,北京理工雷科电子信息技术有限公司,12-18万/年,北京,无工作经验,硕士,招1人,05-17发布,五险一金|补充医疗保险|交通补贴|餐饮补贴|通讯补贴|绩效奖金|弹性工作|定期体检
算法工程师,北京明朝万达科技股份有限公司,1-2万/月,北京-海淀区,2年经验,硕士,招1人,05-17发布,
资深算法工程师(视觉方向)(J11444),作业帮教育科技（北京）有限公司,3-5万/月,北京-海淀区,1年经验,硕士,招3人,05-17发布,
图像处理与模式识别算法工程师（平时无加班）,北京文通科技有限公司,1-2万/月,北京,1年经验,本科,招若干人,05-17发布,
图像算法工程师,北京文通科技有限公司,1-1.5万/月,北京-海淀区,无工作经验,硕士,招1人,05-17发布,五险一金|员工旅游|交通补贴|年终奖金|绩效奖金|专业培训|通讯补贴|定期体检
机器学习算法工程师(000409)(职位编号：000429),紫光陕数大数据有限公司,3-4万/月,北京-海淀区,5-7年经验,招2人,05-17发布,计算机科学与技术,
算法工程师-机器视觉,中国科学院自动化研究所,1-1.5万/月,北京-海淀区,2年经验,硕士,招1人,05-17发布,五险一金|定期体检|年终奖金
基带算法工程师,长沙海格北斗信息技术有限公司,25-35万/年,北京-海淀区,3-4年经验,硕士,招2人,05-17发布,五险一金|餐饮补贴|定期体检|年终奖金|绩效奖金|周末双休|带薪年假
PVT算法工程师,长沙海格北斗信息技术有限公司,25-35万/年,北京-海淀区,5-7年经验,硕士,招1人,05-17发布,五险一金|餐饮补贴|定期体检|专业培训|绩效奖金|年终奖金|周末双休|带薪年假
VR/AR 图形开发工程师 (MJ000029),优奈柯恩（北京）科技有限公司,2-4万/月,北京-海淀区,3-4年经验,本科,招1人,05-05发布,五险一金|出国机会|餐饮补贴|年终奖金|定期体检|股票期权
SLAM工程师 (MJ000026),优奈柯恩（北京）科技有限公司,2-4万/月,北京-海淀区,3-4年经验,硕士,招2人,05-05发布,五险一金|出国机会|餐饮补贴|年终奖金|定期体检|股票期权
通信协议与系统资深工程师/经理,无锡中感微电子股份有限公司,1.6-3.2万/月,北京-海淀区,无工作经验,硕士,招若干人,05-06发布,
前端开发工程师--公安AI产品,北京明略软件系统有限公司,2-2.5万/月,北京-海淀区,5-7年经验,本科,招若干人,04-08发布,五险一金|补充医疗保险|交通补贴|餐饮补贴|绩效奖金|年终奖金|股票期权
大数据开发--公安AI组,北京明略软件系统有限公司,1.5-2万/月,北京-海淀区,3-4年经验,本科,招若干人,04-08发布,五险一金|补充医疗保险|交通补贴|餐饮补贴|绩效奖金|年终奖金|股票期权
激光雷达算法工程师,国汽（北京）智能网联汽车研究院有限公司,1.5-3万/月,北京,3-4年经验,硕士,招1人,04-15发布,五险一金|补充医疗保险|交通补贴|餐饮补贴|通讯补贴|年终奖金|弹性工作|定期体检
规划控制算法工程师,国汽（北京）智能网联汽车研究院有限公司,1.5-3万/月,北京,3-4年经验,硕士,招1人,04-15发布,
机器学习算法工程师,国汽（北京）智能网联汽车研究院有限公司,1.5-3万/月,北京,3-4年经验,硕士,招1人,04-15发布,
通讯算法工程师,国汽（北京）智能网联汽车研究院有限公司,1.5-3万/月,北京,5-7年经验,本科,招1人,04-15发布,五险一金|补充医疗保险|交通补贴|餐饮补贴|通讯补贴|年终奖金|弹性工作|定期体检
组合导航定位算法工程师-ZNYF(职位编号：NavInfo002018),北京四维图新科技股份有限公司,2-4万/月,北京-海淀区,无工作经验,硕士,招2人,04-17发布,自动驾驶领域|A股上市公司|地图领域龙头|各类福利丰富|本人子女商险|Nice团队|职业晋升通道|免费班车
机器学习算法工程师,北京悉见科技有限公司,2-4万/月,北京-海淀区,3-4年经验,硕士,招1人,04-17发布,五险一金|员工旅游|专业培训|出国机会|绩效奖金|年终奖金|股票期权|弹性工作|定期体检
高级计算机视觉算法工程师,北京的卢深视科技有限公司,3.5-5万/月,北京-海淀区,3-4年经验,硕士,招2人,04-16发布,五险一金|弹性工作|定期体检|绩效奖金|创业公司|节日福利|带薪年假
机器学习算法工程师-ZNYF(职位编号：NavInfo001996),北京四维图新科技股份有限公司,1.5-3万/月,北京-海淀区,无工作经验,本科,招3人,04-17发布,自动驾驶领域|A股上市公司|地图领域龙头|各类福利丰富|本人子女商险|Nice团队|职业晋升通道|免费班车
机器学习算法工程师(职位编号：000369),北京升哲科技有限公司,2-4万/月,北京-朝阳区,无工作经验,本科,招若干人,04-17发布,
语音算法工程师,中国科学院自动化研究所,1-1.5万/月,北京-海淀区,3-4年经验,本科,招3人,04-18发布,五险一金|定期体检|年终奖金
算法工程师（控制/视觉）,北京配天技术有限公司,1-3万/月,北京-海淀区,无工作经验,硕士,招2人,04-23发布,五险一金|员工旅游|餐饮补贴|年终奖金|定期体检|开门利是
中高级算法工程师,北京国信智科科技有限公司,1.3-3.5万/月,北京-丰台区,10年以上经验,本科,招3人,04-24发布,五险一金|交通补贴|通讯补贴|餐饮补贴|绩效奖金|年终奖金|定期体检|员工旅游
图像处理（ISP）算法工程师,北京英泰智科技股份有限公司,4-5万/月,北京-海淀区,3-4年经验,硕士,招1人,04-26发布,
图像算法工程师,北京英泰智科技股份有限公司,4.5-6千/月,北京-海淀区,3-4年经验,本科,招3人,04-26发布,
芯片深度学习算法工程师python,上海奕见企业管理咨询有限公司,5-7万/月,上海-浦东新区,3-4年经验,硕士,招6人,05-18发布,员工旅游|餐饮补贴|交通补贴|通讯补贴|年终奖金|绩效奖金|五险一金|专业培训
自然语言处理算法工程师 实习生/应届生,广州小鹏汽车科技有限公司,4-5千/月,北京-海淀区,无工作经验,本科,招3人,05-20发布,年终奖金|餐饮补贴|弹性工作|五险一金
深度学习算法工程师,纵目科技（上海）股份有限公司,2.5-3.5万/年,北京-昌平区,无工作经验,本科,招2人,05-14发布,五险一金|补充医疗保险|股票期权|年终奖金|绩效奖金|弹性工作
算法工程师 - NLP(职位编号：27982),字节跳动,2-3万/月,北京,无工作经验,本科,招10人,05-20发布,扁平管理|职业大牛|晋升空间
高级/资深测试工程师,广州小鹏汽车科技有限公司,2-5万/月,北京-海淀区,3-4年经验,硕士,招5人,05-20发布,年终奖金|餐饮补贴|弹性工作|五险一金
高级/资深多模态技术工程师/专家,广州小鹏汽车科技有限公司,2-5万/月,北京-海淀区,3-4年经验,硕士,招5人,05-20发布,年终奖金|餐饮补贴|弹性工作|五险一金
图像算法工程师 (MJ000183),北京推想科技有限公司,1.5-3万/月,北京-朝阳区,3-4年经验,本科,招2人,05-20发布,五险一金|餐饮补贴|绩效奖金|年终奖金|弹性工作|专业培训
高级/资深视觉AI嵌入式研发工程师,广州小鹏汽车科技有限公司,2-5万/月,北京-海淀区,3-4年经验,硕士,招3人,05-20发布,年终奖金|餐饮补贴|弹性工作|五险一金
项目经理,广州小鹏汽车科技有限公司,2-5万/月,广州-天河区,2年经验,硕士,招5人,05-20发布,年终奖金|餐饮补贴|弹性工作|五险一金
高级组合导航工程师,立得空间信息技术股份有限公司,1.5-2万/月,北京-海淀区,2年经验,本科,招2人,05-20发布,五险一金|补充医疗保险|补充公积金|交通补贴|餐饮补贴|专业培训|绩效奖金|年终奖金|通讯补贴
高级/资深技术经理/专家（产品方向）,广州小鹏汽车科技有限公司,2-4万/月,北京-海淀区,3-4年经验,硕士,招3人,05-20发布,年终奖金|餐饮补贴|弹性工作|五险一金
机器人控制工程师,江苏瑞尔医疗科技有限公司,1-2.5万/月,北京-昌平区,无工作经验,本科,招2人,05-20发布,五险一金|餐饮补贴|定期体检|年终奖金|周末双休|生日会
博士后,普天信息技术有限公司,1-1.5万/月,北京,无工作经验,博士,招2人,05-20发布,五险一金|补充医疗保险|补充公积金|交通补贴|餐饮补贴|绩效奖金|定期体检
通信基带算法研发工程师,北京中科晶上科技股份有限公司,0.8-1.5万/月,北京-海淀区,无工作经验,硕士,招4人,05-20发布,五险一金|补充医疗保险|绩效奖金|年终奖金|定期体检|专业培训
IMU算法工程师,北京华捷艾米科技有限公司,1.5-3万/月,北京-海淀区,3-4年经验,硕士,招2人,03-26发布,
TEG13-OCR算法工程师（北京）(职位编号：32906),深圳市腾讯计算机系统有限公司,,北京,2年经验,硕士,招2人,03-27发布,
技术合伙人（AI图像方向）,昆山希盟自动化科技有限公司,2-4万/月,昆山,5-7年经验,硕士,招若干人,05-20发布,五险一金|员工旅游|绩效奖金|年终奖金|股票期权|餐饮补贴|通讯补贴
WXG08-122 微信推荐自然语言处理算法工程师（北京）(职位编号：48086),深圳市腾讯计算机系统有限公司,,北京,2年经验,硕士,招1人,03-27发布,
OMG236-视频推荐算法工程师(北京)(职位编号：28718),深圳市腾讯计算机系统有限公司,,北京,5-7年经验,本科,招1人,03-27发布,
图计算算法工程师,中国电子科技集团公司第十五研究所（华北计算技术研究所）,1.6-4.2万/月,北京,无工作经验,博士,招3人,05-16发布,五险一金|员工旅游|绩效奖金|年终奖金|交通补贴|餐饮补贴|定期体检
22090-天天快报-推荐算法工程师（北京）(职位编号：47407),深圳市腾讯计算机系统有限公司,,北京,3-4年经验,本科,招1人,03-27发布,
23671-企鹅号视频内容分析高级算法工程师（北京）(职位编号：47119),深圳市腾讯计算机系统有限公司,,北京,2年经验,本科,招2人,03-27发布,
23671-企鹅号内容特征算法工程师（北京）(职位编号：45255),深圳市腾讯计算机系统有限公司,,北京,2年经验,本科,招1人,03-27发布,
WXG08-122 微信搜索机器学习算法工程师（北京）(职位编号：44718),深圳市腾讯计算机系统有限公司,,北京,2年经验,硕士,招1人,03-27发布,
30628-腾讯广告算法工程师（研发中心-北京）(职位编号：47035),深圳市腾讯计算机系统有限公司,,北京,2年经验,硕士,招1人,03-27发布,
TEG13-语音合成算法工程师（北京）(职位编号：46966),深圳市腾讯计算机系统有限公司,,北京,2年经验,硕士,招1人,03-27发布,
TEG13-小语种机器翻译算法工程师 （北京）(职位编号：46323),深圳市腾讯计算机系统有限公司,,北京,1年经验,硕士,招1人,03-27发布,
激光感知算法工程师,北京易控智驾科技有限公司,2.5-5万/月,北京-海淀区,2年经验,硕士,招2人,03-29发布,五险一金|补充医疗保险|餐饮补贴|年终奖金|股票期权|弹性工作|定期体检
C/C++ 算法开发工程师,北京文通科技有限公司,1-1.5万/月,北京,无工作经验,本科,招2人,05-17发布,五险一金|员工旅游|交通补贴|通讯补贴|专业培训|定期体检|年终奖金
图像算法处理工程师,北京文通科技有限公司,1-2万/月,北京-海淀区,2年经验,硕士,招1人,05-17发布,五险一金|员工旅游|交通补贴|年终奖金|绩效奖金|专业培训|通讯补贴|定期体检
系统软件工程师,南通罗伯特医疗科技有限公司,1-1.5万/月,北京-石景山区,1年经验,本科,招1人,05-17发布,五险一金|带薪年假|周末双休
GNSS高级算法专家-GNSS(职位编号：NavInfo001880),北京四维图新科技股份有限公司,4-6万/月,北京-海淀区,5-7年经验,硕士,招2人,05-17发布,五险一金|补充医疗保险|免费班车|年终奖金|餐饮补贴|弹性工作|定期体检|通讯补贴|专业培训
GNSS PVT算法软件开发(职位编号：NavInfo001798),北京四维图新科技股份有限公司,2.5-3万/月,北京-海淀区,无工作经验,硕士,招若干人,05-17发布,五险一金|补充医疗保险|免费班车|年终奖金|餐饮补贴|弹性工作|定期体检|通讯补贴|专业培训
图像算法性能优化实习生,软件开发,,北京,无工作经验,本科,招若干人,05-18发布,
淘系技术部-图像及视频算法/高级专家-内容(职位编号：GP542502),阿里巴巴集团,,北京,3-4年经验,本科,招3人,05-20发布,
菜鸟-数据算法专家-数据团队(职位编号：GP055015),阿里巴巴集团,,北京,5-7年经验,本科,招2人,05-20发布,
创新业务事业群-推荐算法专家. ZH-CH(职位编号：GP535910),阿里巴巴集团,,北京,5-7年经验,本科,招2人,05-20发布,
阿里云智能事业群-视频算法专家-北京/杭州/上海(职位编号：GP530543),阿里巴巴集团,,北京,5-7年经验,本科,招1人,05-20发布,
智能服务事业部-算法专家-智能助理-北京(职位编号：GP527371),阿里巴巴集团,,北京,3-4年经验,硕士,招3人,05-20发布,
UC事业部-高级搜索推荐算法专家/资深专家-国内信息流(职位编号：GP054004),阿里巴巴集团,,北京,5-7年经验,本科,招2人,05-20发布,
高德-数据算法专家(职位编号：GP527314),阿里巴巴集团,,北京,5-7年经验,本科,招2人,05-20发布,
阿里妈妈事业部-算法专家(精准定向广告)-北京(职位编号：GP527333),阿里巴巴集团,,北京,3-4年经验,硕士,招1人,05-20发布,
阿里集团-风险能力中台-算法专家-北京/杭州(职位编号：GP525807),阿里巴巴集团,,北京,2年经验,硕士,招1人,05-20发布,
UC事业部-推荐算法专家/高级专家-国内信息流（AC）(职位编号：GP523610),阿里巴巴集团,,北京,2年经验,本科,招2人,05-20发布,
友盟-算法专家(职位编号：GP071987),阿里巴巴集团,,北京,2年经验,本科,招1人,05-20发布,
高德-高级推荐/搜索算法专家(职位编号：GP523612),阿里巴巴集团,,北京,2年经验,本科,招1人,05-20发布,
人工智能实验室-机器人算法专家-北京(职位编号：GP506904),阿里巴巴集团,,北京,3-4年经验,本科,招2人,05-20发布,
阿里文娱-图像/音视频算法专家(职位编号：GP522107),阿里巴巴集团,,北京,5-7年经验,本科,招1人,05-20发布,
高德-高级算法专家（在线导航）(职位编号：GP071527),阿里巴巴集团,,北京,3-4年经验,本科,招1人,05-20发布,
阿里文娱-广告算法专家(AC）-国际商业(职位编号：GP071461),阿里巴巴集团,,北京,5-7年经验,本科,招1人,05-20发布,
高德-高精定位算法开发专家/高级专家-高精度地图(职位编号：GP065086),阿里巴巴集团,,北京,3-4年经验,硕士,招2人,05-20发布,
知识图谱开发工程师,北京法宣在线科技有限公司,1-1.5万/月,北京-海淀区,3-4年经验,本科,招若干人,05-16发布,五险一金|员工旅游|交通补贴|年终奖金|专业培训|定期体检
气象系统开发工程师,华风爱科气象科技（北京）有限公司,1.5-2万/月,北京-朝阳区,2年经验,硕士,招1人,05-16发布,
储备工程师（19年应届生岗位）,无锡先导智能装备股份有限公司,1-1.5万/月,无锡,无工作经验,本科,招若干人,05-16发布,五险一金|通讯补贴|年终奖金|绩效奖金|大牛带队|加薪晋升|弹性工作|包吃|专业培训
AGV调度,无锡先导智能装备股份有限公司,1.5-2万/月,无锡,无工作经验,本科,招2人,05-16发布,五险一金|员工旅游|年终奖金|股票期权|餐饮补贴|出国机会
自然语言处理初级工程师,同方知网（北京）技术有限公司,1-1.5万/月,北京,无工作经验,硕士,招若干人,05-16发布,免费早午餐|办公环境好|五险一金|补充医疗保险|免费班车|绩效奖金|定期体检|健身俱乐部|企业年金|提供宿舍
自然语言处理研发工程师,同方知网（北京）技术有限公司,0.8-1.5万/月,北京,无工作经验,硕士,招若干人,05-16发布,免费早午餐|办公环境好|五险一金|补充医疗保险|补充公积金|提供宿舍班车
Java通讯协议研发工程师（车联网）(职位编号：000630),北京经纬恒润科技有限公司,1-1.5万/月,北京-海淀区,无工作经验,硕士,招若干人,05-16发布,
00144-推荐算法架构师(北京/杭州),新浪微博,5-8万/月,杭州-余杭区,3-4年经验,本科,招2人,05-17发布,免费班车|五险一金|年底双薪|餐补|带薪年假|弹性工作|补充医疗保险|定期体检|通讯补贴
机器视觉工程师-campus(职位编号：hirain001431),北京经纬恒润科技有限公司,1-1.5万/月,北京-海淀区,无工作经验,硕士,招2人,05-16发布,
00146-自然语言处理专家(北京/杭州),新浪微博,5-8万/月,杭州-余杭区,3-4年经验,本科,招2人,05-17发布,免费班车|五险一金|年底双薪|餐补|带薪年假|弹性工作|补充医疗保险|定期体检|通讯补贴
图像处理算法工程师-北京研究院(职位编号：20190214-11),北京研究院,,北京,无工作经验,本科,招7人,05-18发布,
AI算法工程师 -北京研究院(职位编号：20190214-09),北京研究院,,北京,无工作经验,本科,招7人,05-18发布,
推荐算法工程师,北京安德信业信息咨询有限责任公司,3-6万/月,北京-海淀区,1年经验,本科,招2人,05-19发布,
算法工程师(职位编号：01),新奥集团2019 校园- 象新力招聘项目,,北京,无工作经验,硕士,招若干人,05-18发布,
机器学习算法工程师,北京安德信业信息咨询有限责任公司,3-6万/月,北京-海淀区,1年经验,本科,招2人,05-19发布,
算法工程师(职位编号：20190130-30),北京研究院,,北京,无工作经验,硕士,招10人,05-18发布,
自然语言处理算法工程师,北京安德信业信息咨询有限责任公司,3-6万/月,北京-海淀区,1年经验,本科,招2人,05-19发布,
GNSS算法研究员(职位编号：NavInfo001796),北京四维图新科技股份有限公司,2.5-3万/月,北京-海淀区,无工作经验,硕士,招3人,05-07发布,五险一金|补充医疗保险|免费班车|年终奖金|餐饮补贴|弹性工作|定期体检|通讯补贴|专业培训
游戏联运算法工程师 - 核心广告系统(职位编号：27274),字节跳动,3-6万/月,北京,2年经验,本科,招3人,05-20发布,六险一金|免费三餐|租房补贴|健身瑜伽|过亿用户|职业大牛
语音算法工程师 - 音频内容理解与AI创作方向(职位编号：27690),字节跳动,2-4万/月,北京,2年经验,本科,招2人,05-19发布,弹性工作|免费三餐|租房补贴|带薪休假|休闲下午茶|扁平管理|健身瑜伽|过亿用户|职业大牛|团队氛围好
推荐算法工程师 - 主端频道(职位编号：29143),字节跳动,2-4万/月,北京,2年经验,本科,招2人,05-19发布,六险一金|弹性工作|免费三餐|租房补贴|带薪休假|休闲下午茶|扁平管理|健身瑜伽|过亿用户|职业大牛
NLP算法工程师 - 意图理解(职位编号：28443),字节跳动,2.5-3.5万/月,北京,2年经验,本科,招3人,05-19发布,休闲下午茶|过亿用户|职业大牛
三维开发工程师,北京天睿空间科技股份有限公司,1.5-2万/月,北京-朝阳区,2年经验,本科,招2人,05-07发布,五险一金|弹性工作|定期体检|餐饮补贴|通讯补贴|绩效奖金
通信系统算法设计工程师,联发科技股份有限公司,2-3万/月,北京-朝阳区,无工作经验,硕士,招1人,05-07发布,五险一金|补充医疗保险|免费班车|年终奖金|绩效奖金|餐饮补贴|定期体检
能源大数据分析实习生,清华大学,150元/天,北京-海淀区,无工作经验,本科,招1人,05-08发布,专业培训|餐饮补贴
00119-算法平台对接工程师,北京智行者科技有限公司,1.5-3万/月,北京-昌平区,2年经验,硕士,招1人,05-08发布,五险一金|弹性工作|定期体检|年终奖金|股票期权|绩效奖金|员工旅游|节日福利|年底双薪|餐补
SLAM算法实习生,北京智行者科技有限公司,6-8千/月,北京-昌平区,无工作经验,硕士,招2人,05-08发布,
软件工程师-大数据算法(职位编号：NavInfo002094),北京四维图新科技股份有限公司,1.5-2万/月,北京-海淀区,3-4年经验,本科,招1人,05-09发布,五险一金|补充医疗保险|免费班车|年终奖金|餐饮补贴|弹性工作|定期体检|通讯补贴|专业培训
00101-深度学习算法研究员,北京智行者科技有限公司,3-5万/月,北京-昌平区,3-4年经验,硕士,招2人,05-08发布,五险一金|弹性工作|定期体检|年终奖金|股票期权|绩效奖金|员工旅游|节日福利|年底双薪|餐补
phython开发工程师-AI研究院,北京神州泰岳软件股份有限公司,1.5-2万/月,北京-朝阳区,5-7年经验,本科,招若干人,05-09发布,做五休二|周末双休|带薪年假|五险一金|绩效奖金|交通补贴
视频图像处理工程师,航天图景（北京）科技有限公司,1-1.5万/月,北京-顺义区,1年经验,本科,招1人,05-08发布,五险一金|交通补贴|餐饮补贴|绩效奖金|免费住宿
图像算法专家,北京易泊时代科技有限公司,2-6万/月,北京-朝阳区,5-7年经验,硕士,招2人,05-09发布,
DSP算法研发工程师,北京臻迪机器人有限公司,1.5-2.5万/月,北京-昌平区,3-4年经验,硕士,招1人,05-09发布,
Qt/C++开发工程师,唯思科技（北京）有限公司,1.5-2.5万/月,北京-海淀区,1年经验,本科,招2人,05-09发布,
高级服务治理工程师1880(职位编号：OPPO001880),OPPO,3-4万/月,北京,无工作经验,本科,招若干人,04-15发布,五险一金|免费班车|专业培训|定期体检|年终奖金
数据融合工程师,国汽（北京）智能网联汽车研究院有限公司,2-4万/月,北京,5-7年经验,本科,招1人,04-15发布,五险一金|补充医疗保险|交通补贴|餐饮补贴|通讯补贴|年终奖金|弹性工作|定期体检
人工智能技术总监(000955)(职位编号：zyhy000955),中移（杭州）信息技术有限公司,2-2.5万/月,杭州-西湖区,2年经验,本科,招1人,04-12发布,五险一金|补充医疗保险|交通补贴|餐饮补贴|通讯补贴|专业培训|绩效奖金|定期体检
仿真模拟开发工程师,国汽（北京）智能网联汽车研究院有限公司,1.5-3万/月,北京,5-7年经验,本科,招1人,04-15发布,五险一金|补充医疗保险|交通补贴|餐饮补贴|通讯补贴|年终奖金|弹性工作|定期体检
计算机图形学资深专家,北京的卢深视科技有限公司,5.5-8.5万/月,北京-海淀区,5-7年经验,硕士,招1人,04-16发布,五险一金|弹性工作|定期体检|绩效奖金|创业公司|节日福利|带薪年假
人工智能算法资深专家,北京的卢深视科技有限公司,5.5-8.5万/月,北京-海淀区,5-7年经验,硕士,招1人,04-16发布,五险一金|弹性工作|定期体检|绩效奖金|创业公司|节日福利|带薪年假
高级计算机图形学工程师,北京的卢深视科技有限公司,3.5-5万/月,北京-海淀区,3-4年经验,硕士,招2人,04-16发布,五险一金|弹性工作|定期体检|绩效奖金|创业公司|节日福利|带薪年假
算法研发工程师-ZNYF(职位编号：NavInfo002010),北京四维图新科技股份有限公司,1.5-2.5万/月,北京-海淀区,无工作经验,本科,招1人,04-17发布,自动驾驶领域|A股上市公司|地图领域龙头|各类福利丰富|本人子女商险|Nice团队|职业晋升通道|免费班车
大数据工程师,北京聚量广告传媒有限公司,2-4万/月,北京-朝阳区,无工作经验,本科,招2人,04-18发布,五险一金|员工旅游|餐饮补贴|定期体检|年终奖金
自动驾驶算法研发工程师-规划决策算法方向,北京车和家信息技术有限公司,2-4万/月,北京-朝阳区,3-4年经验,本科,招1人,04-22发布,五险一金|定期体检|专业培训|弹性工作|领导好|工作环境好|公司有前景|福利待遇好
三维算法研发工程师-ZNYF(职位编号：NavInfo002012),北京四维图新科技股份有限公司,1-2.5万/月,北京-海淀区,无工作经验,本科,招2人,04-17发布,自动驾驶领域|A股上市公司|地图领域龙头|各类福利丰富|本人子女商险|Nice团队|职业晋升通道|免费班车
SAR数据处理与应用工程师,"北京深蓝空间遥感技术有限公司 Deep Blue Remote Sensing Technology Co,Ltd",1.2-2万/月,北京-朝阳区,无工作经验,硕士,招3人,04-24发布,五险一金|提供住宿|法定节假日
算法工程师,北京英泰智科技股份有限公司,2.5-3万/月,北京-海淀区,5-7年经验,硕士,招2人,04-26发布,
NLP算法工程师(职位编号：18284),字节跳动,2.5-4.5万/月,北京,3-4年经验,本科,招3人,04-26发布,弹性工作|免费三餐|租房补贴|休闲下午茶|扁平管理
UG-Tech-高级算法工程师 - 国际化(职位编号：18246),字节跳动,2.5-5万/月,北京,2年经验,硕士,招3人,04-26发布,六险一金|弹性工作|免费三餐|租房补贴|带薪休假|休闲下午茶|扁平管理
NLP算法工程师 - 国际化(职位编号：18249),字节跳动,2.5-5万/月,北京,2年经验,本科,招3人,04-26发布,租房补贴|带薪休假|休闲下午茶|扁平管理
广告审核NLP算法工程师(职位编号：18912),字节跳动,2.5-4.5万/月,北京,2年经验,本科,招3人,04-26发布,六险一金|弹性工作|免费三餐|餐补|租房补贴|带薪休假|休闲下午茶|扁平管理|健身瑜伽|职业大牛
高级算法工程师,北京品友互动信息技术股份公司,3-5万/月,北京,无工作经验,本科,招3人,04-30发布,五险一金|专业培训|年终奖金|弹性工作|带薪年假|岗位晋升|PB级数据量|行业独角兽|补充医疗保险|股票期权
高级算法工程师,北京品友互动信息技术股份公司,2-2.5万/月,北京,无工作经验,本科,招3人,04-30发布,五险一金|专业培训|绩效奖金|年终奖金|年终双薪|周末双休|带薪年假|节日福利|岗位晋升|体检
算法工程师BJ,北京品友互动信息技术股份公司,1.2-2.4万/月,北京-朝阳区,无工作经验,本科,招5人,04-30发布,"五险一金|专业培训|绩效奖金|年终双薪|周末双休|带薪年假|节日福利|岗位晋升|住房补贴|,体检"
机器学习算法工程师,普天信息技术有限公司,6-8千/月,北京,1年经验,本科,招1人,04-30发布,五险一金|补充医疗保险|交通补贴|餐饮补贴|弹性工作|定期体检
通信信号截获分析算法工程师,北京中科海讯数字科技股份有限公司,1.5-3万/月,北京,1年经验,硕士,招1人,04-30发布,五险一金|补充医疗保险|员工旅游|交通补贴|餐饮补贴|绩效奖金|年终奖金|定期体检
视觉算法工程师-HXY(职位编号：NavInfo001891),北京四维图新科技股份有限公司,1.5-2万/月,北京-海淀区,2年经验,本科,招1人,05-02发布,五险一金|补充医疗保险|免费班车|年终奖金|餐饮补贴|弹性工作|定期体检|通讯补贴|专业培训
图像算法工程师-HXY(职位编号：NavInfo001893),北京四维图新科技股份有限公司,1.5-2.5万/月,北京-海淀区,3-4年经验,本科,招1人,05-02发布,五险一金|补充医疗保险|免费班车|年终奖金|餐饮补贴|弹性工作|定期体检|通讯补贴|专业培训
图像算法工程师-HXY(职位编号：NavInfo001893),北京四维图新科技股份有限公司,1.5-2.5万/月,北京-海淀区,3-4年经验,本科,招1人,05-02发布,五险一金|补充医疗保险|免费班车|年终奖金|餐饮补贴|弹性工作|定期体检|通讯补贴|专业培训
自动驾驶视觉算法工程师-ZDJS(职位编号：NavInfo001813),北京四维图新科技股份有限公司,1.5-3万/月,北京-海淀区,无工作经验,本科,招5人,05-03发布,五险一金|补充医疗保险|免费班车|年终奖金|餐饮补贴|弹性工作|定期体检|通讯补贴|专业培训
AI算法工程师-ZDJS(职位编号：NavInfo001811),北京四维图新科技股份有限公司,1.5-3万/月,北京-海淀区,无工作经验,本科,招5人,05-03发布,五险一金|补充医疗保险|免费班车|年终奖金|餐饮补贴|弹性工作|定期体检|通讯补贴|专业培训
自然语言处理高级研究员,游瑞世纪（北京）管理咨询有限公司,3-6万/月,北京-海淀区,2年经验,硕士,招5人,03-20发布,
算法实习生(职位编号：18210),字节跳动,6-8千/月,北京,无工作经验,本科,招5人,03-20发布,免费三餐|休闲下午茶|职业大牛|团队氛围好
SLAM算法工程师,北京华捷艾米科技有限公司,1.5-2万/月,北京-海淀区,2年经验,硕士,招1人,05-05发布,五险一金|餐饮补贴|弹性工作|交通补贴
产品运营经理(职位编号：R003-BJ20190228),北京新浪阅读信息技术有限公司,1.5-2万/月,北京,5-7年经验,本科,招1人,03-21发布,五险一金|补充医疗保险|通讯补贴|餐饮补贴|弹性工作|定期体检
推荐算法总监,游瑞世纪（北京）管理咨询有限公司,6-12万/月,北京-海淀区,8-9年经验,硕士,招1人,03-20发布,
AI助理工程师-合肥,北京声智科技有限公司,1.5-3万/月,合肥-包河区,无工作经验,本科,招若干人,03-22发布,五险一金|补充医疗保险|绩效奖金|弹性工作
推荐系统高级工程师(职位编号：17709),字节跳动,2.2-4.4万/月,北京,2年经验,本科,招4人,03-20发布,六险一金|免费三餐|租房补贴
计算机视觉工程师/专家,北京转转精神科技有限责任公司,2.5-5万/月,北京-海淀区,无工作经验,本科,招2人,03-25发布,五险一金|补充医疗保险|餐饮补贴|专业培训|绩效奖金|年终奖金|弹性工作|定期体检
AI助理工程师-苏州,北京声智科技有限公司,1.5-3万/月,苏州-工业园区,无工作经验,本科,招若干人,03-26发布,五险一金|补充医疗保险|绩效奖金|弹性工作
TEG11-推荐系统算法研发工程师（北京）(职位编号：33179),深圳市腾讯计算机系统有限公司,,北京,2年经验,硕士,招3人,03-27发布,
WXG08-122 图像视频算法研究员(职位编号：48061),深圳市腾讯计算机系统有限公司,,北京,3-4年经验,本科,招1人,03-27发布,
21557-音视频实验室音频算法专家（深圳/北京/美国）（北京）(职位编号：47813),深圳市腾讯计算机系统有限公司,,北京,3-4年经验,硕士,招2人,03-27发布,
TEG11-推荐系统算法研发工程师（北京）(职位编号：46195),深圳市腾讯计算机系统有限公司,,北京,2年经验,硕士,招1人,03-27发布,
22989-金融算法专家(职位编号：45061),深圳市腾讯计算机系统有限公司,,北京,3-4年经验,本科,招1人,03-27发布,
AI/C++（目标检测）,北京中科大洋科技发展股份有限公司,2.5-3.5万/月,北京-海淀区,3-4年经验,硕士,招1人,03-27发布,五险一金|补充医疗保险|免费班车|餐饮补贴|通讯补贴|年终奖金|弹性工作|定期体检
TEG11-推荐系统算法研发工程师（北京）(职位编号：48891),深圳市腾讯计算机系统有限公司,,北京,2年经验,硕士,招1人,03-28发布,
算法实习生,北醒（北京）光子科技有限公司,200元/天,北京-海淀区,无工作经验,硕士,招1人,05-20发布,团队年轻化|零食无限|五险一金|绩效奖金|住房补贴|带薪年假
机器学习专家,嘉兴安越企业管理咨询有限公司,5-7万/月,北京-东城区,5-7年经验,硕士,招1人,05-20发布,
系统图像算法研发工程师,北京微视新纪元科技有限公司,0.8-1万/月,北京,3-4年经验,硕士,招若干人,05-20发布,五险一金
推荐系统算法架构师,嘉兴安越企业管理咨询有限公司,4-5万/月,北京-东城区,5-7年经验,本科,招1人,05-20发布,
决策规划算法工程师,北京易控智驾科技有限公司,2.5-5万/月,北京-海淀区,2年经验,硕士,招2人,03-29发布,五险一金|补充医疗保险|餐饮补贴|年终奖金|股票期权|弹性工作|定期体检
图形图像算法工程师(J12751),北京北大方正电子有限公司,1-2万/月,北京-海淀区,无工作经验,硕士,招1人,03-31发布,"免费班车|周末双休,|五险一金|补充医疗保险|餐饮补贴|定期体检|年终奖金|交通补贴"
Slam算法工程师(职位编号：17693),奇虎360科技有限公司,3-4万/月,北京,3-4年经验,本科,招2人,03-31发布,
推荐算法工程师(职位编号：17469),奇虎360科技有限公司,3-4万/月,北京,3-4年经验,本科,招1人,03-31发布,
自然语言算法工程师/专家（知识图谱方向）(职位编号：17635),奇虎360科技有限公司,3-4万/月,北京,3-4年经验,本科,招1人,03-31发布,
声纹识别算法工程师,北京远鉴科技股份有限公司,4-7万/月,北京-海淀区,3-4年经验,博士,招2人,04-01发布,五险一金|交通补贴|餐饮补贴|年终奖金|员工旅游
NLP算法工程师(职位编号：17172),奇虎360科技有限公司,,北京,2年经验,本科,招若干人,03-31发布,
资深推荐算法工程师(职位编号：16852),奇虎360科技有限公司,3-4万/月,北京,3-4年经验,本科,招8人,03-31发布,
语音识别算法工程师,北京远鉴科技股份有限公司,3-6万/月,北京-海淀区,3-4年经验,硕士,招1人,04-01发布,五险一金|交通补贴|餐饮补贴|年终奖金|员工旅游
多模态生物识别算法工程师,北京远鉴科技股份有限公司,3-6万/月,北京-海淀区,3-4年经验,硕士,招2人,04-01发布,五险一金|交通补贴|餐饮补贴|年终奖金|员工旅游
声纹识别算法工程师,北京远鉴科技股份有限公司,3-5万/月,北京-海淀区,3-4年经验,硕士,招2人,04-01发布,五险一金|交通补贴|餐饮补贴|年终奖金|员工旅游
语音关键词检测算法工程师,北京远鉴科技股份有限公司,3-6万/月,北京-海淀区,3-4年经验,硕士,招2人,04-01发布,五险一金|交通补贴|餐饮补贴|年终奖金|员工旅游
多模态生物识别算法工程师,北京远鉴科技股份有限公司,3-6万/月,北京-海淀区,3-4年经验,硕士,招2人,04-01发布,五险一金|交通补贴|餐饮补贴|年终奖金|员工旅游
研发实习生-图像识别算法方向,ABB(中国)有限公司,,北京,无工作经验,硕士,招若干人,05-18发布,
001 研发实习生-图像识别算法方向,ABB(中国)有限公司,,北京,无工作经验,硕士,招若干人,05-18发布,
图像算法实习生(J10983),北京河狸家信息技术有限公司,4-6千/月,北京-朝阳区,无工作经验,本科,招1人,05-18发布,弹性工作|团队氛围好|发展空间|五险一金
深度/机器学习算法或应用工程师,年享人力资源管理（上海）有限公司,4-5万/月,北京-海淀区,5-7年经验,本科,招3人,05-18发布,五险一金|定期体检|绩效奖金|年终奖金|员工旅游
机器/深度学习算法或应用工程师,上海奕见企业管理咨询有限公司,4-5万/月,北京-海淀区,3-4年经验,本科,招3人,05-18发布,员工旅游|餐饮补贴|交通补贴|通讯补贴|年终奖金|绩效奖金|五险一金|专业培训
全职-认知技术及算法研究员/软件工程师（北京）(职位编号：10),IBM2019应届生招聘项目,,北京,无工作经验,本科,招若干人,05-19发布,
认知技术及算法研究员/软件工程师,国际商业机器（中国）有限公司,,北京,无工作经验,本科,招若干人,05-19发布,
互联网安全数据挖掘实习生,上海欣方智能系统有限公司,0.5-1万/月,北京-海淀区,无工作经验,硕士,招2人,05-19发布,五险一金|补充医疗保险|员工旅游|餐饮补贴|年终奖金|专业培训|定期体检
互联网流量安全分析工程师,上海欣方智能系统有限公司,1.8-3万/月,北京-海淀区,5-7年经验,本科,招2人,05-19发布,五险一金|补充医疗保险|员工旅游|餐饮补贴|年终奖金|专业培训|定期体检
高级客户支持工程师 (MJ000029),上海寒武纪信息科技有限公司,20-60万/年,北京-海淀区,3-4年经验,本科,招10人,05-19发布,
推荐算法高级工程师 - 抖音短视频(职位编号：28235),字节跳动,2.5-4万/月,北京,2年经验,本科,招5人,05-20发布,六险一金|高薪期权|弹性工作|免费三餐|扁平管理|过亿用户|职业大牛|晋升空间|团队氛围好
数据标注专员(职位编号：28740),字节跳动,0.6-1万/月,北京,1年经验,本科,招2人,05-19发布,六险一金|免费三餐|租房补贴|休闲下午茶|扁平管理|团队氛围好
算法实习生(职位编号：28846),字节跳动,2-4千/月,北京,无工作经验,本科,招1人,05-19发布,弹性工作|免费三餐|租房补贴|带薪休假|休闲下午茶|扁平管理|健身瑜伽|职业大牛|晋升空间|团队氛围好
算法实习生-流调度方向(职位编号：29625),字节跳动,0.8-1万/月,北京,无工作经验,本科,招2人,05-19发布,扁平管理|免费三餐|团队氛围好|租房补贴|职业大牛
高级图像算法研发工程师 - 视频增强方向(职位编号：29902),字节跳动,3.5-7万/月,北京,3-4年经验,本科,招5人,05-19发布,六险一金|高薪期权|免费三餐|租房补贴|扁平管理|过亿用户|职业大牛|团队氛围好
高德-算法专家（地图业务）(职位编号：GP067190),阿里巴巴集团,,北京,3-4年经验,本科,招1人,05-20发布,
11125Z-深度学习分布式高性能研究员(职位编号：11125Z),平安科技（深圳）有限公司,1.5千以下/月,北京-朝阳区,3-4年经验,硕士,招3人,05-20发布,五险一金|绩效奖金|带薪年假|定期体检|员工旅游
机器学习算法研究员,北京安德医智科技有限公司,1-2.5万/月,北京-丰台区,无工作经验,本科,招10人,05-20发布,
高德-高级评测算法专家(职位编号：GP065761),阿里巴巴集团,,北京,3-4年经验,本科,招1人,05-20发布,
111261-深度学习系统研究员(职位编号：111261),平安科技（深圳）有限公司,1.5千以下/月,北京-朝阳区,3-4年经验,硕士,招3人,05-20发布,五险一金|绩效奖金|带薪年假|定期体检|员工旅游
机器学习算子及工业算法开发,北京中能博泰科技有限公司,1.5-3万/月,北京-海淀区,2年经验,本科,招2人,05-20发布,五险一金|弹性工作
00147-系统架构专家(北京/杭州),新浪微博,5-8万/月,杭州-余杭区,3-4年经验,本科,招2人,05-17发布,免费班车|五险一金|年底双薪|餐补|带薪年假|弹性工作|补充医疗保险|定期体检|通讯补贴
00144-微博机器学习团队——推荐算法架构师,新浪微博,5-8万/月,北京,3-4年经验,本科,招20人,05-17发布,五险一金|补充医疗保险|补充公积金|免费班车|交通补贴|年终奖金|绩效奖金|通讯补贴|专业培训|餐饮补贴
00146-微博机器学习团队——自然语言处理专家,新浪微博,5-8万/月,北京,3-4年经验,本科,招20人,05-17发布,五险一金|补充医疗保险|补充公积金|免费班车|交通补贴|年终奖金|绩效奖金|通讯补贴|专业培训|餐饮补贴
00147-微博机器学习团队——系统架构专家,新浪微博,5-8万/月,北京,3-4年经验,本科,招20人,05-17发布,五险一金|补充医疗保险|补充公积金|免费班车|交通补贴|年终奖金|绩效奖金|通讯补贴|专业培训|餐饮补贴
00159-深度学习中高级工程师,新浪微博,4-7万/月,北京,5-7年经验,本科,招2人,05-17发布,五险一金|免费班车|交通补贴|年终奖金|绩效奖金|通讯补贴|专业培训|餐饮补贴|餐补|定期体检
00156-GPU并行计算平台中高级开发工程师,新浪微博,4-7万/月,北京,3-4年经验,本科,招2人,05-17发布,五险一金|补充医疗保险|补充公积金|免费班车|交通补贴|年终奖金|绩效奖金|通讯补贴|专业培训|餐饮补贴
00155-图像研发中高级工程师,新浪微博,4-7万/月,北京,3-4年经验,本科,招2人,05-17发布,五险一金|补充医疗保险|补充公积金|免费班车|交通补贴|年终奖金|绩效奖金|通讯补贴|专业培训|餐饮补贴
00151-微博机器学习团队——数据分析中高级工程师,新浪微博,4-7万/月,北京,5-7年经验,本科,招2人,05-17发布,五险一金|免费班车|交通补贴|年终奖金|绩效奖金|通讯补贴|专业培训|餐饮补贴|餐补|定期体检
00154-Java开发中高级工程师,新浪微博,4-7万/月,北京,3-4年经验,本科,招2人,05-17发布,五险一金|补充医疗保险|补充公积金|免费班车|交通补贴|年终奖金|绩效奖金|通讯补贴|专业培训|餐饮补贴
00154-Java开发中高级工程师,新浪微博,4-7万/月,北京,3-4年经验,本科,招2人,05-17发布,五险一金|免费班车|交通补贴|年终奖金|绩效奖金|通讯补贴|专业培训|餐饮补贴|餐补|定期体检
00154-Java开发中高级工程师,新浪微博,4-7万/月,北京,3-4年经验,本科,招2人,05-17发布,五险一金|免费班车|交通补贴|年终奖金|绩效奖金|通讯补贴|专业培训|餐饮补贴|餐补|定期体检
00153-C++开发中高级工程师,新浪微博,4-7万/月,北京,5-7年经验,本科,招2人,05-17发布,五险一金|免费班车|交通补贴|年终奖金|绩效奖金|通讯补贴|专业培训|餐饮补贴|餐补|定期体检
04309-平台监控研发工程师,新浪微博,2.5-4万/月,北京,3-4年经验,本科,招2人,05-17发布,五险一金|免费班车|交通补贴|年终奖金|绩效奖金|通讯补贴|专业培训|餐饮补贴|餐补|定期体检
自然语言处理算法研究员,新华网股份有限公司,2.2-2.9万/月,北京-西城区,无工作经验,硕士,招1人,05-17发布,五险一金|餐饮补贴|通讯补贴|补充医疗保险|定期体检|专业培训|绩效奖金|年终奖金
深度学习算法研究员,新华网股份有限公司,2.2-2.9万/月,北京-西城区,无工作经验,硕士,招1人,05-17发布,五险一金|餐饮补贴|通讯补贴|补充医疗保险|定期体检|专业培训|绩效奖金|年终奖金
算法工程师--流调度方向(职位编号：29626),字节跳动,2.5-5万/月,北京,3-4年经验,本科,招1人,05-19发布,高薪期权|弹性工作|免费三餐
三维CAD软件开发工程师,北京热刺激光技术有限责任公司,2-4万/月,北京-朝阳区,无工作经验,硕士,招1人,05-09发布,周末双休|带薪年假|五险一金|包吃|节日福利
并行计算研发工程师,英特工程仿真技术（大连）有限公司,0.8-1.5万/月,大连-高新园区,无工作经验,本科,招5人,05-10发布,五险一金|员工旅游|交通补贴|绩效奖金|年终奖金|股票期权|定期体检|通讯补贴|餐饮补贴
2019非北京生源毕业生引进--大数据云计算工程师,北京中盾安民分析技术有限公司,1-1.5万/月,北京-昌平区,无工作经验,硕士,招若干人,05-14发布,专业培训|上下班班车|五险一金|定期体检|餐饮补贴
生物信息工程师,北京贝瑞和康生物技术有限公司,1-1.5万/月,北京-昌平区,1年经验,本科,招8人,05-14发布,五险一金|补充医疗保险|免费班车|交通补贴|餐饮补贴|专业培训|绩效奖金|年终奖金|定期体检
算法实习生(J10972),北京河狸家信息技术有限公司,2-4千/月,北京-朝阳区,无工作经验,本科,招1人,05-14发布,弹性工作|团队氛围好|有导师带|发展空间
phython工程师-AI研究院,北京神州泰岳软件股份有限公司,1-1.5万/月,北京-朝阳区,无工作经验,本科,招若干人,05-12发布,做五休二|周末双休|带薪年假|五险一金|绩效奖金|交通补贴
推荐算法高级工程师 - 国际化(职位编号：18247),字节跳动,2-4万/月,北京,2年经验,本科,招3人,04-26发布,六险一金|弹性工作|免费三餐|租房补贴|休闲下午茶|扁平管理|健身瑜伽
品牌广告技术负责人(职位编号：18616),字节跳动,3-6万/月,北京,5-7年经验,本科,招1人,04-26发布,六险一金|弹性工作|免费三餐|租房补贴|过亿用户|团队氛围好
AI高级工程师,亿阳信通股份有限公司,2-3万/月,北京,2年经验,硕士,招若干人,05-14发布,
数据开发工程师(职位编号：19039),字节跳动,2-4万/月,北京,3-4年经验,本科,招3人,04-26发布,弹性工作|免费三餐|租房补贴|休闲下午茶|扁平管理|职业大牛|晋升空间|五险一金
算法经理(气象软件),北京优仕一方商务咨询有限公司,4.5-6万/月,北京-朝阳区,无工作经验,硕士,招1人,05-14发布,
cuda,北京世纪天尚文化传媒有限公司,1-1.5万/月,北京-海淀区,3-4年经验,大专,招10人,05-14发布,
自然语言处理NLP高级工程师,中国电子科技集团公司第十五研究所（华北计算技术研究所）,4-6万/月,北京,无工作经验,本科,招4人,05-14发布,五险一金|员工旅游|绩效奖金|年终奖金|交通补贴|餐饮补贴|定期体检|高温补贴|通讯补贴|带薪年假
水声学软硬件开发工程师,北京国信智科科技有限公司,1-2万/月,北京-丰台区,3-4年经验,本科,招2人,04-24发布,五险一金|交通补贴|通讯补贴|餐饮补贴|绩效奖金|年终奖金|定期体检|员工旅游
NLP 算法开发工程师  北京中技华软科技服务公司,北京中关村中技知识产权服务集团有限公司,20-30万/年,北京-海淀区,3-4年经验,本科,招2人,04-28发布,五险一金|带薪年假|年底双薪
算法研发工程师（机制方向）,福建省万物智联科技有限公司,1-1.5万/月,泉州,2年经验,本科,招2人,04-29发布,五险一金|带薪年假|下午茶|节日福利|包吃住
深度学习研发工程师,维看科技（北京）有限公司,2-2.5万/月,北京-顺义区,2年经验,硕士,招1人,04-29发布,周末双休|加班补贴|五险一金|带薪年假|全勤奖
资深数据挖掘工程师,北京品友互动信息技术股份公司,2-2.5万/月,北京,无工作经验,本科,招5人,04-30发布,五险一金|专业培训|年终奖金|弹性工作|周末双休|岗位晋升|股票期权|定期体检|PB级数据量|行业独角兽
C++开发工程师,北京天下图空间信息技术有限公司,0.8-1.8万/月,北京-西城区,无工作经验,本科,招1人,04-30发布,五险一金|餐饮补贴|年终奖金|定期体检
图像算法实习生,北明智通（北京）科技有限公司,6-8千/月,北京,无工作经验,硕士,招1人,05-02发布,
算法专家(职位编号：17859),奇虎360科技有限公司,2.5-3万/月,北京,3-4年经验,本科,招1人,05-20发布,
媒体流量平台VP/高级总监,北京品友互动信息技术股份公司,3-5万/月,北京-朝阳区,5-7年经验,本科,招1人,04-30发布,"五险一金|专业培训|绩效奖金|年终双薪|周末双休|带薪年假|节日福利|岗位晋升|住房补贴|,体检"
推荐算法研究员(职位编号：17899),奇虎360科技有限公司,4-5万/月,北京,5-7年经验,本科,招2人,05-20发布,
图像处理工程师,北京友通上昊科技有限公司,1.2-2.5万/月,北京,1年经验,本科,招2人,05-20发布,五险一金|交通补贴|定期体检|年终奖金|员工旅游|周末双休
推荐系统高级工程师(职位编号：7934),字节跳动,3-4万/月,北京-海淀区,2年经验,本科,招若干人,05-20发布,
推荐算法高级工程师-短视频方向(职位编号：8162),字节跳动,3-4万/月,北京-海淀区,2年经验,本科,招若干人,05-20发布,
推荐系统高级工程师-视频(职位编号：7933),字节跳动,3-4万/月,北京-海淀区,2年经验,本科,招若干人,05-20发布,
商业化DMP技术负责人,字节跳动,3-6万/月,北京,5-7年经验,本科,招1人,05-20发布,六险一金|弹性工作|免费三餐|租房补贴|休闲下午茶|扁平管理|团队氛围好
推荐算法专家(职位编号：16078),字节跳动,2.5-5万/月,北京,3-4年经验,本科,招1人,05-20发布,六险一金|弹性工作|免费三餐|租房补贴
JAVA开发工程师兼NLP算法工程师,北京双泽维度信息技术有限公司,1.2-2.4万/月,北京-朝阳区,3-4年经验,本科,招1人,05-05发布,五险一金|补充公积金|员工旅游|交通补贴|餐饮补贴|年终奖金|定期体检
高级Python开发工程师(职位编号：16449),奇虎360科技有限公司,,北京,3-4年经验,本科,招2人,03-31发布,
高级图像识别工程师,英泰伟业信息技术股份有限公司,2-3万/月,北京-海淀区,3-4年经验,本科,招1人,03-31发布,五险一金|补充医疗保险|绩效奖金|弹性工作|定期体检|餐饮补贴
搜索算法专家(职位编号：17528),奇虎360科技有限公司,4-5万/月,北京,5-7年经验,本科,招2人,03-31发布,
语音识别研发工程师(声学建模方向),北京远鉴科技股份有限公司,3-6万/月,北京-海淀区,3-4年经验,本科,招1人,04-01发布,五险一金|交通补贴|餐饮补贴|年终奖金|员工旅游
语音识别研发工程师(语言模型方向),北京远鉴科技股份有限公司,3-5万/月,北京-海淀区,3-4年经验,硕士,招1人,04-01发布,五险一金|交通补贴|餐饮补贴|年终奖金|员工旅游
语音识别研发工程师(解码器方向),北京远鉴科技股份有限公司,3-5万/月,北京-海淀区,3-4年经验,硕士,招1人,04-01发布,五险一金|交通补贴|餐饮补贴|年终奖金|员工旅游
加密算法研发工程师,中宜云控互联网科技股份有限公司,3-5万/月,北京-海淀区,3-4年经验,本科,招1人,04-02发布,五险一金|交通补贴|餐饮补贴|绩效奖金
软件工程师,哈尔滨华昇半导体网络科技有限公司,0.8-1万/月,哈尔滨-松北区,无工作经验,硕士,招10人,05-20发布,五险一金|免费班车|股票期权|弹性工作|定期体检
C++开发工程师,北京凯视佳光电设备有限公司,1.5-2.5万/月,北京-海淀区,3-4年经验,本科,招1人,05-20发布,五险一金|员工旅游|餐饮补贴|定期体检|工作居住证|周末双休|8小时工时
高级模型算法分析师,北京蛙鸣华清环保科技有限公司,1.5-2.5万/月,北京-朝阳区,3-4年经验,硕士,招若干人,05-20发布,周末双休|五险一金|通讯补贴|绩效奖金|员工旅游
机器视觉研究员（应届博士）,凌云光技术集团工业视觉事业部,3-5万/月,北京-海淀区,无工作经验,博士,招2人,05-20发布,
算法研究员（应届生）,北京海鑫科金高科技股份有限公司,1-2万/月,北京,无工作经验,硕士,招2人,05-20发布,五险一金|补充医疗保险|交通补贴|餐饮补贴|通讯补贴|年终奖金|定期体检
视觉成像研究员（应届博士）,凌云光技术集团工业视觉事业部,3-5万/月,北京-海淀区,无工作经验,博士,招2人,05-20发布,免费班车|绩效奖金
高级系统软件开发工程师(0181),凌云光技术集团光纤仪器与器件事业部,2.5-4万/月,北京-海淀区,3-4年经验,本科,招1人,05-20发布,补充医疗保险|免费班车|交通补贴|年终奖金|股票期权
工业云架构师（应届生博士）,凌云光技术集团工业视觉事业部,3-5万/月,北京-海淀区,无工作经验,博士,招2人,05-20发布,免费班车|绩效奖金
图像处理算法工程师(职位编号：图像处理算法工程师 J11565),北京北大方正电子有限公司,1-1.5万/月,北京,2年经验,本科,招若干人,04-02发布,五险一金|专业培训
深度学习算法工程师,北京合力联创科技有限公司,2-5万/月,北京,无工作经验,大专,招2人,04-03发布,
计算机视觉算法工程师,中国科学院自动化研究所,20-50万/年,北京-海淀区,无工作经验,硕士,招1人,04-05发布,
算法工程师/大数据分析工程师3016(职位编号：Berry003016),北京贝瑞和康生物技术有限公司,1-2万/月,北京-昌平区,无工作经验,硕士,招2人,04-06发布,五险一金|补充医疗保险|弹性工作|餐饮补贴|交通补贴|专业培训|定期体检|通讯补贴|免费班车
推荐算法工程师1334(职位编号：OPPO001813),OPPO,3-4万/月,北京,无工作经验,本科,招若干人,04-06发布,五险一金|补充医疗保险|免费班车|员工旅游|餐饮补贴|年终奖金|定期体检
智能医疗研发算法工程师,中国科学院自动化研究所,20-50万/年,北京-海淀区,无工作经验,硕士,招1人,04-07发布,
机器学习算法工程师,中国科学院自动化研究所,20-50万/年,北京-海淀区,无工作经验,硕士,招1人,04-07发布,
视觉感知与理解算法工程师,中国科学院自动化研究所,20-50万/年,北京-海淀区,无工作经验,硕士,招2人,04-07发布,
视频算法实习生 - 有转正机会(职位编号：31519),字节跳动,0.6-1万/月,北京,无工作经验,本科,招5人,05-19发布,休闲下午茶|职业大牛|免费三餐|租房补贴
推荐算法实习生（可转正）(职位编号：31868),字节跳动,6-9千/月,北京,无工作经验,硕士,招10人,05-19发布,弹性工作|免费三餐|租房补贴|休闲下午茶|扁平管理|过亿用户|职业大牛|晋升空间|团队氛围好
算法实习生(职位编号：31931),字节跳动,0.8-1.5万/月,北京,无工作经验,本科,招5人,05-19发布,弹性工作|免费三餐|租房补贴|休闲下午茶|扁平管理|健身瑜伽
三维视觉实习生 - AI Lab（可转正）(职位编号：32212),字节跳动,4-8千/月,北京,无工作经验,本科,招10人,05-19发布,弹性工作|免费三餐|租房补贴|休闲下午茶|扁平管理|健身瑜伽|职业大牛
高级广告投放研发工程师 - 业务架构(职位编号：32386),字节跳动,2.5-5万/月,北京,2年经验,本科,招5人,05-19发布,六险一金|弹性工作|免费三餐|租房补贴
机器模型数据运营实习生(职位编号：33010),字节跳动,2-3千/月,北京,无工作经验,本科,招2人,05-19发布,职业大牛|免费三餐|租房补贴
风控建模工程师(职位编号：33375),字节跳动,2.3-4.6万/月,北京,无工作经验,本科,招6人,05-19发布,弹性工作|免费三餐|租房补贴|休闲下午茶|扁平管理|五险一金
NLP算法专家(职位编号：33370),字节跳动,3-6万/月,北京,无工作经验,本科,招2人,05-19发布,弹性工作|免费三餐|租房补贴|休闲下午茶|扁平管理|五险一金
广告算法平台架构负责人(职位编号：33387),字节跳动,4-7万/月,北京,3-4年经验,本科,招1人,05-19发布,六险一金|弹性工作|免费三餐|租房补贴|休闲下午茶|扁平管理|健身瑜伽|职业大牛|晋升空间
搜索算法实习生(职位编号：33501),字节跳动,6-8千/月,北京,无工作经验,本科,招1人,05-19发布,休闲下午茶|弹性工作|免费三餐|租房补贴
推荐算法实习生(职位编号：33466),字节跳动,6-8千/月,北京,无工作经验,本科,招1人,05-19发布,职业大牛|弹性工作|免费三餐|租房补贴
策略算法实习生(职位编号：33860),字节跳动,0.6-1万/月,北京,无工作经验,本科,招1人,05-19发布,弹性工作|免费三餐|餐补|租房补贴|带薪休假
混合排序策略负责人(职位编号：34633),字节跳动,5-10万/月,北京,5-7年经验,本科,招2人,05-19发布,六险一金|弹性工作|免费三餐|租房补贴|带薪休假|休闲下午茶|扁平管理|过亿用户|职业大牛|晋升空间
推荐算法实习生(职位编号：34630),字节跳动,6-8千/月,北京,无工作经验,本科,招10人,05-19发布,弹性工作|免费三餐|租房补贴|休闲下午茶|扁平管理|过亿用户|职业大牛|团队氛围好|优厚薪资
首席科学家（CTO）,北京盛德信联科技有限公司,2.5-5万/月,北京-朝阳区,3-4年经验,博士,招1人,05-20发布,五险一金|交通补贴|绩效奖金|专业培训|通讯补贴|餐饮补贴|弹性工作|股权
计算机视觉专家—车外环境感知\关键视觉技术模块开发,广州小鹏汽车科技有限公司,2.5-5万/月,北京-海淀区,3-4年经验,本科,招4人,05-20发布,年终奖金|餐饮补贴|弹性工作|五险一金
计算机视觉专家/高级专家—车内智能,广州小鹏汽车科技有限公司,2.5-5万/月,北京-海淀区,3-4年经验,本科,招6人,05-20发布,年终奖金|餐饮补贴|弹性工作|五险一金
计算机视觉实习生/应届生,广州小鹏汽车科技有限公司,4-5千/月,北京-海淀区,无工作经验,本科,招8人,05-20发布,年终奖金|餐饮补贴|弹性工作|五险一金
机器学习平台资深研发工程师/专家,广州小鹏汽车科技有限公司,2-5万/月,北京-海淀区,5-7年经验,硕士,招5人,05-20发布,年终奖金|餐饮补贴|弹性工作|五险一金
自然语言处理工程师,北京中知智慧科技有限公司,0.6-1万/月,北京-海淀区,无工作经验,硕士,招1人,05-17发布,五险一金|餐饮补贴|绩效奖金
对话系统专家/高级专家,广州小鹏汽车科技有限公司,3-6万/月,北京-海淀区,5-7年经验,本科,招2人,05-20发布,年终奖金|餐饮补贴|弹性工作|五险一金
对话系统算法高级工程师/资深工程师/专家,广州小鹏汽车科技有限公司,3-6万/月,北京-海淀区,5-7年经验,本科,招2人,05-20发布,年终奖金|餐饮补贴|弹性工作|五险一金
对话平台开发高级工程师/专家,广州小鹏汽车科技有限公司,2.5-5万/月,北京-海淀区,3-4年经验,本科,招3人,05-20发布,年终奖金|餐饮补贴|弹性工作|五险一金
AI项目开发工程师,方正信息产业集团,1-1.5万/月,北京-海淀区,无工作经验,本科,招5人,05-17发布,
机器学习平台资深研发工程师/专家,广州小鹏汽车科技有限公司,2-5万/月,北京-海淀区,5-7年经验,硕士,招5人,05-20发布,年终奖金|餐饮补贴|弹性工作|五险一金
软件开发工程师  应用逻辑方向 stateflow,安路普（北京）汽车技术有限公司,1.5-2万/月,北京,3-4年经验,本科,招若干人,05-17发布,五险一金|绩效奖金|年终奖金|餐饮补贴|通讯补贴
AI项目实习生,方正信息产业集团,120元/天,北京-海淀区,无工作经验,本科,招5人,05-17发布,
软件开发工程师  应用逻辑方向 stateflow,安路普（北京）汽车技术有限公司,1.5-2万/月,北京,3-4年经验,本科,招若干人,05-17发布,五险一金|绩效奖金|年终奖金|餐饮补贴|通讯补贴
LINUX驱动软件开发工程师,北京左江科技股份有限公司,2-2.5万/月,北京,3-4年经验,本科,招2人,05-17发布,五险一金|免费班车|员工旅游|定期体检|交通补贴|餐饮补贴|绩效奖金|年终奖金
物联网系统咨询设计,北京赛思天成科技有限责任公司,0.8-1.5万/月,北京-昌平区,无工作经验,招若干人,05-17发布,计算机科学与技术,免费班车|员工旅游|交通补贴|年终奖金|通讯补贴|餐饮补贴|定期体检|五险一金
物流供应链咨询实施,北京赛思天成科技有限责任公司,0.8-1万/月,北京-昌平区,无工作经验,招2人,05-17发布,计算机科学与技术 计算机科学,五险一金|餐饮补贴|通讯补贴|定期体检|免费班车|年终奖金|员工旅游|交通补贴
自动驾驶算法研发工程师-自定位算法方向,北京车和家信息技术有限公司,2-4万/月,北京-朝阳区,2年经验,本科,招1人,05-15发布,五险一金|定期体检|专业培训|弹性工作|领导好|工作环境好|公司有前景|福利待遇好
系统算法研究工程师,大唐移动通信设备有限公司,1.5-3万/月,北京-海淀区,无工作经验,硕士,招2人,05-15发布,五险一金|补充医疗保险|餐饮补贴|绩效奖金|定期体检|年终奖金|交通补贴
自动驾驶车载系统研发工程师,北京车和家信息技术有限公司,2-4万/月,北京-朝阳区,3-4年经验,本科,招1人,05-15发布,五险一金|定期体检|专业培训|弹性工作|领导好|工作环境好|公司有前景|福利待遇好
音频数据分析工程师,北京快鱼电子股份公司,0.8-1万/月,北京-海淀区,3-4年经验,本科,招1人,05-15发布,五险一金|员工旅游|交通补贴|餐饮补贴|通讯补贴|年终奖金|弹性工作|补充医疗保险|定期体检
数据开发工程师,北京快鱼电子股份公司,1-1.5万/月,北京-海淀区,3-4年经验,本科,招1人,05-15发布,五险一金|全勤奖|节假日福利
物理层协议研究工程师,大唐移动通信设备有限公司,1.5-3万/月,北京-海淀区,无工作经验,硕士,招2人,05-15发布,五险一金|补充医疗保险|餐饮补贴|绩效奖金|定期体检|年终奖金|交通补贴
高层协议研究工程师,大唐移动通信设备有限公司,1.5-3万/月,北京-海淀区,无工作经验,硕士,招2人,05-15发布,五险一金|补充医疗保险|餐饮补贴|绩效奖金|定期体检|年终奖金|交通补贴
物理层算法研究工程师,大唐移动通信设备有限公司,1-2万/月,北京-海淀区,无工作经验,本科,招2人,05-15发布,五险一金|补充医疗保险|餐饮补贴|绩效奖金|定期体检|年终奖金|交通补贴
音频算法优化移植工程师,北京快鱼电子股份公司,2-4万/月,北京,3-4年经验,本科,招1人,05-15发布,五险一金|带薪年假|弹性工作|周末双休|节日福利|交通补贴|高温补贴|通讯补贴|餐饮补贴
高层算法研究工程师,大唐移动通信设备有限公司,1.5-3万/月,北京-海淀区,无工作经验,硕士,招2人,05-15发布,五险一金|补充医疗保险|餐饮补贴|绩效奖金|定期体检|年终奖金|交通补贴
系统（算法）工程师,大唐移动通信设备有限公司,1.2-2万/月,北京-海淀区,2年经验,硕士,招若干人,05-15发布,
计算机视觉算法开发,北京泊松技术有限公司,1-1.5万/月,北京-海淀区,2年经验,硕士,招1人,05-15发布,
图像处理算法软件工程师,北京中科戎大科技股份有限公司,2.5-3万/月,北京,5-7年经验,本科,招1人,05-15发布,五险一金|员工旅游|餐饮补贴|年终奖金|绩效奖金|弹性工作|定期体检|交通补贴|通讯补贴|股票期权
高级大数据开发工程师,成都达奥防务科技有限公司北京分公司,1.5-2万/月,北京-大兴区,3-4年经验,本科,招1人,05-15发布,
搜索工程师（ZY-T-20190326-X4）0864(职位编号：TAIJI000864),太极计算机股份有限公司,1.5-2万/月,北京-朝阳区,无工作经验,本科,招3人,05-15发布,五险一金|餐饮补贴|通讯补贴|专业培训|定期体检|补充医疗保险
对话算法专家,广州小鹏汽车科技有限公司,40-80万/年,北京-海淀区,3-4年经验,本科,招3人,05-05发布,五险一金|股票期权|年终奖金|绩效奖金
知识图谱算法专家,广州小鹏汽车科技有限公司,40-80万/年,北京-海淀区,3-4年经验,硕士,招4人,05-05发布,五险一金|股票期权|年终奖金|绩效奖金
视觉模型调优与融合,广州小鹏汽车科技有限公司,45-90万/年,北京-海淀区,3-4年经验,硕士,招4人,05-05发布,五险一金|股票期权|年终奖金|绩效奖金
计算机视觉专家—人脸识别,广州小鹏汽车科技有限公司,40-80万/年,北京-海淀区,2年经验,硕士,招4人,05-05发布,五险一金|股票期权|年终奖金|绩效奖金
计算机视觉专家—环境感知,广州小鹏汽车科技有限公司,40-80万/年,北京-海淀区,2年经验,硕士,招4人,05-05发布,五险一金|股票期权|年终奖金|绩效奖金
数据专家,广州小鹏汽车科技有限公司,40-80万/年,北京-海淀区,2年经验,硕士,招4人,05-05发布,五险一金|股票期权|年终奖金|绩效奖金
RTL通信算法实现工程师,清华大学微电子学研究所,1.5-3万/月,北京,无工作经验,本科,招若干人,05-05发布,
图像算法高级工程师(职位编号：17160),字节跳动,2.5-5万/月,北京,3-4年经验,本科,招2人,05-20发布,六险一金|弹性工作|免费三餐|扁平管理|职业大牛|团队氛围好
数据开发高级工程师(职位编号：19892),字节跳动,2-4万/月,北京,3-4年经验,本科,招3人,05-20发布,弹性工作|免费三餐|租房补贴|休闲下午茶|扁平管理|职业大牛|晋升空间|五险一金
大数据开发工程师(职位编号：19891),字节跳动,1.8-3.6万/月,北京,2年经验,本科,招3人,05-20发布,弹性工作|免费三餐|租房补贴|休闲下午茶|扁平管理|职业大牛|晋升空间|五险一金
安全研究员实习生,中电长城网际系统应用有限公司,3-4.5千/月,北京-海淀区,无工作经验,硕士,招2人,05-05发布,五险一金|餐饮补贴|通讯补贴|绩效奖金|定期体检
AML(applied machine learning)推荐算法研究员(职位编号：21005),字节跳动,3.5-6万/月,北京,3-4年经验,本科,招5人,05-20发布,租房补贴|职业大牛|晋升空间
推荐算法高级工程师 - 抖音/火山(职位编号：21163),字节跳动,2.5-4万/月,北京,2年经验,本科,招5人,05-20发布,六险一金|高薪期权|弹性工作|免费三餐|职业大牛|晋升空间|团队氛围好
算法高级工程师(职位编号：21427),字节跳动,2-4万/月,北京,3-4年经验,本科,招3人,05-20发布,弹性工作|免费三餐|租房补贴|休闲下午茶|扁平管理|职业大牛|晋升空间|五险一金
算法负责人(职位编号：23477),字节跳动,3.5-5.5万/月,北京,5-7年经验,本科,招1人,05-20发布,弹性工作|免费三餐|租房补贴|休闲下午茶|扁平管理|职业大牛|晋升空间|五险一金
推荐算法架构师 - 抖音/火山(职位编号：21161),字节跳动,3-6万/月,北京,3-4年经验,本科,招5人,05-20发布,六险一金|高薪期权|弹性工作|免费三餐|职业大牛|晋升空间|团队氛围好
区块链共识算法研发工程师,中宜云控互联网科技股份有限公司,3-5万/月,北京-海淀区,3-4年经验,本科,招1人,04-02发布,五险一金|交通补贴|餐饮补贴|绩效奖金
推荐算法架构师 - 短视频方向(职位编号：19129),字节跳动,3-6万/月,北京,3-4年经验,本科,招5人,05-20发布,六险一金|高薪期权|弹性工作|免费三餐|职业大牛|晋升空间|团队氛围好
推荐系统高级工程师 - 互娱(职位编号：7604),字节跳动,2.5-4.5万/月,北京,2年经验,本科,招2人,05-20发布,六险一金|高薪期权|弹性工作|休闲下午茶|扁平管理|过亿用户|职业大牛|晋升空间|团队氛围好|优厚薪资
算法数据实习生(职位编号：24988),字节跳动,8-9千/月,北京,无工作经验,本科,招3人,05-20发布,弹性工作|免费三餐|带薪休假|租房补贴|休闲下午茶|扁平管理|健身瑜伽
自然语言处理工程师,中金智汇科技有限责任公司,1.5-3万/月,北京-大兴区,1年经验,本科,招2人,05-20发布,五险一金|补充医疗保险|交通补贴|餐饮补贴|通讯补贴|定期体检
推荐算法高级工程师 - 抖音短视频(职位编号：25241),字节跳动,2.5-4万/月,北京,2年经验,本科,招5人,05-20发布,六险一金|高薪期权|弹性工作|免费三餐|职业大牛|晋升空间|团队氛围好
策略算法高级工程师 - 懂车帝(职位编号：25870),字节跳动,2.5-5万/月,北京,3-4年经验,本科,招3人,05-20发布,休闲下午茶|扁平管理|弹性工作|免费三餐|租房补贴
全文检索高级工程师J11118,北京北大方正电子有限公司,1.5-2万/月,北京-海淀区,无工作经验,硕士,招2人,04-02发布,五险一金|餐饮补贴|绩效奖金|周末双休|带薪年假|住宿班车|免费班车|体检
自然语言处理工程师J11119,北京北大方正电子有限公司,1.5-2万/月,北京-海淀区,无工作经验,硕士,招2人,04-02发布,五险一金|餐饮补贴|绩效奖金|周末双休|带薪年假|住宿班车|免费班车|体检
大数据技术专家J11191,北京北大方正电子有限公司,4-5万/月,北京-海淀区,3-4年经验,硕士,招1人,04-02发布,五险一金|餐饮补贴|绩效奖金|周末双休|带薪年假|住宿班车|免费班车|体检
AI（应届生户口指标）,北京中科大洋科技发展股份有限公司,1-2万/月,北京-海淀区,无工作经验,硕士,招1人,04-02发布,五险一金|补充医疗保险|免费班车|交通补贴|通讯补贴|定期体检|年终奖金
大数据开发工程师,北京明略软件系统有限公司,1.5-2万/月,北京-海淀区,3-4年经验,本科,招若干人,04-08发布,
数据工程师/专家（AI方向）(003999)(职位编号：vivo003999),vivo智能手机（维沃移动通信有限公司）,3-4万/月,北京-海淀区,5-7年经验,本科,招若干人,05-20发布,五险一金|交通补贴|员工旅游|免费班车|年终奖金|股票期权|弹性工作|定期体检
雷达数字信号处理工程师,北京凌波微步信息技术有限公司,1-1.5万/月,北京-昌平区,无工作经验,本科,招1人,05-20发布,五险一金|绩效奖金|年终奖金|股票期权|弹性工作
雷达数字信号处理工程师,北京凌波微步信息技术有限公司,0.8-1万/月,北京-昌平区,无工作经验,本科,招1人,05-20发布,五险一金|绩效奖金|年终奖金|弹性工作|股票期权
数据挖掘工程师（北京）,南京天数智芯科技有限公司,2-3万/月,北京,3-4年经验,硕士,招2人,05-20发布,五险一金|补充医疗保险|弹性工作|定期体检|年终奖金|专业培训
数据挖掘经理,北京明略软件系统有限公司,2-3.5万/月,北京-海淀区,5-7年经验,本科,招若干人,04-08发布,五险一金|补充医疗保险|员工旅游|绩效奖金|年终奖金|股票期权|专业培训|餐饮补贴|弹性工作
深度学习工程师（应届博士）,凌云光技术集团工业视觉事业部,3-5万/月,北京-海淀区,无工作经验,博士,招1人,05-20发布,
治理平台后端研发(J190308003)(职位编号：J190308003),滴滴,3-4万/月,北京-海淀区,3-4年经验,本科,招4人,05-20发布,
初级深度学习研发工程师 (MJ000019),北京推想科技有限公司,1.5-2.5万/月,北京-朝阳区,无工作经验,硕士,招2人,05-20发布,五险一金|餐饮补贴
中高端推荐算法工程师,游瑞世纪（北京）管理咨询有限公司,3-5万/月,北京-海淀区,3-4年经验,硕士,招3人,03-20发布,
算法负责人 (MJ000181),北京推想科技有限公司,3-6万/月,北京-朝阳区,2年经验,硕士,招1人,05-20发布,五险一金|餐饮补贴|绩效奖金|年终奖金|弹性工作|专业培训
CTO（技术总监）,北京捷通华声科技股份有限公司,4-8万/月,北京,5-7年经验,本科,招1人,05-20发布,五险一金|绩效奖金|项目奖金|每年多次调薪
语音合成算法专家（TTS）,北京捷通华声科技股份有限公司,4-8万/月,北京,5-7年经验,硕士,招1人,05-20发布,五险一金|绩效奖金|项目奖金|每年多次调薪
深度学习算法研究员,北京推想科技有限公司,1-2万/月,北京-朝阳区,无工作经验,硕士,招5人,05-20发布,五险一金|餐饮补贴
语音识别算法专家（ASR）,北京捷通华声科技股份有限公司,4-8万/月,北京,5-7年经验,硕士,招1人,05-20发布,五险一金|绩效奖金|项目奖金|每年多次调薪
初级数据分析师 (MJ000168),北京推想科技有限公司,1-2万/月,北京-朝阳区,无工作经验,硕士,招2人,05-20发布,五险一金|餐饮补贴
算法开发工程师（C++),北京捷通华声科技股份有限公司,2-4万/月,北京,1年经验,硕士,招5人,05-20发布,五险一金|绩效奖金|晋升空间大|项目奖金|每年多次调薪
计算机视觉算法专家（视频分析）,北京捷通华声科技股份有限公司,4-8万/月,北京,5-7年经验,硕士,招1人,05-20发布,五险一金|绩效奖金|项目奖金|每年多次调薪
声纹识别算法专家（VPR）,北京捷通华声科技股份有限公司,4-8万/月,北京,5-7年经验,硕士,招1人,05-20发布,五险一金|绩效奖金|项目奖金|每年多次调薪
计算机视觉算法专家（CV）,北京捷通华声科技股份有限公司,4-8万/月,北京,5-7年经验,硕士,招1人,05-20发布,五险一金|绩效奖金|项目奖金|每年多次调薪
C++开发工程师,北京云迹科技有限公司,1.5-2.5万/月,北京-海淀区,3-4年经验,本科,招1人,05-20发布,五险一金|专业培训|绩效奖金|年终奖金|股票期权|弹性工作|定期体检
资深嵌入式软件工程师,北京云迹科技有限公司,2.5-3万/月,北京-海淀区,5-7年经验,本科,招1人,05-20发布,五险一金|专业培训|绩效奖金|年终奖金|股票期权|弹性工作|定期体检
自然语言处理算法专家（NLP）,北京捷通华声科技股份有限公司,4-8万/月,北京,5-7年经验,硕士,招1人,05-20发布,五险一金|绩效奖金|项目奖金|每年多次调薪
数据分析师,瑞幸咖啡（中国）有限公司,2.5-3.5万/月,北京,3-4年经验,本科,招1人,05-20发布,五险一金|餐饮补贴
机器人视觉高级工程师,北京云迹科技有限公司,2.5-3.5万/月,北京-海淀区,无工作经验,本科,招1人,05-20发布,五险一金|专业培训|绩效奖金|年终奖金|股票期权|弹性工作|定期体检
算法实习生,瑞幸咖啡（中国）有限公司,3-5千/月,北京,无工作经验,本科,招10人,05-20发布,
算法开发工程师,北京科易动力科技有限公司,1-1.5万/月,北京-海淀区,无工作经验,本科,招3人,05-20发布,
机器学习理论与算法研究员,北京三星通信技术研究有限公司,1.5-2.5万/月,北京-朝阳区,无工作经验,博士,招3人,05-20发布,五险一金|补充医疗保险|弹性工作|专业培训|出国机会|定期体检|年终奖金
医学图像处理工程师,深圳市嘉骏实业有限公司,2-2.5万/月,北京-海淀区,1年经验,本科,招2人,05-20发布,五险一金|员工旅游|出国机会
5G/NR物理层算法研究工程师,北京三星通信技术研究有限公司,1.5-2.5万/月,北京-朝阳区,无工作经验,硕士,招3人,05-20发布,五险一金|补充医疗保险|弹性工作|专业培训|出国机会|定期体检|年终奖金
图像算法高级工程师,聚束科技（北京）有限公司,1-1.5万/月,北京-大兴区,无工作经验,本科,招1人,05-20发布,五险一金|定期体检|餐饮补贴|绩效奖金|全勤奖|带薪年假|加班补助
计算机视觉和机器学习工程师,北京三星通信技术研究有限公司,1.5-2.5万/月,北京-朝阳区,无工作经验,硕士,招5人,05-20发布,五险一金|补充医疗保险|餐饮补贴|专业培训|年终奖金|弹性工作|定期体检
量化数据实习生,因诺（上海）资产管理有限公司,4.5-6千/月,北京-西城区,无工作经验,硕士,招若干人,05-20发布,转正机会|牛人团队|扁平管理|专业培训|餐饮补贴|通讯补贴|员工旅游|定期体检|员工福利
软件测试工程师,昂坤视觉（北京）科技有限公司,5-8千/月,北京-昌平区,1年经验,大专,招1人,05-20发布,五险一金|定期体检|年终奖金|员工旅游|带薪年假
00142-微博机器学习团队——推荐算法专家(北京/杭州),新浪微博,5-8万/月,杭州-余杭区,3-4年经验,本科,招2人,05-17发布,免费班车|五险一金|年底双薪|餐补|带薪年假|弹性工作|补充医疗保险|定期体检|通讯补贴
高级FPGA工程师,普源精电科技有限公司,2-3.5万/月,北京-海淀区,5-7年经验,本科,招1人,05-20发布,五险一金|餐饮补贴|弹性工作|定期体检|绩效奖金|专业培训
(500强企业在华研发中心)高级图像处理研究员-JP2826,大连博科人才有限公司,1.5-2万/月,北京,3-4年经验,硕士,招2人,05-20发布,
00142-微博机器学习团队——推荐算法专家(北京/杭州),新浪微博,5-8万/月,杭州-余杭区,3-4年经验,本科,招2人,05-17发布,免费班车|五险一金|年底双薪|餐补|带薪年假|弹性工作|补充医疗保险|定期体检|通讯补贴
00163-大规模分布式存储系统中高级研发工程师,新浪微博,5-8万/月,北京,3-4年经验,本科,招20人,05-17发布,五险一金|补充医疗保险|补充公积金|免费班车|交通补贴|年终奖金|绩效奖金|通讯补贴|专业培训|餐饮补贴
00162-大规模在线服务系统中高级研发工程师,新浪微博,5-8万/月,北京,3-4年经验,本科,招20人,05-17发布,五险一金|补充医疗保险|补充公积金|免费班车|交通补贴|年终奖金|绩效奖金|通讯补贴|专业培训|餐饮补贴
算法设计工程师,北京永新医疗设备有限公司,1-1.8万/月,北京-昌平区,无工作经验,招1人,05-20发布,普通话熟练,五险一金|节日福利|带薪年假
00145-视频推荐中高级研发工程师（北京/杭州）,新浪微博,5-8万/月,杭州-余杭区,3-4年经验,本科,招2人,05-17发布,免费班车|五险一金|年底双薪|餐补|带薪年假|弹性工作|补充医疗保险|定期体检|通讯补贴
00142-微博机器学习团队——推荐算法专家,新浪微博,5-8万/月,北京,3-4年经验,本科,招20人,05-17发布,五险一金|补充医疗保险|补充公积金|免费班车|交通补贴|年终奖金|绩效奖金|通讯补贴|专业培训|餐饮补贴
00143-机器学习团队——算法中高级研发工程师,新浪微博,5-8万/月,北京,3-4年经验,本科,招20人,05-17发布,五险一金|补充医疗保险|补充公积金|免费班车|交通补贴|年终奖金|绩效奖金|通讯补贴|专业培训|餐饮补贴
00143-机器学习团队——算法中高级研发工程师,新浪微博,5-8万/月,北京,3-4年经验,本科,招20人,05-17发布,五险一金|补充医疗保险|补充公积金|免费班车|交通补贴|年终奖金|绩效奖金|通讯补贴|专业培训|餐饮补贴
00145-机器学习团队——视频推荐中高级研发工程师,新浪微博,5-8万/月,北京,3-4年经验,本科,招20人,05-17发布,五险一金|补充医疗保险|补充公积金|免费班车|交通补贴|年终奖金|绩效奖金|通讯补贴|专业培训|餐饮补贴
00148-微博机器学习团队——算法专家,新浪微博,5-8万/月,北京,3-4年经验,本科,招20人,05-17发布,五险一金|补充医疗保险|补充公积金|免费班车|交通补贴|年终奖金|绩效奖金|通讯补贴|专业培训|餐饮补贴
00173-微博机器学习团队——算法专家,新浪微博,5-8万/月,北京,5-7年经验,硕士,招2人,05-17发布,五险一金|免费班车|交通补贴|年终奖金|绩效奖金|通讯补贴|专业培训|餐饮补贴|餐补|定期体检
芯片算法仿真工程师,年享人力资源管理（上海）有限公司,5-7万/月,上海-浦东新区,3-4年经验,本科,招2人,05-18发布,五险一金|定期体检|绩效奖金|年终奖金|员工旅游
00148-微博机器学习团队——算法专家,新浪微博,5-8万/月,北京,3-4年经验,本科,招20人,05-17发布,五险一金|补充医疗保险|补充公积金|免费班车|交通补贴|年终奖金|绩效奖金|通讯补贴|专业培训|餐饮补贴
算法及应用开发工程师（深度学习）,年享人力资源管理（上海）有限公司,5-7万/月,上海-浦东新区,3-4年经验,本科,招2人,05-18发布,五险一金|定期体检|绩效奖金|年终奖金|员工旅游
深度学习算法并行映射研发工程师,年享人力资源管理（上海）有限公司,5-7万/月,上海-浦东新区,3-4年经验,本科,招2人,05-18发布,五险一金|定期体检|绩效奖金|年终奖金|员工旅游
国际化推荐算法实习生（可转正）(职位编号：31873),字节跳动,4-6千/月,北京,无工作经验,本科,招5人,05-19发布,扁平管理|免费三餐|团队氛围好|租房补贴|职业大牛
广告算法平台研发实习生（可转正）(职位编号：33638),字节跳动,3-6千/月,北京,无工作经验,本科,招3人,05-19发布,弹性工作|免费三餐|租房补贴|休闲下午茶|扁平管理|健身瑜伽|过亿用户|职业大牛|团队氛围好
大数据开发、分析工程师（2019年毕业生）,中国软件与技术服务股份有限公司,2-3千/月,北京-丰台区,无工作经验,本科,招若干人,05-20发布,五险一金|补充医疗保险|员工旅游|弹性工作
大数据部-用户画像专家/资深专家,北京搜狗科技发展有限公司,7-10万/月,北京-海淀区,8-9年经验,硕士,招1人,05-20发布,五险一金|餐饮补贴|补充医疗保险|弹性工作|绩效奖金
体育视频智能分析算法工程师,中国科学院自动化研究所,20-50万/月,北京-海淀区,无工作经验,本科,招2人,04-07发布,
算法工程师-校招,北京品友互动信息技术股份公司,150元/天,北京,无工作经验,本科,招5人,04-30发布,五险一金|专业培训|绩效奖金|定期体检
高级算法工程师1422(职位编号：001422),紫光展锐,1.5-3万/月,上海,3-4年经验,硕士,招1人,05-20发布,
光学字符识别算法工程师（OCR）,北京捷通华声科技股份有限公司,2-4万/月,北京,1年经验,硕士,招1人,05-20发布,五险一金|绩效奖金|项目奖金|每年多次调薪|晋升空间
国际化策略专家算法工程师(J190107011)(职位编号：J190107011),滴滴,4-5万/月,北京-海淀区,5-7年经验,硕士,招1人,05-20发布,
高级深度学习算法工程师 (MJ000018),北京推想科技有限公司,3-6万/月,北京-朝阳区,3-4年经验,硕士,招1人,05-20发布,五险一金|餐饮补贴|绩效奖金|年终奖金|弹性工作|专业培训
高级算法工程师,北京纳米维景科技有限公司,1.8-3万/月,北京-海淀区,3-4年经验,硕士,招若干人,05-20发布,五险一金|补充医疗保险|交通补贴|餐饮补贴|通讯补贴|绩效奖金|定期体检
算法工程师,北京天智航医疗科技股份有限公司,1.5-3万/月,北京-海淀区,3-4年经验,硕士,招1人,05-20发布,五险一金|绩效奖金|定期体检|员工旅游
算法工程师,上海芮美生物科技有限公司,20-70万/年,北京-海淀区,3-4年经验,本科,招2人,05-20发布,
自然语言理解算法工程师,北京天行汇通信息技术有限公司,2-4万/月,北京,2年经验,硕士,招若干人,05-20发布,五险一金|通讯补贴|交通补贴|专业培训|绩效奖金|年终奖金
高级电机控制算法工程师,北京云迹科技有限公司,2.5-3万/月,北京-海淀区,5-7年经验,本科,招1人,05-20发布,五险一金|专业培训|年终奖金|股票期权|弹性工作|定期体检
CUDA开发,北京世纪天尚文化传媒有限公司,1-1.5万/月,北京-海淀区,3-4年经验,大专,招10人,05-14发布,
医学图像重建高级算法工程师,佛山原子医疗设备有限公司,2-3万/月,北京-昌平区,3-4年经验,硕士,招1人,05-20发布,五险一金|年终奖金|弹性工作|绩效奖金
高级图像算法工程师,北京星河泰视特科技有限公司,1.5-3万/月,北京-海淀区,2年经验,硕士,招1人,05-20发布,五险一金|交通补贴|餐饮补贴|员工旅游
语音算法工程师,北京探境科技有限公司,2-4万/月,北京-朝阳区,3-4年经验,硕士,招4人,05-20发布,五险一金|补充医疗保险|绩效奖金|年终奖金|股票期权|弹性工作
机器视觉工程师（深度学习方向）,广东红橙云大数据有限公司,2-3万/月,广州-天河区,2年经验,本科,招2人,05-19发布,
研发主管（CAE集成开发部）,北京海基科技发展有限责任公司,1-1.5万/月,北京-海淀区,1年经验,硕士,招1人,05-20发布,五险一金|年终奖金|绩效奖金|通讯补贴|餐饮补贴|专业培训|补充医疗保险
AI算法专家（图像视频方向）,北京安捷智合科技有限公司,3-5万/月,北京-海淀区,3-4年经验,硕士,招1人,05-13发布,五险一金|补充医疗保险|绩效奖金|年终奖金|股票期权|定期体检|免费健身|大小TB|带薪年假|带薪病假
Java高级开发工程师,中数信安（北京）商务管理有限公司,1.5-2万/月,北京-丰台区,3-4年经验,大专,招若干人,05-13发布,
HANA数据建模,北京思普艾斯科技有限公司,2.5-3.5万/月,北京-朝阳区,5-7年经验,本科,招1人,05-17发布,专业培训|五险一金|绩效奖金|通讯补助|交通补贴
无人机飞控与导航工程师,北京零偏科技有限责任公司,1.7-2.8万/月,北京-海淀区,3-4年经验,硕士,招2人,05-17发布,五险一金|餐饮补贴|交通补贴|专业培训|绩效奖金|全勤奖|周末双休
研发工程师,华云升达（北京）气象科技有限责任公司,1-1.5万/月,北京-昌平区,无工作经验,硕士,招1人,05-17发布,五险一金|补充医疗保险|免费班车|交通补贴|餐饮补贴|通讯补贴|专业培训|年终奖金|定期体检|补充公积金
安全专家,上海鹰空网络科技有限公司苏州分公司,3-4万/月,苏州-工业园区,5-7年经验,本科,招1人,05-17发布,
机器学习/人工智能讲师,北京网络职业学院,1.8-2.5万/月,北京-房山区,5-7年经验,大专,招1人,05-16发布,五险一金|免费班车
DSP软件工程师,北京索德电气工业有限公司,1.5-2万/月,北京-大兴区,2年经验,本科,招3人,05-16发布,五险一金|周末双休|包吃|带薪年假|绩效奖金|节日福利|专业培训
云计算研究员SYD18(职位编号：caict001770),中国信息通信研究院,1-1.5万/月,北京-西城区,2年经验,硕士,招1人,05-15发布,五险一金|补充医疗保险|专业培训|通讯补贴|定期体检|绩效奖金|年终奖金
数字信号处理工程师（南京）,南京大学光声超构材料研究院,1.5-2万/月,南京-栖霞区,3-4年经验,硕士,招1人,05-15发布,五险一金|补充商业险|交通补贴|周末双休
算法模型工程师,北京中关村中技知识产权服务集团有限公司,20-30万/年,北京-海淀区,3-4年经验,本科,招2人,05-15发布,五险一金|带薪年假|年底双薪
嵌入式软件工程师,北京中科戎大科技股份有限公司,1.5-2.5万/月,北京,2年经验,本科,招1人,05-15发布,五险一金|员工旅游|餐饮补贴|年终奖金|绩效奖金|弹性工作|定期体检|交通补贴|通讯补贴|股票期权
AI Technical Manager （AI技术经理）,慧科讯业（北京）网络科技有限公司,2.5-4万/月,深圳-南山区,5-7年经验,本科,招1人,05-14发布,周末双休|五险一金|带薪年假|餐饮补贴|节日福利|专业培训
ADAS技术专家,北京车和家信息技术有限公司,5-8万/月,北京-朝阳区,10年以上经验,本科,招1人,05-15发布,五险一金|定期体检|专业培训|弹性工作|领导好|工作环境好|公司有前景|福利待遇好
全职-AI算法软件工程师（北京）(职位编号：07),IBM2019应届生招聘项目,,北京,无工作经验,本科,招若干人,05-19发布,
大数据研发工程师,北京上古彩科技有限公司,6-8千/月,北京-海淀区,1年经验,本科,招3人,05-14发布,
人工智能算法工程师,华夏芯（北京）通用处理器技术有限公司,1.5-2.5万/月,北京-海淀区,2年经验,本科,招1人,05-17发布,五险一金|弹性工作
算法工程师（北京）,新华三技术有限公司,,北京,无工作经验,本科,招若干人,05-18发布,
算法工程师,同方知网（北京）技术有限公司,1.2-2万/月,北京,3-4年经验,硕士,招若干人,05-16发布,免费早午餐|办公环境好|五险一金|补充医疗保险|补充公积金|提供宿舍班车
高级算法工程师,北京北斗星通导航技术股份有限公司,2.5-3万/月,北京,无工作经验,本科,招1人,05-16发布,
AI算法工程师/自然语言处理/图像处理算法工程师-北京研究院(职位编号：20190214-10),北京研究院,,北京,无工作经验,本科,招20人,05-18发布,
算法工程师-新奥数能(职位编号：01),新奥集团2019 校园- 象新力招聘项目,,北京,无工作经验,硕士,招若干人,05-18发布,
算法工程师,北京蜜莱坞网络科技有限公司,,北京,无工作经验,硕士,招3人,05-18发布,
0007算法工程师（北京）,上海研究院,,北京,无工作经验,硕士,招10人,05-18发布,
EDA算法工程师,上海楷登电子科技有限公司,,北京,无工作经验,硕士,招若干人,05-18发布,
算法工程师-网络与信息安全研究院-云安全研究所(职位编号：011),上海研究院,,北京,无工作经验,本科,招2人,05-18发布,
算法工程师（北京）,中国电信股份有限公司上海分公司,1-1.5万/月,北京,无工作经验,本科,招若干人,05-18发布,
Python算法工程师,中经网数据有限公司,1-1.5万/月,北京-西城区,无工作经验,本科,招10人,05-19发布,餐饮补贴|五险一金|年终奖金|定期体检|员工旅游
算法工程师,北京鑫洋泉电子科技有限公司,2-2.5万/月,北京-海淀区,2年经验,本科,招1人,05-18发布,
资深自然语言处理算法工程师,上海问之信息科技有限公司,2.5-3万/月,上海-长宁区,无工作经验,硕士,招若干人,05-18发布,五险一金|弹性工作|股票期权|绩效奖金|年终奖金|定期体检|专业培训
硬件算法工程师（万物智联）,信泰（福建）科技有限公司,1-1.5万/月,泉州,2年经验,本科,招1人,05-18发布,五险一金|年终奖金|包吃包住|餐饮补贴|下午茶|带薪年假|节日福利|定期团建|弹性工作
算法工程师,杭州优智联科技有限公司,1.2-3.7万/月,杭州-滨江区,2年经验,硕士,招10人,05-18发布,五险一金|弹性工作|股票期权|年终奖金|绩效奖金|周末双休|节日福利|不定期团建
密码算法工程师,珠海汇金科技股份有限公司,3-4万/月,北京-西城区,3-4年经验,本科,招1人,05-19发布,五险一金|交通补贴|餐饮补贴|通讯补贴|专业培训|绩效奖金|定期体检
航空数字影像算法实习生,北京量子星光科技有限公司,200元/天,北京-海淀区,无工作经验,硕士,招2人,04-22发布,
GPS/INS组合导航算法工程师,立得空间信息技术股份有限公司,2-2.5万/月,北京-海淀区,5-7年经验,本科,招2人,05-20发布,五险一金|补充医疗保险|补充公积金|交通补贴|餐饮补贴|专业培训|绩效奖金|年终奖金|通讯补贴
医学影像算法工程师,江苏瑞尔医疗科技有限公司,1-3万/月,北京-昌平区,无工作经验,硕士,招4人,05-20发布,五险一金|餐饮补贴|定期体检|年终奖金|周末双休|生日会
无线通信基带算法工程师（校招）,北京中科晶上科技股份有限公司,0.8-1.6万/月,北京-海淀区,无工作经验,硕士,招10人,05-20发布,五险一金|补充医疗保险|定期体检|绩效奖金|年终奖金|专业培训
图像算法工程师,北京麦迪克斯科技有限公司,2-3万/月,北京,3-4年经验,本科,招2人,05-20发布,五险一金|免费班车|交通补贴|餐饮补贴|通讯补贴|年终奖金|弹性工作
SLAM算法工程师,北京中电易达科技有限公司,1.8-3万/月,北京-东城区,1年经验,硕士,招1人,05-20发布,
高级算法工程师,北京品友互动信息技术股份公司,2.5-4万/月,北京-朝阳区,3-4年经验,硕士,招若干人,05-20发布,"五险一金|专业培训|绩效奖金|年终双薪|周末双休|带薪年假|节日福利|岗位晋升|住房补贴|,体检"
算法工程师,金雅拓（北京）智能卡科技有限公司,1.5-2.8万/月,北京-海淀区,3-4年经验,硕士,招1人,05-20发布,五险一金|补充医疗保险|员工旅游|专业培训|出国机会|年终奖金|定期体检
商业策略研究-推荐算法工程师 (MJ002323),北京搜狗科技发展有限公司,2.5-5万/月,北京-海淀区,3-4年经验,硕士,招2人,05-20发布,五险一金|补充医疗保险|餐饮补贴
姿态估算算法工程师,广州笨笨网络科技有限公司,1.5-2.5万/月,北京-海淀区,无工作经验,硕士,招3人,05-20发布,五险一金|补充医疗保险|员工旅游|周末双休|年终奖金
2019届应届毕业生——软件开发/测试工程师,深圳市紫光同创电子有限公司,15-26万/年,北京-海淀区,无工作经验,本科,招10人,05-20发布,股票期权|五险一金|餐饮补贴|年终奖金|定期体检|绩效奖金|专业培训|员工旅游|补充公积金|补充医疗保险
数学算法工程师,厦门蒙友互联软件有限公司,1-3万/月,厦门,无工作经验,本科,招3人,04-24发布,五险一金|免费班车|员工旅游|交通补贴|出国机会|每年多次调薪|年终奖金|带薪年假
算法工程师,广东麦杰防务技术有限公司,1-1.5万/月,北京-石景山区,1年经验,本科,招1人,04-23发布,五险一金|员工旅游|年终奖金|定期体检|绩效奖金
算法开发工程师,江苏耐维思通科技股份有限公司,2-2.5万/月,北京-海淀区,5-7年经验,本科,招1人,05-20发布,
算法工程师,北京国信智科科技有限公司,1-2万/月,北京-丰台区,3-4年经验,本科,招若干人,04-24发布,五险一金|交通补贴|通讯补贴|餐饮补贴|绩效奖金|年终奖金|定期体检|员工旅游
算法工程师,北京恩典金鼎知行科技有限公司,1.8-2.5万/月,北京-海淀区,无工作经验,本科,招3人,04-25发布,五险一金|年终奖金|办公环境佳|技术大牛多
深度学习算法工程师,北京英泰智科技股份有限公司,2.5-3万/月,北京-海淀区,3-4年经验,本科,招3人,04-26发布,
广告推荐算法工程师(职位编号：002424),北京一点网聚信息技术有限公司,2-4万/月,北京,2年经验,本科,招若干人,04-28发布,
算法工程师,新奥燃气控股有限公司,2.5-3万/月,北京-朝阳区,无工作经验,本科,招1人,04-28发布,五险一金|员工旅游|餐饮补贴|绩效奖金|定期体检|专业培训
广告算法工程师,北京恩穗企业咨询有限责任公司,3-6万/月,上海-浦东新区,3-4年经验,本科,招2人,05-10发布,五险一金|补充医疗保险|补充公积金|定期体检|年终奖金|绩效奖金|通讯补贴
能源互联网算法工程师,清华大学,1-2万/月,北京-海淀区,无工作经验,本科,招1人,05-11发布,专业培训|餐饮补贴|五险一金|通讯补贴|绩效奖金|年终奖金|股票期权|定期体检
算法工程师,深圳唯公科技有限公司,1-2.5万/月,北京-昌平区,2年经验,本科,招1人,05-10发布,
密码算法工程师,中国金融认证中心（CFCA）,1-2万/月,北京,1年经验,硕士,招1人,05-11发布,五险一金|优秀团队
智能算法工程师,北京博宏科元信息科技有限公司,2.5-5万/月,北京-石景山区,3-4年经验,本科,招1人,05-12发布,
算法工程师,海联金汇（北京）金融科技有限公司,2-4万/月,北京-石景山区,3-4年经验,硕士,招1人,05-12发布,
能源互联网算法工程师,北京清能互联科技有限公司,1-2万/月,北京-海淀区,无工作经验,硕士,招1人,05-13发布,周末双休|绩效奖金|专业培训|节日福利|餐饮补贴|通讯补贴|五险一金
机器学习算法工程师,中国电子科技集团公司第十五研究所（华北计算技术研究所）,1.6-4.2万/月,北京,无工作经验,博士,招3人,05-16发布,五险一金|员工旅游|绩效奖金|年终奖金|交通补贴|餐饮补贴|定期体检
高级图像算法工程师,东方晶源微电子科技（北京）有限公司,2-4.5万/月,北京-大兴区,5-7年经验,本科,招1人,05-16发布,交通补贴|餐饮补贴|五险一金|通讯补贴|年终奖金|绩效奖金|定期体检|工作居住证|高新技术企业|带薪病假
图像算法工程师,北京新岸线移动多媒体技术有限公司,1-2万/月,北京,2年经验,硕士,招4人,05-16发布,五险一金|补充医疗保险|绩效奖金|弹性工作|定期体检
[关联公司]IT算法工程师(001277)(职位编号：kongzhong001277),空中网,1.5-2万/月,北京-海淀区,2年经验,本科,招若干人,05-16发布,
NLP算法工程师,北京奥法科技有限公司,1.5-2万/月,北京-海淀区,无工作经验,本科,招1人,05-16发布,五险一金|餐饮补贴|绩效奖金|年终奖金|股票期权|意外保险|定期体检|下午茶点
高级语音算法工程师,开放智能机器（上海）有限公司,2.5-4万/月,北京-海淀区,3-4年经验,本科,招若干人,05-16发布,
算法工程师（信号处理）(职位编号：001528),北京经纬恒润科技有限公司,1-1.5万/月,北京-海淀区,无工作经验,硕士,招2人,05-16发布,
图像算法工程师,北京迈纳士手术机器人技术股份有限公司,2-4万/月,北京-大兴区,无工作经验,硕士,招1人,05-17发布,五险一金|绩效奖金|股票期权|交通补贴|餐饮补贴|通讯补贴|年终奖金|定期体检|17天春节假
算法工程师,中国移动通信集团设计院有限公司,,北京,无工作经验,硕士,招若干人,05-17发布,
算法工程师,北京国电通网络技术有限公司,1.5-2万/月,北京,3-4年经验,本科,招3人,05-17发布,五险一金|补充医疗保险|餐饮补贴|通讯补贴|年终奖金|定期体检
算法工程师(职位编号：D12189),深圳天源迪科信息技术股份有限公司北京办事处,1.5-2.5万/月,北京-东城区,2年经验,硕士,招2人,05-17发布,五险一金|绩效奖金|年终奖金|股票期权|弹性工作|定期体检|上市公司
00157-Deep CTR预估中高级算法工程师,新浪微博,4-7万/月,北京,3-4年经验,本科,招2人,05-17发布,五险一金|补充医疗保险|补充公积金|免费班车|交通补贴|年终奖金|绩效奖金|通讯补贴|专业培训|餐饮补贴
文档结构识别算法工程师,方正信息产业集团,1.5-2.5万/月,北京-海淀区,2年经验,本科,招3人,05-17发布,
认知技术及算法研究员/软件工程师(北京）,国际商业机器（中国）有限公司,,北京,无工作经验,本科,招若干人,05-19发布,
测试实习生(J10973),北京河狸家信息技术有限公司,2-4千/月,北京-朝阳区,无工作经验,本科,招5人,05-19发布,弹性工作|团队氛围好|有导师带|发展空间
高级遥感算法专家,北京华宇泰聚科技有限公司,4-5万/月,北京-海淀区,3-4年经验,博士,招1人,05-19发布,节日福利|带薪年假|五险一金|绩效奖金
互联网安全数据挖掘工程师,上海欣方智能系统有限公司,1.8-3.5万/月,北京-海淀区,3-4年经验,硕士,招2人,05-19发布,五险一金|补充医疗保险|员工旅游|餐饮补贴|年终奖金|专业培训|定期体检
研发工程师（C/C++/LabVIEW）,北京中科泛华测控技术有限公司,1-1.5万/月,北京-海淀区,3-4年经验,本科,招1人,05-19发布,五险一金|补充医疗保险|餐饮补贴|绩效奖金|定期体检
In-vehicle Development Engineer,高深智图（广州）科技有限公司,4-6万/月,北京-朝阳区,1年经验,本科,招2人,05-19发布,
高级软件研发工程师,北京几何科技有限公司,2-4万/月,北京-朝阳区,5-7年经验,本科,招若干人,05-19发布,五险一金|补充医疗保险|定期体检|员工旅游|股票期权|弹性工作
算法科学家,阿呆科技（北京）有限公司,5-7万/月,北京-朝阳区,3-4年经验,硕士,招1人,05-20发布,五险一金|补充医疗保险|员工旅游|专业培训|餐饮补贴|交通补贴|绩效奖金|年终奖金
信息安全-软件开发工程师（算法）-005,北京中油瑞飞信息技术有限责任公司,3-5万/月,北京,3-4年经验,本科,招1人,05-20发布,五险一金|补充医疗保险|交通补贴|餐饮补贴|通讯补贴|专业培训|绩效奖金|年终奖金|定期体检|免费班车
NLP算法工程师(职位编号：10064852),海尔家电产业集团,15-20万/年,北京,无工作经验,本科,招1人,05-19发布,
机器学习算法工程师,北京四海华辰科技有限公司,2-3.5万/月,北京-大兴区,无工作经验,本科,招2人,05-19发布,五险一金|员工旅游|交通补贴|餐饮补贴|通讯补贴|专业培训|绩效奖金|年终奖金
图像处理算法工程师,北京唯迈医疗设备有限公司,1-2万/月,北京-大兴区,1年经验,本科,招1人,05-20发布,五险一金|补充医疗保险|交通补贴|餐饮补贴|通讯补贴|专业培训|年终奖金|定期体检|带薪假期|节日福利
算法工程师（北京）,北京睿至大数据有限公司,,北京,无工作经验,硕士,招3人,05-20发布,
算法工程师,绫致时装（天津）有限公司,2-3万/月,北京-朝阳区,3-4年经验,本科,招1人,05-20发布,五险一金|补充医疗保险|年终奖金|专业培训|弹性工作|绩效奖金|通讯补贴
1121AN-视频编解码算法工程师（北京）(职位编号：1121AN),平安科技（深圳）有限公司,2-2.5万/月,北京-朝阳区,3-4年经验,本科,招3人,05-20发布,五险一金|带薪年假|节日福利
AI算法工程师,北京嘉楠捷思信息技术有限公司,2-2.5万/月,北京-海淀区,3-4年经验,本科,招1人,05-20发布,五险一金|补充医疗保险|年终奖金|弹性工作|定期体检|股票期权|老板nice|氛围happy
CSIG16-自动驾驶点云感知算法工程师（北京）(职位编号：49165),深圳市腾讯计算机系统有限公司,,北京,2年经验,硕士,招1人,05-20发布,
推荐算法工程师,网易集团,2-2.5万/月,杭州-滨江区,1年经验,硕士,招若干人,05-20发布,餐饮补贴
自然语言算法工程师(职位编号：vivo002652),vivo智能手机（维沃移动通信有限公司）,4-5万/月,杭州-西湖区,5-7年经验,本科,招10人,05-20发布,
大数据算法工程师,北京中创信测科技股份有限公司,1.5-2万/月,北京-海淀区,3-4年经验,本科,招1人,05-20发布,五险一金|补充医疗保险|餐饮补贴|年终奖金|定期体检
高级算法工程师,北京康邦科技有限公司,2-2.5万/月,北京-海淀区,3-4年经验,本科,招2人,05-20发布,五险一金|交通补贴|餐饮补贴|通讯补贴|专业培训|绩效奖金|年终奖金|定期体检
三维重建算法工程师,深圳市嘉骏实业有限公司,2-2.5万/月,北京-海淀区,1年经验,本科,招1人,05-20发布,五险一金|员工旅游|出国机会
数据治理平台架构师,北京联海信息系统有限公司,1-1.5万/月,北京-石景山区,2年经验,硕士,招若干人,04-23发布,五险一金|交通补贴|餐饮补贴|年终奖金|定期体检
算法工程师—19届（全国）,北京亚控科技发展有限公司,15-25万/年,北京,无工作经验,硕士,招10人,05-20发布,五险一金|餐饮补贴|定期体检|绩效奖金|年终奖金|周末双休|带薪年假|节日福利
实习生/管培生,中国汽车技术研究中心数据资源中心,1-1千/月,天津-东丽区,无工作经验,硕士,招若干人,04-23发布,五险一金|包食宿
数据挖掘工程师(职位编号：2019-08),北京万方软件有限公司,1.2-2万/月,北京,无工作经验,本科,招1人,04-27发布,五险一金|交通补贴|餐饮补贴|通讯补贴|定期体检|带薪年假|住房补贴|绩效奖金|节日福利|补充医疗保险
DSP信号处理工程师,北京市万格数码通讯科技有限公司,1.5-3万/月,北京,2年经验,本科,招3人,04-28发布,做五休二|周末双休|带薪年假|五险一金|全勤奖|交通补贴|通讯补贴|节日福利
大数据高级分析师,北京市朝阳区规划艺术馆,6-8千/月,北京-朝阳区,3-4年经验,本科,招若干人,04-29发布,
C++高级开发工程师,北京智造宝科技有限公司,1-2万/月,北京-朝阳区,2年经验,本科,招若干人,04-29发布,五险一金|免费班车|员工旅游|专业培训|出国机会|绩效奖金|年终奖金|股票期权|弹性工作
算法工程师,威创集团股份有限公司,2-4万/月,北京-朝阳区,3-4年经验,本科,招1人,05-20发布,五险一金|绩效奖金|弹性工作|大牛带队|试用期全额
图像算法工程师,北京华开领航科技有限责任公司,2-4万/月,北京-昌平区,5-7年经验,本科,招3人,05-20发布,五险一金|餐饮补贴|弹性工作|定期体检|年终奖金|通讯补贴|带薪年假
ISP算法工程师,北京文安智能技术股份有限公司,1.5-2万/月,北京,3-4年经验,硕士,招1人,05-20发布,五险一金|补充医疗保险|餐饮补贴|绩效奖金|年终奖金|定期体检
算法工程师(全景拼接方向),珠海市四维时代网络科技有限公司,2-3万/月,珠海-珠海高新区,3-4年经验,本科,招1人,05-20发布,五险一金|免费班车|员工旅游|出国机会|年终奖金|定期体检|优质宿舍|每日水果零食|免费饮料供应|专业培训
高级导航算法工程师,北京众星智能科技有限责任公司,0.8-1.5万/月,北京-大兴区,3-4年经验,本科,招1人,05-20发布,股票期权|弹性工作|五险|项目奖金|每年多次调薪|节日福利|绩效奖金
C++算法工程师,北京凯视佳光电设备有限公司,1.5-2.5万/月,北京-海淀区,3-4年经验,本科,招1人,05-20发布,五险一金|员工旅游|餐饮补贴|定期体检|工作居住证|周末双休|8小时工时
广告算法工程师,Adhub（钧云）,1.5-2.5万/月,北京-朝阳区,3-4年经验,本科,招2人,05-20发布,五险一金|年底双薪|带薪年假|绩效奖金|通讯补贴|交通补贴|定期体检|年终奖金
高级算法工程师（算法专家）(职位编号：395809),宏图瀛通（广州）人力资源有限公司,50-100万/年,广州,无工作经验,本科,招6人,05-20发布,带薪年假|全勤奖|节日福利|专业培训|绩效奖金|免费班车|弹性工作|加班补贴|周末双休|餐饮补贴
图像算法工程师（读码或定位）(0724),凌云光技术集团光纤仪器与器件事业部,2-3.5万/月,北京-海淀区,无工作经验,本科,招1人,05-20发布,补充医疗保险|免费班车|绩效奖金|年终奖金|股票期权
图像算法工程师（嵌入式方向）,凌云光技术集团视觉器件业务部,2-3万/月,北京-海淀区,2年经验,硕士,招1人,05-20发布,五险一金|补充医疗保险|餐饮补贴|通讯补贴|绩效奖金|股票期权|弹性工作|定期体检
软件高级工程师—算法开发,记忆科技（深圳）有限公司,20-40万/年,北京-海淀区,3-4年经验,本科,招2人,05-20发布,五险一金|补充医疗保险|员工旅游|专业培训|通讯补贴|餐饮补贴|绩效奖金|弹性工作|定期体检|年终奖金
统计学习开发实习生,北京思路创新科技有限公司,3-4.5千/月,北京-海淀区,无工作经验,硕士,招2人,05-20发布,五险一金|通讯补贴|年终奖金|绩效奖金|定期体检|节日福利
机器算法实习生,北京睿科伦智能科技有限公司,200元/天,北京-海淀区,无工作经验,硕士,招1人,05-20发布,节日福利|专业培训|弹性工作|免费饮料|做五休二|绩效奖金|带薪年假|五险一金
视觉工程师,苏州艾利特机器人有限公司,2-2.5万/月,苏州-工业园区,5-7年经验,本科,招2人,05-20发布,五险一金|专业培训|交通补贴|弹性工作|餐饮补贴
语音识别工程师-帝派,北京神州泰岳软件股份有限公司,1.3-2.5万/月,北京,2年经验,本科,招1人,05-20发布,五险一金|补充医疗保险|餐饮补贴|定期体检
能效管理实习生(尽快入职）,施耐德电气（中国）有限公司,,北京,无工作经验,本科,招1人,05-20发布,
控制软件研发工程师,廊坊纽特科技有限公司,0.7-1.5万/月,廊坊,无工作经验,硕士,招4人,05-20发布,五险一金|员工旅游|年终奖金|周末双休|法定假期|团建聚餐|节日福利|加班补贴
数据分析师,广州市海捷计算机科技有限公司,2-2.5万/月,北京,3-4年经验,本科,招1人,05-20发布,
C++开发工程师,北京美科艺数码科技发展有限公司,0.8-1.2万/月,北京-海淀区,2年经验,大专,招2人,05-20发布,五险一金|餐饮补贴|定期体检|带薪年假
AI数据工程师,神州灵云（北京）科技有限公司,2-2.5万/月,北京-朝阳区,2年经验,本科,招1人,05-20发布,五险一金|绩效奖金|定期体检
姿轨控算法工程师,银河航天（北京）通信技术有限公司,2.5-3万/月,北京-海淀区,5-7年经验,本科,招1人,04-28发布,五险一金|补充医疗保险|员工旅游|专业培训|定期体检|弹性工作|年终奖金|股票期权
高级图像算法工程师,广东微模式软件股份有限公司,4-7万/月,北京,3-4年经验,硕士,招2人,04-29发布,五险一金|餐饮补贴|通讯补贴|定期体检|绩效奖金|年终奖金|股票期权|交通补贴|员工旅游
硬件算法工程师,福建省万物智联科技有限公司,1-2万/月,泉州,无工作经验,本科,招2人,04-29发布,五险一金|带薪年假|节日福利|下午茶|包吃住
雷达算法工程师,北京中科海讯数字科技股份有限公司,1.5-2万/月,北京,1年经验,硕士,招1人,04-30发布,补充医疗保险|五险一金|交通补贴|餐饮补贴|定期体检|年终奖金|专业培训|绩效奖金
图像算法工程师,杭州永创智能设备股份有限公司,1-2.5万/月,北京,无工作经验,本科,招若干人,05-03发布,五险一金|通讯补贴|年终奖金|绩效奖金|专业培训|出国机会
算法工程师,北京欣博电子科技有限公司,1.5-3万/月,北京-海淀区,3-4年经验,硕士,招1人,05-03发布,五险一金|年终奖金|补充医疗保险|交通补贴|弹性工作|定期体检|绩效奖金|全额公积金|带薪年假
机器学习图像算法工程师,北京天下图空间信息技术有限公司,1.5-3万/月,北京-西城区,1年经验,硕士,招1人,05-03发布,五险一金|餐饮补贴|通讯补贴|年终奖金|定期体检
气象算法工程师(J10554),朗新科技股份有限公司,1-1.5万/月,北京-朝阳区,无工作经验,本科,招2人,05-04发布,五险一金|补充医疗保险|补充公积金|年终奖金|定期体检
物体识别算法工程师,北京华捷艾米科技有限公司,1.5-3万/月,北京-海淀区,3-4年经验,硕士,招2人,05-05发布,五险一金|交通补贴|员工旅游|餐饮补贴|通讯补贴|绩效奖金|年终奖金
算法工程师,清华大学微电子学研究所,1.5-3万/月,北京,无工作经验,本科,招1人,05-05发布,
搜索/推荐算法工程师/专家,北京转转精神科技有限责任公司,2.5-5万/月,北京-海淀区,3-4年经验,本科,招2人,03-25发布,五险一金|补充医疗保险|餐饮补贴|专业培训|绩效奖金|年终奖金|弹性工作|定期体检
图像处理算法工程师,西安中科创星科技孵化器有限公司,1.5-2.5万/月,北京-海淀区,1年经验,硕士,招1人,05-05发布,五险一金|通讯补贴|绩效奖金|弹性工作|年终奖金|股票期权|专业培训
算法工程师,北京必可测科技股份有限公司,1-2万/月,石家庄,3-4年经验,本科,招1人,05-05发布,五险一金|通讯补贴|专业培训|年终奖金|定期体检
NLP算法工程师,北京双泽维度信息技术有限公司,1.2-2.4万/月,北京-朝阳区,3-4年经验,本科,招1人,05-05发布,五险一金|补充公积金|员工旅游|交通补贴|餐饮补贴|年终奖金|定期体检
高级通信算法工程师(职位编号：000352),北京升哲科技有限公司,2-4万/月,北京-朝阳区,无工作经验,本科,招若干人,05-05发布,
算法工程师,北京众荟信息技术股份有限公司,2-4万/月,北京-海淀区,3-4年经验,本科,招2人,03-26发布,五险一金|补充医疗保险|弹性工作|定期体检|绩效奖金
语音识别算法工程师-苏州,北京声智科技有限公司,1.5-3万/月,苏州-工业园区,无工作经验,本科,招若干人,03-26发布,五险一金|补充医疗保险|绩效奖金|弹性工作
算法工程师,天宇正清科技有限公司,2-2.5万/月,珠海-横琴新区,3-4年经验,本科,招若干人,03-27发布,五险一金|员工旅游|包吃住
高级业务算法工程师,瑞幸咖啡（中国）有限公司,2-4万/月,北京,1年经验,本科,招5人,03-27发布,五险一金|餐饮补贴|带薪年假
定位导航算法工程师,北京易控智驾科技有限公司,2.5-5万/月,北京-海淀区,2年经验,硕士,招2人,03-29发布,五险一金|补充医疗保险|餐饮补贴|年终奖金|股票期权|弹性工作|定期体检
深度学习算法工程师,全美测评软件系统（北京）有限公司,1-3万/月,北京-朝阳区,无工作经验,本科,招1人,03-29发布,五险一金|补充医疗保险|餐饮补贴|通讯补贴|绩效奖金|定期体检|股票期权
语音信号处理算法工程师,北京远鉴科技股份有限公司,3-6万/月,北京-海淀区,3-4年经验,硕士,招2人,04-01发布,五险一金|交通补贴|餐饮补贴|年终奖金|员工旅游
深度学习算法工程师,四川艾科纳网络科技有限公司,3-4万/月,北京-西城区,3-4年经验,大专,招1人,03-30发布,
自动驾驶地图与路径规划算法工程师,奥腾思格玛（中国）集团有限公司,2-2.5万/月,北京,3-4年经验,本科,招1人,04-01发布,五险一金|通讯补贴|定期体检|免费班车|周末双休|带薪年假|节日福利|年终奖金
C++图像算法工程师J11171,北京北大方正电子有限公司,1-1.5万/月,北京-海淀区,2年经验,本科,招若干人,04-02发布,五险一金|餐饮补贴|绩效奖金|周末双休|带薪年假|免费班车|体检
算法工程师,北京中经惠众科技有限公司,1.5-3万/月,北京-西城区,2年经验,大专,招2人,04-04发布,五险一金|通讯补贴|弹性工作|员工旅游
图像算法工程师,北京合力联创科技有限公司,3-5万/月,北京,3-4年经验,大专,招2人,04-07发布,
高级数据算法工程师(001317)(职位编号：rong360001317),北京融七牛信息技术有限公司,3-5万/月,北京,3-4年经验,本科,招2人,04-08发布,
推荐算法工程师(职位编号：27987),字节跳动,2-3万/月,北京,无工作经验,本科,招20人,05-20发布,六险一金|弹性工作|免费三餐|租房补贴|休闲下午茶|扁平管理|健身瑜伽|过亿用户|职业大牛|晋升空间
图像视觉算法工程师,元橡科技（北京）有限公司,1.5-3万/月,北京-海淀区,2年经验,硕士,招5人,05-20发布,定期体检|弹性工作|年终奖金|补充医疗保险|五险一金|员工旅游|餐饮补贴|交通补贴
系统测试岗,光大永明人寿保险有限公司,0.8-1万/月,北京-丰台区,3-4年经验,本科,招5人,05-20发布,周末双休|带薪年假|五险一金|节日福利|补充医疗保险|定期体检|企业年金
(500强企业在华研发中心)语音识别研究员-JP2828,大连博科人才有限公司,1.5-2万/月,北京,3-4年经验,硕士,招2人,05-20发布,
视觉感知算法工程师,北京停简单信息技术有限公司,2.5-3万/月,北京,无工作经验,硕士,招若干人,05-13发布,
嵌入式软件工程师,重庆九洲星熠导航设备有限公司,15-30万/月,绵阳,无工作经验,本科,招2人,04-15发布,五险一金|补充医疗保险|通讯补贴|定期体检|餐饮补贴|交通补贴|绩效奖金|年终奖金|专业培训
风控算法专家,苏宁易购集团股份有限公司,3-4.5千/月,南京,5-7年经验,本科,招1人,05-15发布,免费班车|餐饮补贴|通讯补贴|交通补贴|年终奖金|双休|五险一金
大数据科学家,广东省广告集团股份有限公司,5-7万/月,广州-海珠区,5-7年经验,硕士,招1人,05-16发布,五险一金|员工旅游|交通补贴|专业培训|餐饮补贴
推荐算法工程师 (MJ001620),欢聚时代（多玩YY）,2.5-5万/月,广州-番禺区,3-4年经验,硕士,招10人,05-13发布,
控制和算法工程师,尚一盛世（北京）科技有限公司,1.5-2.5万/月,北京-海淀区,无工作经验,硕士,招3人,05-14发布,
算法工程师(J10127),好车酷酷二手车经纪（天津）有限公司,1.5-2万/月,北京-海淀区,3-4年经验,本科,招若干人,05-14发布,
无人驾驶策略与规划算法工程师,纵目科技（上海）股份有限公司,40-50万/年,北京-昌平区,无工作经验,本科,招1人,05-14发布,五险一金|补充医疗保险|补充公积金|绩效奖金|弹性工作|定期体检|年终奖金
生物信息算法工程师(职位编号：002610),北京贝瑞和康生物技术有限公司,1-2万/月,北京-昌平区,无工作经验,本科,招若干人,05-14发布,五险一金|补充医疗保险|弹性工作|餐饮补贴|交通补贴|专业培训|定期体检|通讯补贴|免费班车
高级图像算法工程师,湖北微模式科技发展有限公司,4-7万/月,北京-海淀区,3-4年经验,硕士,招5人,05-14发布,五险一金|股票期权|年终奖金|带薪年假|弹性工作|绩效奖金|专业培训
视频分析算法工程师,中企恒达（北京）科技有限公司,2-2.5万/月,北京-海淀区,3-4年经验,本科,招1人,05-14发布,
图像算法工程师,亿阳信通股份有限公司,2-4万/月,北京,2年经验,硕士,招若干人,05-14发布,五险一金|通讯补贴|定期体检|专业培训|补充医疗保险
图像处理算法工程师,中科慧远视觉技术（洛阳）有限公司,1-2万/月,北京-海淀区,无工作经验,硕士,招5人,05-17发布,五险一金|补充医疗保险|员工旅游|专业培训|绩效奖金|定期体检|交通补贴|年终奖金|弹性工作
算法工程师(职位编号：yoho001238),YOHO!有货（江苏）商贸服务有限公司,2.5-3万/月,北京-朝阳区,3-4年经验,本科,招1人,05-17发布,
基带算法工程师（校招）,北京理工雷科电子信息技术有限公司,1-1.5万/月,北京,无工作经验,硕士,招若干人,05-17发布,五险一金|补充医疗保险|交通补贴|餐饮补贴|通讯补贴|绩效奖金|弹性工作|定期体检
算法工程师,北京亿美软通科技有限公司,1.5-3万/月,北京,3-4年经验,本科,招1人,05-17发布,五险一金|带薪年假|绩效奖金|餐饮补贴|免费班车
导航算法工程师,坎德拉（深圳）科技创新有限公司,1.5-3万/月,北京-海淀区,无工作经验,硕士,招2人,05-17发布,
3A算法工程师-北京,北京小鱼易连科技有限公司,1-2.5万/月,北京-朝阳区,3-4年经验,本科,招1人,05-17发布,五险一金|餐饮补贴|通讯补贴|年终奖金|股票期权|弹性工作|定期体检
算法工程师,北京明朝万达科技股份有限公司,1.2-2.4万/月,北京-海淀区,3-4年经验,博士,招1人,05-17发布,五险一金|绩效奖金|专业培训|定期体检|员工旅游
计算机视觉算法工程师,北京信驰投资顾问有限公司,1.5-3万/月,北京-朝阳区,2年经验,硕士,招1人,05-17发布,弹性工作|交通补贴|五险一金
算法组算法工程师/专家,美团点评,2-4万/月,北京-朝阳区,无工作经验,本科,招若干人,05-17发布,五险一金|补充医疗保险|免费班车|专业培训|餐饮补贴|年终奖金|股票期权|弹性工作|定期体检|健身房
算法工程师（图像）(J12080),作业帮教育科技（北京）有限公司,2.5-5万/月,北京-海淀区,2年经验,硕士,招1人,05-17发布,
大数据开发工程师,成都达奥防务科技有限公司北京分公司,0.8-1万/月,北京-大兴区,2年经验,本科,招1人,05-15发布,
高级数据挖掘工程师,北京凤凰学易科技有限公司,2.5-4万/月,北京-房山区,3-4年经验,本科,招2人,05-16发布,员工旅游|绩效奖金|专业培训|全勤奖|周末双休|五险一金|免费班车|餐饮补贴|定期体检|通讯补贴
博士后研究员,苏州中科先进技术研究院有限公司,20-25万/年,苏州-工业园区,无工作经验,博士,招1人,05-20发布,年终奖金|餐饮补贴|做五休二|周末双休|商业保险|六险一金|员工旅游|专业培训|定期体检|绩效奖金
人工智能研发工程师,飞救医疗科技（北京）有限公司,2-3万/月,北京-海淀区,3-4年经验,本科,招1人,05-20发布,五险一金|绩效奖金|年终奖金|弹性工作
国企振动声学算法研发工程师,北京双高志信人力资源有限公司,0.7-1.5万/月,北京-海淀区,无工作经验,硕士,招若干人,05-20发布,弹性工作|专业培训
国图像识别工程师,北京市精诚兴信息有限责任公司,0.7-1万/月,北京-海淀区,无工作经验,硕士,招3人,05-16发布,做五休二|节日福利|年终奖金|五险一金|补充医疗保险|包住
阿里文娱-推荐算法专家（AC）-国际信息流(职位编号：GP058370),阿里巴巴集团,,北京,5-7年经验,硕士,招2人,05-20发布,
算法研究员,北京清软创新科技股份有限公司,1.5-2万/月,北京,无工作经验,硕士,招1人,05-20发布,五险一金|餐饮补贴|通讯补贴|专业培训|定期体检|带薪年假
C++软件工程师,北京博视智动技术有限公司,1.5-2万/月,北京-丰台区,无工作经验,本科,招20人,05-20发布,五险一金|补充医疗保险|交通补贴|餐饮补贴|通讯补贴|年终奖金|定期体检
机器学习策略开发,广州恒毅投资管理有限公司,0.5-1.5万/月,北京-海淀区,2年经验,本科,招1人,05-20发布,做五休二|周末双休|弹性工作|节日福利|餐饮补贴|交通补贴|五险一金
算法工程师（医疗AI）,通用环球医疗集团有限公司,2.5-5万/月,北京-西城区,无工作经验,博士,招1人,05-20发布,五险一金|补充医疗保险|补充公积金|交通补贴|通讯补贴|绩效奖金|弹性工作|年终奖金|定期体检
音频算法工程师,北京君正集成电路股份有限公司,0.9-1.5万/月,北京,2年经验,本科,招1人,05-20发布,周末双休|带薪年假|五险一金|节日福利|健康体检|餐饮补贴|年终奖金
算法工程师,深圳市威富视界有限公司,2.5-4万/月,北京-海淀区,5-7年经验,本科,招若干人,05-20发布,五险一金|餐饮补贴|员工宿舍
2019非北京生源毕业生引进--算法工程师,北京中盾安民分析技术有限公司,1-1.5万/月,北京-昌平区,无工作经验,硕士,招若干人,05-20发布,五险一金|绩效奖金|定期体检|上下班班车
算法工程师（Java/Scala/Python/R方向）,北京中能博泰科技有限公司,1.5-3万/月,北京-海淀区,3-4年经验,硕士,招3人,05-20发布,五险一金|弹性工作
研发管培生（Java开发/C++开发/算法工程师）,上海天跃科技股份有限公司,1-1.5万/月,上海,无工作经验,本科,招10人,05-20发布,五险一金|员工旅游|餐饮补贴|专业培训|绩效奖金|定期体检
高级算法工程师,洛伦兹（北京）科技有限公司,3-5万/月,北京-昌平区,1年经验,硕士,招若干人,05-20发布,五险一金|出国机会|绩效奖金|股票期权|员工旅游|专业培训|年终奖金
深度学习算法工程师,北京盛德信联科技有限公司,1-3万/月,北京-朝阳区,无工作经验,硕士,招10人,05-20发布,五险一金|交通补贴|餐饮补贴|通讯补贴|绩效奖金|年终奖金|弹性工作
高级/资深3D定位与重建算法工程师/专家,广州小鹏汽车科技有限公司,2-5万/月,北京-海淀区,3-4年经验,硕士,招5人,05-20发布,年终奖金|餐饮补贴|弹性工作|五险一金
AI专家,新奥生态控股股份有限公司,3-5万/月,廊坊,3-4年经验,本科,招若干人,04-29发布,五险一金|免费班车|员工旅游|交通补贴|餐饮补贴|通讯补贴|年终奖金|绩效奖金|定期体检
3D定位与重建算法专家,广州小鹏汽车科技有限公司,40-80万/年,北京-海淀区,2年经验,硕士,招4人,05-05发布,五险一金|股票期权|年终奖金|绩效奖金
安全研究员（初、中、高级）,中电长城网际系统应用有限公司,1-2万/月,北京-海淀区,1年经验,本科,招3人,05-05发布,五险一金|餐饮补贴|通讯补贴|绩效奖金|定期体检
建模分析师,石化盈科信息技术有限责任公司,1-2万/月,北京-朝阳区,2年经验,本科,招1人,05-06发布,补充医疗保险|五险一金|绩效奖金|定期体检|补充公积金|专业培训
APC技术专家（硕/博）,和利时集团,20-40万/年,西安,无工作经验,硕士,招1人,05-06发布,交通补贴|餐饮补贴|通讯补贴|专业培训|年终奖金|定期体检|六险一金|年底双薪|管理扁平|业前景好
大数据工程师,深圳市广道高新技术股份有限公司,0.8-1.2万/月,北京-朝阳区,2年经验,本科,招2人,05-06发布,五险一金|补充医疗保险|员工旅游|全勤奖|绩效奖金
高级视觉算法工程师,中国大恒（集团）有限公司北京图像视觉技术分公司,1.8-3.5万/月,北京-海淀区,3-4年经验,硕士,招3人,05-20发布,补充医疗保险|五险一金|弹性工作|定期体检|专业培训|出国机会|员工旅游|年终奖金
校招—通信系统算法设计工程师,联发科技股份有限公司,25-35万/年,北京-朝阳区,无工作经验,硕士,招1人,05-07发布,五险一金|补充医疗保险|免费班车|年终奖金|绩效奖金|餐饮补贴|定期体检
数据分析师/算法工程师,中智诚征信有限公司,1.3-2.5万/月,北京-西城区,2年经验,本科,招2人,05-20发布,五险一金|周末双休|带薪年假|通讯补贴|交通补贴|餐饮补贴|绩效奖金
3D视觉工程师,房天下,3-6万/月,北京-丰台区,5-7年经验,硕士,招1人,05-08发布,五险一金|补充医疗保险|补充公积金|餐饮补贴|年终奖金
算法工程师/高级工程师,佳能医疗系统（中国）有限公司,1.5-2.5万/月,北京-朝阳区,无工作经验,硕士,招2人,05-20发布,免费班车|弹性工作|五险一金|补充医疗保险|交通补贴|通讯补贴|年终奖金|定期体检|国际交流|专业培训
图像算法工程师,深圳中科飞测科技有限公司,1.5-2.5万/月,北京-海淀区,2年经验,硕士,招1人,05-20发布,
AI算法工程师,北京寻宝天行网络技术有限公司,1-3万/月,北京-朝阳区,无工作经验,硕士,招1人,05-20发布,周末双休|弹性工作|五险一金|免费班车
雷达、算法工程师,北京神州四达科技有限公司,1.5-2.6万/月,北京,2年经验,本科,招3人,05-20发布,五险一金|交通补贴|绩效奖金|年终奖金|通讯补贴|员工旅游|弹性工作|定期体检|周末双休
数据科学家（人工智能/机器学习/算法工程师/大数据平台架构师）（北京）(职位编号：21),亚信科技（中国）有限公司,,北京,无工作经验,本科,招若干人,05-20发布,
图像算法工程师,北京风影车讯科技有限公司,0.8-2万/月,北京-海淀区,2年经验,本科,招2人,05-20发布,五险一金|绩效奖金|年终奖金
算法工程师,北京娜迦信息科技发展有限公司,1.5-3万/月,北京-海淀区,1年经验,硕士,招1人,05-20发布,五险一金|弹性工作|定期体检|年终奖金|员工旅游|专业培训|绩效奖金
图像处理/算法工程师,安徽启迪博清自动化科技有限公司,1.2-2万/月,北京-大兴区,无工作经验,博士,招2人,05-20发布,五险一金|交通补贴|餐饮补贴|绩效奖金|年终奖金|定期体检
图像算法工程师,北京德麦特捷康科技发展有限公司,0.6-1万/月,北京-房山区,1年经验,本科,招2人,05-20发布,五险一金|绩效奖金|定期体检|员工旅游
视觉工程师,北京当升材料科技股份有限公司,1-1.5万/月,北京-通州区,无工作经验,本科,招2人,05-20发布,五险一金|绩效奖金|定期体检|股票期权|带薪年假
算法工程师（物理或数学专业）,北京妙趣横生网络科技有限公司,10-24万/年,北京-朝阳区,无工作经验,本科,招1人,05-20发布,
通信工程师,北京洛神科技有限公司,0.6-1万/月,北京,无工作经验,大专,招2人,05-20发布,
软件工程师（研究生）,北京和协航电科技有限公司,1-2万/月,北京-海淀区,无工作经验,硕士,招3人,05-20发布,五险一金|补充医疗保险|员工旅游|餐饮补贴|绩效奖金|定期体检|年终奖金
FPGA工程师,普源精电科技有限公司,1.2-2.5万/月,北京-海淀区,3-4年经验,本科,招1人,05-20发布,五险一金|年终奖金|专业培训|定期体检
数据分析师,中油龙慧自动化工程有限公司,0.8-1万/月,北京-西城区,无工作经验,本科,招若干人,05-20发布,定期体检|六险一金|年15薪|岗位晋升|餐交通话补|加班调休|带薪年假|有食堂|发展空间大
人工智能,中国兵器装备集团兵器装备研究所,12-16万/年,北京-昌平区,无工作经验,本科,招1人,05-20发布,五险一金|餐饮补贴|定期体检|专业培训|提供单身宿舍
Principal Data Scientist,韩领网络科技（上海）有限公司,4-7万/月,北京-朝阳区,5-7年经验,本科,招1人,05-20发布,五险一金|补充公积金|专业培训|弹性工作|定期体检|年终奖金|出国机会
机器学习工程师,北京文泽智远信息技术有限公司,1-2.5万/月,北京-海淀区,无工作经验,本科,招3人,05-20发布,五险一金|餐饮补贴|年终奖金|绩效奖金
视觉算法工程师 (MJ000025),优奈柯恩（北京）科技有限公司,2-5万/月,北京-海淀区,无工作经验,硕士,招3人,05-05发布,五险一金|出国机会|餐饮补贴|年终奖金|定期体检|股票期权
GPS/GNSS算法工程师(职位编号：NavInfo000741),北京四维图新科技股份有限公司,3-5万/月,北京-海淀区,2年经验,本科,招若干人,05-07发布,五险一金|补充医疗保险|免费班车|员工旅游|专业培训|餐饮补贴|弹性工作|定期体检
图像算法工程师,北京神州天脉网络计算机有限公司,0.8-3万/月,北京,无工作经验,硕士,招若干人,05-07发布,五险一金|员工旅游|交通补贴|年终奖金|绩效奖金|通讯补贴|餐饮补贴
图像算法工程师（实习生）,北京天睿空间科技股份有限公司,4-8千/月,北京-朝阳区,1年经验,硕士,招2人,05-07发布,五险一金|餐饮补贴|通讯补贴|周末双休|定期体检|弹性工作|绩效奖金
AI算法工程师（研发所）,中国移动通信集团设计院有限公司,,北京,2年经验,本科,招若干人,05-07发布,五险一金|补充医疗保险|定期体检|通讯补贴|绩效奖金|年终奖金|专业培训|餐饮补贴|交通补贴
00095-纵向控制算法工程师,北京智行者科技有限公司,2-4万/月,北京-昌平区,2年经验,硕士,招1人,05-08发布,五险一金|弹性工作|定期体检|年终奖金|股票期权|绩效奖金|员工旅游|节日福利|年底双薪|餐补
高级算法工程师,北京完美矩阵智能科技有限公司,2-4万/月,北京-昌平区,3-4年经验,本科,招1人,04-09发布,五险一金|弹性工作|年终奖金
资深算法工程师（医学图像重建/处理）,东软医疗系统股份有限公司,2-2.5万/月,北京-海淀区,5-7年经验,本科,招若干人,04-12发布,
机器视觉算法工程师(000956),中移（杭州）信息技术有限公司,2.5-3万/月,杭州-西湖区,2年经验,本科,招若干人,04-12发布,
大数据算法工程师,北京聚量广告传媒有限公司,2-4万/月,北京-朝阳区,无工作经验,本科,招1人,04-15发布,五险一金|员工旅游|餐饮补贴|定期体检|年终奖金
算法工程师/雷达算法工程师,北京海兰信数据科技股份有限公司,1.5-2.5万/月,北京,无工作经验,本科,招2人,04-15发布,五险一金|补充医疗保险|免费班车|员工旅游|餐饮补贴|绩效奖金|年终奖金|弹性工作|定期体检|出国机会
算法工程师,上海依图网络科技有限公司,1.5-3万/月,上海-长宁区,无工作经验,本科,招5人,04-15发布,
融合决策算法工程师,国汽（北京）智能网联汽车研究院有限公司,1.5-3万/月,北京,3-4年经验,硕士,招1人,04-15发布,
算法工程师-北京-00066,通联数据股份公司,2-3万/月,北京-海淀区,2年经验,本科,招若干人,04-15发布,弹性工作|带薪年假|五险一金|节日福利|餐饮补贴|交通补贴|通讯补贴|专业培训|定期体检|绩效奖金
高级机器学习算法工程师,北京的卢深视科技有限公司,3.5-5万/月,北京-海淀区,3-4年经验,硕士,招2人,04-16发布,五险一金|弹性工作|定期体检|绩效奖金|创业公司|节日福利|带薪年假
AI算法工程师,苏州深析智能科技有限公司天津分公司,1.5-2万/月,天津-静海区,3-4年经验,硕士,招10人,04-17发布,五险一金|免费班车|员工旅游|餐饮补贴|通讯补贴|专业培训|绩效奖金|年终奖金
NLP算法工程师,软通动力信息技术（集团）有限公司,1.2-3万/月,北京,3-4年经验,本科,招1人,05-06发布,五险一金|弹性工作|定期体检|免费班车
机器学习算法工程师,阳光保险集团股份有限公司,2.5-3万/月,北京-朝阳区,无工作经验,硕士,招若干人,05-10发布,五险一金|补充医疗保险|员工旅游|绩效奖金|年终奖金|弹性工作|定期体检|节日福利|带薪年假病假|父母赡养津贴
算法工程师（实习/PaaS）,北京北森云计算股份有限公司,3-4.5千/月,北京-海淀区,无工作经验,硕士,招若干人,05-15发布,
算法工程师(J10638),北京天融信科技有限公司,4-6千/月,北京,无工作经验,硕士,招5人,05-16发布,五险一金|补充医疗保险|交通补贴|餐饮补贴|年终奖金|定期体检
Paxos算法工程师,西安格蒂电力有限公司,5-8万/月,北京-朝阳区,5-7年经验,本科,招1人,04-09发布,五险一金|周末双休|节日福利|带薪年假|交通补贴|餐饮补贴|通讯补贴|绩效奖金|年终奖金|定期体检
视觉算法工程师,嘉兴驭光光电科技有限公司,1.5-3万/月,北京-海淀区,1年经验,本科,招1人,05-14发布,年终奖金|餐饮补贴|弹性工作|五险一金
高级算法工程师,北京优仕一方商务咨询有限公司,2.5-4.5万/月,北京-朝阳区,2年经验,硕士,招1人,05-14发布,
音频算法工程师,北京快鱼电子股份公司,2-4万/月,北京,2年经验,硕士,招2人,05-15发布,五险一金|带薪年假|弹性工作|周末双休|节日福利|交通补贴|高温补贴|通讯补贴|餐饮补贴
无人机控制算法工程师（飞控）,北京泊松技术有限公司,1.5-2万/月,北京-海淀区,3-4年经验,硕士,招1人,05-15发布,
图像算法工程师,维看科技（北京）有限公司,2-2.5万/月,北京-顺义区,2年经验,硕士,招1人,05-15发布,周末双休|加班补贴|五险一金|带薪年假|全勤奖
超声波算法工程师,北京易航远智科技有限公司,2.5-3万/月,苏州-工业园区,3-4年经验,本科,招若干人,05-15发布,
算法工程师（ZY-T-20190326-X5）0865(职位编号：TAIJI000865),太极计算机股份有限公司,1-1.5万/月,北京-朝阳区,无工作经验,本科,招若干人,05-15发布,五险一金|餐饮补贴|通讯补贴|专业培训|定期体检|补充医疗保险
模型算法工程师,北京华泰安信科技有限公司,2-2.5万/月,北京-海淀区,无工作经验,本科,招若干人,05-15发布,
算法工程师-图像分割,北京融通智慧科技有限公司,2-4万/月,北京-丰台区,5-7年经验,硕士,招5人,05-16发布,年终奖金|餐饮补贴|定期体检|五险|专业培训
算法工程师,创新奇智（南京）科技有限公司,3-4万/月,南京-栖霞区,无工作经验,博士,招若干人,05-15发布,五险一金|补充医疗保险|餐饮补贴|通讯补贴|专业培训|弹性工作|年终奖金|定期体检
算法工程师,上海优加利健康管理有限公司,1-2万/月,北京-昌平区,2年经验,硕士,招2人,05-17发布,五险一金|餐饮补贴|员工旅游
声纹识别算法工程师（高级/中级/资深/科学家）,上海优猎网络科技有限公司,30-60万/年,深圳-南山区,3-4年经验,本科,招若干人,05-15发布,
图像算法工程师,北京文通科技有限公司,1.5-2万/月,北京-海淀区,1年经验,硕士,招1人,05-17发布,五险一金|员工旅游|交通补贴|年终奖金|绩效奖金|专业培训|通讯补贴|定期体检
大数据算法工程师,合肥欣奕华智能机器有限公司,2-5万/月,北京-大兴区,3-4年经验,硕士,招3人,05-17发布,五险一金|免费班车|绩效奖金|年终奖金|通讯补贴|定期体检
AI算法工程师,上海高重信息科技有限公司,3-5万/月,北京-海淀区,3-4年经验,硕士,招若干人,05-17发布,五险一金|专业培训|年终奖金|定期体检
图像算法工程师,启迪云控(北京)科技有限公司,1-1.5万/月,北京-海淀区,3-4年经验,本科,招1人,05-17发布,
算法工程师-机器人智能控制,中国科学院自动化研究所,1-1.5万/月,北京-海淀区,2年经验,硕士,招2人,05-17发布,五险一金|定期体检|年终奖金
大数据开发工程师,北京博思致新互联网科技有限责任公司,1-1.5万/月,北京,2年经验,本科,招1人,05-16发布,五险一金|交通补贴|餐饮补贴|通讯补贴|年终奖金|节日福利|带薪年假
模型算法工程师(J10266),北京腾云天下科技有限公司,2-4万/月,北京,5-7年经验,本科,招1人,05-17发布,水果早餐|补充医疗保险|绩效奖金|定期体检|专业培训
图像算法工程师（赴微软）,上海微创软件股份有限公司,1-1.5万/月,北京,1年经验,本科,招2人,05-17发布,五险一金|补充医疗保险|免费班车|弹性工作|定期体检|绩效奖金|年终奖金|专业培训|员工旅游|节日福利
AI算法工程师,长沙海格北斗信息技术有限公司,3-4万/月,北京-海淀区,3-4年经验,本科,招2人,05-17发布,五险一金|餐饮补贴|定期体检|年终奖金|绩效奖金|周末双休|带薪年假
算法工程师,北京长峰科威光电技术有限公司,1-2.5万/月,北京-海淀区,1年经验,本科,招2人,05-17发布,补充医疗保险|交通补贴|专业培训|年终奖金|定期体检|五险一金|免费食堂|员工宿舍
AI研发工程师,北京童程童美科技有限公司,2-3万/月,北京-海淀区,1年经验,本科,招1人,05-16发布,
医学图像算法开发工程师,北京心联光电科技有限公司,1.2-2万/月,北京-海淀区,2年经验,硕士,招2人,05-16发布,
计算机视觉算法研究员,新华网股份有限公司,2.2-2.9万/月,北京-西城区,无工作经验,硕士,招1人,05-17发布,五险一金|餐饮补贴|通讯补贴|补充医疗保险|定期体检|专业培训|绩效奖金|年终奖金
自然语言处理工程师,北京中知智慧科技有限公司,0.6-1万/月,北京-海淀区,无工作经验,硕士,招1人,05-17发布,五险一金|绩效奖金|定期体检|餐饮补贴
软件工程师-云计算技术方向,北京左江科技股份有限公司,2-3.5万/月,北京,3-4年经验,本科,招5人,05-17发布,五险一金|餐饮补贴|交通补贴|绩效奖金|定期体检|员工旅游|专业培训|年终奖金|技术大牛|导师
软件开发工程师,北京智宸天驰科技有限公司,1-1.5万/月,北京-海淀区,1年经验,本科,招1人,05-17发布,周末双休|五险一金|交通补贴|餐饮补贴|通讯补贴|年终奖金
大数据相关算法、需求、数据分析（2019年应届生）,中国软件与技术服务股份有限公司,0.8-1万/月,北京-丰台区,无工作经验,本科,招若干人,05-20发布,五险一金|专业培训|通讯补贴|定期体检|年终奖金
高级Java软件开发工程师,北京众谊越泰科技有限公司,1.6-2.2万/月,北京-朝阳区,5-7年经验,本科,招1人,05-20发布,五险一金|交通补贴|通讯补贴|年终奖金
光学专家/科学家（AI AOI）,昆山希盟自动化科技有限公司,2-4万/月,昆山,5-7年经验,硕士,招若干人,05-20发布,五险一金|员工旅游|绩效奖金|年终奖金|股票期权|餐饮补贴|通讯补贴
AI实习生,北京中科大洋科技发展股份有限公司,150元/天,北京-海淀区,无工作经验,硕士,招1人,05-20发布,
高级FPGA软件研发工程师(职位编号：XISTBJ-RD001),西安智多晶微电子有限公司,1.5-3万/月,北京,无工作经验,本科,招2人,05-20发布,弹性工作|餐饮补贴
系统图像算法研发工程师,北京微视新纪元科技有限公司,0.8-1万/月,北京,3-4年经验,硕士,招若干人,05-20发布,
自然语言/NLP专家(欢迎高校老师合作),火石创造（医健产业大数据）,30-60万/年,北京-西城区,3-4年经验,硕士,招2人,05-20发布,五险一金|通讯补贴|专业培训|员工旅游|年终奖金|绩效奖金|交通补贴|餐饮补贴|定期体检
产品经理（机器视觉）,北京鉴衡认证中心有限公司,0.8-1.2万/月,北京-朝阳区,无工作经验,硕士,招1人,05-20发布,五险一金|补充医疗保险|员工旅游|交通补贴|餐饮补贴|通讯补贴|绩效奖金|出国机会|年终奖金|定期体检
信号处理工程师,北京寰宇声望智能科技有限公司,0.8-1.6万/月,北京-海淀区,无工作经验,硕士,招2人,05-20发布,五险一金|弹性工作|年终奖金|绩效奖金|餐饮补贴|股票期权
算法工程师,北京标融科技发展有限公司,1-2.5万/月,北京-海淀区,2年经验,本科,招1人,05-20发布,五险一金|交通补贴|餐饮补贴|年终分红|包住|带薪年假|弹性工作|定期体检
图像处理及深度学习工程师,航天图景（北京）科技有限公司,1.3-1.8万/月,北京-顺义区,1年经验,本科,招1人,05-08发布,五险一金|交通补贴|餐饮补贴|绩效奖金|免费住宿
数据建模工程师（CSZN1-lp）,北京东方国信科技股份有限公司,1-1.5万/月,北京,2年经验,本科,招8人,05-09发布,五险一金|年终奖金|定期体检|员工旅游|专业培训|餐饮补贴
CAE研发工程师（高/低频电磁场）,英特工程仿真技术（大连）有限公司,0.8-1.6万/月,大连-高新园区,无工作经验,硕士,招5人,05-10发布,五险一金|员工旅游|交通补贴|绩效奖金|年终奖金|股票期权|定期体检|通讯补贴|餐饮补贴
算法研发工程师,北京华安天诚科技有限公司,1.5-2万/月,北京-海淀区,2年经验,硕士,招5人,05-11发布,
图像算法工程师(给北京户口）,北京尚水信息技术股份有限公司,6-8千/月,北京-海淀区,无工作经验,硕士,招2人,05-20发布,五险一金|补充医疗保险|员工旅游|餐饮补贴|通讯补贴|专业培训|绩效奖金|年终奖金|弹性工作|定期体检
图像处理工程师,北京中软融通科技有限公司,0.7-1.5万/月,北京,无工作经验,本科,招1人,05-20发布,五险一金|通讯补贴
机器学习工程师,北京中环信科科技股份有限公司,1.5-2万/月,北京,无工作经验,本科,招2人,05-20发布,五险一金|餐饮补贴|弹性工作
算法研发工程师,北京坦达联轩控制技术有限公司,1.2-2.4万/月,北京-海淀区,无工作经验,硕士,招3人,05-20发布,
数据开发工程师,北京科拉斯科技有限公司,1-1.5万/月,北京,5-7年经验,本科,招3人,05-20发布,带薪年假|节日福利|绩效奖金|工作餐|专业培训|出国机会|定期体检|通讯补贴|五险一金|补充医疗保险
算法工程师,北京川速微波科技有限公司,20-40万/年,北京-海淀区,2年经验,本科,招若干人,05-08发布,五险一金|补充医疗保险|员工旅游|定期体检|年终奖金|餐饮补贴
算法开发工程师(职位编号：keypower000395),北京科易动力科技有限公司,0.8-1万/月,北京-海淀区,3-4年经验,本科,招2人,05-20发布,
图像算法工程师,北京易泊时代科技有限公司,1.5-2万/月,北京-朝阳区,1年经验,硕士,招2人,05-09发布,
广告算法工程师,游瑞世纪（北京）管理咨询有限公司,3-5万/月,北京-海淀区,3-4年经验,硕士,招3人,03-20发布,
NLP算法工程师,广州探迹科技有限公司,1.5-3万/月,北京-东城区,5-7年经验,本科,招1人,05-08发布,
感知算法工程师,长春卓之杰信息咨询有限公司,2.5-4.5万/月,北京,无工作经验,硕士,招若干人,05-09发布,年终奖金|专业培训|带薪年假|股票期权|免费零食|免费健身|六险一金
图像算法工程师,北京铁道工程机电技术研究所股份有限公司,1-2万/月,北京,3-4年经验,本科,招2人,05-09发布,五险一金|定期体检|餐饮补贴
高级导航算法工程师,北京臻迪机器人有限公司,2-2.5万/月,北京-昌平区,3-4年经验,硕士,招1人,05-09发布,
视觉算法工程师,唯思科技（北京）有限公司,25-50万/年,北京-海淀区,无工作经验,硕士,招3人,05-09发布,
算法工程师(职位编号：10061586),海尔,10-15万/年,北京-西城区,3-4年经验,本科,招1人,04-17发布,平台机会多
二维CAD几何图形优化算法工程师,北京热刺激光技术有限责任公司,1.5-2万/月,北京-朝阳区,1年经验,本科,招1人,05-09发布,带薪年假|五险一金|节日福利|年终奖金|交通补贴|通讯补贴|餐饮补贴|绩效奖金
（北京）高级NLP算法工程师(职位编号：OPPO001801),OPPO,3-4万/月,北京-朝阳区,无工作经验,本科,招若干人,05-10发布,五险一金|补充医疗保险|免费班车|员工旅游|餐饮补贴|年终奖金|定期体检
算法工程师（视觉、听觉）,北京讷纳渔科技有限公司,18-60万/年,北京-海淀区,5-7年经验,硕士,招若干人,04-18发布,餐饮补贴|绩效奖金|交通补贴|弹性工作|五险一金
高级语音算法工程师,北京德才仕科技有限公司,2-5万/月,北京-海淀区,3-4年经验,硕士,招1人,04-19发布,
智能图像算法工程师(职位编号：J20054),京东方健康投资管理有限公司,1.5-3万/月,北京-大兴区,5-7年经验,硕士,招1人,04-21发布,
slam视觉算法工程师,北京悉见科技有限公司,2-4万/月,北京-海淀区,3-4年经验,硕士,招2人,04-17发布,五险一金|员工旅游|专业培训|出国机会|绩效奖金|年终奖金|股票期权|弹性工作|定期体检
算法工程师,深圳市喂车科技有限公司,1.6-3万/月,北京-东城区,5-7年经验,本科,招1人,04-23发布,五险一金|餐饮补贴|专业培训|绩效奖金|年终奖金|股票期权|弹性工作|定期体检|节日福利|带薪年假
算法工程师,南京英诺森软件科技有限公司,25-50万/月,北京-朝阳区,无工作经验,本科,招2人,05-20发布,五险一金|补充医疗保险|交通补贴|年终奖金|股票期权|定期体检
软件工程硕士实习生,北京逸群工程咨询有限公司,4.5-6千/月,北京,无工作经验,硕士,招1人,03-25发布,五险一金|通讯补贴|定期体检|绩效奖金
水下机器人硬件工程师,北京海科智机器人科技有限公司,1-1.5万/月,北京-海淀区,2年经验,本科,招2人,03-22发布,五险一金|员工旅游|交通补贴|餐饮补贴|通讯补贴|年终奖金|定期体检
大数据工程师 - Pentaho,日立数据管理（中国）有限公司,1.5-2万/月,北京,5-7年经验,本科,招2人,03-25发布,
AI算法工程师,中科星图股份有限公司,2-3万/月,北京-顺义区,无工作经验,本科,招3人,05-16发布,五险一金|补充医疗保险|交通补贴|餐饮补贴|绩效奖金|年终奖金|股票期权|弹性工作|定期体检
自然语言处理算法工程师(对话机器人方向）,北京法宣在线科技有限公司,2-2.5万/月,北京-海淀区,2年经验,本科,招1人,05-16发布,五险一金|员工旅游|交通补贴|年终奖金|专业培训|定期体检
高级算法工程师(视觉\语言\机器学习),深圳市执行力企业管理顾问有限公司,30-70万/年,北京,5-7年经验,本科,招若干人,05-16发布,五险一金|绩效奖金
图像处理算法工程师,广州汉锐渝鑫企业管理咨询有限公司,39-78万/年,北京-朝阳区,无工作经验,本科,招1人,05-16发布,五险一金|餐饮补贴|年终奖金|绩效奖金|补充公积金|专业培训
导航算法工程师,龙铁纵横（北京）轨道交通科技股份有限公司,1.2-2.2万/月,北京,3-4年经验,本科,招1人,05-16发布,五险一金|员工旅游|餐饮补贴|通讯补贴|专业培训|定期体检|年终奖金
软件算法工程师-苏州亿海微,中科九度（北京）空间信息技术有限责任公司,1-2万/月,苏州-工业园区,1年经验,本科,招1人,05-16发布,五险一金|定期体检|餐饮补贴|通讯补贴|交通补贴|绩效奖金|年终奖金
通信算法工程师,清华大学,1.5-3万/月,北京-海淀区,无工作经验,本科,招2人,05-16发布,五险一金|专业培训|通讯补贴|交通补贴|绩效奖金|年终奖金|定期体检|餐饮补贴
深度学习算法工程师,无锡先导智能装备股份有限公司,2-3万/月,无锡,3-4年经验,硕士,招3人,05-16发布,五险一金|通讯补贴|年终奖金|绩效奖金|大牛带队|加薪晋升|弹性工作|包吃|专业培训
算法工程师,北京信安世纪科技股份有限公司,20-30万/年,北京-西城区,2年经验,本科,招2人,05-17发布,五险一金|餐饮补贴|带薪年假|通讯补贴|周末双休|节日福利|专业培训|补充医疗保险|定期体检
人工智能开发工程师,北京北大软件工程股份有限公司,1.5-3.5万/月,北京-海淀区,2年经验,本科,招3人,05-17发布,五险一金|餐饮补贴|交通补贴|通讯补贴|专业培训|绩效奖金
数据采集设备开发,中国汽车工程研究院股份有限公司,10-30万/年,北京-丰台区,1年经验,本科,招若干人,05-17发布,五险一金|餐饮补贴|专业培训|免费班车|绩效奖金|定期体检
QT软件工程师,南通罗伯特医疗科技有限公司,0.8-1万/月,北京-石景山区,1年经验,本科,招1人,05-17发布,五险一金|带薪年假|周末双休
002 研发实习生-语音识别算法方向,ABB(中国)有限公司,,北京,无工作经验,本科,招若干人,05-18发布,
智能/无人驾驶adas研发,年享人力资源管理（上海）有限公司,5-7万/月,北京,3-4年经验,硕士,招5人,05-18发布,五险一金|定期体检|绩效奖金|年终奖金|员工旅游
图像算法实习生,软件开发,,北京,无工作经验,本科,招若干人,05-18发布,
Web前端开发工程师,北京开维创科技有限公司,1-1.5万/月,北京-海淀区,1年经验,本科,招5人,05-18发布,周末双休|五险一金|绩效奖金|全勤奖|专业培训|做五休二|带薪年假|住房补贴|出国机会|员工旅游
深度学习工程师（外派到青岛）,古莘信息技术（广州）有限公司,1-1.5万/月,青岛-即墨区,无工作经验,本科,招若干人,05-18发布,周末双休|带薪年假|五险一金|通讯补贴|绩效奖金
智能/无人驾驶adas研发,上海奕见企业管理咨询有限公司,5-7万/月,北京,3-4年经验,硕士,招5人,05-18发布,员工旅游|餐饮补贴|交通补贴|通讯补贴|年终奖金|绩效奖金|五险一金|专业培训
机器学习工程师,博彦科技股份有限公司,1.5-3万/月,北京-海淀区,1年经验,硕士,招2人,05-20发布,五险一金|免费班车|出国机会|年终奖金|弹性工作|定期体检
算法模型工程师,北京蛙鸣华清环保科技有限公司,1.5-2.5万/月,北京-朝阳区,3-4年经验,硕士,招1人,05-20发布,周末双休|五险一金|通讯补贴|绩效奖金|员工旅游
驻站博士后,北京海鑫科金高科技股份有限公司,1.5-2.5万/月,北京,1年经验,博士,招1人,05-20发布,五险一金|补充医疗保险|员工旅游|交通补贴|餐饮补贴|通讯补贴|定期体检|绩效奖金
3D视觉研究员（应届博士）,凌云光技术集团工业视觉事业部,3-5万/月,北京-海淀区,无工作经验,博士,招1人,05-20发布,
算法开发工程师(J11841)(职位编号：J11841),北京汇通天下物联科技有限公司,2-2.5万/月,北京-海淀区,5-7年经验,本科,招1人,05-20发布,
信号处理工程师,北京雷音电子技术开发有限公司,1-1.5万/月,西安-未央区,无工作经验,本科,招2人,05-13发布,
数据挖掘工程师,灵狐科技股份有限公司,1.5-2万/月,北京-西城区,3-4年经验,本科,招2人,05-13发布,五险一金|定期体检|弹性工作|团队激励|项目奖金|环境舒适
相机图像处理工程师,北京思托瑞祺科技有限公司,0.8-1.2万/月,北京-西城区,2年经验,本科,招2人,05-13发布,
算法工程师,北京配天技术有限公司,1.8-3万/月,北京-海淀区,无工作经验,硕士,招3人,04-23发布,五险一金|定期体检|员工旅游|周末双休|带薪年假|节日福利|专业培训|餐饮补贴
电路及信号处理工程师,联合微电子中心有限责任公司,15-30万/年,重庆-沙坪坝区,无工作经验,硕士,招2人,03-26发布,
飞行控制律设计工程师,中船重工海空智能装备有限公司,1.5-3万/月,北京-大兴区,5-7年经验,本科,招若干人,03-27发布,五险一金|免费班车|餐饮补贴|定期体检
大数据开发工程师,大连博创人力资源开发有限公司,1.4-2.1万/月,北京-海淀区,3-4年经验,本科,招2人,04-01发布,五险一金|年终奖金|专业培训|定期体检|绩效奖金|周末双休|补充医疗保险|交通补贴
共识算法研发工程师,中宜云控互联网科技股份有限公司,3-5万/月,北京-海淀区,3-4年经验,本科,招1人,04-02发布,五险一金|交通补贴|餐饮补贴|绩效奖金
深度学习工程师,思凯迈（福州）科技有限公司,1.5-2.5万/月,北京,3-4年经验,硕士,招3人,05-14发布,五险一金|周末双休
NLP算法工程师,郑州金惠计算机系统工程有限公司,1.5-2万/月,北京-海淀区,5-7年经验,本科,招1人,05-16发布,五险一金|交通补贴|餐饮补贴|通讯补贴|正常双休|年终奖金|绩效奖金
机器学习/数据挖掘工程师,北京恒通博联科技有限公司,1.5-2万/月,北京-海淀区,2年经验,本科,招2人,05-14发布,
机器学习/深度学习,上海连世数字技术有限公司大连分公司,1.5-2万/月,大连-甘井子区,1年经验,硕士,招1人,05-14发布,五险一金|补充医疗保险|通讯补贴|餐饮补贴|年终奖金|专业培训|定期体检
嵌入式软件工程师(职位编号：002),北京茧巽科技有限公司,0.6-2万/月,北京-丰台区,无工作经验,本科,招若干人,05-14发布,专业培训|绩效奖金|年终奖金|交通补贴|餐饮补贴|应交保险
C++ C#  光学影像软件开发工程师,北京大申烽华科技有限责任公司,0.8-1万/月,北京-海淀区,3-4年经验,本科,招5人,05-14发布,五险|餐饮补贴|通讯补贴|专业培训
清华自动化系招聘博士后,长安通信科技有限责任公司,20-30万/年,北京-海淀区,无工作经验,博士,招4人,04-02发布,五险一金
人工智能实习生,博奥生物集团有限公司,3-4.5千/月,北京,无工作经验,硕士,招2人,04-04发布,补充医疗保险|交通补贴|餐饮补贴|定期体检|节日福利
人工智能研究员,中国司法大数据研究院有限公司,1.2-2.3万/月,北京-海淀区,1年经验,硕士,招3人,04-06发布,五险一金|餐饮补贴|补充医疗保险|通讯补贴|交通补贴|年终奖金|定期体检
机器学习算法专家 (MJ000357),乐学在线教育科技（北京）有限公司,4-7万/月,北京-朝阳区,5-7年经验,本科,招1人,04-08发布,五险一金|餐饮补贴|节日福利|带薪年假|专业培训
Java开发工程师,北京致寻科技有限公司,0.8-1.2万/月,北京-海淀区,1年经验,本科,招3人,04-10发布,做五休二|周末双休|带薪年假|五险一金|交通补贴|节日福利|绩效奖金|通讯补贴|员工旅游|定期体检
数据挖掘实习生/工程师,吉贝克信息技术有限公司,4.5-6千/月,北京-海淀区,无工作经验,硕士,招1人,04-12发布,
密码算法工程师,天地融科技股份有限公司,1.8-2.5万/月,北京,5-7年经验,硕士,招2人,05-20发布,带薪年假|五险一金|包吃|包住宿|绩效奖金|全勤奖|节日福利|定期体检
医疗影像深度学习算法工程师,西安翼展电子科技有限公司,2-4万/月,北京-朝阳区,1年经验,硕士,招2人,05-20发布,五险一金|员工旅游|餐饮补贴|年终奖金|免费健身房|周末双休|带薪年假|绩效奖金|节日福利
资深图像算法工程师,昂坤视觉（北京）科技有限公司,35-60万/年,北京-昌平区,10年以上经验,硕士,招若干人,05-20发布,五险一金|定期体检|年终奖金|员工旅游|带薪年假
算法工程师（R023-BJ20180705）(职位编号：R023-BJ20180705),北京新浪阅读信息技术有限公司,2-3.5万/月,北京,3-4年经验,本科,招1人,05-20发布,五险一金|补充医疗保险|通讯补贴|餐饮补贴|弹性工作|定期体检
鉴伪算法工程师,北京兆维电子（集团）有限责任公司,1-2万/月,北京-朝阳区,3-4年经验,本科,招1人,05-20发布,五险一金|绩效奖金|定期体检|带薪年假|餐饮补贴|住房补贴|补充医疗保险
算法工程师（机器人）,苏州元谋智能机器人系统有限公司,0.9-2万/月,苏州-工业园区,无工作经验,本科,招5人,05-20发布,五险一金|员工旅游|交通补贴|弹性工作|定期体检|绩效奖金|年终奖金|补充公积金
图像算法工程师,汉王科技股份有限公司,1.3-1.7万/月,北京-海淀区,无工作经验,硕士,招3人,05-20发布,五险一金|补充医疗保险|交通补贴|餐饮补贴|通讯补贴|年终奖金|定期体检
算法工程师(职位编号：17923),奇虎360科技有限公司,2-2.5万/月,北京,3-4年经验,本科,招1人,05-20发布,
高级图像算法工程师（GPU）,赛诺微医疗科技（浙江）有限公司北京分公司,30-50万/年,北京-朝阳区,3-4年经验,本科,招1人,05-20发布,五险一金|年终奖金|交通补贴|餐饮补贴|绩效奖金|弹性工作|通讯补贴|专业培训
图像算法工程师,北京友通上昊科技有限公司,1.2-2.5万/月,北京,无工作经验,硕士,招2人,05-20发布,五险一金|交通补贴|定期体检|年终奖金|员工旅游|周末双休
算法工程师,北京山维科技股份有限公司,1.2-2万/月,北京-昌平区,2年经验,本科,招3人,05-20发布,五险一金|补充医疗保险|员工旅游|餐饮补贴|绩效奖金|年终奖金|定期体检|专业培训|结婚生子津贴
NLP算法工程师,中文未来教育科技（北京）有限公司,1.5-2.5万/月,北京-海淀区,2年经验,硕士,招1人,05-20发布,
图像处理算法工程师(职位编号：MOAKBJ1901005),元橡科技（北京）有限公司,1-2万/月,北京-海淀区,1年经验,本科,招2人,05-20发布,定期体检|弹性工作|年终奖金|补充医疗保险|五险一金|员工旅游|餐饮补贴|交通补贴
