php高级工程师,红板凳科技股份有限公司,1.5-2.5万/月,北京-海淀区,5-7年经验,本科,招若干人,05-20发布,五险一金|餐饮补贴
PHP资深开发工程师,北京动因体育科技有限公司,2.5-3.5万/月,北京-朝阳区,5-7年经验,本科,招1人,05-20发布,五险一金|员工旅游|专业培训|年终奖金|绩效奖金|弹性工作
php高级讲师,北京八维研修学院,1.5-2.5万/月,北京-海淀区,3-4年经验,大专,招1人,05-20发布,五险一金|餐饮补贴|专业培训|绩效奖金|员工旅游
贴吧基础业务技术部_基础业务PHP研发工程师(职位编号：baidu018294),百度在线网络技术（北京）有限公司,2-5万/月,北京-海淀区,无工作经验,本科,招若干人,05-20发布,
高级Linux工程师（c/c++ 、php、python）,北京安德信业信息咨询有限责任公司,30-55万/年,北京,5-7年经验,本科,招2人,05-20发布,
PHP开发工程师(职位编号：18180),奇虎360科技有限公司,2-2.5万/月,北京,3-4年经验,本科,招1人,05-20发布,
php开发工程师,北京三行华拓科技发展有限公司,0.8-1万/月,北京-海淀区,2年经验,本科,招2人,05-20发布,周末双休|带薪年假|五险一金|绩效奖金|全勤奖|节日福利
PHP开发工程师,微博动漫,1.5-2.5万/月,北京-海淀区,3-4年经验,本科,招若干人,05-20发布,五险一金|餐饮补贴|弹性工作|定期体检|通讯补贴|补充医疗保险
PHP开发工程师,深圳市一里递商务科技有限公司,2-5万/月,北京-海淀区,3-4年经验,大专,招2人,05-20发布,
PHP高级架构师(职位编号：70295),联想集团,,北京,3-4年经验,本科,招若干人,05-20发布,
PHP开发工程师,北京创新在线网络技术有限公司,0.8-1.5万/月,北京-海淀区,3-4年经验,大专,招3人,05-20发布,做五休二|带薪年假|五险一金|节日福利|餐饮补贴|员工旅游|定期体检|补充医疗保险|弹性工作
PHP高级开发工程师,华夏出行有限公司,1.5-2.2万/月,北京-朝阳区,3-4年经验,大专,招1人,05-20发布,五险一金|交通补贴|餐饮补贴|通讯补贴|绩效奖金|年终奖金
PHP工程师-北京,北京同有飞骥科技股份有限公司,0.8-1.6万/月,北京-海淀区,2年经验,本科,招1人,05-20发布,五险一金|补充医疗保险|免费班车|餐饮补贴|定期体检|股票期权|绩效奖金
Web测试工程师,软通动力信息技术（集团）有限公司,0.8-1.1万/月,北京,3-4年经验,本科,招1人,03-21发布,五险一金|弹性工作|定期体检|免费班车
全栈技术总监（运营平台开发总监）,北京捷通华声科技股份有限公司,2.5-5万/月,北京,5-7年经验,本科,招若干人,05-20发布,五险一金|通讯补贴|交通补贴|绩效奖金
测试工程师,北京博影世纪文化传播有限公司,0.8-1.2万/月,北京-朝阳区,3-4年经验,本科,招1人,05-20发布,五险一金|员工旅游|周末双休|员工福利
项目经理,北京微普科创科技有限公司,1.2-1.5万/月,北京,2年经验,本科,招1人,05-20发布,五险一金|交通补贴|餐饮补贴|通讯补贴|年终奖金|绩效奖金
项目经理（软件外包方向）,北京微普科创科技有限公司,1.2-1.5万/月,北京,2年经验,本科,招1人,05-20发布,绩效奖金|五险一金|交通补贴|餐饮补贴|通讯补贴|年终奖金
系统运维工程师,中建材信息技术股份有限公司,1-2万/月,北京-海淀区,5-7年经验,本科,招若干人,05-20发布,五险一金|补充医疗保险|绩效奖金|年终奖金|定期体检|交通补贴|通讯补贴
运维工程师,中建材信息技术股份有限公司,0.9-1万/月,北京,2年经验,本科,招2人,05-20发布,五险一金|补充医疗保险|通讯补贴|定期体检|餐饮补贴|绩效奖金|年终奖金|交通补贴
前端开发工程师,北京金英杰教育科技集团有限公司,1-1.5万/月,北京-海淀区,3-4年经验,本科,招1人,05-20发布,五险一金|员工旅游|专业培训|出国机会|绩效奖金|年终奖金|加班补助|电脑补助
初级研发工程师,北京千禧维讯科技有限公司,4.5-5.5千/月,北京-大兴区,1年经验,本科,招2人,05-20发布,人身意外险|专业培训|五险一金|补充医疗保险|绩效奖金|定期体检|餐饮补贴|员工旅游|带薪年假|13薪
Android系统架构师,嘉兴安越企业管理咨询有限公司,4-5万/月,北京-东城区,5-7年经验,本科,招4人,05-20发布,
JAVA软件开发实习生,中高软信息技术（北京）有限公司,4.5-6千/月,北京-朝阳区,无工作经验,大专,招5人,05-20发布,
后端开发工程师（语玩bj020）,贵阳朗玛信息技术股份有限公司,1-2万/月,北京-海淀区,3-4年经验,本科,招1人,05-20发布,五险一金|餐饮补贴|交通补贴|带薪年假
IT运维工程师,中宜云控互联网科技股份有限公司,0.8-1万/月,北京-海淀区,3-4年经验,本科,招若干人,04-02发布,五险一金|交通补贴|餐饮补贴|绩效奖金
java开发工程师(J10269),好大夫在线,2-4万/月,北京-朝阳区,3-4年经验,本科,招5人,05-17发布,周末双休|带薪年假|五险一金|免费班车|绩效奖金|节日福利|专业培训|餐饮补贴|免费健身
底层开发工程师,北京启明星辰信息安全技术有限公司,1.2-2万/月,北京-海淀区,3-4年经验,本科,招1人,03-27发布,弹性工作|免费班车|餐饮补贴
云计算运维及技术支持岗位,融联易云金融信息服务（北京）有限公司,1.5-3万/月,北京-海淀区,3-4年经验,本科,招2人,05-20发布,
云平台研发高级工程师,中国电子科技集团公司第十五研究所（华北计算技术研究所）,1.5-3万/月,北京,无工作经验,硕士,招3人,05-14发布,五险一金|员工旅游|绩效奖金|年终奖金|交通补贴|餐饮补贴|定期体检|高温补贴|通讯补贴|带薪年假
移动应用软件安全研究员（2019SZD12）(职位编号：001500),中国信息通信研究院,0.8-1.2万/月,北京-海淀区,1年经验,本科,招1人,05-15发布,五险一金|补充医疗保险|专业培训|通讯补贴|定期体检|绩效奖金|年终奖金
移动应用安全工程师（2019SAQ26）(职位编号：001535),中国信息通信研究院,1.2-1.4万/月,北京-海淀区,2年经验,本科,招1人,05-15发布,五险一金|补充医疗保险|专业培训|通讯补贴|定期体检|绩效奖金|年终奖金
React Native前端开发工程师,北京润启华美信息系统有限公司,1-1.5万/月,北京-昌平区,3-4年经验,本科,招2人,05-12发布,
H5前端开发,北京亚超力健康科技有限公司,1-1.6万/月,北京-海淀区,2年经验,本科,招1人,05-13发布,五险一金|员工旅游|绩效奖金|年终奖金|专业培训|弹性工作
H5前端高级工程师,北京亚超力健康科技有限公司,1.5-2万/月,北京-海淀区,2年经验,本科,招1人,05-13发布,五险一金|员工旅游|绩效奖金|年终奖金|专业培训|弹性工作
安全研究员（北京）,杭州安恒信息技术股份有限公司,1.5-3万/月,北京,3-4年经验,本科,招若干人,05-13发布,五险一金|周末双休|节日福利
高级前端工程师（湖南怀化上班）,湖南优美兴科技发展集团有限公司,0.8-1.5万/月,怀化,5-7年经验,本科,招5人,05-13发布,五险一金|餐饮补贴|通讯补贴|专业培训|免费班车|员工旅游|交通补贴|年终奖金
Webmaster网站管理员,艾格拉信息咨询（北京）有限公司,1-1.5万/月,北京-朝阳区,1年经验,本科,招1人,05-08发布,五险一金|专业培训|绩效奖金
技术研发实习生,敦煌网,2-3千/月,北京-海淀区,无工作经验,本科,招1人,05-07发布,
Web前端开发工程师,惠信易达征信服务（北京）有限公司,0.7-1.4万/月,北京-朝阳区,2年经验,大专,招1人,05-07发布,五险一金|补充医疗保险|意外险|交通补贴|员工旅游|弹性工作|定期体检|带薪年假
高级前端开发工程师,深圳市拓保软件有限公司,1.5-2万/月,北京-朝阳区,5-7年经验,大专,招2人,05-07发布,
Web前端开发工程师,北京中科同向信息技术有限公司,1-1.5万/月,北京,3-4年经验,本科,招若干人,05-08发布,
招聘专员,中软国际科技服务有限公司,0.5-1万/月,北京-海淀区,1年经验,大专,招2人,05-08发布,五险一金|弹性工作|员工旅游|年终奖金|定期体检|绩效奖金
高级软件开发工程师,北京双泽维度信息技术有限公司,2-2.5万/月,北京-朝阳区,5-7年经验,本科,招若干人,05-05发布,五险一金|交通补贴|员工旅游|餐饮补贴|通讯补贴|年终奖金
高级运维工程师(职位编号：000390),北京升哲科技有限公司,2-4万/月,北京-朝阳区,无工作经验,本科,招若干人,05-05发布,
高级测试工程师,北京赢鼎教育科技股份有限公司,1.5-2.5万/月,北京-海淀区,3-4年经验,本科,招1人,05-03发布,
软件工程师,北京盖博瑞尔科技发展有限公司,0.8-1万/月,北京-朝阳区,3-4年经验,招若干人,05-04发布,英语良好,
前端开发工程师,北京赛思信安技术股份有限公司,1.5-2万/月,北京-海淀区,3-4年经验,本科,招1人,05-04发布,五险一金|年终奖金|弹性工作|定期体检|通讯补贴
中高级Linux C/C++研发工程师,北京中宇万通科技股份有限公司,0.8-1.5万/月,北京,2年经验,本科,招3人,04-29发布,五险一金|员工旅游|绩效奖金|年终奖金|弹性工作|定期体检
Web前端开发工程师,北京网拓时代科技有限公司,1.5-2万/月,北京-海淀区,2年经验,大专,招1人,04-26发布,五险一金|交通补贴|餐饮补贴|弹性工作
软件开发工程师,北京万方软件有限公司,0.5-1万/月,北京,2年经验,本科,招2人,04-27发布,五险一金|交通补贴|餐饮补贴|通讯补贴|定期体检|带薪年假|住房补贴|绩效奖金|节日福利|补充医疗保险
系统架构师,北京腾新科技有限公司天津分公司,1-1.5万/月,北京-海淀区,2年经验,本科,招1人,04-27发布,周末双休|节日福利|专业培训|平台优势
Web前端开发工程师(兼UI设计）,北京英泰智科技股份有限公司,1.5-2万/月,北京-海淀区,3-4年经验,本科,招1人,04-26发布,
Java开发工程师,陕西万德信息科技股份有限公司,6-9千/月,北京,2年经验,大专,招3人,04-25发布,五险一金|补充医疗保险|补充公积金|周末双休
.net软件工程师,北京贝格瑞安科技有限公司,6-8千/月,北京-丰台区,无工作经验,大专,招1人,04-26发布,
架构师,上海棋至文化传播有限公司,2-2.5万/月,北京-东城区,5-7年经验,大专,招若干人,04-26发布,
高级前端开发工程师(职位编号：002421),北京一点网聚信息技术有限公司,3-5万/月,北京,无工作经验,本科,招若干人,04-29发布,
Web开发工程师（微信小程序）,北京鑫动国际体育文化发展有限公司,1-1.5万/月,北京-丰台区,3-4年经验,大专,招1人,04-27发布,
DBA (MJ000155),小猪,2-4万/月,北京-海淀区,3-4年经验,大专,招1人,04-28发布,餐饮补贴|节日福利|周末双休
运维工程师,诺华视创电影科技（江苏）股份有限公司北京分公司,0.8-1万/月,北京-海淀区,2年经验,大专,招3人,04-28发布,五险一金|员工旅游|年终奖金|专业培训
自动化运维工程师-YSYB(职位编号：NavInfo002083),北京四维图新科技股份有限公司,1-1.5万/月,北京-海淀区,无工作经验,本科,招3人,04-29发布,五险一金|年终奖金|补充医疗保险|免费班车|餐饮补贴|弹性工作|专业培训
JAVA软件开发工程师,中高软信息技术（北京）有限公司,5-9千/月,北京-海淀区,无工作经验,大专,招5人,05-20发布,
JAVA软件开发工程师,中高软信息技术（北京）有限公司,5-8千/月,北京-朝阳区,无工作经验,大专,招5人,05-20发布,
JAVA软件开发实习生,中高软信息技术（北京）有限公司,4.5-6千/月,北京-海淀区,无工作经验,大专,招5人,05-20发布,
JAVA软件开发实习生,中高软信息技术（北京）有限公司,5-8千/月,北京-昌平区,无工作经验,大专,招5人,05-20发布,
JAVA软件开发工程师,中高软信息技术（北京）有限公司,5-8千/月,北京-海淀区,无工作经验,大专,招5人,05-20发布,
技术总监,天津万家财富资产管理有限公司,4-5万/月,北京-西城区,无工作经验,本科,招1人,04-29发布,五险一金|员工旅游|绩效奖金|年终奖金|定期体检
短信平台运维主管(职位编号：1),时行网数（北京）科技有限公司,0.8-1.2万/月,北京-通州区,3-4年经验,本科,招1人,04-30发布,五险一金|员工旅游
技术开发工程师,中科微步科技（北京）有限公司,0.8-1.5万/月,北京-丰台区,3-4年经验,本科,招2人,04-30发布,
Java开发工程师,北京可兰德网络技术有限公司,0.7-1万/月,北京-海淀区,2年经验,本科,招3人,04-30发布,五险一金|员工旅游|定期体检|弹性工作|年终奖金
运维开发负责人(职位编号：27479),字节跳动,3-6万/月,北京,5-7年经验,本科,招1人,05-20发布,六险一金|免费三餐|租房补贴
大数据开发工程师 - 懂车帝(职位编号：27762),字节跳动,2.5-3.5万/月,北京,3-4年经验,本科,招2人,05-20发布,六险一金|弹性工作|免费三餐|租房补贴|休闲下午茶|扁平管理|职业大牛|晋升空间|团队氛围好|优厚薪资
大数据开发负责人(职位编号：28001),字节跳动,3-5万/月,北京,3-4年经验,本科,招2人,05-20发布,六险一金|弹性工作|免费三餐|租房补贴|休闲下午茶|扁平管理|职业大牛|晋升空间|团队氛围好|优厚薪资
纳米能源所王中林院士研究组招聘启事,中国科学院北京纳米能源与系统研究所,1-2万/月,北京-海淀区,无工作经验,博士,招若干人,05-09发布,
后端开发工程师(职位编号：28033),字节跳动,1.5-3万/月,北京,无工作经验,本科,招20人,05-20发布,六险一金|弹性工作|免费三餐|租房补贴|带薪休假|休闲下午茶|扁平管理|健身瑜伽|过亿用户|职业大牛
基础架构高级/资深工程师 - 抖音/火山国际化(职位编号：28061),字节跳动,2.5-5万/月,北京,3-4年经验,本科,招5人,05-20发布,过亿用户|六险一金|弹性工作|晋升空间|扁平管理
Android实训项目经理,北京八维研修学院,2-3万/月,北京-海淀区,5-7年经验,大专,招5人,05-20发布,五险一金|绩效奖金|专业培训|餐饮补贴
支付架构研发工程师(职位编号：34580),字节跳动,2-4万/月,北京,3-4年经验,本科,招1人,05-20发布,六险一金|高薪期权|弹性工作|免费三餐|租房补贴|带薪休假
全栈工程师（实训项目经理）,北京八维研修学院,2-3万/月,北京-海淀区,无工作经验,本科,招3人,05-20发布,五险一金|餐饮补贴|绩效奖金
php开发工程师,北京十环科技有限公司,3-4.5千/月,北京-昌平区,无工作经验,大专,招10人,04-26发布,五险一金|员工旅游|餐饮补贴|专业培训|绩效奖金|年终奖金
推荐算法工程师,北京安德信业信息咨询有限责任公司,3-6万/月,北京-海淀区,1年经验,本科,招2人,05-20发布,
业务中台服务端（高级）开发工程师(职位编号：35124),字节跳动,2.5-5万/月,北京,3-4年经验,本科,招10人,05-20发布,六险一金|免费三餐|扁平管理|职业大牛|晋升空间|优厚薪资
IT DevOps Lead(职位编号：34635),字节跳动,5-8万/月,北京,8-9年经验,本科,招1人,05-20发布,弹性工作|免费三餐|租房补贴
资深后端研发工程师(职位编号：31932),字节跳动,3-6万/月,北京,3-4年经验,本科,招3人,05-20发布,六险一金|弹性工作|免费三餐|租房补贴|带薪休假|休闲下午茶|扁平管理|健身瑜伽|过亿用户|职业大牛
java开发工程师(J10332),好大夫在线,2-4万/月,北京-朝阳区,无工作经验,本科,招5人,05-20发布,周末双休|带薪年假|五险一金|免费班车|绩效奖金|节日福利|专业培训|餐饮补贴|免费健身
前端工程师(J10333),好大夫在线,2-4万/月,北京-朝阳区,无工作经验,本科,招5人,05-20发布,周末双休|带薪年假|五险一金|免费班车|绩效奖金|节日福利|专业培训|餐饮补贴|免费健身
后台开发工程师(职位编号：7357),字节跳动,3-4万/月,北京-海淀区,2年经验,本科,招若干人,05-20发布,
IDC运维工程师(职位编号：7467),字节跳动,2-2.5万/月,北京-海淀区,2年经验,本科,招若干人,05-20发布,
安全研发工程师(职位编号：7888),字节跳动,2-2.5万/月,北京-海淀区,2年经验,本科,招若干人,05-20发布,
高级数据工程师(职位编号：8559),字节跳动,3-4万/月,北京-海淀区,3-4年经验,本科,招若干人,05-20发布,
高级运维平台开发工程师 - 内容(职位编号：15928),字节跳动,2.5-5万/月,北京,2年经验,本科,招2人,05-20发布,弹性工作|免费三餐|租房补贴|带薪休假|五险一金|休闲下午茶|职业大牛|团队氛围好
高级后台开发工程师(职位编号：15927),字节跳动,2.5-5万/月,北京,2年经验,本科,招2人,05-20发布,弹性工作|免费三餐|租房补贴|带薪休假|五险一金
游戏联运高级前端工程师(职位编号：16001),字节跳动,4-7万/月,北京,3-4年经验,本科,招2人,05-20发布,六险一金|弹性工作|免费三餐|租房补贴|休闲下午茶|过亿用户
后台开发工程师(职位编号：16466),字节跳动,2-4万/月,北京,2年经验,本科,招2人,05-20发布,弹性工作|免费三餐|租房补贴|带薪休假|五险一金
内容审核平台开发高级/资深工程师(职位编号：16456),字节跳动,2.5-5万/月,北京,3-4年经验,本科,招3人,05-20发布,六险一金|弹性工作|免费三餐|租房补贴|休闲下午茶|职业大牛
wed前端开发工程师,上海儒一信息科技有限公司,1-2万/月,北京-昌平区,2年经验,本科,招10人,05-05发布,
高级前端开发工程师,北京友友天宇系统技术有限公司,1.2-1.8万/月,北京-朝阳区,8-9年经验,本科,招1人,05-05发布,五险一金|员工旅游|餐饮补贴|通讯补贴|年终奖金|股票期权|弹性工作|定期体检|工作居住证|报销电脑费用
基础架构工程师 - 视频云平台(职位编号：17564),字节跳动,2-4万/月,北京,3-4年经验,本科,招5人,05-20发布,六险一金|弹性工作|免费三餐|租房补贴|休闲下午茶|扁平管理|健身瑜伽|过亿用户|职业大牛|晋升空间
后台开发高级工程师(职位编号：15427),字节跳动,1.8-3.5万/月,北京,3-4年经验,本科,招5人,05-20发布,六险一金|弹性工作|免费三餐|扁平管理|职业大牛|团队氛围好
wed前端开发工程师,上海儒一信息科技有限公司,1-2万/月,北京-昌平区,2年经验,本科,招10人,05-05发布,
Cloud Support Engineer,宁夏西云数据科技有限公司,20-50万/年,北京-朝阳区,2年经验,本科,招7人,05-05发布,五险一金|餐饮补贴|通讯补贴|定期体检
前端开发工程师（vue方向）(J10259),亚联集团,1-1.5万/月,北京-朝阳区,2年经验,本科,招1人,05-05发布,五险一金|餐饮补贴|定期体检|绩效奖金|年终奖金|通讯补贴
数据仓库开发高级工程师 - 懂车帝(职位编号：29165),字节跳动,2.5-3.5万/月,北京,3-4年经验,本科,招2人,05-20发布,六险一金|弹性工作|免费三餐|租房补贴|休闲下午茶|扁平管理|职业大牛|晋升空间|团队氛围好|优厚薪资
Web开发工程师,杭州盈穗软件科技有限公司,0.8-1万/月,北京,3-4年经验,大专,招10人,05-05发布,五险一金|餐饮补贴|弹性工作
后台研发资深工程师 - 懂车帝(职位编号：29397),字节跳动,2.5-5万/月,北京,5-7年经验,本科,招3人,05-20发布,六险一金|弹性工作|免费三餐|扁平管理|职业大牛|团队氛围好
架构高级/资深工程师 - 抖音/火山(职位编号：29507),字节跳动,2.5-5万/月,北京,3-4年经验,本科,招5人,05-20发布,六险一金|高薪期权|弹性工作|免费三餐|租房补贴|带薪休假|休闲下午茶|扁平管理|过亿用户|职业大牛
Java开发工程师,北京智合惠众科技有限公司,0.6-1万/月,北京-朝阳区,5-7年经验,大专,招2人,05-20发布,五险一金|员工旅游|交通补贴|餐饮补贴|定期体检|年终奖金
后端研发工程师 - 头条运营方向(职位编号：29540),字节跳动,2-4万/月,北京,2年经验,本科,招5人,05-20发布,六险一金|弹性工作|免费三餐|租房补贴|休闲下午茶|扁平管理|健身瑜伽|过亿用户|职业大牛|晋升空间
后端研发实习生 - 有转正机会(职位编号：29324),字节跳动,6-8千/月,北京,无工作经验,本科,招5人,05-20发布,弹性工作|免费三餐|租房补贴|休闲下午茶|过亿用户|职业大牛|团队氛围好|优厚薪资
基础架构工程师-国际化(职位编号：29600),字节跳动,2.5-5万/月,北京,3-4年经验,本科,招6人,05-20发布,六险一金|免费三餐|晋升空间|职业大牛|扁平管理
高级后端研发工程师 - 云计算(职位编号：29532),字节跳动,2.5-5万/月,北京,3-4年经验,本科,招3人,05-20发布,六险一金|弹性工作|免费三餐|租房补贴|休闲下午茶|扁平管理|健身瑜伽
高级品牌广告后端工程师 - 核心广告系统(职位编号：27696),字节跳动,3-6万/月,北京,无工作经验,本科,招3人,05-20发布,六险一金|免费三餐|租房补贴|健身瑜伽|过亿用户|职业大牛
多媒体开发实习生(职位编号：29616),字节跳动,0.8-1万/月,北京,无工作经验,本科,招3人,05-20发布,休闲下午茶|职业大牛|免费三餐|团队氛围好|租房补贴
基础架构高级/资深工程师 - 抖音/火山(职位编号：29914),字节跳动,2.5-5万/月,北京,3-4年经验,本科,招5人,05-20发布,六险一金|高薪期权|租房补贴|休闲下午茶|职业大牛|晋升空间|团队氛围好|优厚薪资
Java开发实习生(职位编号：30553),字节跳动,8-9千/月,北京,1年经验,本科,招2人,05-20发布,弹性工作|免费三餐|租房补贴|休闲下午茶|扁平管理|健身瑜伽|过亿用户|职业大牛|团队氛围好|优厚薪资
软件开发师,北京航天爱锐科技有限责任公司,1-3万/月,北京,3-4年经验,本科,招1人,04-08发布,五险一金|餐饮补贴|通讯补贴|定期体检|补充医疗保险
Web前端开发工程师,北京明略软件系统有限公司,1.3-2.6万/月,北京-海淀区,3-4年经验,本科,招1人,04-08发布,五险一金|补充医疗保险|交通补贴|餐饮补贴|绩效奖金|年终奖金|股票期权
大数据开发高级工程师 - 懂车帝(职位编号：30113),字节跳动,2.5-3.5万/月,北京,3-4年经验,本科,招2人,05-20发布,六险一金|弹性工作|免费三餐|租房补贴|休闲下午茶|扁平管理|职业大牛|晋升空间|团队氛围好|优厚薪资
AI系统研发工程师—Web前端(000960)(职位编号：zyhy000960),中移（杭州）信息技术有限公司,2-3万/月,杭州-西湖区,2年经验,本科,招若干人,04-12发布,五险一金|补充医疗保险|交通补贴|餐饮补贴|通讯补贴|专业培训|绩效奖金|定期体检
高级运维工程师 (MJ000016),北京卡路里信息技术有限公司,2.5-3.5万/月,北京-东城区,3-4年经验,本科,招1人,04-13发布,带薪年假|七险一金|节日福利|定期体检|年终奖金
PHP高级开发工程师,武汉雍禾美度医疗美容门诊部有限公司,1.5-2千/月,北京-朝阳区,3-4年经验,大专,招1人,05-19发布,五险一金|专业培训|员工旅游|绩效奖金|定期体检|餐饮补贴
前端工程师,北京北广影联传媒科技有限公司,1-1.5万/月,北京-朝阳区,3-4年经验,本科,招1人,03-21发布,五险一金|绩效奖金|股票期权|弹性工作|定期体检|餐饮补贴|专业培训|补充医疗保险|员工旅游|年终奖金
网络安全运维工程师,北京绣歌软件技术有限公司,1.2-2万/月,北京-海淀区,2年经验,本科,招2人,03-22发布,五险一金|员工旅游|交通补贴|年终奖金|绩效奖金|出国机会|通讯补贴|餐饮补贴|弹性工作|专业培训
PHP高级开发工程师（安全接入）(J10586),北京天融信科技有限公司,1.5-2万/月,北京,5-7年经验,本科,招1人,05-16发布,五险一金|弹性工作|定期体检|年终奖金|股票期权|绩效奖金|交通补贴|餐饮补贴|通讯补贴
PHP开发工程师,北京聚量广告传媒有限公司,1-1.5万/月,北京-朝阳区,无工作经验,本科,招1人,05-16发布,餐饮补贴|五险一金|定期体检|绩效奖金|年终奖金|健身俱乐部|带薪年假
PHP应用研发中高级工程师,新浪微博,2-3.5万/月,北京,3-4年经验,本科,招2人,05-17发布,免费班车|五险一金|年底双薪|餐补|带薪年假|弹性工作|补充医疗保险|定期体检|通讯补贴
PHP工程师（中高级）,新浪微博,2-3.5万/月,北京,1年经验,本科,招5人,05-17发布,免费班车|五险一金|年底双薪|餐补|带薪年假|弹性工作|补充医疗保险|定期体检|通讯补贴
04879-PHP开发工程师,新浪微博,1.5-2.5万/月,北京-海淀区,3-4年经验,本科,招1人,05-17发布,五险一金|补充医疗保险|餐饮补贴|年终奖金|定期体检
php总监/架构师,北京陆机科技有限公司,3-5万/月,北京-石景山区,5-7年经验,大专,招1人,05-17发布,
技术专家(职位编号：18167),奇虎360科技有限公司,2.5-3万/月,北京,3-4年经验,本科,招1人,05-20发布,
大数据工程师（电商行业）(职位编号：35593),字节跳动,2.5-4万/月,北京,2年经验,本科,招1人,05-20发布,六险一金|弹性工作|免费三餐|租房补贴|带薪休假|休闲下午茶|扁平管理|健身瑜伽|过亿用户|职业大牛
网站开发,中央数字电视传媒有限公司,10-15万/年,北京,无工作经验,本科,招1人,05-20发布,周末双休|带薪年假|五险一金|节日福利
基础架构研发工程师 - 视频架构(职位编号：17555),字节跳动,2-4万/月,北京,3-4年经验,本科,招5人,05-20发布,六险一金|弹性工作|免费三餐|租房补贴|休闲下午茶|扁平管理|健身瑜伽|过亿用户|职业大牛|晋升空间
数据开发高级工程师(职位编号：19892),字节跳动,2-4万/月,北京,3-4年经验,本科,招3人,05-20发布,弹性工作|免费三餐|租房补贴|休闲下午茶|扁平管理|职业大牛|晋升空间|五险一金
后台开发工程师(职位编号：19883),字节跳动,1.8-3.6万/月,北京,2年经验,本科,招5人,05-20发布,六险一金|弹性工作|免费三餐|扁平管理|职业大牛|团队氛围好
大数据开发工程师(职位编号：19891),字节跳动,1.8-3.6万/月,北京,2年经验,本科,招3人,05-20发布,弹性工作|免费三餐|租房补贴|休闲下午茶|扁平管理|职业大牛|晋升空间|五险一金
网络工程师,北京金丰餐饮有限公司,6-8千/月,北京-海淀区,2年经验,大专,招1人,05-06发布,五险一金|带薪年假|周末双休|包吃包住
后台开发高级工程师(职位编号：19882),字节跳动,2-4万/月,北京,3-4年经验,本科,招5人,05-20发布,六险一金|弹性工作|免费三餐|扁平管理|职业大牛|团队氛围好
渗透测试讲师(职位编号：18190),奇虎360科技有限公司,1.5-2万/月,北京,3-4年经验,本科,招1人,05-20发布,
运维工程师,北京医百科技有限公司,1.5-2.2万/月,北京-朝阳区,无工作经验,大专,招2人,05-05发布,五险一金|交通补贴|弹性工作|绩效奖金|股票期权
高级运维工程师,敦煌网,1.5-2.5万/月,北京-海淀区,3-4年经验,大专,招1人,05-07发布,
技术研发实习生,敦煌网,2-3千/月,北京-海淀区,无工作经验,本科,招1人,05-07发布,
网页开发工程师/WEB前端工程师,紫勋智能科技（北京）有限公司,0.8-1.5万/月,北京-海淀区,3-4年经验,本科,招1人,04-02发布,五险一金
存储工程师,深圳市网心科技有限公司,1.5-3.5万/月,北京-海淀区,1年经验,本科,招2人,04-03发布,五险一金|交通补贴|通讯补贴|绩效奖金|年终奖金|弹性工作|定期体检
安全服务工程师,恒安嘉新（北京）科技股份公司,1-1.5万/月,北京-海淀区,无工作经验,本科,招2人,04-05发布,五险一金|绩效奖金|年终奖金|定期体检|通讯补贴|餐饮补贴|交通补贴
直播架构工程师 - 抖音/火山(职位编号：30601),字节跳动,3-6万/月,北京,3-4年经验,本科,招10人,05-20发布,六险一金|弹性工作|免费三餐|扁平管理|过亿用户|晋升空间
后台架构工程师 - 懂车帝(职位编号：30692),字节跳动,2.5-5万/月,北京,5-7年经验,本科,招3人,05-20发布,六险一金|弹性工作|免费三餐|扁平管理|职业大牛|团队氛围好
后端开发实习生(职位编号：31189),字节跳动,0.8-1万/月,北京,无工作经验,本科,招10人,05-20发布,休闲下午茶|扁平管理|过亿用户|免费三餐|团队氛围好
后端研发工程师 - 分布式系统研发(职位编号：31499),字节跳动,2-4万/月,北京,3-4年经验,本科,招5人,05-20发布,六险一金|弹性工作|免费三餐|租房补贴|休闲下午茶|扁平管理|健身瑜伽|过亿用户|职业大牛|晋升空间
后台开发工程师(职位编号：31674),字节跳动,2-4万/月,北京,2年经验,本科,招2人,05-20发布,五险一金|弹性工作|免费三餐|租房补贴|带薪休假
内容云平台高级开发工程师(职位编号：31733),字节跳动,2-4万/月,北京,2年经验,本科,招3人,05-20发布,六险一金|高薪期权|弹性工作|免费三餐|租房补贴|带薪休假|休闲下午茶|扁平管理|过亿用户|职业大牛
内容云平台资深开发工程师(职位编号：31734),字节跳动,3-6万/月,北京,3-4年经验,本科,招3人,05-20发布,六险一金|高薪期权|弹性工作|免费三餐|租房补贴|带薪休假|休闲下午茶|扁平管理|过亿用户|职业大牛
内容云平台开发实习生(职位编号：31735),字节跳动,2-4千/月,北京,无工作经验,本科,招3人,05-20发布,六险一金|高薪期权|弹性工作|免费三餐|租房补贴|带薪休假|休闲下午茶|扁平管理|过亿用户|职业大牛
高级后端研发工程师(职位编号：31794),字节跳动,2-4万/月,北京,2年经验,本科,招3人,05-20发布,六险一金|弹性工作|免费三餐|租房补贴|带薪休假|休闲下午茶|扁平管理|健身瑜伽|过亿用户|职业大牛
数据抓取高级工程师(职位编号：31796),字节跳动,2-4万/月,北京,2年经验,本科,招3人,05-20发布,六险一金|弹性工作|免费三餐|租房补贴|带薪休假|休闲下午茶|扁平管理|健身瑜伽|过亿用户|职业大牛
后端研发实习生（可转正）(职位编号：31934),字节跳动,3-6千/月,北京,无工作经验,本科,招3人,05-20发布,弹性工作|免费三餐|租房补贴|休闲下午茶|扁平管理|过亿用户|职业大牛|团队氛围好
内容云平台开发实习生（可转正）(职位编号：31926),字节跳动,3-6千/月,北京,无工作经验,本科,招3人,05-20发布,六险一金|高薪期权|弹性工作|免费三餐|租房补贴|带薪休假|休闲下午茶|扁平管理|过亿用户|职业大牛
后端开发工程师 - 安全(职位编号：32957),字节跳动,2-4万/月,北京,2年经验,本科,招2人,05-20发布,休闲下午茶|六险一金|弹性工作|免费三餐|租房补贴
前端开发实习生(职位编号：32956),字节跳动,0.6-1万/月,北京,无工作经验,本科,招1人,05-20发布,弹性工作|免费三餐|租房补贴|休闲下午茶|扁平管理|健身瑜伽|职业大牛|晋升空间|团队氛围好|优厚薪资
后端研发工程师 - 网络平台方向(职位编号：33067),字节跳动,2-4万/月,北京,3-4年经验,本科,招1人,05-20发布,六险一金|高薪期权|弹性工作|免费三餐|租房补贴|带薪休假
游戏运维工程师(职位编号：33092),字节跳动,2-4万/月,北京,3-4年经验,本科,招1人,05-20发布,六险一金|高薪期权|弹性工作|免费三餐|租房补贴|带薪休假
安全开发专家(职位编号：33013),字节跳动,2-4万/月,北京,3-4年经验,本科,招1人,05-20发布,六险一金|弹性工作|免费三餐|租房补贴
系统测试工程师,北京海兰信数据科技股份有限公司,0.8-1.5万/月,北京,无工作经验,本科,招1人,04-15发布,五险一金|补充医疗保险|免费班车|员工旅游|餐饮补贴|绩效奖金|年终奖金|弹性工作|定期体检|出国机会
web前端开发工程师-AI研究院,北京神州泰岳软件股份有限公司,1-1.5万/月,北京-朝阳区,2年经验,本科,招2人,04-15发布,做五休二|周末双休|带薪年假|五险一金|绩效奖金|交通补贴
运维工程师,上海依图网络科技有限公司,1.5-3万/月,上海-长宁区,5-7年经验,本科,招5人,04-15发布,
互联网高级测试工程师,天津人瑞人力资源服务有限公司,2.5-4.5万/月,北京-朝阳区,3-4年经验,本科,招1人,04-15发布,五险一金|补充医疗保险|全额基数缴纳|15-19薪|包三餐
开发工程师/研发中心,大唐融合通信股份有限公司,0.6-1万/月,北京-东城区,2年经验,大专,招2人,04-15发布,五险一金|补充医疗保险|通讯补贴|定期体检|绩效奖金|餐饮补贴
微信公众号开发工程师,北京中凯信通信息技术有限公司,6-8千/月,北京-海淀区,3-4年经验,大专,招若干人,04-16发布,五险一金|年终奖金|带薪年假|周末双休|节日福利
信息安全工程师,北京三零卫士信息安全技术有限公司,1.2-1.5万/月,北京-丰台区,无工作经验,大专,招1人,04-16发布,五险一金|补充医疗保险|员工旅游|交通补贴|餐饮补贴|通讯补贴|专业培训|弹性工作
软件项目经理（深圳）,北京四维智联科技有限公司,1.2-2万/月,深圳-宝安区,5-7年经验,本科,招2人,04-16发布,补充医疗保险|免费班车|餐饮补贴|绩效奖金|弹性工作|定期体检|年终奖金|五险一金|专业培训
前端工程师,北京外研在线教育科技有限公司,1.5-2.5万/月,北京,5-7年经验,本科,招1人,03-22发布,
前端开发工程师(000526)(职位编号：UEC000526),北京荣之联科技股份有限公司,1.5-2万/月,北京,5-7年经验,本科,招若干人,03-24发布,五险一金|补充医疗保险|免费班车|员工旅游|弹性工作|定期体检|绩效奖金
GO开发工程师,智锐创想（北京）科技有限公司,1-1.5万/月,北京-朝阳区,2年经验,大专,招1人,03-24发布,五险一金|年终奖金
运维系统后端开发工程师,望奎新名科技有限公司,1-1.5万/月,北京-海淀区,2年经验,本科,招若干人,03-24发布,五险一金|专业培训|年终奖金
系统运行维护-运行保障部（应届生）,农信银资金清算中心有限责任公司,1-1.5万/月,北京,无工作经验,本科,招若干人,03-25发布,补充医疗保险|餐饮补贴|专业培训|定期体检
高级测试工程师,北京转转精神科技有限责任公司,2-4万/月,北京-海淀区,2年经验,本科,招若干人,03-25发布,五险一金|补充医疗保险|餐饮补贴|专业培训|绩效奖金|年终奖金|弹性工作|定期体检
软件工程硕士实习生,北京逸群工程咨询有限公司,4.5-6千/月,北京,无工作经验,硕士,招1人,03-25发布,五险一金|通讯补贴|定期体检|绩效奖金
Web前端开发工程师,乐宝贝（北京）科技有限公司,0.8-1.1万/月,北京-昌平区,3-4年经验,本科,招2人,03-26发布,五险一金|餐饮补贴
Java中级开发工程师（武汉）,北京方正阿帕比技术有限公司,1-1.5万/月,武汉,无工作经验,本科,招2人,03-26发布,五险一金|餐饮补贴|补充医疗保险
java开发工程师(J10283),好大夫在线,2-4万/月,北京-朝阳区,无工作经验,本科,招5人,05-17发布,周末双休|带薪年假|五险一金|免费班车|绩效奖金|节日福利|专业培训|餐饮补贴|免费健身
前端工程师(J10294),好大夫在线,1.5-2万/月,北京-朝阳区,2年经验,本科,招1人,05-17发布,
前端开发工程师(J10297),好大夫在线,2-3.5万/月,北京-朝阳区,无工作经验,本科,招1人,05-17发布,周末双休|带薪年假|五险一金|免费班车|绩效奖金|节日福利|专业培训|餐饮补贴|免费健身
java开发工程师(J10312),好大夫在线,2-4万/月,北京-朝阳区,无工作经验,本科,招5人,05-17发布,周末双休|带薪年假|五险一金|免费班车|绩效奖金|节日福利|专业培训|餐饮补贴|免费健身
测试工程师(J10315),好大夫在线,1.5-2.5万/月,北京-朝阳区,无工作经验,本科,招5人,05-17发布,周末双休|带薪年假|五险一金|免费班车|绩效奖金|节日福利|专业培训|餐饮补贴|免费健身
Java中级开发工程师,好大夫在线,2-4万/月,北京-朝阳区,无工作经验,本科,招5人,05-17发布,周末双休|带薪年假|五险一金|免费班车|绩效奖金|节日福利|专业培训|餐饮补贴|免费健身
PHP工程师(J10314),好大夫在线,2-4万/月,北京-朝阳区,无工作经验,本科,招1人,05-17发布,周末双休|带薪年假|五险一金|免费班车|绩效奖金|节日福利|专业培训|餐饮补贴|免费健身
PHP工程师(J10309),好大夫在线,1.5-2万/月,北京-朝阳区,2年经验,本科,招1人,05-17发布,
PHP,中讯志远（武汉）科技有限公司,1-1.5万/月,北京-朝阳区,3-4年经验,大专,招若干人,05-20发布,五险一金|弹性工作|绩效奖金|补充医疗保险|定期体检
PHP开发工程师,麦田春雪科贸（北京）有限公司,2-2.5万/月,北京-朝阳区,5-7年经验,本科,招2人,05-20发布,弹性工作|五险一金|专业培训|绩效奖金
php教学研发经理,北京八维研修学院,2-3.5万/月,北京-海淀区,5-7年经验,大专,招若干人,05-20发布,五险一金|餐饮补贴|绩效奖金
搜狗PC浏览器-PHP高级开发工程师 (MJ002936),北京搜狗科技发展有限公司,2.8-4万/月,北京-海淀区,5-7年经验,本科,招2人,05-20发布,五险一金|补充医疗保险|餐饮补贴|弹性工作|定期体检|年终奖金
高级PHP开发工程师（保险方向）,北京量子保科技有限公司,2.5-4万/月,北京-海淀区,5-7年经验,本科,招1人,03-28发布,
PHP开发工程师,北京量子保科技有限公司,1.5-2.5万/月,北京-海淀区,3-4年经验,本科,招2人,03-28发布,
软件开发工程师(golang/php)(职位编号：17201),奇虎360科技有限公司,,北京,3-4年经验,本科,招若干人,03-31发布,
linux c开发工程师,北京启明星辰信息安全技术有限公司,1-1.5万/月,北京-海淀区,1年经验,本科,招1人,03-27发布,五险一金|交通补贴|年终奖金|补充医疗保险|餐饮补贴|弹性工作|定期体检|绩效奖金
高级软件测试工程师,北京量子保科技有限公司,1.8-2.5万/月,北京-海淀区,5-7年经验,本科,招1人,03-28发布,
软件测试实习生,北京量子保科技有限公司,4.5-6千/月,北京-海淀区,无工作经验,本科,招2人,03-28发布,
后台开发工程师 - 国际化社区(职位编号：20245),字节跳动,2-4万/月,北京,2年经验,本科,招2人,05-20发布,弹性工作|免费三餐|租房补贴|带薪休假|五险一金
高级运维研发工程师(职位编号：21426),字节跳动,2-4万/月,北京,2年经验,本科,招1人,05-20发布,六险一金|弹性工作|免费三餐|租房补贴
后端开发工程师 - 商业变现(职位编号：21466),字节跳动,2.5-5万/月,北京,3-4年经验,本科,招5人,05-20发布,扁平管理|带薪休假|休闲下午茶|晋升空间|职业大牛|团队氛围好|优厚薪资|弹性工作|免费三餐|租房补贴
Python开发工程师 - 变现业务(职位编号：21620),字节跳动,2.5-4万/月,北京,2年经验,本科,招5人,05-20发布,六险一金|弹性工作|免费三餐|租房补贴|带薪休假|休闲下午茶|扁平管理|健身瑜伽|过亿用户|职业大牛
后端开发工程师-直播/实时通信(职位编号：23218),字节跳动,2.5-5万/月,北京,3-4年经验,本科,招5人,05-20发布,六险一金|高薪期权|弹性工作|免费三餐|租房补贴|带薪休假|休闲下午茶|扁平管理|健身瑜伽|过亿用户
基础架构(高级)研发工程师 - 视频架构(职位编号：23663),字节跳动,2.5-5万/月,北京,3-4年经验,本科,招5人,05-20发布,六险一金|弹性工作|免费三餐|租房补贴|带薪休假|休闲下午茶|扁平管理|健身瑜伽|职业大牛|晋升空间
00134-java工程师,北京智行者科技有限公司,1.5-3万/月,北京-昌平区,3-4年经验,本科,招1人,05-08发布,五险一金|弹性工作|定期体检|年终奖金|股票期权|绩效奖金|员工旅游|节日福利|年底双薪|餐补
移动app后台开发,北京中科白癜风医院,0.8-1.5万/月,北京-大兴区,3-4年经验,本科,招3人,05-08发布,
网页设计/制作,北京中科白癜风医院,4-8千/月,北京-大兴区,2年经验,大专,招3人,05-08发布,绩效奖金|包吃住|弹性工作
网页设计/制作,北京中科白癜风医院,0.8-1.5万/月,北京-大兴区,3-4年经验,本科,招3人,05-08发布,绩效奖金|包吃住|弹性工作
项目经理（智慧城市  物联网方向）(职位编号：TAIJI000758),太极计算机股份有限公司,2-2.5万/月,北京-朝阳区,8-9年经验,本科,招2人,05-08发布,五险一金|补充医疗保险|绩效奖金|交通补贴|餐饮补贴|弹性工作|定期体检|14薪
网络安全工程师-应届生,北京中油瑞飞信息技术有限责任公司,0.7-1.5万/月,北京,无工作经验,本科,招1人,05-08发布,五险一金|补充医疗保险|免费班车|通讯补贴|定期体检|员工食堂|专业培训|绩效奖金|餐饮补贴|福利假期
高级网络安全工程师（安全技术研究）,核工业计算机应用研究所,1.5-2.5万/月,北京-西城区,5-7年经验,本科,招2人,05-09发布,
云网络安全工程师,北京中油瑞飞信息技术有限责任公司,1-3万/月,北京,3-4年经验,本科,招5人,04-05发布,补充医疗保险|免费班车|员工旅游|通讯补贴|专业培训|绩效奖金|年终奖金|定期体检|带薪年假|周末双休
云主机安全工程师,北京中油瑞飞信息技术有限责任公司,1-3万/月,北京,3-4年经验,本科,招4人,04-05发布,补充医疗保险|免费班车|员工旅游|通讯补贴|专业培训|绩效奖金|年终奖金|定期体检|带薪年假|周末双休
Web前端开发工程师,北京易安易机电技术有限公司,0.8-1万/月,北京,5-7年经验,本科,招若干人,04-08发布,五险一金|专业培训|绩效奖金|年终奖金|弹性工作
软件测试师,北京航天爱锐科技有限责任公司,1-3万/月,北京,3-4年经验,本科,招1人,04-08发布,五险一金|餐饮补贴|通讯补贴|定期体检|补充医疗保险
大数据开发工程师,北京明略软件系统有限公司,1.5-4万/月,北京-海淀区,无工作经验,本科,招2人,04-08发布,五险一金|补充医疗保险|交通补贴|餐饮补贴|绩效奖金|年终奖金|股票期权
web研发工程师(J11652),绿盟科技,1-2万/月,北京-海淀区,5-7年经验,本科,招1人,04-15发布,
测试工程师,时趣互动（北京）科技有限公司,1-1.5万/月,北京-朝阳区,3-4年经验,大专,招2人,04-14发布,周末双休|弹性工作|带薪年假|五险一金|节日福利|专业培训|餐饮补贴|补充医疗保险|员工旅游
后台开发工程师（电商广告）(职位编号：33029),字节跳动,2.5-5万/月,北京,3-4年经验,本科,招2人,05-20发布,六险一金|弹性工作|免费三餐|租房补贴|带薪休假|休闲下午茶|扁平管理|健身瑜伽|过亿用户|职业大牛
贴吧事业部基础业务技术部_服务端研发工程师(职位编号：baidu022980),百度在线网络技术（北京）有限公司,2.5-3万/月,北京-海淀区,无工作经验,本科,招7人,05-20发布,
高级测试工程师(职位编号：33372),字节跳动,1.8-3.6万/月,北京,无工作经验,本科,招6人,05-20发布,弹性工作|免费三餐|租房补贴|休闲下午茶|扁平管理|健身瑜伽|五险一金
测试开发工程师(职位编号：33371),字节跳动,1.8-3.6万/月,北京,无工作经验,本科,招4人,05-20发布,弹性工作|免费三餐|租房补贴|休闲下午茶|扁平管理|五险一金
NLP算法专家(职位编号：33370),字节跳动,3-6万/月,北京,无工作经验,本科,招2人,05-20发布,弹性工作|免费三餐|租房补贴|休闲下午茶|扁平管理|五险一金
NLP算法工程师(职位编号：33369),字节跳动,2-4万/月,北京,无工作经验,本科,招2人,05-20发布,弹性工作|免费三餐|租房补贴|休闲下午茶|扁平管理|五险一金
后端研发实习生(职位编号：32983),字节跳动,0.8-1万/月,北京,无工作经验,本科,招3人,05-20发布,弹性工作|免费三餐|租房补贴|休闲下午茶|扁平管理|团队氛围好
资深后端研发工程师(职位编号：31795),字节跳动,3-6万/月,北京,3-4年经验,本科,招3人,05-20发布,六险一金|弹性工作|免费三餐|租房补贴|带薪休假|休闲下午茶|扁平管理|健身瑜伽|过亿用户|职业大牛
IT Engineer --Database Support,北京诺德安达双语学校,1-1.5万/月,北京-房山区,2年经验,本科,招1人,05-20发布,五险一金|补充医疗保险|免费班车|交通补贴|餐饮补贴|通讯补贴|专业培训|定期体检
运维开发负责人(职位编号：33236),字节跳动,3-6万/月,北京,5-7年经验,本科,招1人,05-20发布,六险一金|免费三餐|租房补贴
web前后端开发工程师(职位编号：34549),字节跳动,1.5-2.5万/月,北京,3-4年经验,本科,招1人,05-20发布,弹性工作|免费三餐|租房补贴|扁平管理|优厚薪资|五险一金
API开发工程师,由昉信息科技(上海)有限公司,1.5-2万/月,上海-徐汇区,3-4年经验,大专,招1人,04-17发布,
后端研发工程师,北京追慕科技有限公司,2.5-5万/月,北京-西城区,2年经验,本科,招1人,04-17发布,
软件开发,新乡市中誉鼎力软件科技有限公司,5-8千/月,新乡,2年经验,本科,招5人,04-18发布,绩效奖金|年终奖金|五险|餐饮补贴|员工旅游|节日福利
网页开发人员,北京拓扑智鑫环境科技股份有限公司,1-1.5万/月,北京-丰台区,2年经验,大专,招1人,04-18发布,周末双休|带薪年假|五险一金|员工旅游
运维工程师,北京神州天脉网络计算机有限公司,0.8-1万/月,北京,无工作经验,大专,招若干人,04-18发布,五险一金|交通补贴|通讯补贴|餐饮补贴|年终奖金|定期体检
高级运维开发工程师,安徽华米信息科技有限公司,1.5-3万/月,北京-海淀区,无工作经验,本科,招若干人,04-19发布,
Javascript前端工程师,中邮创技术服务（北京）有限公司,1.2-2.4万/月,北京-东城区,无工作经验,本科,招2人,04-19发布,
信息安全-云主机安全工程师-012,北京中油瑞飞信息技术有限责任公司,1-3万/月,北京,3-4年经验,本科,招2人,05-20发布,五险一金|补充医疗保险|交通补贴|餐饮补贴|通讯补贴|专业培训|绩效奖金|年终奖金|定期体检|免费班车
信息安全-网络安全工程师（应届生）-002,北京中油瑞飞信息技术有限责任公司,1.5-2万/月,北京,1年经验,本科,招3人,05-20发布,五险一金|补充医疗保险|交通补贴|餐饮补贴|通讯补贴|专业培训|绩效奖金|年终奖金|定期体检|免费班车
Node.JS软件工程师,电讯盈科科技(北京)有限公司,2-2.5万/月,北京,3-4年经验,本科,招若干人,05-20发布,周末双休|弹性工作|意外险|节日福利|带薪年假|五险一金
运维工程师（R022-BJ20180622）(职位编号：R022-BJ20180622),北京新浪阅读信息技术有限公司,1.8-2.5万/月,北京,5-7年经验,本科,招1人,05-20发布,五险一金|补充医疗保险|通讯补贴|餐饮补贴|弹性工作|定期体检
信息安全-测试工程师-014,北京中油瑞飞信息技术有限责任公司,1-2.5万/月,北京,3-4年经验,本科,招1人,05-20发布,五险一金|补充医疗保险|交通补贴|餐饮补贴|通讯补贴|专业培训|绩效奖金|年终奖金|定期体检|免费班车
30359-视频安全后台开发（北京）(职位编号：50324),深圳市腾讯计算机系统有限公司,,北京,3-4年经验,本科,招2人,05-20发布,
Wintel 系统运维工程师,绫致时装（天津）有限公司,1-1.5万/月,北京-朝阳区,3-4年经验,本科,招1人,05-20发布,五险一金|补充医疗保险|年终奖金|专业培训|弹性工作|绩效奖金|通讯补贴
30359-后台开发高级工程师（北京）(职位编号：50350),深圳市腾讯计算机系统有限公司,,北京,3-4年经验,本科,招1人,05-20发布,
安全工程师/安全专家,瑞幸咖啡（中国）有限公司,1.5-3万/月,北京-海淀区,3-4年经验,本科,招3人,03-27发布,五险一金|餐饮补贴|带薪年假
网络安全防护工程师(001002)(职位编号：360ESG001002),奇安信集团,1.8-3.6万/月,北京-朝阳区,3-4年经验,大专,招4人,03-27发布,
IT系统工程师,中金数据系统有限公司,1.5-2万/月,北京,5-7年经验,本科,招2人,03-27发布,
系统维护工程师,北京市速连科通信设备有限责任公司,0.5-1万/月,北京-西城区,1年经验,大专,招2人,03-28发布,五险一金|员工旅游|交通补贴|餐饮补贴|通讯补贴|年终奖金
前端工程师egret、js、cocos2d、vue,托普朗宁（北京）教育科技有限公司,1-1.5万/月,北京,2年经验,大专,招3人,03-28发布,
信息系统维护(职位编号：006),清华大学信息化技术中心,0.8-1.2万/月,北京,无工作经验,硕士,招2人,03-29发布,五险一金
Web Engineer,Tesla特斯拉汽车,2.5-3万/月,北京-朝阳区,3-4年经验,本科,招1人,04-01发布,带薪年假|五险一金|专业培训|节日福利|股票期权|补充医疗保险
前端开发工程师,中宜云控互联网科技股份有限公司,1-3万/月,北京-海淀区,5-7年经验,本科,招3人,04-02发布,五险一金|交通补贴|餐饮补贴|绩效奖金
Java资深开发工程师,好大夫在线,2-4万/月,北京-朝阳区,无工作经验,本科,招5人,05-17发布,周末双休|带薪年假|五险一金|免费班车|绩效奖金|节日福利|专业培训|餐饮补贴|免费健身
测试工程师,好大夫在线,1-1.5万/月,北京-朝阳区,1年经验,本科,招1人,05-17发布,周末双休|带薪年假|五险一金|免费班车|绩效奖金|节日福利|专业培训|餐饮补贴|免费健身
系统架构师,好大夫在线,3-5万/月,北京-朝阳区,无工作经验,本科,招2人,05-17发布,周末双休|带薪年假|五险一金|免费班车|绩效奖金|节日福利|专业培训|餐饮补贴|免费健身
搜狗输入法-PHP高级开发工程师,北京搜狗科技发展有限公司,2-4万/月,北京-海淀区,3-4年经验,本科,招1人,05-20发布,五险一金|补充医疗保险|餐饮补贴|弹性工作|定期体检|年终奖金
PHP开发工程师(职位编号：003),北京大象联盟国际经贸中心,0.8-1.5万/月,北京-海淀区,2年经验,大专,招3人,05-20发布,五险一金|绩效奖金|年终奖金|股票期权|专业培训|出国机会|员工旅游
php开发工程师(J12305),北京汇通天下物联科技有限公司,2.5-3万/月,北京-海淀区,5-7年经验,本科,招1人,05-20发布,
大数据产品部—PHP开发工程师,人民网股份有限公司,1.5-3万/月,北京-朝阳区,2年经验,本科,招若干人,05-20发布,五险一金|补充医疗保险|免费班车|年终奖金|绩效奖金|专业培训|定期体检
高级PHP开发工程师,新好耶数字技术（上海）有限公司,2-2.5万/月,北京-东城区,5-7年经验,本科,招2人,05-20发布,补充医疗保险|五险一金|通讯补贴|员工旅游|定期体检|年终奖金
PHP开发工程师(职位编号：18155),奇虎360科技有限公司,2-2.5万/月,北京,3-4年经验,本科,招1人,05-20发布,
php开发工程师(职位编号：18157),奇虎360科技有限公司,2-2.5万/月,北京,3-4年经验,本科,招1人,05-20发布,
WEB服务端开发工程师-PHP/GO,奇虎360科技有限公司,2-4万/月,北京,3-4年经验,本科,招若干人,05-20发布,五险一金|免费班车|餐饮补贴|专业培训|出国机会|定期体检|弹性工作|绩效奖金
PHP开发工程师(职位编号：17955),奇虎360科技有限公司,2-2.5万/月,北京,3-4年经验,本科,招2人,05-20发布,
PHP开发工程师(职位编号：17996),奇虎360科技有限公司,2-2.5万/月,北京,5-7年经验,本科,招5人,05-20发布,
PHP高级工程师/架构师/经理,北京中公教育科技股份有限公司,2.5-4万/月,北京-海淀区,3-4年经验,本科,招3人,05-20发布,五险一金|定期体检|年终奖金|专业培训|交通补贴|绩效奖金
php实训项目经理,北京八维研修学院,2-3.5万/月,北京-海淀区,无工作经验,大专,招1人,05-20发布,五险一金|专业培训|餐饮补贴|定期体检|绩效奖金
PHP 开发工程师(J12296),北京北大方正电子有限公司,2.5-3万/月,北京-海淀区,3-4年经验,本科,招若干人,04-02发布,五险一金|免费班车|绩效奖金
PHP开发工程师J11780,北京北大方正电子有限公司,1-1.5万/月,北京-海淀区,2年经验,本科,招1人,04-02发布,"免费班车|周末双休,|五险一金|补充医疗保险|餐饮补贴|定期体检|年终奖金|交通补贴"
php开发工程师J10551,北京北大方正电子有限公司,1.5-2万/月,北京-海淀区,无工作经验,本科,招1人,04-02发布,五险一金|餐饮补贴|绩效奖金|周末双休|免费班车|体检
PHP高级开发工程师(职位编号：17853),奇虎360科技有限公司,2-2.5万/月,北京,3-4年经验,本科,招2人,05-20发布,
字库业务——php网站开发工程师,北京北大方正电子有限公司,,北京-海淀区,1年经验,本科,招1人,04-02发布,
PHP开发工程师(J10503),北京北大方正电子有限公司,1-1.5万/月,北京-海淀区,3-4年经验,本科,招1人,04-02发布,"五险一金|带薪年假,|住宿班车,|免费班车,|体检"
PHP高级工程师,北京世纪网展科技有限公司,1.5-2万/月,北京-丰台区,3-4年经验,本科,招5人,04-04发布,五险一金|绩效奖金|股票期权|餐饮补贴|弹性工作|定期体检|通讯补贴|专业培训|出国机会|年终奖金
直播云-PHP开发工程师,好未来教育（原学而思教育),1.5-3万/月,北京-海淀区,3-4年经验,本科,招1人,04-11发布,五险一金|补充医疗保险|年终奖金|定期体检|周末双休|带薪年假|节日福利|弹性工作
PHP开发工程师,北京开维创科技有限公司,0.8-1万/月,北京-海淀区,1年经验,大专,招2人,04-16发布,周末双休|五险一金|绩效奖金|全勤奖|专业培训|做五休二|带薪年假|住房补贴|出国机会|员工旅游
中高级PHP开发工程师,北京世纪网展科技有限公司,1-2万/月,北京-丰台区,2年经验,大专,招2人,04-17发布,五险一金|员工旅游|餐饮补贴|专业培训|年终奖金|带薪年假|周末双休
软件测试工程师,北京量子保科技有限公司,1-1.5万/月,北京-海淀区,2年经验,本科,招1人,03-28发布,
初级软件测试工程师（实习/应届）,北京量子保科技有限公司,4.5-6千/月,北京-海淀区,无工作经验,本科,招2人,03-28发布,
技术主管,北京联合易网网络技术开发有限公司,1-2万/月,北京-海淀区,5-7年经验,本科,招1人,03-29发布,年终奖金|绩效奖金|员工旅游
应用安全工程师（渗透方向）,北京宏远科创软件有限公司,1.5-2.5万/月,北京-朝阳区,3-4年经验,本科,招5人,05-15发布,
前端开发工程师,新东方教育科技集团有限公司,2-3万/月,北京-海淀区,3-4年经验,本科,招4人,05-15发布,五险一金|员工旅游|定期体检|餐饮补贴|绩效奖金
前端开发工程师（K12教育）,新东方教育科技集团有限公司,1-2万/月,北京,1年经验,本科,招4人,05-15发布,
系统运维工程师（K12教育）,新东方教育科技集团有限公司,1-1.5万/月,北京,1年经验,本科,招2人,05-15发布,
基础架构(高级)研发工程师 - 融合CDN(职位编号：23671),字节跳动,2.5-5万/月,北京,3-4年经验,本科,招5人,05-20发布,六险一金|弹性工作|免费三餐|租房补贴|带薪休假|休闲下午茶|扁平管理|健身瑜伽|职业大牛|晋升空间
基础架构(高级)研发工程师 - 视频云(职位编号：23669),字节跳动,2.5-5万/月,北京,3-4年经验,本科,招5人,05-20发布,六险一金|弹性工作|免费三餐|租房补贴|带薪休假|休闲下午茶|扁平管理|健身瑜伽|职业大牛|晋升空间
后端研发实习生 - 抖音/火山(职位编号：23909),字节跳动,6-8千/月,北京,无工作经验,本科,招5人,05-20发布,弹性工作|免费三餐|租房补贴
系统稳定性资深工程师 - 抖音/火山(职位编号：24503),字节跳动,2.5-5万/月,北京,3-4年经验,本科,招5人,05-20发布,六险一金|弹性工作|免费三餐|租房补贴
系统稳定性工程师 - 抖音/火山(职位编号：24502),字节跳动,2.5-5万/月,北京,2年经验,本科,招5人,05-20发布,六险一金|弹性工作|免费三餐|租房补贴
测试开发工程师J11311,北京北大方正电子有限公司,2-3千/月,南宁,无工作经验,本科,招5人,04-02发布,免费班车
测试开发工程师J11311,北京北大方正电子有限公司,2-3千/月,北京-海淀区,无工作经验,本科,招5人,04-02发布,"周末双休,|免费班车"
移动app后台开发,北京中科白癜风医院,4-8千/月,北京-大兴区,2年经验,大专,招3人,05-08发布,
软件开发工程师（web）,北京中油瑞飞信息技术有限责任公司,2-3千/月,北京,3-4年经验,本科,招3人,04-05发布,补充医疗保险|免费班车|员工旅游|通讯补贴|专业培训|绩效奖金|年终奖金|定期体检|带薪年假|周末双休
移动app后台开发,北京中科白癜风医院,3-6千/月,北京-大兴区,3-4年经验,本科,招3人,05-08发布,
招聘主管,淄博东雷商贸有限公司,0.8-1.5万/月,北京-朝阳区,3-4年经验,大专,招若干人,05-09发布,员工旅游|出国机会|餐饮补贴|专业培训|年终奖金|周末双休
安全服务工程师,杭州安恒信息技术股份有限公司,0.7-2.2万/月,北京-海淀区,2年经验,本科,招2人,05-10发布,五险一金|员工旅游|弹性工作|专业培训
安全评估工程师（北京）,杭州安恒信息技术股份有限公司,1.5-2万/月,北京-海淀区,3-4年经验,大专,招2人,05-10发布,五险一金|周末双休|节日福利
高级产品经理,安百科技（北京）有限公司,1.5-2.5万/月,北京-海淀区,3-4年经验,本科,招若干人,05-10发布,五险一金|交通补贴|餐饮补贴|通讯补贴|专业培训|定期体检
web前端 APP软件开发工程师,北京润启华美信息系统有限公司,1-1.5万/月,北京-昌平区,3-4年经验,本科,招3人,05-12发布,
H5游戏高级前端开发工程师,北京润启华美信息系统有限公司,1-1.5万/月,北京-昌平区,5-7年经验,本科,招2人,05-12发布,
运维工程师,北京捷通华声科技股份有限公司,1-2万/月,北京,1年经验,本科,招2人,05-20发布,五险一金|绩效奖金|项目奖金|每年多次调薪|晋升空间大
网络安全工程师,北京永信至诚科技股份有限公司,1-1.5万/月,北京-海淀区,2年经验,大专,招1人,05-20发布,五险一金|补充医疗保险|餐饮补贴|员工旅游|定期体检
移动软件事业部经理,北京博科管理技术有限公司,5-6万/年,北京-海淀区,3-4年经验,硕士,招1人,05-20发布,
开发工程师（小程序）,北京微美汇通信息技术有限公司,1-1.5万/月,北京-海淀区,2年经验,大专,招1人,05-20发布,五险一金|弹性工作|周末双休|带薪年假
系统运维工程师,深圳市一里递商务科技有限公司,2-5万/月,北京-海淀区,3-4年经验,大专,招2人,05-20发布,
前端运维开发,深圳市泓健体育文化有限公司,1.5-2万/月,北京,3-4年经验,本科,招5人,05-20发布,
中级备份运维工程师,恩士迅信息科技（上海）有限公司,1-1.3万/月,北京-大兴区,2年经验,本科,招若干人,05-20发布,做五休二|周末双休|带薪年假|五险一金|绩效奖金|专业培训
软件实施工程师（JavaScript数据采集）,商助科技（北京）有限公司,,北京-海淀区,2年经验,本科,招1人,05-20发布,周末双休|五险一金|带薪年假|节日福利|定期体检|绩效奖金|餐饮补贴
软件工程师,北京同有飞骥科技股份有限公司,0.8-1.6万/月,北京-海淀区,2年经验,本科,招1人,05-20发布,五险一金|补充医疗保险|免费班车|餐饮补贴|定期体检|股票期权|绩效奖金
前端工程师,中国司法大数据研究院有限公司,1-1.5万/月,北京-石景山区,2年经验,本科,招3人,04-16发布,
WEB前端工程师（微信小程序开发）,北京易赛体育产业有限公司,0.8-1.6万/月,北京-朝阳区,2年经验,本科,招若干人,04-16发布,五险一金|交通补贴|餐饮补贴|绩效奖金|带薪年假
后端开发,新乡市中誉鼎力软件科技有限公司,5-8千/月,新乡,2年经验,大专,招5人,04-18发布,绩效奖金|年终奖金|五险|餐饮补贴|员工旅游|节日福利
系统集成经理,北京振颜丽舍商贸有限公司,2-2.5万/月,北京-朝阳区,5-7年经验,大专,招1人,04-19发布,五险一金|员工旅游|专业培训|绩效奖金|年终奖金
初级驻场运维工程师,南通东华软件有限公司,1-1.5万/月,北京-朝阳区,2年经验,本科,招1人,04-22发布,五险一金|餐饮补贴|通讯补贴|补充公积金|年终奖金|定期体检|周末双休|带薪年假
高级/资深广告投放研发工程师(职位编号：34565),字节跳动,2-4万/月,北京,3-4年经验,本科,招1人,05-20发布,六险一金|高薪期权|弹性工作|免费三餐|租房补贴|带薪休假
初级一线运维支持,南通东华软件有限公司,1-1.5万/月,北京-东城区,2年经验,本科,招1人,04-22发布,五险一金|餐饮补贴|通讯补贴|补充公积金|年终奖金|定期体检|周末双休|带薪年假
项目经理,北京中网泰尼斯体育发展中心,1-1.5万/月,北京-东城区,1年经验,本科,招1人,04-22发布,五险一金|补充医疗保险|餐饮补贴
质量部_ 测试开发工程师(职位编号：duxiaoman000503),安一恒通（北京）科技有限公司,2.5-3万/月,北京,无工作经验,本科,招1人,04-22发布,五险一金|免费班车|餐饮补贴|通讯补贴|免费夜宵|免费早餐|商业保险
算法工程师,深圳市喂车科技有限公司,1.6-3万/月,北京-东城区,5-7年经验,本科,招1人,04-23发布,五险一金|餐饮补贴|专业培训|绩效奖金|年终奖金|股票期权|弹性工作|定期体检|节日福利|带薪年假
Web前端开发资深工程师 (经理级),广州悦耳电子有限公司,40-50万/年,北京-朝阳区,5-7年经验,本科,招1人,04-23发布,
22090-天天快报-后台开发（北京）(职位编号：50157),深圳市腾讯计算机系统有限公司,,北京,2年经验,本科,招1人,05-20发布,
CSIG16-位置服务后台研发高级工程师(职位编号：49506),深圳市腾讯计算机系统有限公司,,北京,3-4年经验,本科,招10人,05-20发布,
CSIG16-自动驾驶云平台高级前端开发工程师（北京）(职位编号：49344),深圳市腾讯计算机系统有限公司,,北京,2年经验,本科,招1人,05-20发布,
PCG19-大数据开发工程师（北京）(职位编号：49141),深圳市腾讯计算机系统有限公司,,北京,2年经验,本科,招1人,05-20发布,
新零售技术事业群-前端开发专家-淘系技术部(职位编号：GP537227),阿里巴巴集团,,北京,3-4年经验,本科,招1人,05-20发布,
配置管理工程师,北京禧云企业管理有限公司,1.5-2万/月,北京,3-4年经验,大专,招2人,04-08发布,五险一金|免费班车|交通补贴|餐饮补贴|通讯补贴|弹性工作
功能测试工程师,好大夫在线,1.5-2.5万/月,北京-朝阳区,无工作经验,本科,招5人,05-17发布,周末双休|带薪年假|五险一金|免费班车|绩效奖金|节日福利|专业培训|餐饮补贴|免费健身
java开发工程师(J10259),好大夫在线,2-4万/月,北京-朝阳区,无工作经验,本科,招5人,05-17发布,周末双休|带薪年假|五险一金|免费班车|绩效奖金|节日福利|专业培训|餐饮补贴|免费健身
前端开发工程师,好大夫在线,1.5-2.5万/月,北京-朝阳区,3-4年经验,本科,招若干人,05-17发布,周末双休|带薪年假|五险一金|免费班车|绩效奖金|节日福利|专业培训|餐饮补贴|免费健身
测试工程师,好大夫在线,1.5-2.5万/月,北京-朝阳区,2年经验,本科,招1人,05-17发布,周末双休|带薪年假|五险一金|免费班车|绩效奖金|节日福利|专业培训|餐饮补贴|免费健身
java开发工程师(J10265),好大夫在线,2-4万/月,北京-朝阳区,无工作经验,本科,招5人,05-17发布,周末双休|带薪年假|五险一金|免费班车|绩效奖金|节日福利|专业培训|餐饮补贴|免费健身
java开发工程师(J10276),好大夫在线,2-4万/月,北京-朝阳区,无工作经验,本科,招5人,05-17发布,周末双休|带薪年假|五险一金|免费班车|绩效奖金|节日福利|专业培训|餐饮补贴|免费健身
测试工程师(J10299),好大夫在线,1.5-2.5万/月,北京-朝阳区,无工作经验,本科,招5人,05-17发布,周末双休|带薪年假|五险一金|免费班车|绩效奖金|节日福利|专业培训|餐饮补贴|免费健身
PHP高级开发工程师(职位编号：18166),奇虎360科技有限公司,2-2.5万/月,北京,3-4年经验,本科,招1人,05-20发布,
技术总监（广告平台）,北京试玩互动科技有限公司,40-60万/月,北京-朝阳区,8-9年经验,本科,招1人,05-02发布,
Web前端开发工程师（智能驾驶）(职位编号：001052),北京经纬恒润科技有限公司,1.5-2千/月,北京-海淀区,无工作经验,硕士,招若干人,05-16发布,
AI &大数据 首席架构师,北京比财数据科技有限公司,5-7万/月,北京-朝阳区,5-7年经验,本科,招1人,05-20发布,
PHP开发工程师,北京世纪网展科技有限公司,1.5-2万/月,北京-丰台区,3-4年经验,大专,招2人,04-22发布,周末双休|带薪年假|节日福利|餐饮补贴|五险一金|免费班车|绩效奖金|年终奖金
反作弊工程架构师,北京热热文化科技有限公司,1.5-2千/月,北京-海淀区,无工作经验,本科,招1人,05-20发布,
PHP高级开发工程师,北京世纪网展科技有限公司,1.5-2万/月,北京-丰台区,3-4年经验,大专,招2人,04-22发布,周末双休|带薪年假|节日福利|餐饮补贴|五险一金|免费班车|绩效奖金|年终奖金
PHP开发经理,北京中法视通科技有限公司,2-3万/月,北京-东城区,5-7年经验,本科,招1人,05-09发布,五险一金|餐饮补贴|定期体检|过节费|周末双休|全勤奖|防暑降温费
高级PHP开发工程师,厦门千时科技有限公司,2.4-4.8万/月,北京-朝阳区,5-7年经验,本科,招若干人,05-13发布,五险一金|弹性工作|专业培训|员工旅游|年终奖金
PHP高级经理,北京太度快乐网络技术有限公司,1.5-2万/月,北京-朝阳区,5-7年经验,大专,招1人,05-09发布,
PHP高级开发工程师,北京云海天街电子商务有限责任公司,0.9-1.2万/月,北京-昌平区,5-7年经验,本科,招若干人,05-12发布,绩效奖金|周末双休|五险一金|交通补贴|餐饮补贴|通讯补贴|年终奖金
PHP中级开发工程师,车满满（北京）信息技术有限公司,1.5-2.5万/月,北京-朝阳区,3-4年经验,本科,招1人,05-12发布,
***：PHP网站开发工程师,北京天弈方圆管理顾问有限公司,300元/天,北京-海淀区,2年经验,本科,招1人,05-13发布,五险一金|年终奖金
服务端开发工程师(职位编号：17785),奇虎360科技有限公司,2-2.5万/月,北京,3-4年经验,本科,招1人,03-31发布,
web服务端开发-golong(职位编号：17685),奇虎360科技有限公司,3-4万/月,北京,3-4年经验,本科,招1人,03-31发布,
PHP开发工程师,北京商联达科技有限公司,0.7-1.5万/月,北京-海淀区,2年经验,大专,招12人,05-14发布,五险一金|专业培训|绩效奖金
服务端测试开发工程师,奇虎360科技有限公司,1.5-3万/月,北京,3-4年经验,本科,招若干人,03-31发布,五险一金|免费班车|餐饮补贴|专业培训|出国机会|定期体检|弹性工作|绩效奖金
服务端技术负责人(职位编号：17772),奇虎360科技有限公司,3-4万/月,北京,5-7年经验,本科,招1人,03-31发布,
技术总监,益洗新（北京）科技发展有限公司,2.5-5万/月,北京,10年以上经验,本科,招1人,03-30发布,五险一金|年终奖金|专业培训|绩效奖金|定期体检|员工旅游|弹性工作|带薪年假|通讯补贴
WEB开发工程师(职位编号：16986),奇虎360科技有限公司,,北京,2年经验,本科,招2人,03-31发布,
Java开发工程师,中软博创（北京）科技有限公司,4.5-6千/月,北京-海淀区,无工作经验,大专,招10人,05-16发布,五险一金|员工旅游|交通补贴|通讯补贴|专业培训|年终奖金|绩效奖金
技术总监,联合天际（北京）文化传媒有限公司,2-5万/月,北京-东城区,5-7年经验,本科,招1人,05-16发布,五险一金|定期体检|弹性工作|年终奖金|绩效奖金|交通补贴|员工旅游|餐饮补贴
柯锐特-人事专员,北京柯锐特信息技术有限公司,3-6千/月,北京-昌平区,1年经验,大专,招若干人,05-16发布,
前端开发工程师,数字广东网络建设有限公司,1.5-2万/月,北京-海淀区,3-4年经验,本科,招1人,05-16发布,
网络安全工程师,北京起鹏科技发展有限公司,0.6-1.2万/月,北京,无工作经验,大专,招若干人,05-16发布,五险一金|餐饮补贴|通讯补贴|出国机会|绩效奖金|年终奖金|交通补贴|员工旅游
前端开发工程师(J10384),北京天融信科技有限公司,0.9-1.4万/月,北京,2年经验,大专,招3人,05-16发布,五险一金|餐饮补贴|弹性工作|定期体检|交通补贴|年终奖金|补充医疗保险
Web 中级开发工程师(J10394),北京天融信科技有限公司,1-1.5万/月,北京,3-4年经验,本科,招2人,05-16发布,五险一金|餐饮补贴|弹性工作|定期体检|交通补贴|年终奖金|补充医疗保险
Linux C\C++高级开发工程师(安全接入)(J10589),北京天融信科技有限公司,1.5-2.5万/月,北京,5-7年经验,本科,招2人,05-16发布,五险一金|弹性工作|定期体检|年终奖金|股票期权|绩效奖金|交通补贴|餐饮补贴|通讯补贴
Linux C\C++中级开发工程师（接入）(J10591),北京天融信科技有限公司,1-1.5万/月,北京,3-4年经验,本科,招2人,05-16发布,五险一金|弹性工作|定期体检|年终奖金|股票期权|绩效奖金|交通补贴|餐饮补贴|通讯补贴
系统运维工程师,北京快友世纪科技股份有限公司,0.8-1.1万/月,北京,3-4年经验,本科,招1人,05-16发布,五险一金|补充医疗保险|餐饮补贴|通讯补贴|弹性工作|定期体检
Python中高级开发工程师,新浪微博,2-3.5万/月,北京,1年经验,本科,招5人,05-17发布,免费班车|五险一金|年底双薪|餐补|带薪年假|弹性工作|补充医疗保险|定期体检|通讯补贴
运维工程师,北京陆机科技有限公司,0.8-1万/月,北京-石景山区,2年经验,大专,招若干人,05-17发布,五险一金|交通补贴|餐饮补贴|通讯补贴|专业培训|绩效奖金|年终奖金
基础架构工程师（性能优化） - 抖音/火山(职位编号：24484),字节跳动,2.5-5万/月,北京,2年经验,本科,招5人,05-20发布,六险一金|弹性工作|免费三餐|租房补贴
DevOps研发工程师 - 抖音/火山(职位编号：24483),字节跳动,2.5-5万/月,北京,2年经验,本科,招5人,05-20发布,六险一金|弹性工作|免费三餐|租房补贴
后端研发工程师 - Growth方向(职位编号：24558),字节跳动,2-4万/月,北京,3-4年经验,本科,招5人,05-20发布,六险一金|弹性工作|免费三餐|租房补贴|休闲下午茶|扁平管理|健身瑜伽|过亿用户|职业大牛|晋升空间
资深安全研发工程师(职位编号：19647),字节跳动,3-6万/月,北京,3-4年经验,本科,招2人,05-20发布,六险一金|弹性工作|免费三餐|租房补贴|休闲下午茶
渗透测试工程师(职位编号：18871),字节跳动,2-4万/月,北京,2年经验,本科,招3人,05-20发布,六险一金|免费三餐|租房补贴
高级运维开发系统工程师(职位编号：15941),字节跳动,2-4万/月,北京,2年经验,本科,招3人,05-20发布,弹性工作|免费三餐|租房补贴|带薪休假|五险一金
安全研发工程师(职位编号：12141),字节跳动,2-4万/月,北京,2年经验,本科,招2人,05-20发布,六险一金|弹性工作|免费三餐|租房补贴|休闲下午茶
高级系统工程师 - 运维开发(职位编号：8836),字节跳动,2-4万/月,北京,2年经验,本科,招3人,05-20发布,弹性工作|免费三餐|租房补贴|五险一金|带薪休假
研发工程师,北京红鲤鱼数字电影院线有限公司,1-1.5万/月,北京-朝阳区,3-4年经验,大专,招3人,05-20发布,五险一金|员工旅游|定期体检|弹性工作
后端开发高级工程师(职位编号：25707),字节跳动,2-4万/月,北京,2年经验,本科,招6人,05-20发布,六险一金|弹性工作|免费三餐|租房补贴|带薪休假|扁平管理
后端开发工程师(职位编号：25706),字节跳动,2-4万/月,北京,2年经验,本科,招1人,05-20发布,六险一金|弹性工作|带薪休假|职业大牛|晋升空间|优厚薪资
资深国际广告平台研发工程师(职位编号：26077),字节跳动,2.5-5万/月,北京,3-4年经验,本科,招3人,05-20发布,六险一金|弹性工作|免费三餐|租房补贴|扁平管理|团队氛围好
服务端(资深)架构师 - 视频架构(职位编号：26097),字节跳动,4-6万/月,北京,3-4年经验,本科,招5人,05-20发布,扁平管理|免费三餐|团队氛围好
服务端技术负责人-视频架构(职位编号：26099),字节跳动,4-6万/月,北京,3-4年经验,本科,招5人,05-20发布,扁平管理|免费三餐|团队氛围好
商业化高级后端研发工程师 - 内容营销方向(职位编号：26080),字节跳动,2.5-5万/月,北京,3-4年经验,本科,招3人,05-20发布,六险一金|弹性工作|免费三餐|租房补贴|扁平管理|团队氛围好
测试开发工程师 - 企业应用产品(职位编号：26832),字节跳动,1.5-3万/月,北京,2年经验,本科,招2人,05-20发布,六险一金|弹性工作|免费三餐|租房补贴|扁平管理|职业大牛|晋升空间
移动app后台开发,北京中科白癜风医院,2-4千/月,北京-大兴区,2年经验,大专,招若干人,05-08发布,
网页设计/制作,北京中科白癜风医院,2-4千/月,北京-大兴区,2年经验,大专,招若干人,05-08发布,绩效奖金|包吃住|弹性工作
前端开发工程师(PaaS)-昌平-Y,北京中油瑞飞信息技术有限责任公司,2-3万/年,北京-昌平区,3-4年经验,本科,招2人,05-13发布,五险一金|补充医疗保险|交通补贴|餐饮补贴|通讯补贴|专业培训|绩效奖金|年终奖金|定期体检|免费班车
张昱实验室招聘生物信息分析员1名、技术员2名,北京生命科学研究所,4-7千/月,北京-昌平区,无工作经验,招3人,05-15发布,生物工程 生物科学，技术,五险一金|补充医疗保险|免费班车|专业培训|出国机会|定期体检|带薪年假|带薪病假
.NET软件开发工程师（日语）,大连滋德商务咨询有限公司,2-3千/月,北京,1年经验,大专,招10人,05-20发布,
英语运维工程师,完美世界（北京）总部/完美时空,1.5-2千/月,北京,无工作经验,本科,招1人,05-20发布,五险一金|补充医疗保险|年终奖金
技术工程师,北京陆机科技有限公司,1.5-2千/月,北京-石景山区,3-4年经验,本科,招1人,05-17发布,五险一金|交通补贴|餐饮补贴|绩效奖金
后台开发实习生 - 西瓜视频(职位编号：26075),字节跳动,3-6千/月,北京,无工作经验,本科,招10人,05-20发布,弹性工作|免费三餐|休闲下午茶|扁平管理|健身瑜伽|职业大牛|团队氛围好
贴吧事业部基础业务技术部_推荐后端架构工程师(职位编号：baidu024114),百度在线网络技术（北京）有限公司,2-4千/月,上海,1年经验,本科,招若干人,05-20发布,弹性工作|专业培训
后端开发实习生（可转正）(职位编号：34090),字节跳动,4-8千/月,北京,无工作经验,本科,招10人,05-20发布,过亿用户|职业大牛|弹性工作|免费三餐|团队氛围好
后端开发实习生-可转正(职位编号：35149),字节跳动,4-8千/月,北京,无工作经验,本科,招1人,05-20发布,休闲下午茶|扁平管理|弹性工作|免费三餐|租房补贴
测试工程师,艾拉丁网络科技（北京）有限公司,0.8-1.2万/月,北京-朝阳区,3-4年经验,本科,招2人,05-13发布,五险一金|年终奖金
Web前端开发工程师,中科科猫（北京）科技有限公司,1.6-2.5万/月,北京-西城区,2年经验,本科,招1人,05-14发布,
实施-系统工程师,北京启明星辰信息安全技术有限公司,0.8-1.2万/月,北京-海淀区,3-4年经验,本科,招2人,05-14发布,五险一金|餐饮补贴|弹性工作|补充医疗保险|免费班车
售后技术支持,北京商联达科技有限公司,0.8-1万/月,北京-海淀区,2年经验,大专,招3人,05-14发布,五险一金|专业培训|绩效奖金|员工旅游
Web前端开发工程师,北京商联达科技有限公司,0.8-1.2万/月,北京-海淀区,2年经验,本科,招若干人,05-14发布,专业培训|五险一金|绩效奖金
项目经理,北京商联达科技有限公司,1.5-2.5万/月,北京-海淀区,5-7年经验,本科,招3人,05-14发布,五险一金|通讯补贴|专业培训|绩效奖金|员工旅游
前端开发工程师,上海吉联新软件股份有限公司,1.2-1.8万/月,北京-朝阳区,3-4年经验,本科,招若干人,05-20发布,五险一金|岗位晋升|发展空间大|公司规模大|带薪年假|节日礼物|技能培训|团队聚餐|领导好|定期体检
前端开发工程师,上海吉联新软件股份有限公司,1.2-1.8万/月,北京-朝阳区,3-4年经验,本科,招若干人,05-20发布,五险一金|岗位晋升|发展空间大|公司规模大|带薪年假|节日礼物|技能培训|团队聚餐|领导好|定期体检
Web服务端开发工程师(职位编号：18113),奇虎360科技有限公司,1.5-2万/月,北京,3-4年经验,本科,招1人,05-20发布,
推荐架构工程师(职位编号：18119),奇虎360科技有限公司,2.5-3万/月,北京,3-4年经验,本科,招1人,05-20发布,
大数据平台开发工程师(职位编号：18127),奇虎360科技有限公司,3-4万/月,北京,5-7年经验,本科,招1人,05-20发布,
后端开发工程师(职位编号：18065),奇虎360科技有限公司,2.5-3万/月,北京,3-4年经验,本科,招3人,05-20发布,
测试工程师(职位编号：18067),奇虎360科技有限公司,2-2.5万/月,北京,3-4年经验,本科,招3人,05-20发布,
服务端开发工程师(职位编号：17874),奇虎360科技有限公司,0.8-1万/月,北京,1年经验,硕士,招2人,05-20发布,
后端开发工程师(职位编号：18071),奇虎360科技有限公司,2.5-3万/月,北京,3-4年经验,硕士,招3人,05-20发布,
GO高级开发工程师(职位编号：18085),奇虎360科技有限公司,2.5-3万/月,北京,3-4年经验,本科,招1人,05-20发布,
高级前端工程师(职位编号：18111),奇虎360科技有限公司,2.5-3万/月,北京,5-7年经验,本科,招1人,05-20发布,
页面分析工程师(职位编号：17980),奇虎360科技有限公司,2.5-3万/月,北京,3-4年经验,本科,招1人,05-20发布,
测试工程师(职位编号：17995),奇虎360科技有限公司,2-2.5万/月,北京,5-7年经验,本科,招5人,05-20发布,
Web前端工程师(职位编号：17852),奇虎360科技有限公司,2-2.5万/月,北京,3-4年经验,本科,招1人,05-20发布,
WEB前端工程师（微信小程序开发）,北京甲子科技有限责任公司,0.8-1.5万/月,北京-丰台区,2年经验,本科,招1人,05-20发布,周末双休|带薪年假|五险一金|绩效奖金|节日福利|专业培训
大数据平台研发经理/总监,北京中公教育科技股份有限公司,3-6万/月,北京-海淀区,3-4年经验,本科,招2人,05-20发布,五险一金|定期体检|年终奖金|专业培训|交通补贴|绩效奖金
RF Testing Engineer(射频软件测试工程师),高通无线通信技术（中国）有限公司,,北京,无工作经验,硕士,招若干人,05-20发布,
高级web前端开发工程师,北京未来聚典信息技术有限公司,1.8-2.1万/月,北京-大兴区,3-4年经验,本科,招1人,05-20发布,周末双休|免费零食|团建活动|定期体检|补充医疗保险|五险一金|弹性工作
Web前端讲师,北京中公教育科技股份有限公司,1.5-3万/月,北京,3-4年经验,大专,招100人,05-20发布,五险一金|定期体检|年终奖金|股票期权|专业培训|交通补贴|员工旅游
技术架构师/技术总监,北京中公教育科技股份有限公司,3-5万/月,北京-海淀区,5-7年经验,本科,招3人,05-20发布,五险一金|定期体检|年终奖金|专业培训|交通补贴|绩效奖金
软件测试工程师,北京致趣科技有限公司,1-2万/月,北京-朝阳区,3-4年经验,本科,招5人,04-23发布,五险一金|补充医疗保险|交通补贴|餐饮补贴|绩效奖金|弹性工作|定期体检
后端开发工程师(职位编号：003),北京云思畅想科技有限公司,1.5-2.5万/月,北京-海淀区,3-4年经验,硕士,招2人,05-20发布,五险一金|弹性工作|绩效奖金|年终奖金|股票期权
高级web前端开发工程师,北京世纪网展科技有限公司,2.5-3万/月,北京-丰台区,5-7年经验,本科,招1人,04-22发布,周末双休|带薪年假|节日福利|专业培训|交通补贴|餐饮补贴|期权转让|高温补贴|五险一金|做五休二
中高级WEB前端开发工程师,北京世纪网展科技有限公司,1.5-2万/月,北京-丰台区,3-4年经验,大专,招2人,04-22发布,周末双休|带薪年假|节日福利|餐饮补贴|五险一金|免费班车|绩效奖金|年终奖金
WEB前端开发工程师,北京世纪网展科技有限公司,1.5-2万/月,北京-丰台区,5-7年经验,大专,招2人,04-22发布,周末双休|带薪年假|节日福利|餐饮补贴|五险一金|免费班车|绩效奖金|年终奖金
中高级WEB前端开发工程师,北京世纪网展科技有限公司,1.5-2万/月,北京-丰台区,5-7年经验,大专,招2人,04-22发布,周末双休|带薪年假|节日福利|餐饮补贴|五险一金|免费班车|绩效奖金|年终奖金
系统工程师(软件开发),北京可兰德网络技术有限公司,0.7-1万/月,北京-海淀区,5-7年经验,本科,招3人,04-22发布,五险一金|员工旅游|弹性工作|定期体检|带薪年假
数据工程师,深圳市喂车科技有限公司,1.5-2.5万/月,北京-东城区,5-7年经验,本科,招1人,04-23发布,五险一金|餐饮补贴|专业培训|绩效奖金|年终奖金|股票期权|弹性工作|定期体检|节日福利|带薪年假
前端H5(002859)(职位编号：Aspire002859),卓望数码技术（深圳）有限公司,15-20万/年,北京-西城区,3-4年经验,本科,招若干人,04-23发布,五险一金|补充医疗保险|交通补贴|餐饮补贴|通讯补贴|专业培训|绩效奖金|年终奖金|弹性工作|定期体检
工具开发-北京-04852(职位编号：04852),博彦科技股份有限公司,0.8-1.6万/月,北京,无工作经验,本科,招2人,04-23发布,
运维安全部-高级安全渗透工程师,好未来教育（原学而思教育),1.5-3万/月,北京-海淀区,2年经验,本科,招4人,04-24发布,五险一金|补充医疗保险|年终奖金|定期体检|周末双休|带薪年假|节日福利|弹性工作
运维安全部-信息安全工程师,好未来教育（原学而思教育),1.5-3万/月,北京-海淀区,2年经验,本科,招3人,04-24发布,五险一金|补充医疗保险|年终奖金|定期体检|周末双休|带薪年假|节日福利|弹性工作
渗透测试工程师 10K - 70K/月,大连暗泉信息技术有限公司,4-5万/月,大连-沙河口区,1年经验,大专,招10人,04-24发布,五险一金|补充医疗保险|餐饮补贴|年终奖金|定期体检|弹性工作|专业培训|员工旅游|出国机会
运维工程师,上海棋至文化传播有限公司,2-3.5万/月,北京-东城区,无工作经验,本科,招1人,04-24发布,五险一金|专业培训|绩效奖金|年终奖金|定期体检|员工旅游|节日福利
游戏后端开发（golang或者Node.js）,淄博东雷商贸有限公司,1.5-2.5万/月,北京-朝阳区,2年经验,大专,招若干人,04-25发布,国外工作机会|周末双休|不加班|包住单间公寓|餐饮补贴|通讯补贴|年终奖金|绩效奖金|交通补贴|员工旅游
Java开发工程师,陕西万德信息科技股份有限公司,6-8千/月,北京-大兴区,2年经验,大专,招3人,04-25发布,五险一金|补充医疗保险|补充公积金|周末双休
运维开发工程师,北京西骏数据科技股份有限公司,1.5-2.5万/月,北京-海淀区,3-4年经验,本科,招2人,04-26发布,五险一金|通讯补贴|餐饮补贴|交通补贴|年终奖金|员工旅游|定期体检|弹性工作
代码安全审计工程师10K-40K/月,大连暗泉信息技术有限公司,3-4万/月,大连-沙河口区,1年经验,本科,招10人,04-24发布,五险一金|补充医疗保险|餐饮补贴|年终奖金|弹性工作|定期体检
阿里集团-前端（JS）开发专家/工程师(职位编号：GP030267),阿里巴巴集团,,北京,3-4年经验,本科,招2人,05-20发布,
数据技术及产品部-前端开发专家-北京(职位编号：GP535602),阿里巴巴集团,,北京,3-4年经验,本科,招1人,05-20发布,
阿里云智能事业群-视频云中台-前端开发专家-杭州/北京(职位编号：GP528452),阿里巴巴集团,,北京,5-7年经验,本科,招1人,05-20发布,
阿里妈妈事业部-资深前端工程师/专家-北京(职位编号：GP527648),阿里巴巴集团,,北京,3-4年经验,本科,招1人,05-20发布,
阿里妈妈事业部-无线测试开发工程师/专家-北京(职位编号：GP527322),阿里巴巴集团,,北京,3-4年经验,本科,招1人,05-20发布,
阿里文学-前端（JS）开发专家/工程师(职位编号：GP030267),阿里巴巴集团,,北京,3-4年经验,本科,招2人,05-20发布,
阿里集团-前端（JS）开发专家/工程师(职位编号：GP030267),阿里巴巴集团,,北京,3-4年经验,本科,招2人,05-20发布,
1121F2-511北京-资深Web前端开发(职位编号：1121F2),平安科技（深圳）有限公司,2-2.5万/月,北京-朝阳区,3-4年经验,本科,招3人,05-20发布,五险一金|带薪年假|节日福利
1121CF-分布式存储运维开发工程师(职位编号：1121CF),平安科技（深圳）有限公司,2-2.5万/月,北京-朝阳区,2年经验,本科,招5人,05-20发布,五险一金|带薪年假|节日福利
11214K-Web前端开发工程师(职位编号：11214K),平安科技（深圳）有限公司,1-1.5万/月,北京-朝阳区,3-4年经验,本科,招4人,05-20发布,五险一金|带薪年假|节日福利
11211L-高级前端工程师(职位编号：11211L),平安科技（深圳）有限公司,2-2.5万/月,北京-朝阳区,3-4年经验,本科,招2人,05-20发布,带薪年假|五险一金|绩效奖金
安全测试/渗透工程师,完美世界（北京）总部/完美时空,2.5-3万/月,北京,2年经验,本科,招1人,05-20发布,五险一金|补充医疗保险|年终奖金
C++服务器工程师,完美世界（北京）总部/完美时空,2-2.5万/月,北京,无工作经验,本科,招1人,05-20发布,五险一金|补充医疗保险|餐饮补贴|绩效奖金|年终奖金|定期体检
中级服务器工程师(4913),完美世界（北京）总部/完美时空,1.5-2万/月,北京,1年经验,本科,招1人,05-20发布,五险一金|餐饮补贴|绩效奖金|年终奖金
存储运维工程师,北京斯普信信息技术有限公司,1-1.5万/月,北京-海淀区,2年经验,大专,招若干人,05-20发布,五险一金|补充医疗保险|绩效奖金|年终奖金|弹性工作|定期体检
系统运维工程师,深圳北纬三十度信息科技有限公司,2-5万/月,北京-海淀区,3-4年经验,大专,招2人,05-20发布,
java开发工程师(J10302),好大夫在线,2-4万/月,北京-朝阳区,无工作经验,本科,招5人,05-17发布,周末双休|带薪年假|五险一金|免费班车|绩效奖金|节日福利|专业培训|餐饮补贴|免费健身
Linux系统工程师,福建福昕软件开发股份有限公司北京分公司,0.8-1.5万/月,北京-海淀区,3-4年经验,本科,招1人,05-20发布,五险一金|补充医疗保险|交通补贴|餐饮补贴|弹性工作|定期体检|员工旅游|年终奖金|节日福利|专业培训
运维工程师,奥成佳和（北京）软件开发有限公司,6-8千/月,北京-大兴区,1年经验,本科,招2人,04-08发布,五险一金|交通补贴|通讯补贴|人员推介费
质量专员-北京-00205,凯美瑞德（苏州）信息科技股份有限公司,4.5-5.9千/月,北京-西城区,1年经验,本科,招1人,05-17发布,五险一金|餐饮补贴|弹性工作|定期体检|通讯补贴|补充医疗保险|专业培训|绩效奖金|股票期权
前端开发工程师（赴百度）,上海微创软件股份有限公司,1.5-2万/月,北京,1年经验,本科,招1人,05-17发布,五险一金|补充医疗保险|免费班车|弹性工作|定期体检|绩效奖金|年终奖金|专业培训|员工旅游|节日福利
驻场运维工程师（北京）,上海微创软件股份有限公司,1-1.5万/月,北京,1年经验,本科,招6人,05-17发布,五险一金|补充医疗保险|免费班车|弹性工作|定期体检|绩效奖金|年终奖金|专业培训|员工旅游|节日福利
Web前端开发工程师,南京君合创胜数据科技有限责任公司,1.2-2万/月,北京-朝阳区,3-4年经验,本科,招2人,05-17发布,五险一金|员工旅游|交通补贴|年终奖金|餐饮补贴|通讯补贴
开发工程师(职位编号：20190130-27),北京研究院,,北京,无工作经验,本科,招10人,05-18发布,
安全工程师,云计算分公司,,北京,无工作经验,本科,招40人,05-18发布,
安全攻防工程师(职位编号：20190130-40),北京研究院,,北京,无工作经验,本科,招10人,05-18发布,
安全评测工程师(职位编号：20190130-33),北京研究院,,北京,无工作经验,本科,招8人,05-18发布,
0004开发工程师(北京）,上海研究院,,北京,无工作经验,本科,招10人,05-18发布,
前端开发工程师,北京开维创科技有限公司,1-1.5万/月,北京-海淀区,2年经验,本科,招2人,05-18发布,周末双休|五险一金|绩效奖金|全勤奖|专业培训|做五休二|带薪年假|住房补贴|出国机会|员工旅游
0010安全评测工程师(北京）,上海研究院,,北京,无工作经验,本科,招8人,05-18发布,
测试工程师(职位编号：17092),奇虎360科技有限公司,,北京,3-4年经验,本科,招若干人,03-31发布,
WEB服务端开发工程师(职位编号：16803),奇虎360科技有限公司,4-5万/月,北京,3-4年经验,本科,招3人,03-31发布,
服务端开发工程师(职位编号：16398),奇虎360科技有限公司,,北京,3-4年经验,本科,招3人,03-31发布,
前端开发工程师(职位编号：17364),奇虎360科技有限公司,,北京,3-4年经验,本科,招若干人,03-31发布,
360搜索引擎核心算法_技术专家(职位编号：17533),奇虎360科技有限公司,4-5万/月,北京,8-9年经验,本科,招2人,03-31发布,
360搜索引擎页面分析工程师(职位编号：17614),奇虎360科技有限公司,2-2.5万/月,北京,3-4年经验,本科,招1人,03-31发布,
前端开发工程师(职位编号：16149),奇虎360科技有限公司,,北京,3-4年经验,本科,招1人,03-31发布,
数据挖掘工程师(职位编号：16157),奇虎360科技有限公司,,北京,3-4年经验,本科,招1人,03-31发布,
服务端开发工程师(职位编号：16159),奇虎360科技有限公司,1.5-2万/月,北京,3-4年经验,本科,招1人,03-31发布,
Web安全讲师(职位编号：17669),奇虎360科技有限公司,1-1.5万/月,北京,2年经验,本科,招2人,03-31发布,
服务端开发工程师（C++/golang）(职位编号：16158),奇虎360科技有限公司,2-2.5万/月,北京,3-4年经验,本科,招4人,03-31发布,
前端开发工程师(J11661),作业帮教育科技（北京）有限公司,1.5-2万/月,北京-海淀区,3-4年经验,本科,招1人,05-17发布,五险一金|补充医疗保险|绩效奖金|弹性工作|定期体检|免费三餐
前端架构师(J11668),作业帮教育科技（北京）有限公司,3-4万/月,北京-海淀区,5-7年经验,本科,招1人,05-17发布,五险一金|补充医疗保险|绩效奖金|弹性工作|定期体检|免费三餐
前端架构师(J11668),作业帮教育科技（北京）有限公司,3-4万/月,北京-海淀区,5-7年经验,本科,招1人,05-17发布,五险一金|补充医疗保险|绩效奖金|弹性工作|定期体检|免费三餐
前端开发工程师(J11661),作业帮教育科技（北京）有限公司,2-2.5万/月,北京-海淀区,3-4年经验,本科,招1人,05-17发布,五险一金|补充医疗保险|绩效奖金|弹性工作|定期体检|免费三餐
DBA(J12081),作业帮教育科技（北京）有限公司,2.5-4.5万/月,北京-海淀区,3-4年经验,本科,招1人,05-17发布,
IT运维开发工程师,北京同天科技有限公司,1.5-3万/月,北京-海淀区,2年经验,本科,招2人,05-17发布,五险一金|补充医疗保险|通讯补贴|定期体检
Javascript开发工程师,北京同天科技有限公司,1.5-3万/月,北京-海淀区,2年经验,本科,招2人,05-17发布,五险一金|补充医疗保险|通讯补贴|定期体检
Javascript开发工程师,北京同天科技有限公司,1.5-3万/月,北京-海淀区,2年经验,本科,招2人,05-17发布,五险一金|补充医疗保险|通讯补贴|定期体检
安全运维工程师（中级）,北京同天科技有限公司,20-30万/年,北京-海淀区,3-4年经验,本科,招若干人,05-17发布,五险一金|补充医疗保险|通讯补贴|定期体检
Zabbix运维工程师,北京同天科技有限公司,1.5-2万/月,北京-海淀区,2年经验,本科,招2人,05-17发布,五险一金|补充医疗保险|通讯补贴|定期体检
基础架构工程师 - 企业产品(职位编号：27344),字节跳动,1.5-3万/月,北京,3-4年经验,本科,招2人,05-20发布,六险一金|弹性工作|免费三餐|租房补贴|带薪休假|扁平管理|晋升空间
后台开发工程师,北京北广影联传媒科技有限公司,1.5-2万/月,北京-朝阳区,3-4年经验,本科,招1人,03-21发布,五险一金|绩效奖金|股票期权|弹性工作|定期体检|餐饮补贴|专业培训|补充医疗保险|员工旅游|年终奖金
前端高级开发工程师,北京转转精神科技有限责任公司,2-4万/月,北京-海淀区,2年经验,本科,招若干人,03-25发布,五险一金|补充医疗保险|餐饮补贴|专业培训|绩效奖金|年终奖金|弹性工作|定期体检
网页设计师,北京阿尤北斗服装服饰有限责任公司,0.8-1万/月,北京,2年经验,本科,招1人,03-25发布,五险一金|专业培训|餐饮补贴|绩效奖金
移动安全工程师(001149)(职位编号：360ESG001149),奇安信集团,1.5-3万/月,北京,2年经验,大专,招1人,03-25发布,
JAVA开发工程师副本(职位编号：000626),北京光宇在线科技有限责任公司,0.8-1万/月,北京,3-4年经验,本科,招1人,03-26发布,补充医疗保险|五险一金|员工旅游|餐饮补贴|年终奖金|定期体检
Java开发工程师,北京光宇在线科技有限责任公司,1-1.5万/月,北京,3-4年经验,大专,招1人,03-26发布,"五险一金|年终双薪,|周末双休,|带薪年假,|体检|餐饮补贴|补充医疗保险|员工旅游|定期体检"
软件实施工程师,北京云思畅想科技有限公司,1-2万/月,北京-海淀区,3-4年经验,本科,招3人,05-20发布,五险一金|餐饮补贴|弹性工作|通讯补贴|交通补贴|股票期权|年终奖金
实施工程师,北京云思畅想科技有限公司,1.2-2.4万/月,北京-海淀区,3-4年经验,大专,招2人,05-20发布,五险一金|餐饮补贴|弹性工作|通讯补贴|交通补贴|股票期权|年终奖金
前端开发工程师,新东方教育科技集团有限公司,1.5-3万/月,北京-海淀区,3-4年经验,本科,招2人,05-20发布,
JAVA软件开发工程师,中高软信息技术（北京）有限公司,4.5-6千/月,北京-海淀区,无工作经验,大专,招5人,05-20发布,
JAVA软件开发实习生,中高软信息技术（北京）有限公司,4.5-6千/月,北京-海淀区,无工作经验,大专,招5人,05-20发布,
JAVA软件开发实习生,中高软信息技术（北京）有限公司,5-9千/月,北京-海淀区,无工作经验,大专,招5人,05-20发布,
JAVA软件开发工程师,中高软信息技术（北京）有限公司,5-9千/月,北京-昌平区,无工作经验,大专,招5人,05-20发布,
后台开发高级工程师(职位编号：18504),字节跳动,1.8-3.5万/月,北京,3-4年经验,本科,招5人,04-26发布,六险一金|弹性工作|免费三餐|扁平管理|职业大牛|团队氛围好
广告审核后台高级研发工程师(职位编号：18916),字节跳动,2.5-5万/月,北京,3-4年经验,本科,招15人,04-26发布,六险一金|弹性工作|免费三餐|餐补|租房补贴|带薪休假|休闲下午茶|扁平管理|健身瑜伽|过亿用户
数据开发工程师(职位编号：19039),字节跳动,2-4万/月,北京,3-4年经验,本科,招3人,04-26发布,弹性工作|免费三餐|租房补贴|休闲下午茶|扁平管理|职业大牛|晋升空间|五险一金
Golang开发工程师 - 商城(职位编号：19339),字节跳动,3-6万/月,北京,3-4年经验,本科,招5人,04-26发布,六险一金|弹性工作|免费三餐|租房补贴|带薪休假|休闲下午茶|扁平管理|健身瑜伽|过亿用户|职业大牛
测试总监,华信正平（北京）评测技术有限公司,1-1.5万/月,北京,3-4年经验,本科,招若干人,04-26发布,
技术运维工程师,时行网数（北京）科技有限公司,0.8-1.2万/月,北京-通州区,3-4年经验,本科,招3人,04-27发布,五险一金|员工旅游
运维安全部-数据安全工程师,好未来教育（原学而思教育),1.5-3万/月,北京-海淀区,2年经验,本科,招2人,04-28发布,五险一金|补充医疗保险|年终奖金|定期体检|周末双休|带薪年假|节日福利|弹性工作
技术总监,麦田春雪科贸（北京）有限公司,3-4万/月,北京-朝阳区,5-7年经验,本科,招1人,05-20发布,弹性工作|五险一金|专业培训|绩效奖金
全栈工程师（实训项目经理）,北京八维研修学院,2-3万/月,北京-海淀区,无工作经验,本科,招3人,05-20发布,五险一金|餐饮补贴|绩效奖金
运维工程师WZW,东华软件股份公司,1.5-3万/月,北京,3-4年经验,本科,招3人,05-20发布,
测试工程师,东华软件股份公司,0.8-1.4万/月,北京,3-4年经验,大专,招若干人,05-20发布,
Web前端开发工程师,北京开维创科技有限公司,1-1.5万/月,北京-海淀区,1年经验,本科,招5人,05-18发布,周末双休|五险一金|绩效奖金|全勤奖|专业培训|做五休二|带薪年假|住房补贴|出国机会|员工旅游
服务端开发工程师,北京蜜莱坞网络科技有限公司,,北京,无工作经验,本科,招2人,05-18发布,
开发工程师(北京）,中国电信股份有限公司上海分公司,1-1.5万/月,北京,无工作经验,本科,招若干人,05-18发布,
安全评测工程师(北京）,中国电信股份有限公司上海分公司,1-1.5万/月,北京,无工作经验,本科,招若干人,05-18发布,
Backend Software Engineer/Support,Tesla特斯拉汽车,2.5-3万/月,北京-朝阳区,3-4年经验,本科,招1人,04-01发布,带薪年假|五险一金|专业培训|节日福利|股票期权|补充医疗保险
区块链系统架构师,中宜云控互联网科技股份有限公司,3-5万/月,北京-海淀区,8-9年经验,本科,招1人,04-02发布,五险一金|交通补贴|餐饮补贴|绩效奖金
系统架构师,中宜云控互联网科技股份有限公司,3-5万/月,北京-海淀区,8-9年经验,本科,招1人,04-02发布,五险一金|交通补贴|餐饮补贴|绩效奖金
智能合约研发工程师,中宜云控互联网科技股份有限公司,3-5万/月,北京-海淀区,3-4年经验,本科,招1人,04-02发布,五险一金|交通补贴|餐饮补贴|绩效奖金
区块链智能合约研发工程师,中宜云控互联网科技股份有限公司,3-5万/月,北京-海淀区,3-4年经验,本科,招1人,04-02发布,五险一金|交通补贴|餐饮补贴|绩效奖金
加密算法研发工程师,中宜云控互联网科技股份有限公司,3-5万/月,北京-海淀区,3-4年经验,本科,招1人,04-02发布,五险一金|交通补贴|餐饮补贴|绩效奖金
区块链共识算法研发工程师,中宜云控互联网科技股份有限公司,3-5万/月,北京-海淀区,3-4年经验,本科,招1人,04-02发布,五险一金|交通补贴|餐饮补贴|绩效奖金
共识算法研发工程师,中宜云控互联网科技股份有限公司,3-5万/月,北京-海淀区,3-4年经验,本科,招1人,04-02发布,五险一金|交通补贴|餐饮补贴|绩效奖金
首席架构师,中宜云控互联网科技股份有限公司,2.5-4.5万/月,北京-海淀区,3-4年经验,本科,招1人,04-02发布,五险一金|交通补贴|餐饮补贴|绩效奖金
技术总监,中宜云控互联网科技股份有限公司,2.5-4.5万/月,北京-海淀区,3-4年经验,本科,招1人,04-02发布,五险一金|交通补贴|餐饮补贴|绩效奖金
运维总监(J10951),北京北大方正电子有限公司,3-4万/月,北京-海淀区,无工作经验,本科,招1人,04-02发布,五险一金|餐饮补贴|周末双休|带薪年假|住宿班车|免费班车|体检
H5前端开发工程师-北京-00754,中信网络科技股份有限公司,1.2-1.6万/月,北京-朝阳区,3-4年经验,本科,招1人,05-17发布,五险一金|补充医疗保险|员工旅游|餐饮补贴|专业培训|绩效奖金|年终奖金|弹性工作|定期体检
系统开发工程师,好大夫在线,3-5万/月,北京-朝阳区,无工作经验,本科,招2人,05-17发布,周末双休|带薪年假|五险一金|免费班车|绩效奖金|节日福利|专业培训|餐饮补贴|免费健身
java工程师（中高级）,好大夫在线,3-5万/月,北京-朝阳区,无工作经验,本科,招5人,05-17发布,周末双休|带薪年假|五险一金|免费班车|绩效奖金|节日福利|专业培训|餐饮补贴|免费健身
安全运维工程师,北京同天科技有限公司,15-30万/年,北京-海淀区,3-4年经验,本科,招若干人,05-17发布,五险一金
平台开发工程师,织网（上海）互联网科技有限公司,1.5-3万/月,北京-大兴区,3-4年经验,本科,招1人,05-17发布,五险一金|餐饮补贴|绩效奖金
前端工程师(J10268),好大夫在线,2-4万/月,北京-朝阳区,2年经验,本科,招1人,05-17发布,周末双休|带薪年假|五险一金|免费班车|绩效奖金|节日福利|专业培训|餐饮补贴|免费健身
JAVA开发工程师,北京光宇在线科技有限责任公司,1-1.5万/月,北京,3-4年经验,本科,招1人,03-26发布,五险一金|餐饮补贴|补充医疗保险|绩效奖金|年终奖金
31112-腾讯视频游戏中心后台开发(职位编号：47827),深圳市腾讯计算机系统有限公司,,北京,2年经验,本科,招1人,03-27发布,
22989-大数据和人工智能高级开发工程师（北京）(职位编号：45994),深圳市腾讯计算机系统有限公司,,北京,5-7年经验,本科,招1人,03-27发布,
MIG16-车联网后台开发工程师(职位编号：39437),深圳市腾讯计算机系统有限公司,,北京,3-4年经验,本科,招1人,03-27发布,
22989-运营开发高级工程师(职位编号：48807),深圳市腾讯计算机系统有限公司,,北京,3-4年经验,本科,招1人,03-27发布,
22090-天天快报-高级研发工程师（北京）(职位编号：48451),深圳市腾讯计算机系统有限公司,,北京,3-4年经验,本科,招1人,03-27发布,
人工智能开发工程师,北京中科江南信息技术股份有限公司,2-2.5万/月,北京-海淀区,3-4年经验,本科,招1人,05-20发布,五险一金|补充医疗保险|员工旅游|餐饮补贴|弹性工作|绩效奖金|定期体检
小程序开发,北京盛世东康科技发展有限公司,1-1.5万/月,北京-海淀区,2年经验,本科,招若干人,05-20发布,五险一金|股票期权|餐饮补贴
搜狗桌面测试-Web高级测试开发工程师-北京-01857,北京搜狗科技发展有限公司,2-3.5万/月,北京-海淀区,3-4年经验,本科,招3人,05-20发布,五险一金|补充医疗保险|定期体检|弹性工作|年终奖金|餐饮补贴
QQ输入法-高级Java服务端开发工程师 (MJ002974),北京搜狗科技发展有限公司,3-4万/月,北京-海淀区,5-7年经验,本科,招1人,05-20发布,五险一金|补充医疗保险|餐饮补贴|弹性工作|定期体检|年终奖金
搜狗手机浏览器-高级Java服务端开发工程师 (MJ002975),北京搜狗科技发展有限公司,3-4万/月,北京-海淀区,5-7年经验,本科,招1人,05-20发布,五险一金|补充医疗保险|餐饮补贴|弹性工作|定期体检|年终奖金
游戏设计工程师,寰宇优才教育科技（北京）有限公司,0.8-1万/月,北京-顺义区,无工作经验,大专,招8人,05-20发布,五险一金|补充医疗保险|补充公积金|员工旅游|交通补贴|出国机会|年终奖金|绩效奖金|定期体检|弹性工作
技术开发工程师（后台管理）,北京到店喜物科技有限公司,2-2.5万/月,北京-朝阳区,3-4年经验,本科,招1人,05-20发布,
技术工程部-高级Java工程师,北京搜狗科技发展有限公司,2.5-4万/月,北京-海淀区,5-7年经验,本科,招1人,05-20发布,五险一金|补充医疗保险|餐饮补贴|弹性工作|定期体检|年终奖金
后端研发负责人,威创集团股份有限公司,2.5-5万/月,北京-朝阳区,5-7年经验,本科,招1人,05-20发布,五险一金|绩效奖金|弹性工作|大牛带队|试用期全额
Web前端开发工程师,威创集团股份有限公司,1.3-2.6万/月,北京-朝阳区,2年经验,本科,招1人,05-20发布,五险一金|绩效奖金|弹性工作|大牛带队|试用期全额
高级运维开发工程师,北京中体骏彩信息技术有限公司,2-2.5万/月,北京-朝阳区,5-7年经验,本科,招5人,05-20发布,五险一金|补充医疗保险|餐饮补贴|通讯补贴|交通补贴|绩效奖金|年终奖金|弹性工作|定期体检|专业培训
前端开发工程师,嘉兴安越企业管理咨询有限公司,2-3万/月,北京,3-4年经验,本科,招1人,05-20发布,五险一金|免费班车|员工旅游|交通补贴|餐饮补贴|通讯补贴|专业培训|出国机会|年终奖金|绩效奖金
.NET开发工程师,北京博瑞明城网络科技有限公司,0.5-2.5万/月,北京-丰台区,1年经验,大专,招10人,05-20发布,五险一金|免费班车|员工旅游|交通补贴|餐饮补贴|专业培训|绩效奖金|年终奖金|弹性工作|免费食宿
Android开发工程师,北京开科唯识技术有限公司,1-1.5万/月,北京-石景山区,2年经验,本科,招1人,05-20发布,五险一金|补充公积金|员工旅游|餐饮补贴|专业培训|弹性工作
平台研发经理,游艺春秋网络科技（北京）有限公司,1.5-2万/月,北京-海淀区,5-7年经验,本科,招1人,05-20发布,五险一金|交通补贴|餐饮补贴|年终奖金|弹性工作|定期体检
网络运维与优化工程师,赛尔网络有限公司,4.5-6千/月,北京-海淀区,无工作经验,本科,招2人,05-20发布,五险一金|补充医疗保险|餐饮补贴|绩效奖金|年终奖金|定期体检
数据科学家（人工智能/机器学习/算法工程师/大数据平台架构师）（北京）(职位编号：21),亚信科技（中国）有限公司,,北京,无工作经验,本科,招若干人,05-20发布,
售前技术支持工程师,北京海泰方圆科技股份有限公司,0.8-1.6万/月,北京,3-4年经验,本科,招2人,05-20发布,
Web前端开发工程师,北京风之岩文化发展股份有限公司,0.8-1.2万/月,北京-东城区,3-4年经验,本科,招1人,05-20发布,周末双休|带薪年假|五险一金|餐饮补贴|医疗补充保险
游戏运维工程师(职位编号：000406),北京光宇在线科技有限责任公司,0.8-1.5万/月,北京,3-4年经验,大专,招1人,05-20发布,五险一金|补充医疗保险|员工旅游|餐饮补贴|绩效奖金|年终奖金|定期体检
Linux工程师,北京光宇在线科技有限责任公司,1-1.8万/月,北京,3-4年经验,本科,招1人,05-20发布,五险一金|补充医疗保险|员工旅游|餐饮补贴|绩效奖金|年终奖金|定期体检
Web前端开发工程师-PO-北京-00060,英雄互娱科技股份有限公司,1-1.5万/月,北京-朝阳区,2年经验,本科,招1人,05-20发布,五险一金|补充医疗保险|免费班车|员工旅游|专业培训|餐饮补贴|交通补贴|绩效奖金|年终奖金|定期体检
技术总监 高级经理,新好耶数字技术（上海）有限公司,4-5万/月,北京-东城区,8-9年经验,本科,招1人,05-20发布,补充医疗保险|员工旅游|通讯补贴|绩效奖金|年终奖金|定期体检|五险一金
治理平台后端研发(J190308003)(职位编号：J190308003),滴滴,3-4万/月,北京-海淀区,3-4年经验,本科,招4人,05-20发布,
平台高级架构师,北京捷通华声科技股份有限公司,2.5-5万/月,北京,5-7年经验,本科,招若干人,05-20发布,五险一金|绩效奖金|晋升空间大|项目奖金|每年多次调薪
测试工程师,软通动力信息技术（集团）有限公司,0.6-1万/月,北京,1年经验,本科,招10人,04-16发布,五险一金|弹性工作|定期体检|免费班车
腾讯数据开发工程师,软通动力信息技术（集团）有限公司,1-1.5万/月,北京,2年经验,本科,招1人,04-17发布,五险一金|弹性工作|定期体检|免费班车
Node js后端研发,软通动力信息技术（集团）有限公司,0.8-1万/月,北京,2年经验,本科,招3人,05-12发布,五险一金|弹性工作|定期体检|免费班车
DBA工程师,软通动力信息技术（集团）有限公司,1-1.8万/月,北京,3-4年经验,本科,招3人,05-20发布,五险一金|弹性工作|定期体检|免费班车
DBA工程师,软通动力信息技术（集团）有限公司,1.2-1.6万/月,北京,3-4年经验,本科,招1人,05-20发布,五险一金|弹性工作|定期体检|免费班车
PHP开发工程师,北京金英杰教育科技集团有限公司,1-1.5万/月,北京-海淀区,3-4年经验,本科,招2人,05-20发布,
PHP开发工程师,北京中天瑞合科技有限公司,1-2万/月,北京-朝阳区,3-4年经验,大专,招若干人,05-20发布,五险一金|员工旅游|交通补贴|通讯补贴|定期体检|年终奖金
PHP开发工程师(实习）,北京微普科创科技有限公司,300元/天,北京,无工作经验,本科,招若干人,05-20发布,弹性工作
PHP开发工程师,赛尔网络有限公司,1-1.5万/月,北京-海淀区,2年经验,本科,招若干人,05-20发布,周末双休|带薪年假|五险一金|绩效奖金|节日福利|餐饮补贴
PHP工程师,北京素玄科技有限公司,1-2.5万/月,北京-大兴区,3-4年经验,大专,招6人,05-20发布,五险一金|股票期权|年终奖金|绩效奖金|创业公司|员工福利|员工旅游|年终分红|全勤奖
PHP开发（外派德拓）,南京绛门信息科技股份有限公司,0.8-1.6万/月,北京-朝阳区,2年经验,本科,招2人,05-20发布,五险一金
PHP高级开发工程师,北京博影世纪文化传播有限公司,1.5-2万/月,北京-朝阳区,3-4年经验,本科,招若干人,05-20发布,五险一金|员工旅游|周末双休|员工福利
后端PHP开发工程师,北京德麦特捷康科技发展有限公司,0.6-1万/月,北京-海淀区,无工作经验,本科,招1人,05-20发布,五险一金|绩效奖金|定期体检|员工旅游
PHP开发工程师,华西证券股份有限公司,1-1.5万/月,北京,3-4年经验,本科,招若干人,05-20发布,五险一金|补充医疗保险|交通补贴|年终奖金|定期体检|通讯补贴
PHP工程师,新好耶数字技术（上海）有限公司,0.6-1.5万/月,北京-东城区,2年经验,本科,招3人,05-20发布,五险一金|补充医疗保险|员工旅游|交通补贴|餐饮补贴|通讯补贴|绩效奖金|年终奖金|定期体检
web前端工程师,完美世界（北京）总部/完美时空,2-3万/月,北京,无工作经验,本科,招1人,05-20发布,五险一金|补充医疗保险|餐饮补贴|定期体检
自动驾驶数据系统研发工程师,北京车和家信息技术有限公司,2-4万/月,北京-朝阳区,5-7年经验,本科,招4人,05-15发布,五险一金|定期体检|专业培训|弹性工作|领导好|工作环境好|公司有前景|福利待遇好
PHP开发工程师(002336)(职位编号：Aspire002336),卓望公司教育事业部,1-2万/月,北京-西城区,5-7年经验,本科,招1人,05-20发布,五险一金|补充医疗保险|补充公积金|弹性工作|年终奖金|绩效奖金|通讯补贴|定期体检|交通补贴|餐饮补贴
PHP中高级开发工程师,北京牛卡福网络科技有限公司,2-2.5万/月,北京-朝阳区,5-7年经验,本科,招2人,04-11发布,
PHP初中级开发工程师,北京云海天街电子商务有限责任公司,0.8-1万/月,北京-昌平区,3-4年经验,本科,招若干人,05-12发布,绩效奖金|周末双休|五险一金|交通补贴|餐饮补贴|通讯补贴|年终奖金
PHP开发工程师（北京、天津）,北京久其软件股份有限公司,0.9-1.7万/月,北京,3-4年经验,本科,招5人,04-07发布,五险一金|员工旅游|餐饮补贴|年终奖金|定期体检
PHP开发工程师,北京亿维鸿科技有限公司,0.5-1万/月,北京-朝阳区,1年经验,大专,招3人,04-08发布,定期体检|年终奖金|五险|员工旅游|专业培训
PHP技术开发,北京天健医院有限公司,1-1.5万/月,北京-海淀区,1年经验,大专,招3人,04-08发布,五险一金|餐饮补贴|员工旅游|绩效奖金
PHP工程师,TCL商用信息科技(惠州)股份有限公司,1-1.5万/月,北京-西城区,3-4年经验,大专,招2人,04-01发布,五险一金|交通补贴|通讯补贴|餐饮补贴|绩效奖金|年终奖金|定期体检
PHP工程师,金石易服（北京）科技有限公司,1.5-1.8万/月,北京-海淀区,5-7年经验,大专,招1人,04-01发布,五险一金|定期体检|包住宿
PHP开发工程师（青岛）,北京尚质合规科技有限公司,0.8-1万/月,青岛-李沧区,2年经验,本科,招3人,04-02发布,五险一金|专业培训|年终奖金|定期体检
PHP开发工程师-集成电路创新中心,中移物联网有限公司,1-1.5万/月,北京-西城区,2年经验,本科,招若干人,04-02发布,五险一金|餐饮补贴|通讯补贴|年终奖金
php开发工程师(J10551),北京北大方正电子有限公司,1.5-2万/月,北京-海淀区,3-4年经验,本科,招2人,04-02发布,"五险一金|餐饮补贴|,带薪年假,|住宿班车,|免费班车,|体检"
中高级PHP开发工程师/架构师,北京直客通科技有限公司,2-3万/月,北京-朝阳区,3-4年经验,本科,招3人,03-27发布,
PHP开发工程师,北京阿提拉科技有限公司,1-1.5万/月,北京,3-4年经验,本科,招5人,03-27发布,
前端开发主管,斯润天朗（北京）科技有限公司,1.5-2.5万/月,北京-丰台区,5-7年经验,本科,招1人,05-20发布,五险一金|补充医疗保险|员工旅游|股票期权|年终奖金|弹性工作|定期体检|绩效奖金
测试工程师,上海食派士商贸发展有限公司,1-1.5万/月,北京-东城区,3-4年经验,本科,招1人,05-20发布,五险一金|绩效奖金|年终奖金|弹性工作|定期体检
安全运维,北京红果科技有限公司,1-1.5万/月,北京-朝阳区,3-4年经验,大专,招10人,05-20发布,五险一金|绩效奖金|弹性工作
php,中讯志远（武汉）科技有限公司,1-1.5万/月,北京-朝阳区,3-4年经验,大专,招若干人,05-20发布,五险一金|绩效奖金|年终奖金|弹性工作
php 研发工程师（laravel）,深圳普瑞生科技有限公司,1.8-2.5万/月,北京-朝阳区,5-7年经验,本科,招3人,05-20发布,五险一金|补充医疗保险|绩效奖金|年终奖金|弹性工作|定期体检
IT工程师技术员Java，PHP，c#等,湖北一片语科技有限公司,1.2-4万/月,武汉,无工作经验,本科,招20人,05-20发布,出国机会|弹性工作|交通补贴|补充医疗保险
php开发工程师,深圳北纬三十度信息科技有限公司,2-5万/月,北京-海淀区,3-4年经验,大专,招2人,05-20发布,
PHP高级开发工程师,领客网,1-1.5万/月,北京-东城区,3-4年经验,大专,招2人,05-20发布,做五休二|交通补贴|餐饮补贴|加班补贴|绩效奖金|周末双休|通讯补贴|节日福利|五险一金
PHP开发工程师（R011-BJ20180205）(职位编号：R011-BJ20180205),北京新浪阅读信息技术有限公司,1.3-2.5万/月,北京,5-7年经验,本科,招1人,05-20发布,
PHP程序员,盛贺（北京）科技发展有限公司,0.7-1.5万/月,北京-西城区,1年经验,大专,招5人,05-20发布,
PHP开发工程师,北京易维云数据科技有限公司,0.8-1万/月,北京-朝阳区,1年经验,大专,招1人,05-20发布,做五休二|周末双休|带薪年假|五险一金|全勤奖|节日福利|交通补贴|餐饮补贴|加班补贴
PHP开发工程师,北京卡特猫网络科技有限公司,1.2-2万/月,北京-朝阳区,无工作经验,大专,招1人,05-20发布,五险一金|员工旅游|弹性工作|年终奖金
PHP开发工程师,北京海硅信息技术有限公司,1.5-2万/月,北京-朝阳区,3-4年经验,本科,招2人,05-20发布,五险一金|员工旅游|绩效奖金|周末双休|带薪年假|节日福利|项目奖金
php后台开发工程师,西开资本有限公司,1-1.5万/月,北京-丰台区,2年经验,本科,招1人,05-20发布,周末双休|带薪年假|节日福利|交通补贴|通讯补贴|餐饮补贴
PHP开发工程师,北京兆信信息技术股份有限公司,1-1.5万/月,北京-朝阳区,3-4年经验,本科,招1人,05-20发布,五险一金|股票期权|定期体检
PHP开发工程师,北京医百科技有限公司,1.8-2.5万/月,北京-朝阳区,5-7年经验,本科,招1人,05-17发布,五险一金|交通补贴|弹性工作|绩效奖金|股票期权
技术支持工程师（北京）,易保网络技术（上海）有限公司-eBaoTech Corporation,1-1.5万/月,北京-朝阳区,5-7年经验,本科,招1人,05-20发布,五险一金|交通补贴|专业培训|出国机会|年终奖金|弹性工作
PHP高级开发工程师,车满满（北京）信息技术有限公司,2-3.5万/月,北京-朝阳区,3-4年经验,本科,招1人,05-12发布,
高级PHP开发 工程师,北京润启华美信息系统有限公司,1-1.5万/月,北京-昌平区,8-9年经验,本科,招3人,05-12发布,
PHP开发工程师,北京摩迅寰宇网络科技有限公司,0.8-1.2万/月,北京-朝阳区,2年经验,本科,招1人,05-13发布,
网站开发,北京索莱宝科技有限公司,6-8千/月,北京,无工作经验,大专,招若干人,05-20发布,五险一金|绩效奖金|年终奖金|通讯补贴|餐饮补贴|交通补贴
IT运维岗（存储）,北京斯普信信息技术有限公司,1-1.5万/月,北京-海淀区,2年经验,大专,招若干人,05-20发布,五险一金|补充医疗保险|定期体检|带薪年假|节日福利
前端/后端开发工程师(职位编号：jafron001175),健帆生物科技集团股份有限公司,2-3万/月,北京-西城区,1年经验,本科,招5人,05-20发布,五险一金|股票期权|年终奖金|绩效奖金|专业培训|免费班车
资深架构师,中体彩科技发展有限公司,3-4万/月,北京-大兴区,5-7年经验,本科,招若干人,05-20发布,五险一金|补充医疗保险|年终奖金|弹性工作|定期体检|专业培训
Web前端开发工程师,北京讯腾智慧科技股份有限公司,0.8-1.2万/月,北京,3-4年经验,本科,招2人,05-20发布,五险一金|交通补贴|餐饮补贴|通讯补贴
接口测试工程师,车音智能科技有限公司,1.5-2.5万/月,北京,3-4年经验,大专,招若干人,05-20发布,五险一金|定期体检|绩效奖金|通讯补贴|节日福利
IT技术支持,北京直真科技股份有限公司,0.8-1.2万/月,北京-朝阳区,2年经验,大专,招1人,05-20发布,五险一金|通讯补贴|绩效奖金|弹性工作|定期体检
信息系统经理,福建福昕软件开发股份有限公司北京分公司,1.2-2万/月,北京-海淀区,3-4年经验,本科,招若干人,05-20发布,五险一金|补充医疗保险|交通补贴|餐饮补贴|弹性工作|定期体检|员工旅游|年终奖金|节日福利|专业培训
安全专家/研究员,北京安德医智科技有限公司,1-2万/月,北京,无工作经验,本科,招1人,05-20发布,五险一金
高级测试工程师,上海金仕达卫宁软件科技有限公司,1.5-2万/月,北京,2年经验,本科,招3人,05-20发布,五险一金|弹性工作|定期体检|通讯补贴|专业培训|年终奖金|交通补贴
互联网研发经理,上海正圆计算机科技有限公司,3-4万/月,北京-东城区,无工作经验,本科,招1人,05-20发布,五险一金|补充医疗保险|餐饮补贴|定期体检|年终奖金
js-前端高级工程师,北京寻宝天行网络技术有限公司,2-2.5万/月,北京-朝阳区,5-7年经验,本科,招若干人,05-20发布,
中级研发工程师,北京千禧维讯科技有限公司,0.7-1.1万/月,北京-大兴区,3-4年经验,本科,招1人,05-20发布,人身意外险|专业培训|五险一金|补充医疗保险|绩效奖金|定期体检|餐饮补贴|员工旅游|带薪年假|13薪
银行系统开发工程师,塔塔信息技术（中国）股份有限公司,6-8千/月,北京-海淀区,无工作经验,本科,招10人,05-20发布,
Java开发工程师/后端工程师,中智诚征信有限公司,1.5-2万/月,北京-西城区,2年经验,本科,招1人,05-20发布,五险一金|周末双休|带薪年假|通讯补贴|交通补贴|餐饮补贴|绩效奖金
PHP高级开发工程师,北京美院帮网络科技有限公司,2-2.5万/月,北京-朝阳区,5-7年经验,本科,招1人,03-21发布,五险一金|通讯补贴|餐饮补贴|交通补贴|绩效奖金
PHP开发主管兼运维工程师,北京饭宝鲜网络科技有限公司,1.5-2万/月,北京-海淀区,2年经验,本科,招1人,03-21发布,五险一金|补充公积金|交通补贴|餐饮补贴|通讯补贴|年终奖金
PHP开发工程师,北京亦启科技有限公司,0.5-1万/月,北京-海淀区,1年经验,本科,招3人,03-21发布,餐饮补贴|绩效奖金|股票期权
PHP开发工程师,北京九鼎图业科技有限公司,0.5-1.2万/月,北京-门头沟区,3-4年经验,本科,招2人,03-22发布,五险一金|补充公积金|员工旅游|股票期权|年终奖金|绩效奖金|餐饮补贴
技术总监（php),北京百通世纪科技有限公司,3-4万/月,北京-海淀区,无工作经验,本科,招1人,03-22发布,
PHP开发工程师,北京兰云科技有限公司,1.5-2万/月,北京,3-4年经验,本科,招1人,03-25发布,五险一金|员工旅游|专业培训|年终奖金|股票期权|弹性工作|定期体检
PHP开发工程师（亦庄开发区）,北京亦城盛世科技有限公司,0.8-1万/月,北京-大兴区,2年经验,本科,招1人,03-25发布,
21527-腾讯音乐PHP开发工程师（北京）(职位编号：45120),深圳市腾讯计算机系统有限公司,,北京,3-4年经验,本科,招1人,03-27发布,
PHP开发经理,品创天下（北京）科技发展有限公司,1-1.5万/月,北京-大兴区,5-7年经验,大专,招1人,04-12发布,做五休二|周末双休|带薪年假|五险一金|节日福利|加班补贴
PHP开发工程师,北京斯利安药业有限公司,1-1.5万/月,北京-大兴区,1年经验,大专,招1人,04-14发布,五险一金|补充医疗保险|免费班车|员工旅游|餐饮补贴|年终奖金|定期体检
高级PHP工程师,时趣互动（北京）科技有限公司,1.5-2万/月,北京-朝阳区,3-4年经验,大专,招3人,04-14发布,周末双休|弹性工作|带薪年假|五险一金|节日福利|专业培训|餐饮补贴|补充医疗保险|员工旅游
PHP开发工程师,北京华路时代信息技术股份有限公司,1-2万/月,北京-朝阳区,3-4年经验,本科,招1人,04-16发布,五险一金|绩效奖金|餐饮补贴
PHP开发工程师,南京三六零网络信息技术有限公司,1-2万/月,北京-朝阳区,5-7年经验,本科,招2人,04-16发布,五险一金|专业培训|绩效奖金|员工旅游|定期体检
PHP开发工程师,北京易赛体育产业有限公司,0.8-1.5万/月,北京-朝阳区,3-4年经验,本科,招1人,04-16发布,五险一金|交通补贴|餐饮补贴|绩效奖金|带薪年假|周末双休
PHP 开发工程师,北京祥民技术开发有限公司,0.8-1万/月,北京-朝阳区,2年经验,大专,招若干人,04-16发布,弹性工作|带薪年假|五险一金|专业培训|绩效奖金
高薪PHP开发(职位编号：2019002),北京圆融科技有限公司,6-8千/月,北京-海淀区,1年经验,大专,招若干人,04-16发布,五险一金|餐饮补贴|年终奖金|定期体检|员工旅游|绩效奖金
网站开发php程序员,北京青梅睿创科技有限公司,0.8-1万/月,北京-昌平区,2年经验,大专,招1人,04-17发布,五险|年终奖金|绩效奖金
技术经理,北京秋果酒店管理有限公司,2-3万/月,北京-朝阳区,5-7年经验,本科,招若干人,05-17发布,
EPG开发工程师,UT斯达康（中国）股份有限公司,5-6千/月,北京,1年经验,大专,招若干人,05-17发布,五险一金|餐饮补贴|通讯补贴|年终奖金
项目经理/互联网项目经理,赛诺贝斯（北京）营销技术股份有限公司,1-1.8万/月,北京-朝阳区,3-4年经验,大专,招1人,05-08发布,五险一金|绩效奖金|补充医疗保险|定期体检|员工旅游
WEB前端架构师,北京飞利信科技股份有限公司,1.5-2万/月,北京,5-7年经验,本科,招1人,05-08发布,五险一金|餐饮补贴|绩效奖金|年终奖金
应届毕业生-言语治疗师（医疗&教育）,东方启音言语治疗（中国）有限公司,6-8千/月,北京,无工作经验,本科,招15人,05-15发布,五险一金|专业培训|出国机会|员工旅游|餐饮补贴|生活补贴|周末双休|节假日福利
web后端开发工程师,北京通特润华科技有限公司,0.8-1万/月,北京-海淀区,2年经验,本科,招1人,05-15发布,
SEO专员,上海锐岢网络科技有限公司北京分公司,5-7千/月,北京-海淀区,1年经验,大专,招1人,05-15发布,五险一金|带薪年假|定期体检|管吃|年底双薪|节日福利|周末双休
系统运维工程师,北京华商三优新能源科技有限公司,6-8千/月,北京-通州区,3-4年经验,大专,招1人,05-15发布,五险一金|定期体检|免费班车|餐饮补贴|绩效奖金|年终奖金|专业培训|宿舍
php高级开发工程师,东华软件股份公司,,北京-海淀区,3-4年经验,大专,招若干人,05-20发布,
PHP开发工程师,深圳市天宇鸿通网络科技有限公司,2-5万/月,北京-朝阳区,2年经验,大专,招2人,05-20发布,五险一金|做五休二|节日福利|全勤奖|加班补贴|带薪年假
PHP开发高级工程师,广州小鹏汽车科技有限公司,2-3万/月,北京-海淀区,3-4年经验,本科,招2人,05-20发布,五险一金|年底双薪|补充医疗保险|专业培训|年终奖金|餐饮补贴|定期体检|弹性工作|年终绩效奖金
PHP工程师/PHP架构师/html5开发工程师,郴州七啸网络科技有限公司,1.5-2万/月,郴州,5-7年经验,大专,招10人,05-20发布,五险一金|员工旅游|餐饮补贴|专业培训|绩效奖金|年终奖金
Web开发高级架构师（php）,北京凯视达科技有限公司,1.5-5万/月,北京-海淀区,无工作经验,本科,招1人,05-20发布,五险一金|绩效奖金|餐饮补贴|通讯补贴|专业培训|股票期权|交通补贴
PHP开发工程师,北京柯锐特信息技术有限公司,1.5-2万/月,北京-海淀区,5-7年经验,本科,招10人,05-13发布,
PHP开发工程师,厦门千时科技有限公司,1.5-3万/月,北京-朝阳区,3-4年经验,本科,招若干人,05-13发布,五险一金|弹性工作|专业培训|员工旅游|年终奖金
PHP开发工程师,酷巴酷（北京）网络科技有限公司,1-1.8万/月,北京-朝阳区,3-4年经验,大专,招2人,05-13发布,员工旅游|专业培训|年终奖金|全勤奖|生日福利|加班补贴|餐饮补贴|绩效奖金
PHP高级开发工程师,北京未来聚典信息技术有限公司,1.8-2.5万/月,北京-大兴区,5-7年经验,本科,招若干人,05-13发布,周末双休|节日福利|五险一金|绩效奖金
PHP开发工程师,北京欣泉科技有限公司,1-2万/月,北京-海淀区,无工作经验,大专,招2人,05-14发布,周末双休|全勤奖|节日福利|交通补贴|餐饮补贴|通讯补贴|带薪年假|五险一金|补充医疗保险|员工旅游
PHP开发工程师,北京陶冶正和旅游文化有限公司,0.8-1.2万/月,北京-海淀区,2年经验,本科,招若干人,05-14发布,交通补贴|餐饮补贴|通讯补贴|绩效奖金|五险一金
php网站工程师(职位编号：2),复兴新华新媒体科技（北京）有限公司,0.8-1.2万/月,北京-海淀区,3-4年经验,本科,招2人,05-14发布,五险一金|员工旅游|年终奖金|绩效奖金|定期团建
PHP开发工程师(职位编号：夏琨),北京广厦网络技术股份公司,0.8-1.5万/月,北京-海淀区,2年经验,本科,招1人,05-15发布,五险一金|员工旅游|交通补贴|餐饮补贴|专业培训|出国机会|绩效奖金|年终奖金|弹性工作|定期体检
PHP开发工程师,北京慧摩尔科技有限公司,0.9-1.4万/月,北京-昌平区,3-4年经验,本科,招5人,05-15发布,五险一金|绩效奖金|节日福利|不加班
安全服务工程师-北京J11683,绿盟科技,1-2万/月,北京-海淀区,3-4年经验,本科,招5人,05-20发布,五险一金|补充医疗保险|餐饮补贴|通讯补贴|年终奖金|定期体检
电商技术顾问,广州赛意信息科技股份有限公司,1-1.5万/月,上海-嘉定区,无工作经验,大专,招若干人,05-20发布,
网站开发工程师（职位编号：LZHR235）,朗致集团有限公司,0.5-1万/月,北京-大兴区,无工作经验,本科,招1人,05-20发布,五险一金
初、中、高级JavaScript工程师,北京天舟上元信息技术有限公司,0.6-1.2万/月,北京-石景山区,2年经验,本科,招5人,05-20发布,五险一金|餐饮补贴
开发工程师,北京中长石基信息技术股份有限公司,0.8-1.5万/月,北京-东城区,无工作经验,本科,招1人,05-20发布,周末双休|带薪年假|五险一金|定期体检
服务器工程师,北京七星华电科技集团有限责任公司,1.3-2.5万/月,北京,2年经验,本科,招1人,05-20发布,五险一金|补充医疗保险|专业培训|定期体检|出国机会|绩效奖金|年终奖金|员工宿舍
平台开发工程师,北京麦迪克斯科技有限公司,1.5-2.5万/月,北京,5-7年经验,本科,招6人,05-20发布,五险一金|免费班车|交通补贴|餐饮补贴|通讯补贴|年终奖金|弹性工作
Java高级开发工程师,北京中测安华科技有限公司,1-1.5万/月,北京-海淀区,2年经验,本科,招2人,05-20发布,五险一金|绩效奖金|年终奖金|定期体检
国际业务技术支持,天地融科技股份有限公司,0.8-1.2万/月,北京,2年经验,本科,招1人,05-20发布,五险一金|绩效奖金|弹性工作|补充医疗保险|定期体检
前端开发工程师html5,四达时代通讯网络技术有限公司,1-1.5万/月,北京-大兴区,无工作经验,本科,招2人,05-20发布,五险一金|补充医疗保险|交通补贴|餐饮补贴|通讯补贴|专业培训|出国机会|年终奖金|定期体检
技术经理,北京大地阳光酒店投资管理有限公司,2-3万/月,北京-朝阳区,5-7年经验,大专,招1人,05-20发布,周末双休|带薪年假|五险一金|节日福利|年终奖
软件实施工程师（JS/AS/APP）,商助科技（北京）有限公司,,北京-海淀区,2年经验,本科,招1人,05-20发布,周末双休|五险一金|带薪年假|节日福利|定期体检|绩效奖金|餐饮补贴
源代码审计工程师,深圳爱加密科技有限公司,1.2-1.8万/月,北京,2年经验,本科,招1人,05-20发布,五险一金|员工旅游|年终奖金|绩效奖金|股票期权
H5开发工程师,上海吉联新软件股份有限公司,1.5-2万/月,北京-海淀区,2年经验,大专,招1人,05-20发布,五险一金|年终奖金|员工旅游|出国机会|过节费
数据库运维工程师,中国招标公共服务平台有限公司,1-2万/月,北京,5-7年经验,本科,招1人,05-20发布,五险一金|补充医疗保险|交通补贴|餐饮补贴|通讯补贴|定期体检|弹性工作|绩效奖金
网络工程师,随锐科技股份有限公司,0.8-1万/月,北京-海淀区,3-4年经验,大专,招1人,05-20发布,五险一金|餐饮补贴|弹性工作|定期体检
OP行程计调,北京安信世纪国际旅行社有限公司,4.5-6千/月,北京-朝阳区,1年经验,大专,招2人,05-20发布,五险一金|补充医疗保险|员工旅游|专业培训|年终奖金|定期体检|带薪年假
C-V2X RF Driver Development Engineer(C-V2X 射频软件开发工程师 ),高通无线通信技术（中国）有限公司,,北京,无工作经验,硕士,招若干人,05-20发布,
运维实施工程师,北京云思畅想科技有限公司,1-2万/月,北京-海淀区,3-4年经验,本科,招2人,05-20发布,五险一金|弹性工作|年终奖金|股票期权
自动化测试工程师,艾拉丁网络科技（北京）有限公司,2-3.5万/月,北京-朝阳区,5-7年经验,本科,招1人,05-20发布,五险一金|年终奖金
前端工程师,中航嘉信商务旅行管理有限公司,1.2-1.7万/月,北京-朝阳区,2年经验,本科,招1人,05-20发布,
数据科学家（应届生）(职位编号：21),亚信科技（中国）有限公司,,北京,无工作经验,本科,招若干人,05-20发布,
Web前端开发工程师,深圳市泰和安科技有限公司,1-1.5万/月,北京-朝阳区,3-4年经验,本科,招1人,05-20发布,五险一金|带薪年假|高额提成|年底双薪|年终奖金|周末双休|通讯补贴|交通补贴|餐饮补贴|专业培训
售前产品经理,上海数据港股份有限公司,2-3.5万/月,北京-海淀区,3-4年经验,本科,招1人,05-20发布,五险一金|餐饮补贴|通讯补贴|年终奖金|定期体检
PHP高级开发工程师,北京炫亿时代科技有限公司,0.9-1.5万/月,北京,2年经验,大专,招若干人,03-27发布,五险一金|员工旅游|专业培训|周末双休
PHP高级开发工程师,纬创软件(北京),1.1-2万/月,北京-海淀区,2年经验,本科,招1人,03-28发布,五险一金|员工旅游|弹性工作|专业培训|节日福利|每年多次调薪|周末双休
PHP开发工程师,英浦（北京）教育科技有限责任公司,1-1.5万/月,北京-朝阳区,2年经验,大专,招1人,03-29发布,双休|专业培训|弹性工作|五险
PHP高级开发工程师,北京屹维恒通科技发展有限公司,1.5-2.2万/月,北京,5-7年经验,大专,招2人,03-28发布,餐饮补贴|弹性工作|周末双休|入职社保
PHP高级开发工程师,永乐票务,1.2-2万/月,北京,3-4年经验,大专,招1人,03-29发布,周末双休|带薪年假|五险一金|全勤奖|节日福利|餐饮补贴
PHP开发工程师,二哥网,1-1.5万/月,北京,3-4年经验,大专,招若干人,03-29发布,五险一金|定期体检|专业培训|绩效奖金|年终奖金
PHP开发工程师,益洗新（北京）科技发展有限公司,1.3-1.8万/月,北京,无工作经验,大专,招若干人,03-30发布,五险一金|年终奖金|专业培训|绩效奖金|定期体检|员工旅游|弹性工作|带薪年假|通讯补贴
PHP开发工程师,北京令才科技有限公司,1-1.7万/月,北京-通州区,3-4年经验,本科,招2人,04-18发布,五险一金|补充医疗保险|年终奖金|弹性工作|定期体检|综合保险|带薪年假|发展空间大|专业培训|周末双休
高级PHP开发工程师,北京世纪网展科技有限公司,2-2.5万/月,北京-丰台区,5-7年经验,大专,招2人,04-22发布,周末双休|带薪年假|节日福利|餐饮补贴|五险一金|免费班车|绩效奖金|年终奖金
PHP软件开发工程师-北京-00007,北软互联（北京）科技有限公司,1-1.4万/月,北京,3-4年经验,大专,招10人,04-22发布,五险一金|专业培训|绩效奖金|餐饮补贴
PHP开发工程师,中科科猫（北京）科技有限公司,1-2万/月,北京-西城区,3-4年经验,本科,招2人,04-19发布,五险一金|补充医疗保险|专业培训|餐饮补贴|年终奖金|弹性工作|定期体检
PHP开发工程师,北京一品传奇信息技术有限公司,6-8千/月,北京-朝阳区,无工作经验,大专,招2人,04-23发布,
教育网站PHP开发工程师,北京畅顺优科教育科技有限公司,0.8-1.5万/月,北京-西城区,1年经验,本科,招2人,04-20发布,五险一金|弹性工作|绩效奖金|年终奖金
PHP开发工程师,北京致趣科技有限公司,1.5-3万/月,北京-朝阳区,5-7年经验,本科,招10人,04-23发布,五险一金|补充医疗保险|交通补贴|餐饮补贴|绩效奖金|弹性工作|定期体检
资深/中级/初级PHP工程师（TDD开发方式）-北京-00808,云招科技（北京）有限公司,20-40万/年,北京,无工作经验,本科,招2人,04-22发布,五险一金|年终奖金|员工旅游|专业培训|股票期权|不加班|产品没有Bug|不写技术文档
PHP开发工程师（移动商城）(002780)(职位编号：Aspire002780),卓望数码技术（深圳）有限公司,15-20万/年,北京-丰台区,3-4年经验,本科,招2人,04-23发布,五险一金|补充医疗保险|交通补贴|餐饮补贴|通讯补贴|专业培训|绩效奖金|年终奖金|弹性工作|定期体检
资深PHP开发工程师,柔持（北京）科技有限公司,2.5-4万/月,北京-朝阳区,5-7年经验,本科,招3人,04-23发布,带薪年假|节日福利|专业培训|公司提供两餐|弹性工作
php(人民网）,华信永益（北京）信息技术有限公司,0.8-1.8万/月,北京-朝阳区,2年经验,大专,招若干人,04-24发布,五险一金|餐饮补贴|弹性工作|绩效奖金|员工旅游|节假日礼品
高级H5前端开发工程师（学信网可查）,中信网络科技股份有限公司,1.5-2万/月,北京-朝阳区,5-7年经验,大专,招1人,05-17发布,五险一金|补充医疗保险|员工旅游|餐饮补贴|专业培训|绩效奖金|年终奖金|弹性工作|定期体检
安全专家,上海鹰空网络科技有限公司苏州分公司,3-4万/月,苏州-工业园区,5-7年经验,本科,招1人,05-17发布,
web高级开发,北京赛思天成科技有限责任公司,1-1.5万/月,北京,3-4年经验,本科,招2人,05-17发布,五险一金|交通补贴|餐饮补贴|通讯补贴|绩效奖金|定期体检|生日礼品|节假日福利
技术产品负责人,北京清众教育科技有限公司,1.5-2.5万/月,武汉-洪山区,5-7年经验,本科,招1人,05-17发布,五险一金|弹性工作|股票期权
IT Admin,凯美瑞德（苏州）信息科技股份有限公司,1-1.5万/月,北京,2年经验,本科,招1人,05-17发布,五险一金|年终奖金|绩效奖金|股票期权|餐饮补贴|专业培训|员工旅游|定期体检|弹性工作
网站开发工程师,上海微创软件股份有限公司,1-1.3万/月,北京,1年经验,本科,招1人,05-17发布,五险一金|补充医疗保险|免费班车|弹性工作|定期体检|绩效奖金|年终奖金|专业培训|员工旅游|节日福利
配置管理工程师(002149)(职位编号：002149),东方网力科技股份有限公司,1-1.5万/月,北京-朝阳区,2年经验,本科,招1人,05-17发布,五险一金|餐饮补贴|弹性工作|年终奖金
PTAM-高级技术支持经理,南京君合创胜数据科技有限责任公司,1.8-3万/月,北京-朝阳区,3-4年经验,本科,招5人,05-17发布,五险一金|员工旅游|交通补贴|年终奖金|补充医疗保险|定期体检|绩效奖金
软件测试工程师,上海异瀚数码科技股份有限公司,0.7-1.2万/月,北京,3-4年经验,本科,招2人,05-18发布,
云翼计划-博士专场,云计算分公司,,北京,无工作经验,博士,招10人,05-18发布,
054   R＆D Engineer,ABB(中国)有限公司,,北京,无工作经验,本科,招1人,05-18发布,
0017安全攻防工程师（北京）,上海研究院,,北京,无工作经验,本科,招5人,05-18发布,
网页设计/制作,北京中科白癜风医院,3-6千/月,北京-大兴区,3-4年经验,本科,招3人,05-08发布,绩效奖金|包吃住|弹性工作
技术部负责人,北京璟泰天成技术有限公司,2-4万/月,北京-丰台区,5-7年经验,本科,招1人,05-08发布,五险一金|周末双休|绩效奖金|年终奖金
网络安全工程师（渗透测试）,核工业计算机应用研究所,1-1.5万/月,北京-西城区,1年经验,本科,招2人,05-09发布,
政务服务-智慧城市项目经理0977(职位编号：TAIJI000977),太极计算机股份有限公司,1.5-2.5万/月,北京-西城区,无工作经验,本科,招3人,05-09发布,五险一金|补充医疗保险|绩效奖金|交通补贴|餐饮补贴|弹性工作|定期体检
Java高级服务器开发,北京巨成多美科技有限责任公司,3-4万/月,北京-朝阳区,5-7年经验,本科,招2人,05-09发布,做五休二|周末双休|带薪年假|绩效奖金|节日福利
王中林院士研究组技术研发人员招聘启事,中国科学院北京纳米能源与系统研究所,1-1.5万/月,北京-海淀区,无工作经验,硕士,招若干人,05-09发布,五险一金|补充医疗保险|员工旅游|绩效奖金|专业培训|定期体检|交通补贴
软件开发工程师,北京睿智思科科技发展有限公司,0.8-1万/月,北京-朝阳区,无工作经验,本科,招3人,05-09发布,
功能测试工程师,厦门至恒融兴信息技术有限公司,0.8-1.6万/月,北京,无工作经验,本科,招若干人,05-10发布,五险一金|补充医疗保险|餐饮补贴|通讯补贴|专业培训|年终奖金|股票期权|定期体检
前端技术,中金礼联文化（北京）有限公司,0.7-1.2万/月,长沙-长沙县,3-4年经验,大专,招1人,05-10发布,补充医疗保险|年终奖金|绩效奖金|定期体检|周末双休|员工旅游
Linux系统工程师,北京京云万峰信息技术有限公司,1-1.3万/月,北京,2年经验,大专,招3人,05-15发布,五险一金|餐饮补贴|交通补贴
QQ输入法-高级PHP后端开发工程师,北京搜狗科技发展有限公司,3-4万/月,北京-海淀区,5-7年经验,本科,招1人,05-20发布,五险一金|补充医疗保险|餐饮补贴|弹性工作|定期体检|年终奖金
Inside Tech Sales Manager(职位编号：1026590),微软销售市场和服务集团 （SMSG）,,北京,5-7年经验,本科,招1人,05-16发布,
Java开发实习生,中软博创（北京）科技有限公司,0.8-1万/月,北京-海淀区,无工作经验,大专,招8人,05-16发布,
前端开发工程师,中科星图股份有限公司,1.5-3万/月,北京-顺义区,3-4年经验,本科,招1人,05-16发布,五险一金|补充医疗保险|交通补贴|餐饮补贴|绩效奖金|年终奖金|股票期权|弹性工作|定期体检
网站项目经理,北京鑫互联科技有限公司,1.5-2万/月,北京-朝阳区,3-4年经验,大专,招1人,05-16发布,五险一金|员工旅游|交通补贴|餐饮补贴|绩效奖金|专业培训|定期体检|住房补贴
应用开发工程师,北京德西特科技有限公司,1-1.5万/月,北京,1年经验,本科,招若干人,05-16发布,
PHP开发工程师,嘉兴安越企业管理咨询有限公司,2-3万/月,北京,5-7年经验,本科,招若干人,05-20发布,五险一金|免费班车|员工旅游|交通补贴|餐饮补贴|通讯补贴|专业培训|出国机会|年终奖金|绩效奖金
PHP开发工程师,星空电讯科技（北京）股份有限公司,1.5-2万/月,北京-东城区,5-7年经验,本科,招1人,05-20发布,五险一金|餐饮补贴|带薪年假|工作居住证
高级PHP开发工程师-基卫云01,微医集团,1.5-2.5万/月,北京-朝阳区,5-7年经验,大专,招3人,05-20发布,五险一金|餐饮补贴|定期体检|弹性工作|年终奖金|专业培训|绩效奖金
PHP开发工程师,北京庄和投资管理有限公司,1-2万/月,北京-朝阳区,3-4年经验,大专,招1人,05-15发布,
PHP软件开发工程师,寰宇优才教育科技（北京）有限公司,0.8-1万/月,北京-顺义区,无工作经验,大专,招若干人,05-20发布,五险一金|补充医疗保险|补充公积金|员工旅游|交通补贴|出国机会|年终奖金|绩效奖金|定期体检|弹性工作
PHP开发工程师,北京中法视通科技有限公司,0.7-1.1万/月,北京-东城区,3-4年经验,本科,招2人,05-16发布,五险一金|餐饮补贴|定期体检|过节费|周末双休|全勤奖|防暑降温费
PHP开发工程师,北京同仁堂健康药业股份有限公司,,北京-大兴区,2年经验,大专,招若干人,05-16发布,
游戏PHP服务器开发工程师,北京罗曼空间科技有限公司,1-1.5万/月,北京-朝阳区,1年经验,大专,招1人,05-16发布,五险一金|绩效奖金|年终奖金|餐饮补贴|交通补贴|周末弹性工作|全勤奖|带薪年假
PHP开发工程师,世纪佳缘网,1-2万/月,北京-朝阳区,1年经验,本科,招1人,05-16发布,五险一金|补充医疗保险|餐饮补贴|周末双休|专业培训|交通补贴
诚聘PHP工程师,北京好孕妈妈教育咨询有限公司,0.8-1.5万/月,北京-朝阳区,3-4年经验,大专,招1人,05-16发布,专业培训|带薪年假|节日福利|弹性工作
PHP中级开发工程师(J10588),北京天融信科技有限公司,1-1.5万/月,北京,3-4年经验,本科,招2人,05-16发布,五险一金|弹性工作|定期体检|年终奖金|股票期权|绩效奖金|交通补贴|餐饮补贴|通讯补贴
PHP高级开发工程师,北京国融创新管理顾问有限公司,1-1.5万/月,北京-朝阳区,3-4年经验,本科,招1人,05-16发布,做五休二|周末双休|带薪年假|五险一金
PHP开发工程师,中国电子科技集团公司第十五研究所（华北计算技术研究所）,0.8-1.6万/月,北京,无工作经验,本科,招2人,05-16发布,五险一金|员工旅游|绩效奖金|年终奖金|交通补贴|餐饮补贴|定期体检
前端开发高级工程师,融联易云金融信息服务（北京）有限公司,1-2万/月,北京-海淀区,3-4年经验,本科,招2人,05-20发布,
Web前端开发（校招）,北京中科晶上科技股份有限公司,0.8-1.6万/月,北京-海淀区,无工作经验,本科,招3人,05-20发布,五险一金|补充医疗保险|定期体检|绩效奖金|年终奖金|专业培训
分布式系统软件研发工程师/架构师,北京品友互动信息技术股份公司,2.5-3万/月,北京,无工作经验,本科,招3人,05-20发布,五险一金|弹性工作|年终双薪|周末双休|带薪年假|节日福利|岗位晋升
OCR产品开发工程师,北京中科江南信息技术股份有限公司,2-2.5万/月,北京-海淀区,3-4年经验,本科,招1人,05-20发布,五险一金|补充医疗保险|员工旅游|餐饮补贴|弹性工作|绩效奖金|定期体检
Web前端开发工程师,北京腾信软创科技股份有限公司,1-1.5万/月,北京,3-4年经验,本科,招2人,05-20发布,五险一金|员工旅游|餐饮补贴|股票期权|电脑补助|周末双休|地铁周边
前端开发工程师（兼小程序开发）,北京盛世东康科技发展有限公司,1-1.5万/月,北京-海淀区,3-4年经验,本科,招若干人,05-20发布,五险一金|股票期权
ERP实施顾问,北京南北天地科技股份有限公司,0.6-1万/月,北京,2年经验,本科,招2人,05-20发布,五险一金|补充医疗保险|通讯补贴|餐饮补贴|年终奖金|定期体检
高级软件工程师（运维开发）,北京中体骏彩信息技术有限公司,2.5-3万/月,北京-朝阳区,5-7年经验,本科,招5人,05-20发布,五险一金|补充医疗保险|餐饮补贴|通讯补贴|交通补贴|绩效奖金|年终奖金|弹性工作|定期体检|专业培训
技术经理,北京伍叁零科学文化传播有限公司,3-4万/月,北京-海淀区,5-7年经验,本科,招1人,05-20发布,五险一金|定期体检|包吃|节日福利|员工旅游|交通补贴|年终奖金|绩效奖金
Ruby开发工程师,广州碧软信息科技有限公司,0.5-1万/月,北京-海淀区,1年经验,本科,招8人,05-20发布,五险一金|员工旅游|年终奖金|绩效奖金|周末双休
JAVA软件开发实习生,中高软信息技术（北京）有限公司,5-8千/月,北京-海淀区,无工作经验,大专,招5人,05-20发布,
软件开发工程师（长期日本出差）,大连扬采信息咨询服务有限公司,1.5-3万/月,大连-甘井子区,1年经验,大专,招6人,05-20发布,五险一金|补充医疗保险|员工旅游|专业培训|出国机会|绩效奖金|年终奖金|交通补贴|通讯补贴|定期体检
高级软件工程师,中金智汇科技有限责任公司,1.5-2万/月,北京,5-7年经验,本科,招1人,05-20发布,五险一金|补充医疗保险|交通补贴|餐饮补贴|通讯补贴|定期体检
研发经理,北京红鲤鱼数字电影院线有限公司,1.3-1.8万/月,北京-朝阳区,2年经验,大专,招1人,05-20发布,五险一金|员工旅游|定期体检|弹性工作
高级测试工程师,中国司法大数据研究院有限公司,1-2万/月,北京-石景山区,8-9年经验,本科,招2人,05-20发布,五险一金|补充医疗保险|餐饮补贴|通讯补贴|专业培训
技术总监-cp-北京-00455,英雄互娱科技股份有限公司,5-7万/月,北京-朝阳区,8-9年经验,本科,招1人,05-20发布,五险一金|补充医疗保险|免费班车|员工旅游|专业培训|年终奖金|定期体检|带薪年假
软件测试工程师(职位编号：4),中慧瑞景（北京）智能软件科技有限公司,1.5-2.5万/月,北京-石景山区,3-4年经验,本科,招1人,05-20发布,
PHP开发工程师,紫勋智能科技（北京）有限公司,1-1.5万/月,北京-海淀区,3-4年经验,本科,招1人,04-02发布,五险一金
PHP开发工程师,深圳市网心科技有限公司,1.5-3.5万/月,北京-海淀区,1年经验,本科,招2人,04-03发布,五险一金|交通补贴|通讯补贴|绩效奖金|年终奖金|弹性工作|定期体检
PHP开发工程师,北京合力联创科技有限公司,2-2.5万/月,北京,3-4年经验,大专,招1人,04-03发布,
PHP工程师,北京小裙科技有限公司,0.8-1万/月,北京-昌平区,2年经验,本科,招1人,04-05发布,五险一金|股票期权|补充公积金
php开发工程师,金维度信息科技（北京）有限公司,0.8-1.5万/月,北京-朝阳区,5-7年经验,本科,招4人,04-06发布,五险一金|绩效奖金|出国机会|晋级晋升|友爱团队
PHP高级开发工程师,北京甲乙电子商务有限公司,0.8-1.5万/月,北京-通州区,3-4年经验,大专,招1人,04-07发布,
PHP开发工程师,北京华驿酒店管理有限公司,1-1.5万/月,北京-朝阳区,3-4年经验,本科,招2人,04-26发布,每年多次调薪|定期团建|节日福利|周末双休|绩效奖金|五险一金|员工旅游
PHP开发工程师,北京优个网信息技术有限公司,0.8-1万/月,北京-朝阳区,1年经验,大专,招1人,04-26发布,周末双休|带薪年假|全勤奖|绩效奖金|节日福利|交通补贴|餐饮补贴|加班补贴
高级php开发工程师,北京西骏数据科技股份有限公司,1.5-2万/月,北京-海淀区,3-4年经验,本科,招5人,04-26发布,五险一金|通讯补贴|餐饮补贴|交通补贴|年终奖金|员工旅游|定期体检|弹性工作
PHP开发工程师,北京九旗科技有限公司,1-2万/月,北京-朝阳区,无工作经验,大专,招1人,04-27发布,
PHP高级开发工程师,海南睿富互联网竞技有限公司,0.8-1.6万/月,北京-石景山区,3-4年经验,大专,招1人,04-27发布,
中级PHP前端开发工程师,南京华苏科技有限公司,1-1.5万/月,北京-丰台区,2年经验,大专,招2人,04-30发布,五险一金|绩效奖金|通讯补贴
PHP开发工程师,北京雅普兰科技发展有限公司,1-2万/月,北京-海淀区,5-7年经验,本科,招1人,04-30发布,五险一金|员工旅游|餐饮补贴|节日福利|全勤奖
PHP高级开发工程师,北京大国慧谷科技有限公司,1.5-2万/月,北京-海淀区,3-4年经验,本科,招1人,05-02发布,
前端研发工程师 -北京研究院(职位编号：20190214-07),北京研究院,,北京,无工作经验,本科,招7人,05-18发布,
PHP中级开发工程师,中数信安（北京）商务管理有限公司,1-1.5万/月,北京-丰台区,3-4年经验,大专,招2人,04-28发布,五险一金|员工旅游|出国机会|股票期权|年终奖金|绩效奖金|餐饮补贴|交通补贴|通讯补贴|专业培训
测试开发工程师,北京蜜莱坞网络科技有限公司,,北京,无工作经验,本科,招1人,05-18发布,
安全攻防工程师(北京）,中国电信股份有限公司上海分公司,1-1.5万/月,北京,无工作经验,本科,招若干人,05-18发布,
Web前端开发工程师,北京优腾科技有限公司,0.8-1万/月,北京-朝阳区,3-4年经验,本科,招2人,05-18发布,做五休二|周末双休|弹性工作|带薪年假|五险一金|节日福利
安全研究员（北京）,杭州安恒信息技术股份有限公司,1.5-3万/月,北京,3-4年经验,本科,招若干人,05-18发布,五险一金|周末双休|节日福利
Python开发工程师,北京软峰时代科技有限公司,1-2万/月,北京-昌平区,2年经验,大专,招3人,05-11发布,
高级系统工程师,云网安信（北京）科技有限公司,1.3-2万/月,北京-朝阳区,5-7年经验,大专,招1人,05-12发布,五险一金|员工旅游|定期体检|带薪年假|年终奖金|商业保险|节日福利|做五休二|绩效奖金
对日软件工程师,大连清峰网络科技有限公司,15-45万/年,北京-朝阳区,1年经验,大专,招2人,05-12发布,绩效奖金|年终奖金|弹性工作|出国机会|餐饮补贴|通讯补贴
网络安全运维专业教师,北京网络职业学院,1-2万/月,北京-房山区,无工作经验,本科,招1人,05-12发布,五险一金|免费班车|餐饮补贴
Linux C/C++ 研发工程师,北京艾科网信科技有限公司,0.8-1.2万/月,北京-海淀区,2年经验,大专,招2人,05-12发布,五险一金|交通补贴|年终奖金|员工旅游|定期体检
系统运维工程师,北京昆仑万维科技股份有限公司,2-3.5万/月,北京,5-7年经验,本科,招1人,05-12发布,五险一金|绩效奖金|年终奖金|定期体检|弹性工作
Linux运维工程师,北京亚超力健康科技有限公司,0.6-1万/月,北京-海淀区,1年经验,大专,招1人,05-13发布,五险一金|员工旅游|绩效奖金|年终奖金|专业培训|弹性工作
Android逆向工程师,北京百家互联科技有限公司,1.2-3万/月,北京-海淀区,无工作经验,本科,招1人,05-16发布,
软件运维工程师,北京博雅智学软件股份有限公司,0.8-1.2万/月,北京-海淀区,5-7年经验,大专,招1人,05-16发布,五险一金|餐饮补贴|定期体检|通讯补贴|交通补贴|年终奖金|绩效奖金|专业培训
运维工程师,数字广东网络建设有限公司,1.5-2万/月,北京-海淀区,3-4年经验,本科,招1人,05-16发布,
Web前端开发工程师-高教,青岛伟东云教育集团有限公司,1.3-1.7万/月,北京-海淀区,3-4年经验,本科,招1人,05-16发布,五险一金|餐饮补贴|绩效奖金|周末双休|带薪年假|节日福利
技术服务工程师,广州中国科学院软件应用技术研究所,0.5-1.5万/月,北京-朝阳区,2年经验,本科,招若干人,05-16发布,年终奖金|绩效奖金|免费班车|五险一金|定期体检
嵌入式工程师,杭州东信北邮信息技术有限公司,10-15万/年,北京,无工作经验,本科,招2人,05-16发布,
APP测试工程师,北京快友世纪科技股份有限公司,5-8千/月,北京,1年经验,本科,招1人,05-16发布,五险一金|补充医疗保险|餐饮补贴|通讯补贴|弹性工作|定期体检
IOS开发工程师,《证券日报》社,1-1.5万/月,北京,3-4年经验,本科,招1人,05-17发布,五险一金|年终奖金|绩效奖金|定期体检|餐饮补贴
WEB前端工程师（小程序开发）,北京小刀万维科技有限公司,1.5-2万/月,北京-海淀区,5-7年经验,本科,招2人,05-17发布,年终奖金|股票期权|绩效奖金|员工旅游|五险一金
服务器开发工程师,比亚迪精密制造有限公司,1-1.5万/月,北京-通州区,无工作经验,本科,招3人,05-17发布,做五休二|周末双休|带薪年假|交通补贴|五险一金|绩效奖金|通讯补贴|专业培训|节日福利
PHP开发工程师,和易坤（北京）科技有限公司,1-1.5万/月,北京-丰台区,3-4年经验,本科,招2人,05-20发布,五险一金|交通补贴|通讯补贴|绩效奖金|股票期权|弹性工作
高级PHP开发工程师,北京乐学一百在线教育科技有限公司,1.5-2.5万/月,北京-海淀区,3-4年经验,本科,招2人,05-20发布,周末双休|五险一金|带薪年假|节日福利|餐饮补贴|年底双薪|定期体检|员工旅游|氛围好|老板nice
微信小程序+PHP开发工程师,北京博瑞明城网络科技有限公司,0.5-1.5万/月,天津-滨海新区,1年经验,大专,招10人,05-20发布,五险一金|免费班车|员工旅游|交通补贴|餐饮补贴|专业培训|绩效奖金|年终奖金|弹性工作|免费食宿
Web前端开发工程师（IDC1xhy）,北京东方国信科技股份有限公司,1.2-2万/月,北京,5-7年经验,本科,招1人,05-17发布,五险一金|年终奖金|定期体检|专业培训
PHP资深开发工程师,成都堆氧文化传播有限公司,4-9万/月,北京-朝阳区,5-7年经验,本科,招5人,05-20发布,年终奖金|五险一金|定期体检
PHP开发工程师,游艺春秋网络科技（北京）有限公司,,北京-海淀区,2年经验,大专,招1人,05-20发布,五险一金|员工旅游|交通补贴|餐饮补贴|年终奖金|弹性工作|定期体检
php开发主管,北京大象联盟国际经贸中心,1-1.5万/月,北京-海淀区,3-4年经验,大专,招1人,05-20发布,五险一金|绩效奖金|年终奖金|股票期权|专业培训|出国机会|员工旅游
后端高级工程师（PHP）,中建材信息技术股份有限公司,1.5-2.5万/月,北京-海淀区,5-7年经验,本科,招1人,05-20发布,五险一金|定期体检|补充医疗保险|弹性工作|绩效奖金|餐饮补贴|通讯补贴|交通补贴
PHP开发工程师（支撑平台）,北京牧游科技有限公司,1.5-2万/月,北京-海淀区,3-4年经验,本科,招1人,05-20发布,弹性工作|餐饮补贴|定期体检|年终奖金
04884-PHP服务端开发工程师,新浪微博,1.5-2.5万/月,北京-海淀区,3-4年经验,本科,招1人,05-17发布,五险一金|补充医疗保险|餐饮补贴|年终奖金|定期体检
PHP开发工程师,金钱猫科技股份有限公司,0.8-1.5万/月,北京-石景山区,无工作经验,本科,招3人,05-16发布,五险一金|专业培训|年终奖金|提供住宿
PHP开发工程师.,中电科技（北京）有限公司,1-2万/月,北京,1年经验,大专,招3人,05-17发布,五险一金|交通补贴|餐饮补贴|通讯补贴|定期体检|绩效奖金|年终奖金|弹性工作
PHP开发工程师,北京零度建筑工程有限公司,6-8千/月,北京-朝阳区,2年经验,大专,招1人,05-17发布,绩效奖金|年终奖金|五险|带薪年假|员工旅游|弹性工作|交通补贴|餐饮补贴|周末双休|定期体检
04570-PHP高级开发工程师_新浪体育,新浪网技术（中国）有限公司,2-3.5万/月,北京,3-4年经验,本科,招1人,05-17发布,免费班车|五险一金|年底双薪|餐补|带薪年假|弹性工作|补充医疗保险|定期体检
PHP开发工程师(丰台区),北京陆机科技有限公司,0.8-1.2万/月,北京-丰台区,3-4年经验,大专,招1人,05-17发布,五险一金|全勤奖|节日福利|通讯补贴|交通补贴
PHP开发工程师（语玩）,贵阳朗玛信息技术股份有限公司,0.6-1.2万/月,北京-海淀区,2年经验,本科,招若干人,05-17发布,五险一金|餐饮补贴|定期体检|交通补贴|电脑补贴
PHP开发工程师,北京同天科技有限公司,1-1.8万/月,北京-海淀区,3-4年经验,本科,招2人,05-17发布,五险一金|补充医疗保险|绩效奖金|定期体检|做五休二|周末双休|带薪年假|通讯补贴
PHP中级开发工程师,北京太度快乐网络技术有限公司,0.8-1.3万/月,北京-朝阳区,3-4年经验,大专,招1人,05-17发布,
PHP开发工程师,北京中科铭天信息技术有限公司,1-1.5万/月,北京-朝阳区,3-4年经验,本科,招2人,05-17发布,五险一金|定期体检|带薪年假|周末双休|弹性工作|做五休二
Java开发工程师,北京华电通达科技有限公司,0.8-1.5万/月,北京-海淀区,无工作经验,本科,招若干人,05-20发布,五险一金|餐饮补贴|年终奖金|通讯补贴
三维软件研发工程师,易时代新图软件有限公司,0.8-1万/月,北京-石景山区,1年经验,招5人,05-20发布,地理信息系统 计算机科学与技术,
Java高级开发工程师,北京智合惠众科技有限公司,1.5-2万/月,北京-朝阳区,5-7年经验,大专,招2人,05-20发布,五险一金|员工旅游|交通补贴|餐饮补贴|定期体检|年终奖金
前端开发工程师（H5）工作地深圳(职位编号：前端开发),深圳易普森科技股份有限公司,0.8-1.5万/月,深圳,3-4年经验,大专,招1人,05-20发布,五险一金|通讯补贴|绩效奖金|年终奖金|员工旅游|节假日福利|周末双休
应用安全工程师（渗透方向）,北京学神科技有限公司,1.5-2.5万/月,北京-昌平区,无工作经验,大专,招5人,05-20发布,绩效奖金|年终奖金|弹性工作|员工旅游|专业培训
IT Engineer --Database Support,北京诺德安达双语学校,1-1.5万/月,北京-房山区,2年经验,本科,招1人,05-20发布,五险一金|补充医疗保险|免费班车|交通补贴|餐饮补贴|通讯补贴|专业培训|定期体检
Java开发实习生,北京志联利盟科技发展有限公司,3-4.5千/月,北京-朝阳区,无工作经验,大专,招5人,05-20发布,
信息安全-云网络安全工程师-011,北京中油瑞飞信息技术有限责任公司,1-3万/月,北京,3-4年经验,本科,招2人,05-20发布,五险一金|补充医疗保险|交通补贴|餐饮补贴|通讯补贴|专业培训|绩效奖金|年终奖金|定期体检|免费班车
网站技术支持,塞维斯（北京）建筑装饰有限公司,0.6-1万/月,北京-石景山区,2年经验,大专,招1人,05-20发布,五险一金|补充公积金|员工旅游|绩效奖金|年终奖金|定期体检
高级前端开发工程师,重庆睿景信息技术有限公司,0.9-1.5万/月,重庆-九龙坡区,3-4年经验,本科,招若干人,05-20发布,五险一金|员工旅游|交通补贴|餐饮补贴
软件测试工程师,同方股份计算机产业本部,0.6-1万/月,北京-海淀区,1年经验,本科,招1人,05-20发布,周末双休|五险一金|带薪年假
售前技术支持,北京海泰方圆科技股份有限公司,0.8-1.5万/月,北京,2年经验,本科,招1人,05-20发布,
测试工程师,北京和润恺安科技发展股份有限公司,7-9千/月,北京-朝阳区,2年经验,大专,招1人,05-20发布,六险一金|年底双薪|绩效奖金|全勤奖|带薪年假|定期体检|每年多次调薪|餐饮补贴|专业培训|通讯补贴
Java高级开发工程师,上海优加利健康管理有限公司,1-2万/月,北京-昌平区,5-7年经验,本科,招2人,05-20发布,五险一金|餐饮补贴|员工旅游
服务端go语言高级开发工程师(J190320007)(职位编号：J190320007),滴滴,2-2.5万/月,北京-海淀区,3-4年经验,本科,招2人,05-20发布,
公众号开发工程师,北京中易科国际技术有限公司,20-30万/年,北京-西城区,5-7年经验,招2人,05-20发布,英语熟练,年终奖金
前端开发工程师,北京嘉华汇诚科技股份有限公司,1-2万/月,北京,2年经验,本科,招2人,05-20发布,周末双休|弹性工作|带薪年假|五险一金|节日福利|年中旅游
前端开发工程师,北京众志好活科技有限公司,1-1.5万/月,北京-东城区,2年经验,本科,招若干人,05-20发布,五险一金|餐饮补贴|通讯补贴|交通补贴|员工旅游|专业培训|年终奖金|绩效奖金|股票期权|弹性工作
Scala开发工程师,北京游道易网络文化有限公司,0.5-1.5万/月,北京,无工作经验,本科,招1人,05-20发布,五险一金|弹性工作|定期体检|绩效奖金
安全服务工程师,北京永信至诚科技股份有限公司,1.6-2.2万/月,北京-海淀区,2年经验,大专,招1人,05-20发布,五险一金|补充医疗保险|餐饮补贴|员工旅游|定期体检
Java前端开发工程师,北京城建智控科技有限公司,1.2-2万/月,北京-丰台区,2年经验,本科,招3人,05-20发布,专业培训
前端开发工程师,上海芮美生物科技有限公司,20-50万/年,北京-海淀区,2年经验,大专,招2人,05-20发布,
架构师,北京云迹科技有限公司,2-3万/月,北京-海淀区,无工作经验,本科,招1人,05-20发布,五险一金|股票期权|年终奖金|绩效奖金|弹性工作|定期体检
后端研发工程师,北京好赞移动科技有限公司,1.5-2万/月,北京-朝阳区,无工作经验,本科,招1人,05-20发布,
php/php开发工程师/php开发,广州熊清科技有限公司,2-4万/月,广州-天河区,3-4年经验,大专,招10人,04-08发布,员工旅游|出国机会|餐饮补贴|年终奖金|弹性工作|包食宿|生病报销|技术无国界|高薪成就梦想|公司直招
PHP开发工程师,北京精诚网聚教育科技有限公司,2.5-4万/月,北京-朝阳区,5-7年经验,本科,招若干人,04-11发布,
智农361平台PHP开发工程师,智农三六一（北京）科贸股份有限公司,0.8-2万/月,北京-海淀区,3-4年经验,本科,招3人,04-11发布,五险一金|交通补贴|餐饮补贴|绩效奖金|弹性工作|定期体检|股票期权|通讯补贴
PHP高级开发工程师,拉卡拉支付集团（华北区域）,1.5-3万/月,北京,3-4年经验,大专,招2人,04-11发布,做五休二|周末双休|带薪年假|五险一金|节日福利|交通补贴|通讯补贴|年终奖金
PHP开发工程师,北京伊哲酷儿教育科技有限公司,1-1.5万/月,北京,3-4年经验,大专,招2人,05-05发布,
PHP中高级工程师,杭州盈穗软件科技有限公司,0.8-1万/月,北京,3-4年经验,大专,招10人,05-05发布,五险一金|餐饮补贴|弹性工作
00135-php工程师,北京智行者科技有限公司,1.5-3万/月,北京-昌平区,3-4年经验,本科,招1人,05-08发布,五险一金|弹性工作|定期体检|年终奖金|股票期权|绩效奖金|员工旅游|节日福利|年底双薪|餐补
PHP开发工程师,北京宏远科创软件有限公司,0.8-1.3万/月,北京-海淀区,3-4年经验,本科,招3人,05-09发布,
PHP技术经理,北京开维创科技有限公司,1-1.5万/月,北京-海淀区,3-4年经验,大专,招1人,05-10发布,周末双休|五险一金|绩效奖金|全勤奖|专业培训|补充医疗保险|员工旅游|定期体检
PHP高级开发工程师,北京承启通科技有限公司,1-1.5万/月,北京-石景山区,无工作经验,本科,招1人,05-10发布,五险一金|通讯补贴|定期体检|年终奖金|绩效奖金|餐饮补贴|补充医疗保险
PHP程序员,北京联合易网网络技术开发有限公司,0.8-1万/月,北京-海淀区,2年经验,大专,招若干人,05-12发布,
软件测试工程师,端云信息技术（上海）有限公司,0.6-1万/月,北京-朝阳区,2年经验,本科,招若干人,05-18发布,
应用运维工程师,畅捷通信息技术股份有限公司,2-2.5万/月,北京-海淀区,5-7年经验,本科,招1人,05-18发布,
实习生-IBM DevOps 开发工程师,国际商业机器（中国）有限公司,,北京,无工作经验,本科,招若干人,05-19发布,
前端软件工程师,中科九度（北京）空间信息技术有限责任公司,1.3-2.5万/月,北京-海淀区,2年经验,本科,招1人,05-19发布,五险一金|定期体检|餐饮补贴|通讯补贴|交通补贴|绩效奖金|年终奖金
安全服务工程师,恒安嘉新（北京）科技股份公司,1-1.5万/月,北京-海淀区,无工作经验,本科,招3人,05-19发布,五险一金|交通补贴|弹性工作|定期体检|绩效奖金|餐饮补贴|通讯补贴|专业培训|年终奖金|股票期权
高级测试工程师（湖南怀化上班）,湖南优美兴科技发展集团有限公司,0.9-1.3万/月,怀化,5-7年经验,本科,招5人,05-13发布,五险一金|餐饮补贴|通讯补贴|专业培训|免费班车|员工旅游|交通补贴|年终奖金
Java高级开发工程师,北京德和顺天科技有限公司,1.5-2.5万/月,北京-东城区,3-4年经验,本科,招5人,05-13发布,定期体检|餐饮补贴|交通补贴|周末双休|带薪年假|五险一金
高级测试工程师,北京百得利汽车进出口集团有限公司,1.5-2万/月,北京-海淀区,5-7年经验,本科,招若干人,05-13发布,五险一金|补充医疗保险|交通补贴|餐饮补贴|年终奖金|弹性工作
前端开发工程师（bootstrap）(J10658),亚联集团,0.8-1.5万/月,北京-朝阳区,2年经验,本科,招1人,05-13发布,五险一金|餐饮补贴|定期体检|绩效奖金|年终奖金|专业培训
技术支持,江西金格科技股份有限公司,0.8-1.3万/月,北京,2年经验,大专,招1人,05-13发布,
实施-适配工程师,北京启明星辰信息安全技术有限公司,0.8-1.2万/月,北京-海淀区,3-4年经验,本科,招2人,05-14发布,五险一金|餐饮补贴|弹性工作|补充医疗保险|免费班车
黑盒测试工程师,北京合胜利安科技有限公司,400元/天,北京-朝阳区,2年经验,大专,招3人,05-14发布,弹性工作
网络安全专家（态势感知方向）,上海欣方智能系统有限公司,2.5-4万/月,北京-海淀区,10年以上经验,本科,招1人,05-14发布,五险一金|补充医疗保险|员工旅游|餐饮补贴|年终奖金|专业培训|定期体检
云计算/虚拟化运维工程师,新华网股份有限公司,1-2万/月,北京-西城区,1年经验,本科,招1人,05-17发布,五险一金|餐饮补贴|定期体检|通讯补贴|补充医疗保险|专业培训|绩效奖金|年终奖金
软件测试工程师,北京中知智慧科技有限公司,0.5-1万/月,北京-海淀区,2年经验,本科,招1人,05-17发布,五险一金|餐饮补贴|绩效奖金|年终奖金|定期体检
Web前端开发工程师,北京中软联动科技有限公司,1-1.5万/月,北京,5-7年经验,大专,招若干人,05-17发布,五险一金|交通补贴|餐饮补贴|通讯补贴|专业培训
渗透测试工程师,北京昆仑联通科技发展股份有限公司,1.5-3万/月,北京,2年经验,大专,招1人,05-17发布,五险一金|补充医疗保险|员工旅游|专业培训|餐饮补贴|定期体检|年终奖金
大数据工程师（产品研发）,北京东方金信科技有限公司,0.8-1万/月,北京-东城区,无工作经验,大专,招2人,05-17发布,五险一金|餐饮补贴|弹性工作
研发部-PHP工程师,人民网股份有限公司,0.8-1.6万/月,北京-朝阳区,2年经验,本科,招若干人,05-20发布,五险一金|补充医疗保险|免费班车|专业培训|绩效奖金|年终奖金|定期体检
PHP开发工程师,北京三体云联科技有限公司,1.5-2万/月,北京-昌平区,5-7年经验,本科,招2人,05-17发布,五险一金|弹性工作|餐饮补贴|年终奖金
技术开发工程师（小程序和H5）,北京到店喜物科技有限公司,1.5-2万/月,北京-朝阳区,3-4年经验,本科,招2人,05-20发布,
后台研发负责人,威创集团股份有限公司,2.5-5万/月,北京-朝阳区,3-4年经验,本科,招1人,05-20发布,五险一金|绩效奖金|弹性工作|大牛带队|试用期全额
高级运维工程师,北京智慧广通信息技术有限公司,1-1.5万/月,北京,8-9年经验,本科,招1人,05-20发布,五险一金|员工旅游|交通补贴|餐饮补贴|通讯补贴|年终奖金
大数据总监,北部湾旅游股份有限公司,4-6万/月,北京-朝阳区,10年以上经验,本科,招1人,05-20发布,节日福利|带薪年假|定期体检|年终奖金|通讯补贴|五险一金|交通补贴
测试经理,北京创世云科技有限公司,1.5-2万/月,北京-海淀区,1年经验,本科,招1人,05-20发布,五险一金|绩效奖金|年终奖金|股票期权|员工旅游|定期体检
Java开发工程师,北京深蓝海域信息科技有限公司,0.8-1万/月,北京-昌平区,3-4年经验,本科,招3人,05-20发布,五险一金|弹性工作|专业培训|绩效奖金|年终奖金|员工旅游
网站后台开发,北京中视艺影文化传媒有限公司,0.8-1万/月,北京-昌平区,2年经验,大专,招1人,05-20发布,五险一金|包住宿|周末双休|带薪年假|绩效奖金|全勤奖|节日福利|专业培训
00017-实施工程师,北京数字认证股份有限公司,0.8-1.3万/月,北京-海淀区,3-4年经验,大专,招10人,05-20发布,五险一金|补充医疗保险|交通补贴|餐饮补贴|专业培训|年终奖金|定期体检|绩效奖金
Oracle DBA/数据库管理员,北京富讯盈科网络技术有限公司,0.8-1万/月,北京-西城区,2年经验,本科,招1人,05-20发布,五险一金|交通补贴|年终奖金|公司稳定
网站开发,中央数字电视传媒有限公司,6-8千/月,北京,无工作经验,本科,招若干人,05-20发布,
系统工程师（环境）,北京顺天大有信息科技有限公司,0.8-1万/月,北京-东城区,3-4年经验,本科,招1人,05-20发布,五险一金|交通补贴|通讯补贴
软件工程师,东华医为科技有限公司,4.5-9千/月,北京,无工作经验,本科,招20人,05-20发布,五险一金|交通补贴|绩效奖金|弹性工作|定期体检|年终奖金
测试部经理,北京海科融通支付服务股份有限公司,2.5-4万/月,北京,5-7年经验,本科,招1人,05-20发布,定期体检|包吃|节日福利|福利体检
Web前端开发工程师-北京,广州江南科友科技股份有限公司,0.6-1.5万/月,北京-海淀区,无工作经验,本科,招2人,05-20发布,五险一金|员工旅游|交通补贴|餐饮补贴|通讯补贴|专业培训|绩效奖金|年终奖金|定期体检
技术总监,北京金一文化发展股份有限公司,2-3万/月,北京-海淀区,8-9年经验,本科,招1人,05-20发布,五险一金|专业培训|通讯补贴|交通补贴
Node.js开发工程师,深圳市泓健体育文化有限公司,1.5-2万/月,北京,5-7年经验,本科,招2人,05-20发布,
前端开发工程师,广州奔步电脑有限公司,0.8-1万/月,北京-朝阳区,1年经验,大专,招1人,05-20发布,五险一金|补充医疗保险|绩效奖金|年终奖金|弹性工作|专业培训|定期体检|12天年假
前端开发工程师（小程序方向）,北京贵士信息科技有限公司,1-1.6万/月,北京-朝阳区,2年经验,本科,招1人,05-20发布,员工旅游|弹性工作|定期体检|六险一金|出国机会|年终奖金|绩效奖金
ERP功能拓展顾问,中国化工信息中心有限公司,15-30万/年,北京,5-7年经验,大专,招1人,05-20发布,五险一金|定期体检|餐饮补贴|专业培训|绩效奖金
CRM专业技术人员,北京兆龙出入境中介服务中心有限公司,0.8-1.2万/月,北京,1年经验,大专,招1人,05-20发布,五险一金|补充医疗保险|补充公积金|交通补贴|餐饮补贴|年终奖金|年底分红|提成佣金|专业培训
中级存储运维工程师,恩士迅信息科技（上海）有限公司,1.2-1.5万/月,北京-大兴区,3-4年经验,本科,招若干人,05-20发布,做五休二|周末双休|带薪年假|五险一金|绩效奖金|专业培训
Java高级开发工程师,电讯盈科科技(北京)有限公司,2.5-3万/月,北京,5-7年经验,本科,招若干人,05-20发布,周末双休|弹性工作|意外险|节日福利|带薪年假|五险一金
Java开发工程师,大连滋德商务咨询有限公司,1.5-5万/月,大连,1年经验,大专,招10人,05-20发布,
Web前端开发工程师,亚信科技（中国）有限公司,1.2-2万/月,北京-海淀区,3-4年经验,本科,招3人,05-20发布,免费班车|专业培训|弹性工作|五险一金|绩效奖金|年终奖金
前端开发工程师,中国国际金融股份有限公司,1.5-2万/月,北京,无工作经验,本科,招1人,05-20发布,
高德-测试开发专家(职位编号：GP054575),阿里巴巴集团,,北京,5-7年经验,本科,招2人,05-20发布,
111228-音视频后台开发(职位编号：111228),平安科技（深圳）有限公司,2-2.5万/月,北京-朝阳区,3-4年经验,本科,招2人,05-20发布,绩效奖金
高级服务器工程师(4914),完美世界（北京）总部/完美时空,2.5-3万/月,北京,5-7年经验,本科,招1人,05-20发布,五险一金|餐饮补贴|绩效奖金|年终奖金
总公司-系统开发部-前端开发岗(0951),中英人寿保险有限公司,,北京,1年经验,本科,招1人,05-14发布,五险一金|补充医疗保险|员工旅游|年终奖金|定期体检
J2EE高级软件工程师,上海平驰网络科技有限公司,1-1.5万/月,南京,3-4年经验,本科,招若干人,05-14发布,
架构师,美亚宏信（北京）信息技术有限公司,2-4万/月,北京-东城区,5-7年经验,本科,招1人,05-14发布,五险一金|通讯补贴|定期体检|餐饮补贴|交通补贴|项目奖金
网站建设,北京市朝阳区新东方烹饪职业技能培训学校,6-8千/月,北京-朝阳区,2年经验,大专,招1人,05-14发布,
后端主程,北京红铅笔广告有限公司,3-5万/月,北京,1年经验,本科,招1人,05-14发布,
前端APP工程师,联想图像（天津）科技有限公司,1-1.5万/月,北京-海淀区,3-4年经验,本科,招若干人,05-14发布,五险一金|补充医疗保险|免费班车|员工旅游|通讯补贴|餐饮补贴|专业培训|定期体检|弹性工作|绩效奖金
研发主管,北京紫通科技有限责任公司,1.2-2.5万/月,北京-海淀区,5-7年经验,本科,招1人,05-14发布,周末双休|带薪年假|五险一金|绩效奖金|节日福利|专业培训|交通补贴|餐饮补贴|通讯补贴|员工旅游
网站编辑,中健世联,0.5-1.2万/月,北京-西城区,2年经验,大专,招1人,05-14发布,社保五险|出国机会|绩效奖金|年终奖金|弹性工作
Web前端开发工程师,北京迈达斯技术有限公司,1.5-2万/月,北京-海淀区,3-4年经验,大专,招5人,05-15发布,五险一金|员工旅游|通讯补贴|专业培训|绩效奖金|年终奖金|定期体检|试用期全薪|出国机会
数据库管理员DBA（SGW10）(职位编号：001619),中国信息通信研究院,1-1.5万/月,北京-海淀区,无工作经验,本科,招1人,05-15发布,五险一金|补充医疗保险|专业培训|通讯补贴|定期体检|绩效奖金|年终奖金
后台Server测试工程师-北京,北京小鱼易连科技有限公司,1-2万/月,北京-朝阳区,5-7年经验,本科,招1人,05-17发布,五险一金|餐饮补贴|通讯补贴|专业培训|年终奖金|股票期权|弹性工作|定期体检
web软件开发工程师,北京智宸天驰科技有限公司,1.5-2万/月,北京-海淀区,2年经验,本科,招1人,05-17发布,做五休二|周末双休|弹性工作|带薪年假|五险一金|交通补贴|餐饮补贴
Node.js后端开发工程师,北京静帆科技有限公司,2.5-5万/月,北京-海淀区,3-4年经验,本科,招若干人,05-17发布,周末双休|弹性工作|五险一金|节日福利|全勤奖|补充医疗保险
软件工程师,北京零偏科技有限责任公司,1.5-2万/月,北京-海淀区,5-7年经验,本科,招若干人,05-17发布,五险一金|交通补贴|餐饮补贴|绩效奖金|全勤奖|周末双休
前端开发工程师,北京时代数维科技有限公司,1.5-2万/月,北京-海淀区,2年经验,本科,招2人,05-20发布,五险一金|员工旅游|年终奖金|定期体检
php开发工程师,北京微聚万家科技有限公司,1-1.5万/月,上海-普陀区,3-4年经验,大专,招若干人,05-20发布,交通补贴|餐饮补贴|通讯补贴|加班补贴|项目奖金|五险一金
PHP开发工程师,北京捷通华声科技股份有限公司,1.5-2.5万/月,北京,1年经验,本科,招若干人,05-20发布,五险一金|绩效奖金|项目奖金|每年多次调薪|晋升空间大
大数据开发工程师,北京市盈科律师事务所,0.7-1万/月,北京,2年经验,大专,招1人,05-20发布,五险一金|员工旅游|餐饮补贴|绩效奖金|年终奖金|周末双休|带薪年假|专业培训
PHP开发工程师,北京寄云鼎城科技有限公司,0.9-1.8万/月,北京-海淀区,3-4年经验,本科,招1人,05-20发布,五险一金|专业培训|绩效奖金|年终奖金|弹性工作|定期体检
PHP开发工程师,北京润鸿基网络科技有限公司,0.8-1.2万/月,北京-朝阳区,2年经验,大专,招1人,05-20发布,五险一金|员工旅游|出国机会|餐饮补贴|交通补贴|绩效奖金|股票期权|弹性工作|下午茶|生日会
PHP高级开发工程师/技术经理,北京甲子科技有限责任公司,1.5-2万/月,北京-丰台区,3-4年经验,本科,招2人,05-20发布,周末双休|五险一金|带薪年假|绩效奖金|节日福利
PHP开发工程师,北京玄金网络科技有限公司,1-2万/月,北京-朝阳区,3-4年经验,本科,招2人,05-20发布,五险一金|餐饮补贴|年终奖金|绩效奖金|弹性工作
PHP高级开发工程师,青牛（北京）技术有限公司,1.5-2.2万/月,北京-石景山区,3-4年经验,本科,招1人,05-20发布,五险一金|餐饮补贴|通讯补贴|绩效奖金|定期体检
PHP讲师,北京中公教育科技股份有限公司,1-2万/月,北京,3-4年经验,本科,招100人,05-20发布,五险一金|定期体检|年终奖金|股票期权|专业培训|交通补贴|员工旅游
PHP高级开发工程师,易视腾科技股份有限公司,1-1.5万/月,北京,3-4年经验,本科,招1人,05-20发布,
PHP开发工程师,新东方教育科技集团有限公司,2-2.5万/月,北京-海淀区,3-4年经验,本科,招1人,05-20发布,
Java PHP Go 资深工程师/Leader,北京智软英才管理咨询有限公司,2.5-4.8万/月,北京-朝阳区,5-7年经验,本科,招20人,05-20发布,精英技术团队|明星创业公司|急速发展机遇|高薪+期权|周末双休|五险一金|补充医疗保险|春节15天年假|年终奖金
PHP开发工程师,武汉牧望群网络科技有限公司,1.2-3万/月,武汉,2年经验,大专,招2人,05-20发布,五险一金|补充公积金|餐饮补贴|通讯补贴|出国机会|绩效奖金|年终奖金|弹性工作|交通补贴
PHP开发工程师 - 电商(职位编号：21616),字节跳动,3-5万/月,北京,3-4年经验,本科,招4人,05-20发布,六险一金|弹性工作|免费三餐|租房补贴|带薪休假|休闲下午茶|扁平管理|健身瑜伽|过亿用户|职业大牛
