Web前端开发工程师(职位编号：992),西安佳帮手日用品有限公司,0.7-1万/月,西安-灞桥区,2年经验,大专,招1人,05-20发布,绩效奖金|交通补贴|免费班车|定期体检
Web前端开发工程师,上海云首信息科技有限公司,1-2万/月,西安-雁塔区,3-4年经验,本科,招2人,05-20发布,五险一金|补充医疗保险|员工旅游|绩效奖金|弹性工作|定期体检
中级web前端开发工程师,上海大域信息科技有限公司,0.8-1.2万/月,西安-新城区,3-4年经验,大专,招若干人,05-20发布,五险一金|餐饮补贴|年终奖金|带薪年假
前端开发工程师（双休）,西安朗晟电子科技有限公司,6-8千/月,西安,1年经验,大专,招3人,05-20发布,五险一金|年终奖金|餐饮补贴|员工旅游|交通补贴|补充医疗保险|节日福利|生日福利
Web前端开发工程师,上海易宝软件有限公司深圳分公司,0.8-1万/月,西安-高新技术产业开发区,2年经验,本科,招5人,05-20发布,五险一金|补充公积金|年终奖金|绩效奖金|弹性工作
00075-前端开发工程师,上海京颐科技股份有限公司,0.8-1.5万/月,西安,2年经验,本科,招1人,05-20发布,五险一金|员工旅游|交通补贴|餐饮补贴|通讯补贴|绩效奖金|年终奖金|股票期权|年底双薪|餐补
Web前端开发工程师,上海携宁计算机科技股份有限公司,0.8-1万/月,西安-雁塔区,2年经验,本科,招若干人,05-20发布,五险一金|员工旅游|交通补贴|餐饮补贴|年终奖金|定期体检
前端开发工程师,西安禧九网络科技有限公司,0.6-1万/月,西安,3-4年经验,本科,招1人,05-20发布,餐饮补贴|通讯补贴|绩效奖金|年终奖金|五险一金|定期体检
Web前端开发工程师,西安天子传媒有限公司,0.8-1.3万/月,西安-浐灞生态区,无工作经验,大专,招2人,05-20发布,
Web前端开发工程师,西安交大捷普网络科技有限公司,0.8-1万/月,西安-高新技术产业开发区,无工作经验,本科,招8人,05-20发布,五险一金|补充公积金|通讯补贴|绩效奖金|年终奖金
Web前端开发工程师（西安）,深圳市有方科技股份有限公司,0.8-1.5万/月,深圳-龙华新区,2年经验,本科,招5人,05-20发布,带薪年假|弹性工作|五险一金|节日福利|加班补贴|专业培训|通讯补贴|定期体检|员工旅游
Web前端开发工程师,西安易流物联科技有限公司,0.8-1.5万/月,西安-高新技术产业开发区,3-4年经验,本科,招2人,05-20发布,五险一金|员工旅游|餐饮补贴|绩效奖金|年终奖金
WEB前端开发主管/经理,伯图大数据管理有限公司西安分公司,1.3-2.5万/月,西安-高新技术产业开发区,5-7年经验,本科,招2人,05-20发布,
Web前端开发工程师,中兴仪器（深圳）有限公司,6-8千/月,西安,2年经验,本科,招1人,05-20发布,五险一金|员工旅游|交通补贴|餐饮补贴|通讯补贴|定期体检|周末双休|带薪年假|节日福利|高温补贴
Web前端开发工程师,陕西省君凯电子科技有限公司,0.5-1万/月,西安,2年经验,本科,招2人,05-20发布,五险一金|专业培训|交通补贴|餐饮补贴|通讯补贴|绩效奖金
Web前端开发工程师(职位编号：D002-X),上海安畅网络科技股份有限公司,0.8-1万/月,西安-雁塔区,2年经验,本科,招1人,05-20发布,五险一金|员工旅游|年终奖金|弹性工作|定期体检
Web前端开发工程师,浙江盘石信息技术股份有限公司,0.7-1.4万/月,西安-莲湖区,3-4年经验,本科,招2人,05-20发布,五险一金|餐饮补贴|绩效奖金|定期体检|带薪年假
前端开发工程师,广州石竹计算机软件有限公司,0.7-2万/月,西安-高新技术产业开发区,3-4年经验,本科,招3人,05-20发布,五险一金|补充医疗保险|通讯补贴|绩效奖金|定期体检
Web前端开发工程师-初级,黑讯互联网科技（苏州）有限公司,4.5-6千/月,西安-高新技术产业开发区,1年经验,本科,招1人,05-20发布,五险一金|员工旅游|年终奖金|绩效奖金|出国机会|股票期权
项目实施工程师,上海树维信息科技有限公司,5.5-6.5千/月,西安-雁塔区,2年经验,大专,招1人,04-30发布,五险一金|员工旅游|年终奖金|定期体检
系统软件工程师,陕西瑞迅电子信息技术有限公司,0.8-2万/月,西安-高新技术产业开发区,3-4年经验,本科,招1人,04-23发布,周末双休|带薪年假|五险一金|节日福利|通讯补贴|餐饮补贴
高级web前端工程师,西安飞鸟软件科技有限公司,0.5-2万/月,西安-高新技术产业开发区,5-7年经验,大专,招5人,04-23发布,五险一金|交通补贴|餐饮补贴|通讯补贴|年终奖金|员工旅游|出国机会|定期体检
Java高级开发工程师,西安三好软件技术股份有限公司,0.5-1.2万/月,西安-碑林区,无工作经验,大专,招2人,04-24发布,员工旅游|绩效奖金|年终奖金|法定假日|五险|专业培训|补充医疗保险|周末双休
JAVA系统架构师,西安三好软件技术股份有限公司,1.5-2.5万/月,西安-碑林区,3-4年经验,大专,招1人,04-24发布,专业培训|通讯补贴|交通补贴|年终奖金|绩效奖金|员工旅游|节日福利|周末双休|环境优越
美工/UI设计,陕西源壹科技有限公司,4-8千/月,西安-高新技术产业开发区,2年经验,本科,招1人,04-21发布,
前端研发工程师,畅移（上海）信息科技有限公司,0.6-1.2万/月,陕西省,2年经验,大专,招2人,03-22发布,弹性工作|五险一金|年终奖金
安卓前端工程师,江苏银丰信息技术有限公司,0.8-1万/月,西安,2年经验,本科,招1人,03-22发布,五险一金|弹性工作|年终奖金|股票期权|员工旅游|餐饮补贴|专业培训|绩效奖金
web前端vue工程师,西安维塑智能科技有限公司,6-8千/月,西安,3-4年经验,本科,招1人,03-27发布,下午茶|周末双休|五险一金|免费员工餐|员工宿舍
web前端工程师,西安悦泰科技有限责任公司,0.7-1.3万/月,西安,3-4年经验,本科,招2人,03-29发布,五险一金|交通补贴|通讯补贴|专业培训|定期体检
软件开发工程师（应届生）,西安巴斯光年软件科技有限公司,2-8千/月,西安-雁塔区,无工作经验,本科,招5人,03-26发布,五险一金|年终奖金|绩效奖金|专业培训|定期体检
软件工程师,广州泽尔测试技术有限公司,1.5千以下/月,西安,3-4年经验,大专,招3人,05-18发布,员工旅游|年终奖金|定期体检|五险一金|出国机会|绩效奖金|弹性工作
预算系统web前端开发实习生,陕西汉鼎建筑装饰工程有限公司,2-3千/月,西安-碑林区,无工作经验,大专,招3人,05-20发布,
WEB前端开发工程师(职位编号：XA004),北京恒融凌通科技有限公司,0.6-1.5万/月,西安-高新技术产业开发区,3-4年经验,大专,招5人,05-12发布,五险一金|员工旅游|交通补贴|通讯补贴|定期体检|绩效奖金|年终奖金|弹性工作
物联网云平台前端开发工程师(000531)（西安）(职位编号：000531),四川长虹网络科技有限责任公司,,西安,无工作经验,本科,招3人,05-18发布,
前端开发工程师,深圳柯华创想科技有限公司,6-8千/月,西安-雁塔区,2年经验,本科,招2人,05-18发布,
Web前端开发工程师,西安新视窗科技有限公司,6-8千/月,西安-高新技术产业开发区,3-4年经验,大专,招若干人,05-19发布,
Web前端开发工程师,郑州三友软件科技有限公司,1-1.5万/月,西安,3-4年经验,大专,招5人,05-17发布,五险一金|绩效奖金|交通补贴|年终奖金|商业保险
Web前端开发工程师,西安普惠健康体检有限公司,0.7-1.2万/月,西安,3-4年经验,大专,招3人,05-17发布,定期体检|绩效奖金|年终奖金|周末双休|专业培训|补充医疗保险
Web前端开发工程师,上海冰智通讯网络有限公司,1-2万/月,西安-未央区,无工作经验,大专,招若干人,05-17发布,五险一金|交通补贴|餐饮补贴|周末双休|全勤奖|节日福利|带薪年假|绩效奖金
前端开发工程师,北京明朝万达科技股份有限公司,0.8-1.6万/月,西安-高新技术产业开发区,2年经验,本科,招2人,05-17发布,
前端开发工程师-西安,北京小鱼易连科技有限公司,1-2万/月,西安,3-4年经验,本科,招1人,05-17发布,五险一金|餐饮补贴|通讯补贴|专业培训|年终奖金|弹性工作|定期体检|节日福利
（某500强知名企业）高级前端开发工程师,西安瀚特人力资源有限公司,1-1.5万/月,西安-高新技术产业开发区,3-4年经验,本科,招若干人,05-16发布,
Web前端开发工程师,陕西重构教育科技有限公司,0.5-1万/月,西安-雁塔区,2年经验,本科,招5人,05-15发布,五险一金|员工旅游|绩效奖金|弹性工作|定期体检
前端开发工程师,西安迈思途软件科技有限公司,3.5-6千/月,西安-高新技术产业开发区,3-4年经验,大专,招2人,05-15发布,弹性工作|年终奖金|绩效奖金|五险一金
前端开发工程师,北京天源迪科信息技术有限公司,0.8-1.5万/月,西安-未央区,2年经验,本科,招5人,05-15发布,五险一金|专业培训|定期体检|过节福利|年底双薪|弹性工作|带薪年假|绩效奖金
前端开发工程师,西安开轩自动化有限责任公司,4.5-6千/月,西安,2年经验,本科,招3人,05-15发布,专业培训|食堂免费午餐|周末双休|健身俱乐部|员工旅游
Web开发工程师,西安泰晟信息科技有限公司,0.8-1.5万/月,西安-高新技术产业开发区,3-4年经验,本科,招1人,05-08发布,五险一金|交通补贴|餐饮补贴|通讯补贴|绩效奖金|年终奖金|弹性工作|季度奖金|提供住宿
Java架构师,陕西瑞迅电子信息技术有限公司,1.3-2万/月,西安-高新技术产业开发区,5-7年经验,本科,招1人,05-09发布,五险一金|补充医疗保险|免费班车|员工旅游|年终奖金|绩效奖金|通讯补贴|餐饮补贴|定期体检
WebGL研发工程师,西安速度时空大数据科技有限公司,1-1.5万/月,西安-雁塔区,2年经验,本科,招2人,05-09发布,五险一金|补充医疗保险|专业培训|年终奖金
Java系统架构师,陕西瑞迅电子信息技术有限公司,1-2万/月,西安-高新技术产业开发区,5-7年经验,本科,招1人,05-09发布,周末双休|带薪年假|五险一金|节日福利|通讯补贴|餐饮补贴
Web前端开发工程师,锐特信息技术有限公司,0.8-1万/月,西安-高新技术产业开发区,3-4年经验,本科,招1人,05-20发布,五险一金|年终奖金|定期体检|餐饮补贴
WEB前端开发,浙江大华技术股份有限公司,1-2万/月,西安,1年经验,本科,招若干人,05-20发布,
Web前端开发工程师,西安动力无限信息科技股份有限公司,6-8千/月,西安,无工作经验,本科,招1人,05-20发布,
高级Js前端开发工程师,全时云商务服务股份有限公司西安分公司,1.8-2.2万/月,西安-高新技术产业开发区,5-7年经验,本科,招2人,03-23发布,
Web前端开发工程师,西安掌玩网络科技有限公司,4.5-6千/月,西安-曲江文化新区,1年经验,中专,招1人,03-26发布,绩效奖金|年终奖金|全勤奖|加班补贴
前端开发工程师（西安）,深圳金证引擎科技有限公司,0.8-1.4万/月,深圳-南山区,2年经验,本科,招1人,03-26发布,五险一金|定期体检|通讯补贴|年终奖金|人身意外险
前端开发工程师,中航创世机器人（西安）有限公司,0.8-1.5万/月,西安-碑林区,2年经验,本科,招1人,05-17发布,五险一金|补充医疗保险|绩效奖金|年终奖金|股票期权|定期体检
Web前端开发工程师,西安时代科技有限公司,5-7千/月,西安,3-4年经验,本科,招1人,03-27发布,员工旅游|绩效奖金|年终奖金|五险|周末双休
全栈工程师,西安维塑智能科技有限公司,1.5-2万/月,西安,3-4年经验,本科,招1人,03-27发布,下午茶|周末双休|员工旅游|定期体检|节日福利|包吃包住|五险一金|年终奖金|补充医疗保险
高级前端开发工程师（西安）,杭州数云信息技术有限公司西安分公司,1.5-2万/月,西安-高新技术产业开发区,5-7年经验,大专,招1人,04-09发布,
前端工程师,陕西昱鑫科技发展有限责任公司,5-8千/月,西安,2年经验,本科,招2人,03-29发布,五险一金|专业培训|餐饮补贴|通讯补贴|绩效奖金|节日福利
前端开发工程师,北京东方润泽生态科技股份有限公司,0.8-1万/月,西安,3-4年经验,大专,招1人,03-29发布,五险一金|补充医疗保险|餐饮补贴|专业培训|绩效奖金|年终奖金|股票期权|弹性工作|定期体检
网页设计师,中实环保集团有限公司,3.5-5千/月,西安-莲湖区,1年经验,大专,招1人,04-08发布,五险一金|定期体检|周末双休|免费午餐
Web端开发,西安神交科技有限公司,2-5万/月,西安-曲江文化新区,5-7年经验,本科,招若干人,04-03发布,带薪年假|五险一金|绩效奖金|节日福利|专业培训
H5跨平台开发工程师,西安美齐电子商务有限公司,0.8-1.5万/月,西安-未央区,3-4年经验,大专,招5人,04-12发布,五险一金|餐饮补贴|股票期权|弹性工作|员工宿舍|员工旅游|绩效奖金
.NET开发工程师,西安锐益达风电技术有限公司,0.8-1.2万/月,西安,无工作经验,本科,招1人,03-29发布,五险一金|补充医疗保险|弹性工作|定期体检|员工旅游|年终奖金|交通补贴|餐饮补贴|通讯补贴|绩效奖金
H5前端工程师,西安朗晟法律服务有限公司,0.8-1.4万/月,西安,3-4年经验,本科,招2人,05-20发布,
研发工程师（财务产品线）,东华医为科技有限公司,0.5-1.5万/月,西安,2年经验,本科,招13人,05-20发布,
全栈工程师,西安维塑智能科技有限公司,1-1.5万/月,西安-未央区,3-4年经验,本科,招1人,05-20发布,
C#软件开发工程师(职位编号：1),西安捷众软件科技有限公司,4-8千/月,西安,1年经验,大专,招10人,05-13发布,
Java开发工程师,西安九索数据技术股份有限公司,0.6-1.2万/月,西安-高新技术产业开发区,3-4年经验,本科,招3人,05-14发布,五险一金|绩效奖金|年终奖金|股票期权|定期体检|餐饮补贴
"web,java ,架构师全栈工程师",陕西重构教育科技有限公司,1-1.5万/月,西安-雁塔区,无工作经验,大专,招1人,05-19发布,五险一金|员工旅游|绩效奖金|弹性工作|定期体检|出国机会
软件工程师,浙江大华技术股份有限公司,1-2万/月,西安,无工作经验,本科,招若干人,05-20发布,免费班车|餐饮补贴|专业培训|弹性工作|年终奖金|通讯补贴|定期体检|周末双休|五险一金|绩效奖金
Java开发工程师,浙江大华技术股份有限公司,1-2万/月,西安,2年经验,本科,招若干人,05-20发布,
VUE高级前端大咖,酷渲（北京）科技有限公司,1.5-2.5万/月,西安-高新技术产业开发区,3-4年经验,本科,招1人,05-14发布,五险一金|交通补贴|通讯补贴|员工旅游|定期体检
Java高级开发工程师,陕西西建大聚慧软件科技有限公司,0.8-1.5万/月,西安-碑林区,5-7年经验,本科,招3人,05-18发布,五险一金|补充医疗保险|交通补贴|餐饮补贴|通讯补贴|专业培训|绩效奖金
Java开发工程师,浙江希优信息科技有限公司,0.8-1.5万/月,西安,2年经验,本科,招5人,05-20发布,
JAVA软件工程师,西安云海信息技术有限责任公司,0.4-1.5万/月,西安,2年经验,大专,招2人,05-20发布,五险一金|员工旅游|交通补贴|餐饮补贴|通讯补贴|专业培训|绩效奖金|年终奖金
开发实习生,广联达科技股份有限公司,150元/天,西安-未央区,无工作经验,本科,招3人,05-20发布,五险一金|补充医疗保险|餐饮补贴|定期体检|绩效奖金
前端工程师(高级),东华软件股份公司,1.5-2万/月,西安,5-7年经验,本科,招20人,05-20发布,
WebApp移动开发工程师,东华软件股份公司,0.6-1万/月,西安,2年经验,本科,招2人,05-20发布,
Web前端工程师,东华软件股份公司,0.4-1.4万/月,西安,2年经验,本科,招10人,05-20发布,
web前端开发工程师,西安中盛凯新技术发展有限责任公司,0.8-1.3万/月,西安-新城区,3-4年经验,大专,招1人,05-20发布,员工旅游|五险一金|节日补贴|员工生日会|年终奖金|补充医疗保险|股票期权|专业培训
Web前端开发工程师,陕西巨子生物技术有限公司,0.8-1万/月,西安,无工作经验,大专,招6人,05-20发布,五险一金|通讯补贴|员工旅游|绩效奖金
Web前端开发工程师-----外派绿盟网络安全业务,西安鼎拓信息科技有限公司,4-6千/月,西安-雁塔区,1年经验,本科,招2人,05-20发布,周末双休|五险一金|全勤奖|节日福利|补充医疗保险|员工旅游|年终奖金|弹性工作|定期体检|做五休二
前端开发工程师,广联达科技股份有限公司,1-1.5万/月,西安-未央区,5-7年经验,本科,招1人,05-20发布,五险一金|补充医疗保险|餐饮补贴|定期体检|绩效奖金
Web开发工程师,西安光谷防务技术股份有限公司,1-1.5万/月,西安-高新技术产业开发区,2年经验,大专,招1人,05-15发布,周末双休|带薪年假|五险一金|免费班车|绩效奖金|全勤奖|节日福利|专业培训
Java开发工程师,西安兴汇电力科技有限公司,0.8-1万/月,西安,1年经验,本科,招1人,05-14发布,五险一金|补充医疗保险|餐饮补贴|通讯补贴|专业培训|绩效奖金|年终奖金|定期体检|交通补贴
移动端软件开发,国家无线电频谱管理研究所,6-8千/月,西安-雁塔区,无工作经验,本科,招2人,05-15发布,五险一金|员工旅游|年终奖金|定期体检|餐饮补贴|绩效奖金
高/中级java开发工程师,西安维德汇通工业自动化有限公司,1-1.5万/月,西安-高新技术产业开发区,5-7年经验,本科,招3人,05-15发布,周末双休|带薪年假|五险一金|绩效奖金|节日福利|专业培训
HC-Web前端开发工程师,CVTE,1-1.5万/月,西安-高新技术产业开发区,2年经验,本科,招1人,03-30发布,五险一金|免费班车|弹性工作|创业激情|绩效奖金|股票期权|定期体检
项目助理/实施工程师(职位编号：YW),上海数慧系统技术有限公司,4-8千/月,西安,无工作经验,本科,招6人,05-16发布,五险一金|交通补贴|餐饮补贴|定期体检|通讯补贴|周末双休|带薪年假|出差补贴|节日福利|商业保险
Web前端开发工程师,西安远眺网络科技有限公司,5-8千/月,西安-高新技术产业开发区,2年经验,本科,招2人,03-29发布,五险一金|员工旅游|餐饮补贴|定期体检|通讯补贴|绩效奖金
网安前端开发工程师,远江盛邦（北京）网络安全科技股份有限公司,0.8-1万/月,西安-高新技术产业开发区,3-4年经验,本科,招5人,04-01发布,五险一金|交通补贴|餐饮补贴|通讯补贴|专业培训|绩效奖金|弹性工作|定期体检|年终奖金
高级前端开发工程师,通联商务服务有限公司,1-1.5万/月,西安-新城区,3-4年经验,本科,招1人,04-02发布,五险一金|补充公积金|交通补贴|餐饮补贴|通讯补贴|绩效奖金|补充医疗保险
A311-1WE前端开发,西安卓睿信息技术有限公司,4.5-6千/月,西安,无工作经验,大专,招5人,04-10发布,五险一金|补充医疗保险|补充公积金|免费班车|员工旅游|交通补贴|绩效奖金
Web前端开发工程师,西安卓睿信息技术有限公司,4.5-6千/月,西安,无工作经验,大专,招6人,04-10发布,五险一金|补充医疗保险|补充公积金|员工旅游|餐饮补贴|通讯补贴|专业培训|绩效奖金|年终奖金|定期体检
高级前端开发工程师,西安诚优网络科技有限责任公司,0.9-1.3万/月,西安-雁塔区,3-4年经验,本科,招1人,05-17发布,五险一金|周末双休|年终奖金|员工旅游|弹性工作|专业培训|定期体检
Web前端开发工程师,北京裕翔创力科技有限责任公司,1-1.5万/月,西安,2年经验,大专,招10人,04-04发布,五险一金|员工旅游|出国机会|年终奖金|绩效奖金|专业培训
高级前端开发工程师,西安枢纽教育科技有限公司,0.7-1.2万/月,西安-雁塔区,3-4年经验,本科,招2人,04-28发布,五险一金|员工旅游|专业培训|弹性工作|年终奖金|绩效奖金|股票期权
java前端开发工程师,中电长城网际系统应用有限公司,0.7-1.4万/月,西安-未央区,3-4年经验,本科,招2人,05-05发布,五险一金|餐饮补贴|绩效奖金|定期体检
Web前端开发工程师（15K底薪+项目奖金）,北京宜选科技股份公司,1-1.5万/月,西安,3-4年经验,本科,招2人,05-06发布,五险一金|餐饮补贴|周末双休|节日福利|专业培训
高级前端开发工程师,西安枢纽教育科技有限公司,0.7-1.2万/月,西安-雁塔区,无工作经验,本科,招2人,04-28发布,五险一金|员工旅游|专业培训|弹性工作|年终奖金|绩效奖金|股票期权
web前端开发工程师（中级）,京北方信息技术股份有限公司,0.8-1万/月,西安,3-4年经验,本科,招3人,05-10发布,五险一金|员工旅游|餐饮补贴|专业培训|绩效奖金
Web前端开发工程师,上海汉得信息技术股份有限公司,1.5-2万/月,上海,3-4年经验,本科,招5人,05-10发布,五险一金|餐饮补贴|弹性工作|定期体检|通讯补贴|补充医疗保险|补充公积金|股票期权|年终奖金
前端开发工程师（vue方向）,陕西智华信科技有限公司,6-8千/月,西安,1年经验,本科,招4人,05-06发布,五险一金|绩效奖金|年终奖金|免费班车|员工旅游
Web前端开发工程师,京北方信息技术股份有限公司,6-8千/月,西安-雁塔区,2年经验,本科,招若干人,05-10发布,
Web前端开发工程师,新智认知数据服务有限公司,1-2万/月,西安-莲湖区,3-4年经验,大专,招2人,05-14发布,五险一金|餐饮补贴|定期体检|通讯补贴|专业培训|免费班车|员工旅游|交通补贴|年终奖金
（19西安校招）前端开发工程师,中国电子科技集团公司第十五研究所（华北计算技术研究所）,0.5-1万/月,西安-高新技术产业开发区,无工作经验,本科,招若干人,05-14发布,五险一金|员工旅游|绩效奖金|年终奖金|交通补贴|餐饮补贴|定期体检|高温补贴|通讯补贴|带薪年假
javascript开发工程师,上海上讯信息技术股份有限公司,0.8-1.3万/月,西安,2年经验,本科,招5人,04-24发布,做五休二|周末双休|弹性工作|带薪年假|五险一金|绩效奖金|专业培训
前端开发工程师,西安迈思途软件科技有限公司,3.5-6千/月,西安-高新技术产业开发区,3-4年经验,大专,招2人,05-15发布,弹性工作|年终奖金|绩效奖金|五险一金
前端与移动开发讲师(J11884),传智播客教育集团西安分校,1.5-2万/月,西安,3-4年经验,大专,招2人,04-15发布,五险一金|员工旅游|通讯补贴|交通补贴|绩效奖金|年终奖金|餐饮补贴|定期体检|作二休一
Lis高级研发工程师,上海岛昌医学科技股份有限公司,1-1.4万/月,西安,2年经验,本科,招1人,04-26发布,五险一金|专业培训|绩效奖金|年终奖金
PHP开发工程师,西安利通网络技术有限公司,0.8-1万/月,西安-高新技术产业开发区,5-7年经验,大专,招1人,04-19发布,五险一金|绩效奖金|员工旅游
网页美工/美工（网页制作）,西安广裕宝企业管理有限责任公司,4.5-6千/月,西安-碑林区,无工作经验,大专,招2人,04-24发布,
软件开发工程师,西安亘和软件开发有限公司,4.5-6千/月,西安-高新技术产业开发区,2年经验,本科,招5人,04-27发布,五险一金|补充医疗保险|交通补贴|绩效奖金|年终奖金|员工旅游|餐饮补贴|通讯补贴
软件测试工程师助理+双休,西安钱浩网络科技有限公司,6-8千/月,西安-高新技术产业开发区,无工作经验,大专,招5人,04-28发布,五险一金|员工旅游|交通补贴|年终奖金|弹性工作|定期体检|绩效奖金
Web前端工程师(职位编号：03),西安德雅通科技有限公司,3.5-8千/月,西安-高新技术产业开发区,1年经验,大专,招3人,04-30发布,
Web前端工程师,西安多普多信息科技有限公司,0.8-1.5万/月,西安-碑林区,2年经验,本科,招1人,05-20发布,五险一金|定期体检|绩效奖金|通讯补贴|餐饮补贴|交通补贴|年终奖金
asp.net 高级开发工程师,西安唐远信息科技有限公司,4-8千/月,西安-曲江文化新区,无工作经验,大专,招若干人,05-20发布,五险一金|绩效奖金|年终奖金|包吃
Java后台开发工程师,卡漠网络科技股份有限公司,1-1.3万/月,西安-灞桥区,3-4年经验,本科,招4人,05-20发布,五险一金|免费班车|绩效奖金|全勤奖|节日福利|周末双休
WebApp（h5）开发工程师,西安普瑞米特科技有限公司,4.5-6千/月,西安-高新技术产业开发区,2年经验,大专,招2人,05-20发布,
PHP高级开发工程师,西安金印客电子商务有限公司,0.8-1.6万/月,西安-高新技术产业开发区,3-4年经验,本科,招1人,05-20发布,五险一金|弹性工作|定期体检|专业培训|绩效奖金|年终奖金|交通补贴|团建活动|节日福利|零食下午茶
Java开发工程师（西安）,厦门市巨龙信息科技有限公司,0.6-1.5万/月,西安,3-4年经验,大专,招1人,05-20发布,
前端（Vue）,西安有你互联信息科技有限公司,5-6千/月,西安,2年经验,本科,招1人,05-20发布,五险一金|年终奖金|带薪年假|节日福利
Web前端开发工程师,NEC-日电卓越软件科技（北京）有限公司西安分公司,0.5-1万/月,西安-高新技术产业开发区,3-4年经验,大专,招若干人,05-15发布,五险一金|补充医疗保险|定期体检|带薪年假
前端开发工程师,深圳达普信科技有限公司,0.8-1.1万/月,西安-雁塔区,3-4年经验,本科,招5人,05-16发布,五险一金|员工旅游|专业培训|年终奖金
Web前端开发工程师,陕西利元电力设备有限责任公司,0.5-1万/月,西安,2年经验,本科,招2人,05-16发布,绩效奖金|五险一金|弹性工作|年终奖金|通讯补贴|定期体检
Web前端开发工程师,北京北信源软件股份有限公司,6-8千/月,西安-雁塔区,2年经验,本科,招3人,05-16发布,五险一金|餐饮补贴|周末双休|带薪年假
.NET开发工程师,西安恪诚电子科技有限公司,6-8千/月,西安-雁塔区,3-4年经验,大专,招1人,05-14发布,五险一金|补充医疗保险|员工旅游|餐饮补贴|年终奖金|定期体检|周末双休|年假|每年调薪
C#开发工程师,西安恪诚电子科技有限公司,0.6-1万/月,西安-雁塔区,3-4年经验,本科,招2人,05-14发布,五险一金|补充医疗保险|员工旅游|餐饮补贴|年终奖金|定期体检|周末双休|年假|每年调薪
前端组长,西安飞鸟软件科技有限公司,1.5-3万/月,西安-高新技术产业开发区,5-7年经验,本科,招3人,05-14发布,五险一金|交通补贴|餐饮补贴|通讯补贴|年终奖金|员工旅游|出国机会|定期体检|股票期权|绩效奖金
Java开发工程师（驻场）,西安兴汇电力科技有限公司,0.8-1万/月,西安,2年经验,本科,招1人,05-14发布,五险一金|补充医疗保险|餐饮补贴|通讯补贴|专业培训|绩效奖金|年终奖金|定期体检|交通补贴
Java开发工程师,陕西联兴网络科技有限公司,6-8千/月,西安-雁塔区,3-4年经验,本科,招2人,05-15发布,五险一金|餐饮补贴|弹性工作|交通补贴|专业培训|年终奖金
WEB前端工程师（微信小程序开发）,陕西德通信息科技有限公司,4.5-6千/月,西安-高新技术产业开发区,2年经验,本科,招1人,05-15发布,五险一金|员工旅游|交通补贴|餐饮补贴|通讯补贴|年终奖金|定期体检
前端H5小程序开发,陕西德通信息科技有限公司,4.5-6千/月,西安-高新技术产业开发区,2年经验,本科,招1人,05-15发布,五险一金|员工旅游|交通补贴|餐饮补贴|通讯补贴|年终奖金|定期体检
PHP开发工程师（周末双休、法定节假日）,西安锦新生物科技有限公司,6-8千/月,西安,2年经验,大专,招2人,05-15发布,五险一金|员工旅游|交通补贴|通讯补贴|专业培训|绩效奖金|年终奖金|弹性工作|周末双休
全栈工程师（具备web前端，java前端技能）,陕西重构教育科技有限公司,0.8-1万/月,西安-雁塔区,1年经验,大专,招3人,05-15发布,五险一金|员工旅游|绩效奖金|弹性工作|定期体检|出国机会
渠道开发工程师,柳州智银通信息技术有限公司,4.5-8千/月,西安-经济技术开发区,2年经验,本科,招若干人,05-20发布,五险一金|补充医疗保险|补充公积金|餐饮补贴|通讯补贴|专业培训|绩效奖金|年终奖金|定期体检|带薪年假
Web前端工程师,武汉地大信息工程股份有限公司,0.5-1万/月,西安-高新技术产业开发区,无工作经验,大专,招若干人,05-20发布,五险一金|意外险|交通补贴|餐饮补贴|通讯补贴|绩效奖金|年终奖金|弹性工作时间
移动开发工程师,西安汇景倬元信息技术有限公司,1-2万/月,西安-莲湖区,3-4年经验,大专,招3人,05-20发布,五险一金|员工旅游|专业培训|弹性工作|年终奖金|过节福利|员工生日福利|带薪年假|餐饮补贴
webgis专家,陕西土豆数据科技有限公司,0.8-1.6万/月,西安,3-4年经验,本科,招1人,05-20发布,
数据可视化开发工程师,深圳震有科技股份有限公司,1.2-1.8万/月,深圳-南山区,3-4年经验,本科,招若干人,05-20发布,五险一金|补充医疗保险|员工旅游|绩效奖金|年终奖金|弹性工作|定期体检
护理产品高级前端开发工程师,东华软件股份公司,,西安,2年经验,本科,招若干人,05-20发布,
Web前端开发工程师,上海新日升传动科技股份有限公司,4-6千/月,西安-莲湖区,1年经验,大专,招1人,05-20发布,餐饮补贴|员工旅游|五险一金|专业培训|绩效奖金|年终奖金
前端开发工程师,上海精宸科技股份有限公司,0.5-1万/月,西安,2年经验,大专,招5人,05-20发布,五险一金|餐饮补贴|通讯补贴|绩效奖金|年终奖金|股票期权|定期体检
前端开发工程师,上海艾飞能源科技有限公司,0.6-1.2万/月,西安-高新技术产业开发区,2年经验,本科,招5人,05-20发布,五险一金|专业培训|定期体检|员工旅游
Web前端开发工程师,柳州智银通信息技术有限公司,0.6-1万/月,西安-经济技术开发区,2年经验,本科,招若干人,05-20发布,五险一金|补充医疗保险|补充公积金|餐饮补贴|通讯补贴|专业培训|绩效奖金|年终奖金|定期体检|带薪年假
WEB前端开发工程师,陕西长通科技有限公司,0.8-1.2万/月,西安-碑林区,2年经验,大专,招2人,05-20发布,五险一金|员工旅游|餐饮补贴|通讯补贴|定期体检|年终奖金|绩效奖金|交通补贴
Web前端工程师（西安市）,福建博思软件股份有限公司,0.8-1万/月,西安,3-4年经验,本科,招1人,05-16发布,五险一金|补充医疗保险|员工旅游|餐饮补贴|通讯补贴|股票期权|弹性工作|定期体检
H5 前端VUE框架开发,中软国际科技服务有限公司,0.8-1万/月,西安-雁塔区,3-4年经验,本科,招8人,05-17发布,五险一金|年终奖金|年轻团队|上市企业|弹性工作|绩效奖金
Java开发工程师+周末双休,陕西熙泽实业有限公司,4-8千/月,西安-未央区,2年经验,大专,招若干人,05-17发布,五险一金|专业培训|周末双休|节日福利
Java开发工程师（莲湖区 高薪）,西安若博智能科技有限公司,0.8-1.2万/月,西安-莲湖区,2年经验,大专,招2人,05-17发布,交通补贴|餐饮补贴|通讯补贴|年终奖金|弹性工作|专业培训|五险一金
java开发工程师、软件开发工程师（上班地址：西安）,上海龙田数码科技有限公司,0.8-1.2万/月,西安-雁塔区,3-4年经验,大专,招1人,05-17发布,做五休二|周末双休|带薪年假|五险一金|节日福利|餐饮补贴|通讯补贴|高温补贴
软件实施工程师,杭州百世伽信息科技有限公司,6-9千/月,西安,2年经验,本科,招2人,05-17发布,五险一金|餐饮补贴|专业培训|年终奖金
Web前端开发工程师,研华（中国）有限公司,6-9千/月,西安-高新技术产业开发区,无工作经验,本科,招4人,04-08发布,五险一金|补充医疗保险|员工旅游|餐饮补贴|年终奖金|定期体检|年底双薪|节日福利|绩效奖金
H5 前端开发/游戏前端开发（egret白鹭）(职位编号：002),陕西汇立网络科技有限公司,0.4-1万/月,西安-高新技术产业开发区,无工作经验,大专,招5人,04-08发布,
Web前端开发工程师,北京明略软件系统有限公司,2-2.5万/月,西安-未央区,无工作经验,本科,招1人,04-08发布,五险一金|补充医疗保险|交通补贴|餐饮补贴|绩效奖金|年终奖金|股票期权
Web前端开发工程师,电讯盈科 西安,0.8-1.3万/月,西安,3-4年经验,大专,招1人,04-09发布,五险一金|定期体检|补充医疗保险|年终奖金
H5/Web前端开发工程师/实习生  双休,西安卓睿信息技术有限公司,4.5-6千/月,西安,1年经验,大专,招6人,04-10发布,五险一金|补充医疗保险|补充公积金|免费班车|员工旅游|交通补贴|绩效奖金
前端开发工程师,梵界信息技术（上海）股份有限公司西安分公司,0.6-1.3万/月,西安-碑林区,5-7年经验,本科,招1人,04-11发布,五险一金|周末双休|带薪年假|生日礼物|过节礼品
WebGL前端开发工程师,西安新视窗科技有限公司,0.6-1.2万/月,西安-高新技术产业开发区,3-4年经验,大专,招4人,05-15发布,五险一金|绩效奖金|年终奖金|周末双休
Web前端开发工程师（长安区）西安,陕西淘丁实业集团有限公司,1-1.5万/月,西安-长安区,无工作经验,大专,招3人,05-16发布,周末双休|带薪年假|五险一金|餐饮补贴|股票期权|员工旅游
Web前端开发工程师,西安华炎信息科技有限公司,1.5-2万/月,杭州-滨江区,3-4年经验,本科,招若干人,05-17发布,五险一金|员工旅游|餐饮补贴|年终奖金|定期体检
Java开发工程师,上海树维信息科技有限公司,5-7千/月,西安-碑林区,2年经验,大专,招1人,04-30发布,员工旅游|补充医疗保险|五险一金|年终奖金|定期体检
Java web开发工程师,西安栎安科技有限公司,0.8-1.6万/月,西安-雁塔区,3-4年经验,本科,招1人,04-30发布,周末双休|五险一金|补充医疗保险|员工旅游|交通补贴|通讯补贴|绩效奖金|年终奖金|弹性工作|定期体检
Web开发--HXY(职位编号：NavInfo001890),北京四维图新科技股份有限公司,1-1.5万/月,西安-雁塔区,3-4年经验,本科,招2人,05-02发布,五险一金|补充医疗保险|免费班车|年终奖金|餐饮补贴|弹性工作|定期体检|通讯补贴|专业培训
开发工程师,创识科技股份有限公司,0.6-1万/月,西安,2年经验,本科,招3人,05-05发布,五险一金|员工旅游|交通补贴|餐饮补贴|通讯补贴|年终奖金|定期体检
js全栈工程师,西安鼎力信息技术有限责任公司,0.5-1万/月,西安-高新技术产业开发区,2年经验,大专,招3人,05-06发布,周末双休|五险一金|全勤奖|节日福利|弹性工作
Java开发工程师,玖伍（北京）科技有限公司,0.8-1万/月,北京-朝阳区,3-4年经验,大专,招4人,05-09发布,五险一金|餐饮补贴|年终奖金|弹性工作
三维Web前端工程师,陕西土豆数据科技有限公司,1-1.5万/月,西安,3-4年经验,本科,招2人,05-20发布,五险一金|餐饮补贴|绩效奖金|通讯补贴|年终奖金
PhP开发工程师,西安天亦寰宇科技有限公司,0.6-1.5万/月,西安-雁塔区,3-4年经验,大专,招3人,05-20发布,五险一金|绩效奖金|年终奖金|全勤奖|项目奖金|节日福利|带薪年假
移动端H5开发工程师,西安易用视点软件科技有限公司,5-8千/月,西安,2年经验,大专,招3人,05-20发布,周末双休|五险一金|带薪年假|专业培训|全勤奖|节日福利
美工,西安柯华工贸有限公司,3-4.5千/月,西安-雁塔区,2年经验,大专,招1人,05-20发布,
前端开发工程师,云积分科技有限公司,0.8-1.6万/月,西安-雁塔区,2年经验,本科,招3人,05-16发布,五险一金|股票期权|绩效奖金|周末双休
web前端,南京绛门信息科技股份有限公司,0.8-1.5万/月,西安,2年经验,本科,招若干人,05-20发布,五险一金|定期体检|周末双休
高级JAVA开发工程师,邦正科技股份有限公司,0.8-1.2万/月,西安,5-7年经验,本科,招1人,05-20发布,五险一金|员工旅游|定期体检|绩效奖金|周末双休|带薪年假|加班补贴
实习生,西安博达软件股份有限公司,2-4千/月,西安-高新技术产业开发区,无工作经验,本科,招50人,05-20发布,五险一金|员工旅游|弹性工作|通讯补贴|定期体检|专业培训|绩效奖金|交通补贴|免费班车|餐饮补贴
Web前端开发工程师,西安盈达信息科技有限公司,0.6-1.2万/月,西安-雁塔区,3-4年经验,本科,招2人,05-16发布,五险一金|专业培训|年终奖金|周末双休
前端开发工程师,西安绿豆芽信息科技有限公司,0.7-1.4万/月,西安-碑林区,2年经验,本科,招若干人,05-16发布,五险一金|餐饮补贴|通讯补贴|弹性工作|专业培训|绩效奖金|年终奖金|股票期权|员工旅游
前端开发工程师,中创三优（北京）科技有限公司,0.8-1.2万/月,西安-高新技术产业开发区,3-4年经验,本科,招1人,05-17发布,五险一金|餐饮补贴|绩效奖金|周末双休|餐补
Web前端开发工程师,青海宝讯溯源网络科技有限公司,4-6千/月,西宁,3-4年经验,大专,招2人,05-17发布,
Web前端开发工程师,西安华炎信息科技有限公司,0.8-1万/月,西安-高新技术产业开发区,3-4年经验,大专,招2人,05-17发布,五险一金|员工旅游|餐饮补贴|年终奖金|定期体检
Web前端开发工程师,西安富立叶微电子有限责任公司,6-8千/月,西安-高新技术产业开发区,3-4年经验,本科,招1人,05-17发布,五险一金|补充医疗保险|员工旅游|通讯补贴|专业培训|出国机会|绩效奖金|年终奖金
web前端开发工程师,美能国际生物科技（深圳）有限公司,0.8-1.5万/月,西安-高新技术产业开发区,3-4年经验,本科,招1人,05-17发布,年终分红|股票期权|每年多次调薪|绩效奖金|出国游|大牛带队|五险一金
Web前端开发工程师,赛默飞世尔科技（中国）有限公司,1-1.5万/月,上海-浦东新区,2年经验,本科,招若干人,05-16发布,
Web前端开发工程师,陕西优百信息技术有限公司,8-10万/年,西安-高新技术产业开发区,2年经验,大专,招1人,05-17发布,五险一金|补充医疗保险|定期体检|绩效奖金
web高级前端工程师,陕西佳之易网络科技有限公司,1-1.5万/月,西安-高新技术产业开发区,5-7年经验,本科,招1人,05-16发布,周末双休|节日福利|社保|员工旅游|专业培训|年终奖金|补充医疗保险
（某500强企业）移动端HTML5高级工程师,西安瀚特人力资源有限公司,1-1.5万/月,西安-高新技术产业开发区,3-4年经验,本科,招若干人,05-16发布,
3D开发工程师(双休，五险）,西安朗晟电子科技有限公司,0.8-1万/月,西安,1年经验,本科,招3人,05-16发布,五险一金|年终奖金|餐饮补贴|员工旅游|交通补贴|补充医疗保险|节日福利|生日福利
Web前端工程师岗位,西安华炎信息科技有限公司,6-8千/月,济南-历下区,3-4年经验,大专,招若干人,05-17发布,五险一金|员工旅游|餐饮补贴|年终奖金|定期体检
JAVA高级开发工程师,陕西优百信息技术有限公司,1.5-2万/月,西安-高新技术产业开发区,5-7年经验,本科,招1人,05-17发布,五险一金|补充医疗保险|定期体检|绩效奖金
java（界面）开发工程师,西安交大捷普网络科技有限公司,1-1.5万/月,西安-高新技术产业开发区,2年经验,本科,招5人,05-17发布,
HTML5开发工程师,北京联龙博通电子商务技术有限公司,1-1.5万/月,西安-灞桥区,3-4年经验,大专,招若干人,05-17发布,五险一金|专业培训|交通补贴|通讯补贴|弹性工作
Android开发工程师,北京联龙博通电子商务技术有限公司,1-1.5万/月,西安-灞桥区,3-4年经验,大专,招2人,05-17发布,五险一金|专业培训|交通补贴|通讯补贴|弹性工作
Javascript开发工程师,西安诚优网络科技有限责任公司,1.1-1.7万/月,西安-雁塔区,3-4年经验,本科,招1人,05-17发布,五险一金|专业培训|年终奖金|十三薪|员工旅游|定期体检
资深web开发工程师,陕西土豆数据科技有限公司,0.8-1万/月,西安,3-4年经验,本科,招2人,05-20发布,
00182-软件开发工程师,上海京颐科技股份有限公司,0.8-1.5万/月,西安,2年经验,本科,招1人,05-20发布,五险一金|员工旅游|交通补贴|餐饮补贴|通讯补贴|绩效奖金|年终奖金|股票期权|年底双薪|餐补
高级移动设备Web应用工程师,KaiOS凯系通讯科技,1-1.8万/月,西安,无工作经验,本科,招5人,05-20发布,五险一金|交通补贴|餐饮补贴|出国机会|年终奖金|弹性工作|定期体检
移动设备Web应用工程师,KaiOS凯系通讯科技,0.8-1.5万/月,西安,无工作经验,本科,招10人,05-20发布,五险一金|交通补贴|餐饮补贴|出国机会|年终奖金|弹性工作|定期体检
高级测试开发工程师,普元信息技术股份有限公司,0.9-1.3万/月,西安,5-7年经验,本科,招若干人,05-20发布,绩效奖金|弹性工作|周末双休|带薪年假|五险一金|节日福利
初级测试开发工程师,普元信息技术股份有限公司,4.5-6千/月,西安-雁塔区,2年经验,本科,招若干人,05-20发布,绩效奖金|弹性工作|周末双休|带薪年假|五险一金|节日福利
H5高级工程师,西安天亦寰宇科技有限公司,0.6-1.5万/月,西安-雁塔区,3-4年经验,大专,招若干人,05-20发布,五险一金|绩效奖金|年终奖金|全勤奖|项目奖金|节日福利|带薪年假
Java开发,南京绛门信息科技股份有限公司,0.8-1.5万/月,西安,1年经验,本科,招若干人,05-20发布,五险一金|定期体检|周末双休
APP开发实习生/腾讯业务线,陕西摩天黑石教育科技有限公司,3-4.5千/月,西安-碑林区,无工作经验,本科,招3人,05-20发布,
JAVA软件开发工程师,邦正科技股份有限公司,0.6-1万/月,西安-高新技术产业开发区,3-4年经验,本科,招2人,05-20发布,五险一金|绩效奖金|员工旅游|定期体检|专业培训|周末双休|加班补助|带薪年假
APP研发工程师,陕西省君凯电子科技有限公司,0.5-1万/月,西安,3-4年经验,本科,招1人,05-20发布,五险一金|专业培训|交通补贴|餐饮补贴|通讯补贴|绩效奖金
web前端研发工程师(RCM)(J11800),绿盟科技,0.9-1.5万/月,西安-高新技术产业开发区,2年经验,本科,招若干人,05-20发布,五险一金|补充医疗保险|员工旅游|餐饮补贴|专业培训|绩效奖金|年终奖金|弹性工作|定期体检
3D-GIS研发工程师,西安速度时空大数据科技有限公司,1-1.2万/月,西安-雁塔区,3-4年经验,本科,招3人,05-20发布,五险一金|补充医疗保险|专业培训|年终奖金
前端开发工程师,吉立富软件信息有限公司,0.4-1万/月,西安-高新技术产业开发区,1年经验,大专,招若干人,05-20发布,五险一金|员工旅游|餐饮补贴|专业培训|年终奖金
Web开发工程师（西安）(职位编号：ZY),绿盟科技,0.8-1.5万/月,西安,2年经验,本科,招若干人,05-20发布,五险一金|员工旅游|餐饮补贴|通讯补贴|绩效奖金|年终奖金|股票期权|弹性工作|定期体检|补充医疗保险
高级前端开发（移动端方向）,上海科箭软件科技有限公司,0.8-1.2万/月,西安-雁塔区,无工作经验,本科,招1人,05-20发布,五险一金|补充医疗保险|员工旅游|交通补贴|餐饮补贴|通讯补贴|专业培训|绩效奖金|定期体检
Web前端开发工程师(h5方向）,北京先进数通信息技术股份公司,0.8-1万/月,西安-高新技术产业开发区,3-4年经验,大专,招5人,05-20发布,
Web前端开发工程师,上海久耶供应链管理有限公司,6-8千/月,西安-高新技术产业开发区,2年经验,本科,招2人,05-20发布,五险一金|绩效奖金|定期体检|专业培训
Web前端开发工程师,西安新时味网络科技有限公司,5-7千/月,西安-高新技术产业开发区,2年经验,本科,招1人,05-20发布,五险一金|餐饮补贴|出国机会|绩效奖金
前端开发工程师,西安环太科技发展有限公司,0.8-1.5万/月,西安,3-4年经验,大专,招若干人,05-20发布,包吃|包三餐|包住宿
Web前端开发工程师,西安凯达科技有限公司,4.5-6千/月,西安-长安区,2年经验,本科,招1人,05-20发布,五险一金|定期体检|年终奖金
中高级前端开发工程师,翔傲信息科技（上海）有限公司,0.8-1.2万/月,西安-雁塔区,无工作经验,大专,招1人,05-20发布,五险一金|员工旅游|年终奖金|周末双休|7.5时工作制|交通便利|团队氛围佳|热门高价项目|业内标杆企业
Web前端开发工程师,西安寰宇卫星测控与数据应用有限公司,6-8.5千/月,西安-长安区,2年经验,本科,招1人,05-20发布,周末双休|五险一金|绩效奖金|带薪年假|节日福利|通讯补贴|交通补贴|餐饮补贴|员工关怀
Java前端开发工程师,陕西宇阳信息科技有限公司,0.5-1万/月,西安,2年经验,本科,招2人,05-20发布,五险一金|补充医疗保险|员工旅游|绩效奖金|专业培训
web前端开发工程师,郑州信大捷安信息技术股份有限公司,0.6-1.5万/月,西安,3-4年经验,本科,招6人,05-20发布,五险一金|员工旅游|交通补贴|餐饮补贴|通讯补贴|绩效奖金|定期体检
前端开发工程师,格尔软件股份有限公司,0.8-1.1万/月,西安-雁塔区,2年经验,本科,招2人,05-20发布,五险一金|员工旅游|餐饮补贴|专业培训|年终奖金|弹性工作|定期体检
Web前端开发工程师,深圳震有科技股份有限公司,0.8-1.6万/月,西安-高新技术产业开发区,2年经验,本科,招若干人,05-20发布,五险一金|补充医疗保险|员工旅游|绩效奖金|定期体检|弹性工作
前端开发工程师,西安中服软件有限公司,1-1.5万/月,西安,3-4年经验,本科,招若干人,05-20发布,五险一金|补充医疗保险|员工旅游|绩效奖金|年终奖金|定期体检
前端开发工程师,西安比邻卓越人力资源服务有限公司,2.5-5万/月,北京,2年经验,本科,招10人,05-20发布,五险一金|绩效奖金
前端开发工程师（西安）,东方微银科技（北京）有限公司,1-1.5万/月,西安,3-4年经验,本科,招1人,05-20发布,五险一金|餐饮补贴|通讯补贴|定期体检|专业培训|带薪年假|节日福利
软件开发工程师,西安丝路软件有限责任公司,0.7-1.6万/月,西安-高新技术产业开发区,3-4年经验,大专,招5人,05-17发布,五险一金|员工旅游|专业培训|出国机会|绩效奖金|年终奖金|定期体检
软件工程师,西安峻茂信息科技有限公司,4.5-6千/月,西安-雁塔区,2年经验,本科,招5人,05-17发布,五险一金|绩效奖金|餐饮补贴|周末双休|节日福利|全勤奖|带薪年假|朝九晚六
Web前端工程师(职位编号：003),陕西俊采星驰软件有限公司,0.4-1.2万/月,西安-高新技术产业开发区,2年经验,大专,招10人,05-17发布,五险一金|绩效奖金|年终奖金|交通补贴|餐饮补贴|通讯补贴|员工旅游
HTML5开发工程师,上海翰云信息技术有限公司,0.7-1万/月,西安-高新技术产业开发区,3-4年经验,大专,招若干人,05-17发布,五险一金|周末双休|股票期权|年终奖金
WEB开发工程师,厦门市美亚柏科信息股份有限公司,0.8-1.2万/月,西安-高新技术产业开发区,3-4年经验,本科,招6人,05-17发布,五险一金|补充医疗保险|员工旅游|交通补贴|年终奖金|定期体检|弹性工作
嵌入式WebUI工程师,美格智能西安研究所,5-8千/月,西安-高新技术产业开发区,1年经验,大专,招3人,05-17发布,
JAVA工程师+双休+近地铁,西安A索儿童国际启育中心,0.8-1.2万/月,西安-高新技术产业开发区,5-7年经验,本科,招1人,05-18发布,五险一金|交通补贴|专业培训|绩效奖金|定期体检
Java开发工程师,陕西瑞迅电子信息技术有限公司,0.6-1万/月,西安-高新技术产业开发区,3-4年经验,本科,招1人,05-19发布,五险一金|员工旅游|交通补贴|餐饮补贴|通讯补贴|年终奖金
全职-Java前端工程师（西安）(职位编号：07),IBM2019应届生招聘项目,,西安,无工作经验,本科,招若干人,05-19发布,
BI开发工程师,华正云科（北京）信息技术有限公司西安分公司,4.5-8千/月,西安-未央区,无工作经验,大专,招若干人,05-19发布,五险一金|交通补贴|通讯补贴|专业培训|绩效奖金|年终奖金|周末双休|节日福利|出差补贴
Web开发工程师,西安千策电子信息科技有限公司,0.6-1万/月,西安,2年经验,大专,招2人,05-19发布,周末双休|带薪年假|全勤奖|加班补贴|五险
美工 / 软件界面设计优化,上海杏和软件有限公司,1-1.8万/月,西安,3-4年经验,本科,招1人,05-20发布,
前端开发工程师,陕西嘉惠碧海电子科技有限公司,6-8千/月,西安-未央区,无工作经验,大专,招2人,04-28发布,五险一金|员工旅游|绩效奖金|年终奖金|周末双休|高温补助
Web前端开发工程师,杭州鸿泉物联网技术股份有限公司,0.8-1.5万/月,西安-高新技术产业开发区,1年经验,本科,招1人,04-30发布,五险一金|员工旅游|绩效奖金|年终奖金|股票期权|通讯补贴|定期体检
Web前端开发工程师,秦皇岛光广文化传播有限公司,1.8-3万/月,秦皇岛,3-4年经验,大专,招3人,04-28发布,
H5前端开发工程师,陕西壹公关文化传播有限公司,5-8千/月,西安-高新技术产业开发区,3-4年经验,大专,招1人,04-18发布,五险一金|补充医疗保险|员工旅游|餐饮补贴|通讯补贴|年终奖金|弹性工作|交通补贴
WEB前端开发工程师,广州优孚欧智能科技有限公司,0.6-1万/月,西安-高新技术产业开发区,3-4年经验,大专,招1人,04-12发布,五险一金|交通补贴|餐饮补贴|绩效奖金
中级前端开发工程师,三盟科技股份有限公司,0.8-1.2万/月,西安,3-4年经验,本科,招1人,04-14发布,五险一金|年终奖金|绩效奖金|带薪年假|周末双休|节日福利
Web前端开发工程师,西安海邻科信息技术有限公司,8-10万/年,西安-莲湖区,2年经验,本科,招1人,04-18发布,五险一金|通讯补贴|年终奖金|股票期权|定期体检|绩效奖金|专业培训|员工旅游
Web前端开发工程师,西安大麦智能科技有限公司,0.8-1万/月,西安-曲江文化新区,3-4年经验,大专,招5人,04-19发布,五险一金|员工旅游|交通补贴|年终奖金|绩效奖金|专业培训|通讯补贴
Java前端开发工程师,陕西大辉医疗科技有限公司,6-8千/月,西安,2年经验,大专,招2人,04-21发布,五险一金|专业培训|补充医疗保险|定期体检
H5前端开发工程师,东华软件股份公司,,西安,3-4年经验,本科,招10人,05-20发布,
web前端开发工程师,陕西光环网络科技有限公司,3-6千/月,西安-雁塔区,1年经验,本科,招1人,04-22发布,专业培训|绩效奖金|年终奖金|员工旅游|餐饮补贴|通讯补贴
前端开发工程师,西安仁臻网络科技有限公司,0.7-1.5万/月,西安-雁塔区,1年经验,本科,招若干人,05-17发布,
Web前端开发工程师,江苏银丰信息技术有限公司,5-8千/月,西安,1年经验,本科,招1人,05-19发布,五险一金|餐饮补贴|弹性工作|专业培训|年终奖金|绩效奖金|定期体检
图形前端开发工程师(006317)(职位编号：glodon006317),广联达科技股份有限公司,2-4万/月,北京,5-7年经验,本科,招1人,05-20发布,五险一金|补充医疗保险|餐饮补贴|定期体检|绩效奖金
前端开发工程师,上海莫凡信息技术有限公司,5-7千/月,西安,2年经验,本科,招1人,05-20发布,五险一金|餐饮补贴|专业培训|绩效奖金|年终奖金|员工旅游
web前端开发工程师(平台类)(职位编号：uniview001207),浙江宇视科技有限公司,0.6-1.2万/月,陕西省,无工作经验,本科,招8人,05-20发布,五险一金|餐饮补贴|定期体检|绩效奖金|年终奖金|弹性工作|员工旅游|专业培训|通讯补贴
前端开发工程师,西安比邻卓越人力资源服务有限公司,0.6-1.2万/月,西安-未央区,2年经验,本科,招1人,05-20发布,
Web前端开发工程师,西安比邻卓越人力资源服务有限公司,0.8-1.5万/月,西安-未央区,2年经验,本科,招1人,05-20发布,
前端开发工程师,普元信息技术股份有限公司,0.7-1.2万/月,西安,3-4年经验,本科,招2人,05-20发布,五险一金|绩效奖金|通讯补贴|餐饮补贴|定期体检
Web前端开发工程师,西安易流物联科技有限公司,0.8-1.5万/月,西安-高新技术产业开发区,3-4年经验,本科,招3人,05-20发布,五险一金|员工旅游|餐饮补贴|绩效奖金|年终奖金
高级web前端开发工程师,上海大域信息科技有限公司,1-1.5万/月,西安-新城区,5-7年经验,大专,招若干人,05-20发布,五险一金|餐饮补贴|年终奖金|节日福利
Web前端研发工程师,万达信息股份有限公司,1-1.5万/月,西安-高新技术产业开发区,3-4年经验,本科,招若干人,05-10发布,五险一金|绩效奖金|年终奖金|定期体检
Web前端高级开发工程师-西安,大唐软件技术股份有限公司,6-8千/月,西安,2年经验,本科,招2人,05-13发布,五险一金|补充医疗保险|餐饮补贴|交通补贴|定期体检|绩效奖金
前端工程师（质量分析与管理平台）,通力凯顿（北京）系统集成有限公司,0.8-1.5万/月,西安,无工作经验,本科,招2人,05-13发布,五险一金|补充医疗保险|餐饮补贴|专业培训|绩效奖金|定期体检|弹性工作|带薪年假|节日福利
Web开发工程师（西安/清洁能源）,隆基绿能科技股份有限公司,0.8-1万/月,西安-未央区,5-7年经验,本科,招若干人,05-13发布,周末双休|弹性工作|带薪年假|五险一金|包吃|免费班车|绩效奖金|全勤奖|节日福利|交通补贴
.NET开发工程师,陕西理财世界网络传播有限责任公司,0.8-1万/月,西安,无工作经验,大专,招1人,05-13发布,五险一金|专业培训|餐饮补贴
实习生（java技术方向）,西安神州数码有限公司,2-3千/月,西安-高新技术产业开发区,无工作经验,本科,招3人,05-20发布,员工旅游|餐饮补贴|定期体检|弹性工作
高级web前端工程师,安康龙成网络科技有限公司,3-5万/月,上海,2年经验,大专,招3人,05-20发布,免费班车|员工旅游|餐饮补贴|交通补贴|通讯补贴|年终奖金
Java开发工程师,安徽兆尹信息科技股份有限公司,1-1.5万/月,西安-雁塔区,3-4年经验,本科,招11人,05-20发布,五险一金|绩效奖金|通讯补贴|餐饮补贴|定期体检
Java开发工程师,郑州菏怀软件科技有限公司,1.5-2万/月,西安-雁塔区,3-4年经验,本科,招5人,05-20发布,五险一金|弹性工作|交通补贴|年终奖金|绩效奖金
Web开发工程师,陕西斯达防爆安全科技股份有限公司,1-1.5万/月,西安,3-4年经验,本科,招1人,05-20发布,五险一金|免费班车|餐饮补贴|定期体检|项目奖金|车补|油补|通讯补助|周末双休
Windchill/PDM,西安灵秀机电智能系统技术有限公司,0.6-1.5万/月,西安-高新技术产业开发区,1年经验,大专,招10人,05-20发布,绩效奖金|年终奖金|餐饮补贴|通讯补贴|员工旅游|每年多次调薪|周末双休|五险一金|专业培训|交通补贴
网站运营与设计专员实习生 双休五险一金,陕西汉鼎建筑装饰工程有限公司,4-8千/月,西安-碑林区,无工作经验,大专,招2人,05-20发布,
PHP工程师,西安创典全程地产顾问股份有限公司,0.6-1万/月,西安,2年经验,大专,招2人,05-20发布,五险一金|专业培训|绩效奖金|弹性工作|定期体检|员工旅游|交通补贴
Java开发工程师,浙江网新恩普软件有限公司,5-8千/月,西安,2年经验,大专,招2人,05-20发布,五险一金|免费班车|交通补贴|餐饮补贴|通讯补贴|年终奖金|定期体检
H5游戏开发,武汉牧望群网络科技有限公司,1.2-2万/月,武汉,1年经验,大专,招2人,05-20发布,五险一金|补充公积金|餐饮补贴|通讯补贴|出国机会|绩效奖金|年终奖金|弹性工作|交通补贴
web前端工程师（西安工控团队）(J10384),绿盟科技,1-1.8万/月,西安-高新技术产业开发区,3-4年经验,本科,招若干人,05-20发布,五险一金|补充医疗保险|员工旅游|餐饮补贴|专业培训|绩效奖金|年终奖金|弹性工作|定期体检
Java中级开发工程师,陕西西建大聚慧软件科技有限公司,0.6-1.2万/月,西安-碑林区,3-4年经验,本科,招6人,05-18发布,五险一金|补充医疗保险|员工旅游|交通补贴|绩效奖金|专业培训|通讯补贴|餐饮补贴
web前端工程师,陕西处商网络科技有限公司,6-8千/月,西安-未央区,1年经验,本科,招1人,05-20发布,五险一金|绩效奖金|年终奖金|员工旅游|节假日福利
H5前端开发工程师,北京联龙博通电子商务技术有限公司,0.7-1.4万/月,西安-灞桥区,3-4年经验,本科,招3人,05-17发布,五险一金|专业培训|交通补贴|通讯补贴|弹性工作
Web前端,陕西西建大聚慧软件科技有限公司,0.6-1.2万/月,西安-碑林区,3-4年经验,本科,招5人,05-18发布,
3D设计师软件开发（双休，五险）,西安朗晟电子科技有限公司,0.8-1万/月,西安,1年经验,本科,招若干人,05-20发布,五险一金|年终奖金|餐饮补贴|员工旅游|交通补贴|补充医疗保险|节日福利|生日福利
软件开发工程师-web前端,研华（中国）有限公司,0.8-1万/月,西安-高新技术产业开发区,2年经验,本科,招1人,05-20发布,五险一金|补充医疗保险|员工旅游|餐饮补贴|年终奖金|定期体检|年底双薪|节日福利|绩效奖金
Web前端工程师,黑讯互联网科技（苏州）有限公司,6-8千/月,西安-高新技术产业开发区,2年经验,大专,招若干人,05-20发布,
中级JS前端开发工程师,全时云商务服务股份有限公司西安分公司,1-1.5万/月,西安-高新技术产业开发区,2年经验,本科,招2人,03-23发布,
Web前端开发工程师,东方网力科技股份有限公司,1-1.5万/月,西安-高新技术产业开发区,3-4年经验,本科,招2人,04-02发布,五险一金|股票期权|绩效奖金|专业培训|通讯补贴|定期体检|餐饮补贴
Web前端开发工程师,西安优炫软件有限公司,0.6-1.2万/月,西安-高新技术产业开发区,2年经验,本科,招3人,05-20发布,
Web前端开发工程师,西安恒坐标教育科技集团有限公司,1-1.5万/月,西安-雁塔区,3-4年经验,本科,招2人,05-20发布,五险一金|餐饮补贴|专业培训|出国机会|绩效奖金|年终奖金|员工旅游|股票期权
前端开发工程师（西安）,北京思路创新科技有限公司,6-8千/月,西安-雁塔区,1年经验,本科,招1人,05-20发布,五险一金|通讯补贴|年终奖金|定期体检|员工福利|绩效奖金|周末双休
Web前端开发工程师,北京德天博诚科技有限公司,0.8-1.2万/月,西安-雁塔区,5-7年经验,本科,招3人,05-20发布,
前端开发工程师,普元信息技术股份有限公司,1-1.7万/月,西安-高新技术产业开发区,3-4年经验,本科,招1人,05-20发布,
java/.net/web/大数据软件工程师,陕西省商务技术学校,8-10万/年,西安-雁塔区,2年经验,大专,招5人,05-20发布,五险一金|专业培训|免费班车|弹性工作|通讯补贴|餐饮补贴|交通补贴|绩效奖金
前端H5研发工程师-WIFI,西安恪诚电子科技有限公司,1-1.5万/月,西安-雁塔区,3-4年经验,本科,招5人,05-20发布,五险一金|补充医疗保险|员工旅游|餐饮补贴|年终奖金|定期体检
前端工程师,西安彩虹星球农业科技有限公司,0.7-1.4万/月,西安-雁塔区,3-4年经验,大专,招1人,05-20发布,五险一金|专业培训|弹性工作|定期体检
西安  前端开发工程师,杭州州力数据科技有限公司,0.6-1万/月,西安-高新技术产业开发区,2年经验,本科,招若干人,04-30发布,五险一金|餐饮补贴|绩效奖金|年终奖金|定期体检|员工旅游
Web前端开发工程师,西安飞鸟软件科技有限公司,0.5-2万/月,西安-高新技术产业开发区,3-4年经验,大专,招5人,04-23发布,五险一金|交通补贴|餐饮补贴|通讯补贴|年终奖金|员工旅游|出国机会|定期体检
Web前端开发工程师,中通服科信信息技术有限公司,0.5-1.5万/月,西安-高新技术产业开发区,2年经验,大专,招5人,04-26发布,员工旅游|通讯补贴|专业培训|绩效奖金|年终奖金|定期体检|五险一金|补充医疗保险
Web前端开发工程师,吉林省带客通网络科技有限公司,0.6-1.2万/月,西安-曲江文化新区,3-4年经验,本科,招1人,04-24发布,五险一金|员工旅游|绩效奖金|年终奖金|不打卡|免费零食
Web前端开发工程师,西安三好软件技术股份有限公司,4.5-8千/月,西安-碑林区,2年经验,大专,招2人,04-24发布,周末双休|带薪年假|五险|节日福利|专业培训|全勤奖|绩效奖金|通讯补贴|交通补贴|法定假日
软件运维工程师   软件实施工程师,西安力邦制药有限公司,4.5-6千/月,西安,2年经验,本科,招3人,03-24发布,餐饮补贴|交通补贴|通讯补贴|定期体检|社保|绩效奖金|年终奖金
高级JAVA开发工程师,和利时集团--西安和利时,1-1.5万/月,西安,无工作经验,本科,招若干人,05-13发布,五险一金|交通补贴|餐饮补贴|通讯补贴|年终奖金|弹性工作|定期体检
Web开发工程师,三星数据系统（西安）有限公司,0.8-1.3万/月,西安,无工作经验,本科,招10人,05-13发布,
WEB开发岗,陕西长银消费金融有限公司,,西安,3-4年经验,本科,招若干人,05-14发布,做五休二|周末双休|带薪年假|五险一金|节日福利|交通补贴|餐饮补贴|通讯补贴|高温补贴|补充医疗保险
UI前端工程师（周末双休）,西安观云信息科技有限公司,3-4.5千/月,西安-经济技术开发区,无工作经验,本科,招2人,05-20发布,五险一金|补充医疗保险|员工旅游|交通补贴|餐饮补贴|通讯补贴|专业培训|定期体检
前端开发工程师,西安仁臻网络科技有限公司,0.7-1.5万/月,西安-雁塔区,1年经验,本科,招若干人,05-17发布,
Web前端开发工程师,特力惠信息科技股份有限公司,0.8-1.2万/月,西安,3-4年经验,本科,招2人,05-17发布,周末双休|五险一金|高温补贴|补充医疗保险|定期体检|年终奖金|节日福利|带薪年假
前端开发工程师,百度西北营销服务中心,4-7千/月,西安,无工作经验,大专,招3人,05-17发布,带薪年假|全勤奖|五险一金|高温补贴|节日福利|绩效奖金|专业培训|员工旅游|年终奖金|团建活动
WEB前端开发工程师(002091)(职位编号：002091),东方网力科技股份有限公司,1-1.5万/月,西安-雁塔区,3-4年经验,本科,招若干人,05-17发布,
H5 前端开发/游戏前端开发（egret白鹭）(职位编号：002),陕西汇立网络科技有限公司,0.4-1万/月,西安-高新技术产业开发区,2年经验,大专,招5人,04-08发布,
Web前端开发工程师,太原易思软件技术有限公司,6-8千/月,西安-高新技术产业开发区,5-7年经验,本科,招1人,05-05发布,
Web前端开发工程师,江苏银丰信息技术有限公司,0.8-1.1万/月,西安,3-4年经验,本科,招1人,05-20发布,五险一金|员工旅游|股票期权|年终奖金|专业培训|餐饮补贴|弹性工作
Web前端开发工程师,西安东泰软件信息科技有限公司,4.5-6千/月,西安,2年经验,大专,招2人,05-04发布,员工旅游|绩效奖金|年终奖金
前端开发工程师,中电长城网际系统应用有限公司,0.7-1.4万/月,西安-未央区,2年经验,本科,招2人,05-05发布,五险一金|免费班车|交通补贴|餐饮补贴|定期体检|绩效奖金
前端开发工程师,陕西万尚星软件科技有限公司,0.8-1.2万/月,西安-碑林区,3-4年经验,大专,招1人,05-05发布,餐饮补贴|弹性工作|交通补贴|周末双休|五险
前端开发工程师（HTML5）,西安比尔电子科技有限公司,4-6千/月,西安-雁塔区,3-4年经验,大专,招2人,05-06发布,绩效奖金|周末双休|年终奖金|五险一金|员工旅游|交通补贴|餐饮补贴|通讯补贴|出国机会
前端开发主管（西安）,杭州数云信息技术有限公司西安分公司,2.5-3.5万/月,西安-高新技术产业开发区,5-7年经验,本科,招1人,04-28发布,
高级JAVA开发工程师(职位编号：04),黑龙江立高科技股份有限公司西安研发分公司,0.9-1.4万/月,西安,无工作经验,本科,招3人,03-25发布,五险一金|餐饮补贴|专业培训|员工旅游|绩效奖金|定期体检
Web前端工程师-西安-19102,优信集团,8-9.9千/月,西安-灞桥区,3-4年经验,本科,招1人,05-14发布,五险一金|绩效奖金|带薪年假|交通补贴|专业培训|节日福利|补充医疗保险|通讯补贴|定期体检
前端开发技术经理,北京宜选科技股份公司,1.5-2万/月,西安,5-7年经验,本科,招若干人,05-06发布,五险一金|餐饮补贴|周末双休|年底双薪|带薪年假|下午茶|交通补贴|专业培训|绩效奖金|年终奖金
前端开发工程师,西安泰晟信息科技有限公司,0.8-1.5万/月,西安-高新技术产业开发区,3-4年经验,本科,招4人,05-08发布,五险一金|绩效奖金|弹性工作|年终奖金
高级前端开发工程师,西安枢纽教育科技有限公司,0.7-1.2万/月,西安-雁塔区,无工作经验,本科,招2人,05-09发布,五险一金|员工旅游|专业培训|弹性工作|年终奖金|绩效奖金|股票期权
Web前端开发工程师（高级）,西安景兆信息科技有限公司,1-2万/月,西安-高新技术产业开发区,5-7年经验,大专,招5人,05-09发布,绩效奖金|五险一金|补充医疗保险|弹性工作
Web前端开发工程师(职位编号：xa001),上海千穆计算机技术有限公司,0.4-1万/月,西安-雁塔区,1年经验,大专,招若干人,05-09发布,五险一金|员工旅游|交通补贴|餐饮补贴|年终奖金|绩效奖金|弹性工作
Web前端开发(vue方向）,陕西智华信科技有限公司,0.6-1万/月,西安,1年经验,本科,招4人,05-10发布,五险一金|绩效奖金|年终奖金|免费班车|员工旅游
前端开发工程师,上海米赋网络科技有限公司,0.6-1.2万/月,西安-雁塔区,3-4年经验,本科,招1人,05-12发布,五险一金|员工旅游|专业培训|年终奖金|弹性工作|定期体检
前端开发工程师,西安巴斯光年软件科技有限公司,0.6-1万/月,西安-雁塔区,无工作经验,本科,招1人,05-13发布,周末双休|带薪年假|五险一金|绩效奖金|节日福利
Java前端开发工程师,西安点通软件信息技术有限公司,5-8千/月,西安-高新技术产业开发区,无工作经验,本科,招2人,05-13发布,五险一金|专业培训|年终奖金|弹性工作|绩效奖金|员工旅游
前端开发工程师,中科星图股份有限公司,0.8-1.5万/月,西安-国家民用航天产业基地,3-4年经验,本科,招2人,05-13发布,
web前端开发工程师,西安捷众软件科技有限公司,3-7千/月,西安,3-4年经验,大专,招10人,05-13发布,
web前端开发工程师,中科软科技股份有限公司,0.5-1万/月,西安-未央区,2年经验,本科,招5人,05-13发布,五险一金|专业培训|餐饮补贴|年终奖金|定期体检
WEB前端开发,北京博导前程信息技术股份有限公司,5-8千/月,西安-高新技术产业开发区,3-4年经验,本科,招1人,05-13发布,五险一金|周末双休|绩效奖金|加班补贴|通讯补贴|带薪年假|定期体检|节假日福利
Web前端开发工程师,新智认知数据服务有限公司,1-1.8万/月,西安-莲湖区,5-7年经验,本科,招2人,05-14发布,
Web前端开发工程师,西安九索数据技术股份有限公司,0.7-1.2万/月,西安-高新技术产业开发区,5-7年经验,本科,招3人,05-14发布,五险一金|餐饮补贴|绩效奖金|年终奖金|股票期权|定期体检
Web前端开发工程师,陕西国驿软件科技有限公司,4.5-6千/月,西安-曲江文化新区,3-4年经验,本科,招10人,05-13发布,五险一金|补充公积金|员工旅游|交通补贴|餐饮补贴|通讯补贴|专业培训|出国机会|绩效奖金|年终奖金
VUE前端开发岗,酷渲（北京）科技有限公司,1-1.5万/月,西安-高新技术产业开发区,3-4年经验,本科,招3人,05-14发布,五险一金|交通补贴|通讯补贴|员工旅游|定期体检
前端开发工程师,天天充电,0.6-1万/月,西安-高新技术产业开发区,3-4年经验,大专,招1人,05-14发布,五险一金|高温补贴|节日福利|专业培训|绩效奖金
web前端开发工程师,西安财服软件开发有限责任公司,4.5-6千/月,西安-雁塔区,2年经验,大专,招若干人,05-14发布,
高级WEB前端开发工程师,深圳市中电电力技术股份有限公司,0.8-1.6万/月,西安-高新技术产业开发区,1年经验,本科,招若干人,05-14发布,五险一金|绩效奖金|年终奖金|弹性工作|定期体检
（西安）前端开发工程师,中国电子科技集团公司第十五研究所（华北计算技术研究所）,0.6-1.2万/月,西安-高新技术产业开发区,2年经验,本科,招若干人,05-14发布,五险一金|员工旅游|绩效奖金|年终奖金|交通补贴|餐饮补贴|定期体检|高温补贴|通讯补贴|带薪年假
JS工程师,东方网力科技股份有限公司,1-2万/月,西安-高新技术产业开发区,3-4年经验,本科,招10人,04-02发布,五险一金|员工旅游|餐饮补贴|通讯补贴|股票期权|定期体检|专业培训|绩效奖金|年终奖金
软件开发工程师,研华（中国）有限公司,6-8千/月,西安-高新技术产业开发区,2年经验,本科,招2人,04-08发布,五险一金|补充医疗保险|员工旅游|餐饮补贴|年终奖金|定期体检|年底双薪|节日福利
Web前端开发工程师,武汉鑫瑞鼎汇软件技术服务有限公司,0.8-1万/月,西安-高新技术产业开发区,2年经验,大专,招2人,05-15发布,五险一金|弹性工作
Web前端开发工程师（中高级),上海思伟软件有限公司,5-9千/月,西安-雁塔区,1年经验,本科,招2人,05-15发布,五险一金|员工旅游|专业培训|年终奖金|弹性工作|定期体检|绩效奖金|补充医疗保险
软件工程师,陕西捷康电子科技有限公司,0.6-1.2万/月,西安-高新技术产业开发区,1年经验,大专,招3人,04-09发布,五险一金|弹性工作|年终奖金
A313-1网站策划,西安卓睿信息技术有限公司,4.5-6千/月,西安,无工作经验,大专,招5人,04-10发布,五险一金|补充医疗保险|补充公积金|免费班车|员工旅游|交通补贴|绩效奖金
A32-1多媒体/游戏开发工程师,西安卓睿信息技术有限公司,4.5-6千/月,西安,无工作经验,大专,招5人,04-10发布,五险一金|补充医疗保险|补充公积金|免费班车|员工旅游|交通补贴|绩效奖金
网站运营专员实习生,西安卓睿信息技术有限公司,4.5-6千/月,西安,无工作经验,大专,招6人,04-10发布,五险一金|补充医疗保险|补充公积金|员工旅游|餐饮补贴|通讯补贴|专业培训|绩效奖金|年终奖金|定期体检
遥感-GIS开发工程师(职位编号：04100007),中煤航测遥感集团有限公司,0.6-1.2万/月,西安-长安区,3-4年经验,硕士,招若干人,04-14发布,五险一金|交通补贴|餐饮补贴|定期体检|年休假|通讯补贴|专业培训|绩效奖金|年终奖金
前端与移动开发   讲师(J11079),传智播客教育集团西安分校,1.5-1.7万/月,西安,1年经验,大专,招1人,04-15发布,五险一金|补充医疗保险|补充公积金|员工旅游|交通补贴|餐饮补贴|绩效奖金|定期体检|年终奖金|通讯补贴
A34-1网站运营专员,西安卓睿信息技术有限公司,4.5-6千/月,西安,无工作经验,大专,招5人,04-10发布,五险一金|补充医疗保险|补充公积金|免费班车|员工旅游|交通补贴|绩效奖金
前端开发工程师,陕西德通信息科技有限公司,3-4.5千/月,西安-高新技术产业开发区,3-4年经验,本科,招1人,05-15发布,五险一金|员工旅游|交通补贴|餐饮补贴|通讯补贴|定期体检|周末双休|国家法定休
高级软件研发工程师（LIS方向）,上海岛昌医学科技股份有限公司,1.5-1.6万/月,西安,2年经验,本科,招1人,04-26发布,五险一金|专业培训|绩效奖金|年终奖金
前端工程师(职位编号：TAIJI000746),太极计算机股份有限公司,0.7-1.3万/月,西安-雁塔区,2年经验,本科,招2人,05-05发布,五险一金|补充医疗保险|绩效奖金|交通补贴|餐饮补贴|弹性工作|定期体检|14薪
Java开发工程师,陕西万尚星软件科技有限公司,5-8千/月,西安-碑林区,2年经验,大专,招若干人,05-05发布,餐饮补贴|弹性工作|周末双休|带薪年假
高级开发工程师,陕西嘉惠碧海电子科技有限公司,0.8-2万/月,西安-未央区,3-4年经验,本科,招3人,05-05发布,五险一金|员工旅游|交通补贴|绩效奖金|年终奖金|高温补贴|年底双薪|节日福利
Web前端开发工程师(职位编号：01),西安图迹信息科技有限公司,0.8-1万/月,西安-高新技术产业开发区,3-4年经验,大专,招2人,05-20发布,五险一金|补充医疗保险|补充公积金|员工旅游|专业培训|绩效奖金|年终奖金|定期体检|周末双休
前端工程师-AIA项目,中软国际科技服务有限公司,1-1.8万/月,西安-雁塔区,5-7年经验,本科,招5人,05-05发布,五险一金|免费班车|绩效奖金|年终奖金|弹性工作|定期体检|员工旅游
MES应用软件开发工程师,和利时集团--西安和利时,0.9-1.5万/月,西安,3-4年经验,本科,招1人,05-06发布,五险一金|交通补贴|餐饮补贴|通讯补贴|年终奖金|定期体检
Web前端开发工程师,广州新华时代数据系统有限公司,0.7-1万/月,西安,2年经验,本科,招3人,05-20发布,五险一金|补充医疗保险|员工旅游|通讯补贴|年终奖金|弹性工作|专业培训
Web 前端开发工程师,易谷网络科技股份有限公司,0.6-1.2万/月,西安,无工作经验,本科,招若干人,05-20发布,五险一金|员工旅游|交通补贴|餐饮补贴|通讯补贴|专业培训|绩效奖金|年终奖金|定期体检
Web前端开发工程师,北京倍胜智能科技有限公司,0.7-1.5万/月,西安-高新技术产业开发区,3-4年经验,本科,招1人,05-20发布,五险一金|补充医疗保险|员工旅游|交通补贴|餐饮补贴|通讯补贴|绩效奖金|年终奖金|股票期权|弹性工作
Web前端开发工程师,东方通信股份有限公司,5-8千/月,西安,2年经验,本科,招2人,05-20发布,
Web前端开发工程师,西安银信博锐信息科技有限公司,6-8千/月,西安,2年经验,本科,招4人,05-20发布,五险一金|带薪年假|做五休二|节日福利|通讯补贴|专业培训|交通补贴
Web前端开发工程师,北京倍胜智能科技有限公司,0.6-1.5万/月,西安-高新技术产业开发区,3-4年经验,本科,招2人,05-20发布,五险一金|餐饮补贴|通讯补贴|年终奖金|定期体检|做五休二|周末双休|带薪年假|住房补贴|包住宿
前端开发工程师(职位编号：002),西安速度时空大数据科技有限公司,0.8-1.2万/月,西安-雁塔区,2年经验,本科,招5人,05-20发布,
Web前端开发工程师,西安三图信息技术有限公司,6-8千/月,西安,2年经验,本科,招3人,05-20发布,五险一金|员工旅游|年终奖金|绩效奖金|弹性工作
web前端开发工程师,陕西迪博佰通教育科技有限公司,4.5-6千/月,西安-雁塔区,1年经验,大专,招2人,05-20发布,五险一金|员工旅游|通讯补贴|弹性工作|绩效奖金|年终奖金
Web前端开发,西安拓瑞网络信息技术有限公司,4.5-6千/月,西安-莲湖区,1年经验,大专,招2人,05-20发布,五险一金|绩效奖金|周末双休|带薪年假|通讯补贴|交通补贴|专业培训
WEB前端开发工程师(算法类)(职位编号：uniview002291),浙江宇视科技有限公司,0.8-1.5万/月,西安-长安区,1年经验,本科,招若干人,05-20发布,五险一金|餐饮补贴|定期体检|绩效奖金|年终奖金|弹性工作|员工旅游|专业培训|通讯补贴
web前端开发实习生/汇丰业务线,陕西摩天黑石教育科技有限公司,3-4.5千/月,西安-碑林区,无工作经验,大专,招3人,05-20发布,
Web前端开发工程师,康德曼（北京）互联网技术有限公司,0.6-1.2万/月,西安-雁塔区,2年经验,大专,招若干人,05-20发布,绩效奖金|五险一金|做五休二|朝九晚六|弹性工作
前端开发工程师,上海德拓信息技术股份有限公司,0.9-1.5万/月,西安,无工作经验,本科,招若干人,05-20发布,五险一金|定期体检|员工旅游|通讯补贴
高级前端开发工程师,重庆睿景信息技术有限公司,0.9-1.5万/月,重庆-九龙坡区,3-4年经验,本科,招若干人,05-20发布,五险一金|员工旅游|交通补贴|餐饮补贴
