产品经理,新华人寿保险股份有限公司西安市长安路支公司,1-1.5万/月,西安,3-4年经验,高中,招若干人,05-20发布,
智能监控产品经理(J11510),广东坚朗五金制品股份有限公司,1-1.5万/月,西安-长安区,2年经验,大专,招2人,05-20发布,专业培训|节日福利|餐饮补贴|绩效奖金|带薪年假|包住宿|五险一金|高温补贴|加班补贴|住房补贴
产品经理,陕西图灵教育科技有限公司,10-15万/年,西安,3-4年经验,本科,招1人,05-20发布,
互联网产品经理,重庆睿景信息技术有限公司,0.8-1.5万/月,重庆-九龙坡区,2年经验,本科,招2人,05-20发布,五险一金|员工旅游|交通补贴|餐饮补贴
产品经理,西安米旗食品有限公司,4-6千/月,西安-经济技术开发区,2年经验,本科,招1人,05-20发布,免费班车|员工旅游|绩效奖金|年终奖金|专业培训|餐饮补贴
学术推广（产品经理）,陕西方舟制药有限公司,4-5千/月,西安,无工作经验,本科,招1人,05-20发布,五险一金|周末双休|绩效奖金|定期体检|餐饮补贴
银行大堂产品经理,陕西大明五洲科技有限公司,3-6千/月,西安-雁塔区,无工作经验,中专,招10人,05-20发布,绩效奖金|专业培训|社保
高级保险产品经理,新华人寿保险股份有限公司西安市未央支公司,1-3万/月,西安-未央区,无工作经验,大专,招若干人,05-20发布,补充医疗保险|员工旅游|专业培训|绩效奖金|年终奖金|弹性工作|定期体检
产品经理,广州优孚欧智能科技有限公司,6-8千/月,西安-高新技术产业开发区,2年经验,本科,招2人,05-20发布,五险一金|餐饮补贴|弹性工作|交通补贴|绩效奖金
互联网产品经理,弘毅优安不动产,6-8千/月,西安-高新技术产业开发区,2年经验,本科,招1人,05-20发布,专业培训|节日福利|生日福利|带薪年假|高温补贴|不加班|定期团建|创业公司|绩效奖金|大牛带队
高级产品经理,云积分科技有限公司,0.8-1.5万/月,西安-雁塔区,2年经验,本科,招1人,05-20发布,五险一金|股票期权|绩效奖金|周末双休
产品经理-存储行业,西安奥卡云数据科技有限公司,1.5-2万/月,西安-西咸新区,5-7年经验,本科,招1人,05-20发布,
Android开发工程师,西安神交科技有限公司,2-5万/月,西安-曲江文化新区,3-4年经验,本科,招2人,04-03发布,带薪年假|五险一金|绩效奖金|节日福利|专业培训
投资/理财服务 双休每天2小时中国平安,中国平安人寿保险股份有限公司陕西分公司,1-1.5万/月,西安-未央区,3-4年经验,大专,招3人,05-14发布,周末双休|补充医疗保险|补充公积金|员工旅游|出国机会|专业培训|弹性工作|年终奖金|绩效奖金
双休+客户专员 储备干部,中国平安人寿保险股份有限公司陕西分公司,0.8-1万/月,西安-未央区,2年经验,大专,招7人,05-14发布,补充医疗保险|补充公积金|员工旅游|出国机会|专业培训|弹性工作|年终奖金|绩效奖金
个险营销部主管(职位编号：035),中国平安人寿保险股份有限公司陕西分公司,6-8千/月,西安-未央区,3-4年经验,大专,招8人,05-14发布,补充医疗保险|补充公积金|员工旅游|出国机会|专业培训|弹性工作|年终奖金|绩效奖金
理财经理(职位编号：029),中国平安人寿保险股份有限公司陕西分公司,0.8-1万/月,西安-未央区,2年经验,大专,招6人,05-14发布,补充医疗保险|补充公积金|员工旅游|出国机会|专业培训|弹性工作|年终奖金|绩效奖金
综合金融客户经理(职位编号：015),中国平安人寿保险股份有限公司陕西分公司,0.8-1万/月,西安-未央区,2年经验,大专,招6人,05-14发布,补充医疗保险|补充公积金|员工旅游|出国机会|专业培训|弹性工作|年终奖金|绩效奖金
综合金融经理/销售主管,中国平安人寿保险股份有限公司陕西分公司,0.8-1万/月,西安-未央区,3-4年经验,大专,招8人,05-14发布,补充医疗保险|补充公积金|员工旅游|出国机会|专业培训|弹性工作|年终奖金|绩效奖金
理财经理,中国平安人寿保险股份有限公司陕西分公司,6-8千/月,西安-未央区,3-4年经验,大专,招6人,05-14发布,补充医疗保险|绩效奖金|年终奖金|弹性工作|专业培训|出国机会|补充公积金|员工旅游
客户经理 +月薪过万,中国平安人寿保险股份有限公司陕西分公司,0.8-1万/月,西安-未央区,3-4年经验,大专,招8人,05-14发布,补充医疗保险|补充公积金|员工旅游|出国机会|专业培训|弹性工作|年终奖金|绩效奖金
综合金融经理 (银行 保险 证券 贷款 房产 汽车金融),中国平安人寿保险股份有限公司陕西分公司,0.8-1万/月,西安-未央区,3-4年经验,大专,招8人,05-14发布,周末双休|弹性工作|专业培训|节日福利|全勤奖|绩效奖金
综合金融客户经理，保险，银行，投资,中国平安人寿保险股份有限公司陕西分公司,0.8-1万/月,西安-未央区,3-4年经验,大专,招10人,05-14发布,补充医疗保险|补充公积金|员工旅游|出国机会|专业培训|弹性工作|年终奖金|绩效奖金
高级理财规划师（重点培养）,中国平安人寿保险股份有限公司陕西分公司,1.5-2万/月,西安-未央区,3-4年经验,大专,招3人,05-07发布,补充医疗保险|补充公积金|员工旅游|专业培训|出国机会|绩效奖金|年终奖金|弹性工作|定期体检
鹏程综合业务主管（双休 ）(职位编号：034),中国平安人寿保险股份有限公司陕西分公司,0.8-1万/月,西安-未央区,3-4年经验,大专,招8人,05-14发布,补充医疗保险|补充公积金|员工旅游|出国机会|专业培训|弹性工作|年终奖金|绩效奖金
理财规划 世界500强寿险顾问,中国平安人寿保险股份有限公司陕西分公司,0.8-1万/月,西安-未央区,3-4年经验,大专,招10人,05-14发布,补充医疗保险|补充公积金|员工旅游|出国机会|专业培训|弹性工作|年终奖金|绩效奖金
优才培养计划/金融保险业务主任,中国平安人寿保险股份有限公司陕西分公司,0.8-1万/月,西安-未央区,无工作经验,大专,招5人,04-20发布,
诚聘实习生+五险+双休可签3方,中国平安人寿保险股份有限公司陕西分公司,6-8千/月,西安-未央区,无工作经验,高中,招5人,04-20发布,
中国平安西北总部直招19届实习生,中国平安人寿保险股份有限公司陕西分公司,6-8千/月,西安-未央区,无工作经验,高中,招5人,04-20发布,
金融销售代表,中国平安人寿保险股份有限公司陕西分公司,6-8千/月,西安-未央区,无工作经验,高中,招5人,04-20发布,
储备经理人,中国平安人寿保险股份有限公司陕西分公司,1-1.5万/月,西安-未央区,3-4年经验,本科,招3人,04-20发布,
500强企业金融客户经理,中国平安人寿保险股份有限公司陕西分公司,0.8-1万/月,西安-未央区,无工作经验,大专,招5人,04-20发布,
销售代表（底薪+绩效）,中国平安人寿保险股份有限公司陕西分公司,6-8千/月,西安-未央区,无工作经验,大专,招5人,04-20发布,
金融+保险销售代表,中国平安人寿保险股份有限公司陕西分公司,0.8-1万/月,西安-未央区,无工作经验,大专,招5人,04-20发布,
平安综合金融客户,中国平安人寿保险股份有限公司陕西分公司,6-8千/月,西安-未央区,无工作经验,大专,招5人,04-20发布,
综合金融客户经理,中国平安人寿保险股份有限公司陕西分公司,0.8-1万/月,西安-未央区,无工作经验,大专,招5人,04-20发布,
中国平安集团高薪诚聘销售总监,中国平安人寿保险股份有限公司陕西分公司,0.8-1万/月,西安-未央区,无工作经验,大专,招5人,04-20发布,
平安30年鹏程新三秦 一年做主管,中国平安人寿保险股份有限公司陕西分公司,0.8-1万/月,西安-未央区,无工作经验,大专,招5人,04-20发布,
中国平安管培生 储备主管,中国平安人寿保险股份有限公司陕西分公司,6-8千/月,西安-未央区,无工作经验,大专,招5人,04-20发布,
公司大量招聘平安银行备用金分期专员,中国平安人寿保险股份有限公司陕西分公司,0.8-1万/月,西安-未央区,无工作经验,高中,招10人,04-20发布,
中国平安诚聘销售精英 底薪+提成,中国平安人寿保险股份有限公司陕西分公司,0.8-1万/月,西安-未央区,无工作经验,大专,招15人,04-20发布,
优才销售主管I平安综合金融,中国平安人寿保险股份有限公司陕西分公司,1-1.5万/月,西安-未央区,无工作经验,大专,招5人,04-20发布,
综合金融客户经理,中国平安人寿保险股份有限公司陕西分公司,6-8千/月,西安-未央区,无工作经验,大专,招5人,04-12发布,
金融投资顾问,中国平安人寿保险股份有限公司陕西分公司,0.8-1万/月,西安-未央区,无工作经验,大专,招5人,04-12发布,
金融销售精英,中国平安人寿保险股份有限公司陕西分公司,0.8-1万/月,西安-未央区,无工作经验,大专,招若干人,04-12发布,
金融团队储备主管,中国平安人寿保险股份有限公司陕西分公司,1-1.5万/月,西安-未央区,3-4年经验,大专,招5人,05-07发布,补充医疗保险|补充公积金|员工旅游|专业培训|出国机会|绩效奖金|年终奖金|弹性工作|定期体检
高薪诚聘高级理财规划师,中国平安人寿保险股份有限公司陕西分公司,1-1.5万/月,西安-未央区,3-4年经验,大专,招5人,05-07发布,补充医疗保险|补充公积金|员工旅游|专业培训|出国机会|绩效奖金|年终奖金|弹性工作|定期体检
中国平安产品服务经理,中国平安人寿保险股份有限公司陕西分公司,1-1.5万/月,西安-未央区,3-4年经验,大专,招5人,05-07发布,补充医疗保险|补充公积金|员工旅游|专业培训|出国机会|绩效奖金|年终奖金|弹性工作|定期体检
2018中国平安优才计划储备干部,中国平安人寿保险股份有限公司陕西分公司,1-1.5万/月,西安-未央区,3-4年经验,大专,招5人,05-07发布,补充医疗保险|补充公积金|员工旅游|专业培训|出国机会|绩效奖金|年终奖金|弹性工作|定期体检
数据分析师5-8K-带薪年假-五险,西安壬林商务信息咨询有限公司,5-8千/月,西安-雁塔区,无工作经验,大专,招5人,05-19发布,五险一金|员工旅游|周末双休|不加班|早九晚五|带薪年假|节假日福利|专业培训|晋升空间大|临近地铁口
售前工程师（西安）(职位编号：uniview002199),浙江宇视科技有限公司,0.8-1万/月,西安-长安区,2年经验,本科,招若干人,05-20发布,五险一金|交通补贴|通讯补贴|绩效奖金|年终奖金|定期体检
材料产品经理（西安分公司）,陕西煤业化工技术研究院有限责任公司,0.8-1万/月,西安-长安区,5-7年经验,本科,招若干人,04-01发布,五险一金|带薪年假|高温补贴|交通补贴|餐饮补贴|通讯补贴|绩效奖金|年终奖金|定期体检
高级首席存储软件架构师,次元境界科技（北京）有限公司,40-50万/年,西安,10年以上经验,本科,招1人,05-20发布,
综合金融实习生,中国人寿保险股份有限公司西安市新城支公司,3.8-7千/月,西安-新城区,无工作经验,大专,招4人,05-20发布,专业培训|周末双休|弹性工作|全勤奖|绩效奖金|通讯补贴|补充医疗保险|做五休二|节日福利|员工旅游
综合金融经理（可***实习高薪）,中国人寿保险股份有限公司西安市新城支公司,3.8-7千/月,西安-新城区,无工作经验,大专,招3人,05-20发布,专业培训|周末双休|弹性工作|全勤奖|绩效奖金|通讯补贴|补充医疗保险|做五休二|节日福利|员工旅游
综合金融客户经理 可实习高薪,中国人寿保险股份有限公司西安市新城支公司,3.8-6千/月,西安-新城区,无工作经验,大专,招3人,05-20发布,专业培训|周末双休|弹性工作|全勤奖|绩效奖金|通讯补贴|补充医疗保险|做五休二|节日福利|员工旅游
综合金融服务专员 可实习,中国人寿保险股份有限公司西安市新城支公司,3.8-7.2千/月,西安-新城区,无工作经验,大专,招3人,05-20发布,专业培训|周末双休|弹性工作|全勤奖|绩效奖金|通讯补贴|补充医疗保险|做五休二|节日福利|员工旅游
财富管理中心高级客户经理,西部信托有限公司,,西安,5-7年经验,硕士,招2人,05-20发布,五险一金|绩效奖金|年终奖金
中国平安 综合金融部 实习生 朝九晚六 周末双休(职位编号：2),中国平安人寿保险股份有限公司西安电话销售中心,1-1.5万/月,西安-雁塔区,无工作经验,大专,招6人,05-20发布,五险一金|定期体检|绩效奖金|员工旅游|补充医疗保险|降温取暖|周末双休|发展自由
周边游产品专员(职位编号：2),陕西联联科技有限公司,0.6-1万/月,西安-高新技术产业开发区,1年经验,大专,招10人,05-20发布,五险一金|员工旅游|绩效奖金|年终奖金|通讯补贴|交通补贴|专业培训
品牌产品经理,陕西昱鑫科技发展有限责任公司,4-6千/月,西安,2年经验,大专,招1人,04-02发布,五险一金|专业培训|餐饮补贴|通讯补贴|绩效奖金|节日福利
软件产品经理(职位编号：004),研华（中国）有限公司,0.8-1.2万/月,西安-高新技术产业开发区,3-4年经验,本科,招1人,04-08发布,五险一金|补充医疗保险|员工旅游|餐饮补贴|年终奖金|定期体检|年底双薪|节日福利
综合金融产品经理,中国人寿保险股份有限公司西安市新城支公司,3-6千/月,西安-新城区,无工作经验,大专,招10人,04-10发布,员工旅游|绩效奖金|专业培训|做五休二|年终奖金|全勤奖|带薪培训|弹性工作|补充医疗保险|定期体检
金融管培生（中国人寿）,中国人寿保险股份有限公司西安市新城支公司,0.4-1万/月,西安-新城区,无工作经验,大专,招5人,05-20发布,补充医疗保险|员工旅游|出国机会|定期体检|弹性工作|绩效奖金|专业培训|年终奖金|补充养老保险
金融客户经理,中国人寿保险股份有限公司西安分公司经济技术开发区营销服务部,6-8千/月,西安-未央区,无工作经验,中专,招10人,05-20发布,
中国人寿首批综合金融经理,中国人寿保险股份有限公司西安市新城支公司,6-8千/月,西安-新城区,无工作经验,大专,招2人,05-20发布,弹性工作|绩效奖金|全勤奖|节日福利|专业培训|补充医疗保险|补充养老保险|做五休二
中国平安西北总部客户经理 双休 6-8千/月,西安德塔电子科技有限公司,6-8千/月,西安-雁塔区,无工作经验,大专,招15人,05-20发布,五险一金|周末双休|免费班车|补充医疗保险|员工旅游|绩效奖金|专业培训|定期体检|年终奖金|弹性工作
金融储备干部(央企直招),中国人寿保险股份有限公司西安市新城支公司,10-15万/年,西安-新城区,无工作经验,大专,招5人,05-20发布,
金融销售代表,中国平安人寿保险股份有限公司陕西分公司,0.8-1万/月,西安-雁塔区,无工作经验,本科,招20人,05-20发布,
销售经理,西安奥卡云数据科技有限公司,1.5-2万/月,西安-西咸新区,5-7年经验,本科,招1人,05-20发布,
销售经理,西安奥卡云数据科技有限公司,1.5-2万/月,西安-西咸新区,5-7年经验,本科,招1人,05-20发布,
高级存储测试工程师,西安奥卡云数据科技有限公司,2-2.5万/月,西安-西咸新区,8-9年经验,本科,招4人,05-20发布,
渠道销售专员,咸阳三源新科设备工程有限公司,0.8-1万/月,西安-雁塔区,2年经验,高中,招2人,05-20发布,交通补贴|餐饮补贴|通讯补贴|绩效奖金|年终奖金|弹性工作|五险一金|带薪年假|全勤奖
UI设计师,陕西省君凯电子科技有限公司,6-9千/月,西安,2年经验,大专,招2人,05-20发布,五险一金|专业培训|交通补贴|餐饮补贴|通讯补贴|绩效奖金
APP研发工程师,陕西省君凯电子科技有限公司,0.5-1万/月,西安,3-4年经验,本科,招1人,05-20发布,五险一金|专业培训|交通补贴|餐饮补贴|通讯补贴|绩效奖金
金融客户经理,中国平安人寿保险股份有限公司陕西分公司,1-1.5万/月,西安-未央区,2年经验,大专,招10人,05-20发布,
综合金融业务主管,中国平安人寿保险股份有限公司陕西分公司,1-1.5万/月,西安-未央区,2年经验,大专,招5人,05-20发布,
综合金融业务经理,中国平安人寿保险股份有限公司陕西分公司,1-1.5万/月,西安-未央区,3-4年经验,大专,招5人,05-20发布,
中国平安综合金融客户经理,西安德塔电子科技有限公司,0.8-1万/月,西安-雁塔区,无工作经验,大专,招15人,05-19发布,五险一金|周末双休|免费班车|补充医疗保险|员工旅游|绩效奖金|专业培训|定期体检|年终奖金|弹性工作
金融客户经理(职位编号：1),中国平安人寿保险股份有限公司陕西分公司,4.5-6千/月,西安-雁塔区,无工作经验,大专,招3人,05-19发布,五险一金|补充医疗保险|补充公积金|专业培训|员工旅游|定期体检
金融文员,中国平安人寿保险股份有限公司陕西分公司,4.5-6千/月,西安-雁塔区,无工作经验,大专,招5人,05-19发布,五险一金|补充医疗保险|补充公积金|专业培训|员工旅游|定期体检
贷款专员,平安普惠投资咨询有限公司陕西分公司,1-1.5万/月,西安-雁塔区,1年经验,本科,招5人,05-19发布,
平安诚招贷款专员（双休，五险一金，底薪3250）,西安盈宽网络科技有限公司,6-8千/月,西安-雁塔区,无工作经验,大专,招2人,05-20发布,
Android leader,西安比邻卓越人力资源服务有限公司,1-1.5万/月,西安-未央区,5-7年经验,本科,招1人,05-20发布,
前端开发工程师,西安比邻卓越人力资源服务有限公司,2.5-5万/月,北京,2年经验,本科,招10人,05-20发布,五险一金|绩效奖金
网页视觉设计,西安澳鹏网络科技有限公司,4.5-6千/月,西安,无工作经验,本科,招1人,05-20发布,五险一金|绩效奖金|年终奖金|股票期权|弹性工作|定期体检
Android开发工程师,西安比邻卓越人力资源服务有限公司,2.5-5万/月,北京,2年经验,本科,招10人,05-20发布,五险一金|绩效奖金
中级交易员,西安鼎鑫汇业商务信息咨询有限公司,6-8千/月,西安-未央区,无工作经验,大专,招3人,05-20发布,五险一金|弹性工作|员工旅游|专业培训|年终奖金
保险代理人/经纪人(职位编号：0001),中国平安人寿保险股份有限公司陕西分公司,6-8千/月,西安-莲湖区,无工作经验,大专,招8人,05-20发布,周末双休|弹性工作|绩效奖金|全勤奖|专业培训|节日福利|法定节假日|公平晋升|加班补贴
国际金融实习生,西安鼎鑫汇业商务信息咨询有限公司,4-8千/月,西安-未央区,无工作经验,大专,招4人,05-20发布,五险一金|弹性工作|员工旅游|专业培训|年终奖金
综合金融产品专员,中国平安人寿保险股份有限公司陕西分公司,3-4.5千/月,西安-莲湖区,无工作经验,大专,招8人,05-20发布,补充医疗保险|员工旅游|专业培训|出国机会|绩效奖金|弹性工作|周末双休|法定节假日|公平晋升周末
中国平安综合金融客户专员,中国平安人寿保险股份有限公司陕西分公司,4.5-6千/月,西安-莲湖区,无工作经验,大专,招6人,05-20发布,补充医疗保险|弹性工作|绩效奖金|周末双休|法定节假日|出国机会|专业培训|员工旅游|公平晋升
平安综合金融主管,中国平安人寿保险股份有限公司陕西分公司,0.8-1万/月,西安-未央区,1年经验,高中,招10人,05-13发布,周末双休|弹性工作|五险一金|绩效奖金|节日福利|专业培训|出国机会|补充医疗保险|员工旅游|年终奖金
平安综合金融主管,中国平安人寿保险股份有限公司陕西分公司,0.8-1万/月,西安-未央区,1年经验,高中,招10人,05-13发布,周末双休|弹性工作|五险一金|绩效奖金|节日福利|专业培训|出国机会|补充医疗保险|员工旅游|年终奖金
平安综合金融主管,中国平安人寿保险股份有限公司陕西分公司,0.8-1万/月,西安-未央区,1年经验,高中,招10人,05-13发布,周末双休|弹性工作|五险一金|绩效奖金|节日福利|专业培训|出国机会|补充医疗保险|员工旅游|年终奖金
金融投资顾问,中国平安人寿保险股份有限公司陕西分公司,0.8-1万/月,西安-未央区,无工作经验,大专,招10人,05-20发布,
互联网产品经理,北京百通世纪科技有限公司,0.8-1万/月,西安,3-4年经验,硕士,招2人,05-03发布,周末双休|带薪年假|五险一金|绩效奖金|专业培训|做五休二|节日福利|全勤奖
信托总部  家族信托产品经理（北京）,西安华创人力资源管理咨询有限公司,3-4.5千/月,北京-西城区,5-7年经验,硕士,招1人,04-29发布,五险一金|专业培训|员工旅游|年终奖金|定期体检|交通补贴|绩效奖金|补充医疗保险|餐饮补贴
客户经理,中国平安人寿保险股份有限公司陕西分公司,0.8-1万/月,西安-雁塔区,无工作经验,大专,招10人,05-20发布,五险一金|补充医疗保险|补充公积金|免费班车|绩效奖金|定期体检|过节费|生日费
金融储备干部(年薪10万),中国人寿保险股份有限公司西安市新城支公司,10-15万/年,西安-新城区,无工作经验,大专,招3人,05-20发布,补充医疗保险|员工旅游|专业培训|出国机会|绩效奖金|年终奖金|弹性工作|定期体检
产品专员,陕西华信医疗设备器械有限公司,6-8千/月,西安-雁塔区,3-4年经验,大专,招1人,05-20发布,五险一金|绩效奖金|弹性工作
综合金融专员/顾问,中国人寿保险股份有限公司西安市新城支公司,6-8千/月,西安-新城区,无工作经验,大专,招3人,05-17发布,
高薪诚聘2019应届生,西安飞鸟网络科技有限公司,6-8千/月,西安-雁塔区,无工作经验,大专,招18人,05-20发布,五险一金|专业培训|定期体检|带薪年假|周末双休|采暖补贴|降温补贴|补充医疗保险
远程服务经理+周末双休,中国平安人寿保险股份有限公司陕西分公司,6-8千/月,西安-雁塔区,无工作经验,大专,招3人,05-20发布,周末双休|带薪年假|绩效奖金|全勤奖|员工旅游|交通补贴|不加班|五险一金|弹性工作|免费班车
银行业务分析师,赞同科技股份有限公司,8-16万/年,西安-高新技术产业开发区,3-4年经验,本科,招若干人,05-20发布,五险一金|餐饮补贴|通讯补贴|专业培训|定期体检
平安直聘2019届应届生+双休,西安德塔电子科技有限公司,6-8千/月,西安-雁塔区,无工作经验,大专,招13人,05-20发布,五险一金|周末双休|免费班车|补充医疗保险|员工旅游|绩效奖金|专业培训|定期体检|年终奖金|弹性工作
理财经理,中国人寿保险股份有限公司西安市新城支公司,6-8千/月,西安-新城区,无工作经验,本科,招若干人,05-19发布,补充医疗保险|员工旅游|专业培训|出国机会|绩效奖金|年终奖金|弹性工作|定期体检
销售管理岗双休五险一金，提升沟通、谈判、分析能力,中国平安人寿保险股份有限公司陕西分公司,6-8千/月,西安-莲湖区,无工作经验,大专,招4人,05-20发布,员工旅游|专业培训|出国机会|绩效奖金|弹性工作|周末双休|法定节假日|补充医疗保险|公平晋升
500强企业管理岗，好的平台助您成就精彩人生,中国平安人寿保险股份有限公司陕西分公司,0.4-2万/月,西安-莲湖区,无工作经验,大专,招2人,05-20发布,补充医疗保险|员工旅游|通讯补贴|专业培训|出国机会|绩效奖金|年终奖金|弹性工作|周末双休|公平晋升
500强销售，培训+公平晋升，助您晋升与收入双丰收,中国平安人寿保险股份有限公司陕西分公司,4.5-6千/月,西安-莲湖区,无工作经验,大专,招6人,05-20发布,补充医疗保险|员工旅游|专业培训|出国机会|绩效奖金|弹性工作|周末双休|法定节假日|公平晋升
理财专员,中国平安人寿保险股份有限公司陕西分公司,4.5-6千/月,西安-莲湖区,无工作经验,大专,招5人,05-20发布,绩效奖金|专业培训|员工旅游|出国机会|定期体检|补充医疗保险|公平晋升
500强销售，双休五险一金，培训+晋升,中国平安人寿保险股份有限公司陕西分公司,3-4.5千/月,西安-莲湖区,无工作经验,大专,招8人,05-20发布,五险一金|补充医疗保险|员工旅游|专业培训|出国机会|绩效奖金|弹性工作|周末双休|法定节假日|公平晋升
500强销售，五险一金双休，培训+公平晋升,中国平安人寿保险股份有限公司陕西分公司,3-6千/月,西安-莲湖区,无工作经验,大专,招5人,05-20发布,五险一金|员工旅游|专业培训|出国机会|绩效奖金|弹性工作|周末双休|法定节假日|公平晋升
综合金融产品专员,中国平安人寿保险股份有限公司陕西分公司,4.5-6千/月,西安-莲湖区,无工作经验,大专,招4人,05-20发布,弹性工作|专业培训|绩效奖金|全勤奖|节日福利|周末双休|法定节假日|公平晋升
500强企业销售岗，五险一金，双休，培训+晋升,中国平安人寿保险股份有限公司陕西分公司,6-8千/月,西安-莲湖区,无工作经验,大专,招4人,05-20发布,补充医疗保险|专业培训|出国机会|绩效奖金|弹性工作|周末双休|法定节假日|公平晋升
平安综合金融业务员,中国平安人寿保险股份有限公司陕西分公司,6-8千/月,西安-未央区,无工作经验,高中,招12人,05-13发布,周末双休|弹性工作|五险一金|绩效奖金|节日福利|专业培训|出国机会|补充医疗保险|员工旅游|年终奖金
平安综合金融业务员,中国平安人寿保险股份有限公司陕西分公司,0.8-1万/月,西安-未央区,无工作经验,高中,招15人,05-13发布,周末双休|弹性工作|五险一金|绩效奖金|节日福利|专业培训|出国机会|补充医疗保险|员工旅游|年终奖金
平安综合金融主管,中国平安人寿保险股份有限公司陕西分公司,0.8-1万/月,西安-未央区,1年经验,大专,招25人,05-13发布,周末双休|弹性工作|五险一金|绩效奖金|节日福利|专业培训|出国机会|补充医疗保险|员工旅游|年终奖金
平安综合金融业务主管,中国平安人寿保险股份有限公司陕西分公司,1-1.5万/月,西安-未央区,1年经验,大专,招29人,05-13发布,周末双休|弹性工作|五险一金|绩效奖金|节日福利|专业培训|出国机会|补充医疗保险|员工旅游|年终奖金
平安综合金融业务主管,中国平安人寿保险股份有限公司陕西分公司,1-1.5万/月,西安-未央区,1年经验,大专,招32人,05-13发布,周末双休|弹性工作|五险一金|绩效奖金|节日福利|专业培训|出国机会|补充医疗保险|员工旅游|年终奖金
平安综合金融业务主管,中国平安人寿保险股份有限公司陕西分公司,1-1.5万/月,西安-未央区,1年经验,本科,招33人,05-13发布,周末双休|弹性工作|五险一金|绩效奖金|节日福利|专业培训|出国机会|补充医疗保险|员工旅游|年终奖金
平安综合金融业务主管,中国平安人寿保险股份有限公司陕西分公司,1-1.5万/月,西安-未央区,1年经验,本科,招34人,05-13发布,周末双休|弹性工作|五险一金|绩效奖金|节日福利|专业培训|出国机会|补充医疗保险|员工旅游|年终奖金
软件产品专员,西安驭思软件科技有限公司,6-8千/月,西安,1年经验,本科,招2人,05-08发布,五险一金|员工旅游|年终奖金|绩效奖金|弹性工作|补充医疗保险
大数据开发工程师,上海米赋网络科技有限公司,1-2万/月,西安-雁塔区,3-4年经验,本科,招1人,05-08发布,五险一金|员工旅游|专业培训|年终奖金
产品专员,江苏恩华药业股份有限公司,0.8-1万/月,西安,1年经验,本科,招1人,05-08发布,五险一金|交通补贴|通讯补贴|专业培训|绩效奖金|定期体检
分公司金融管理主管,好车酷酷二手车经纪（天津）有限公司,0.8-1万/月,西安,5-7年经验,大专,招1人,05-09发布,五险一金|补充医疗保险|餐饮补贴|交通补贴|通讯补贴|员工旅游|弹性工作|外资|年终奖金
产品工程师（西安）,上海杏和软件有限公司,0.5-1.2万/月,西安,1年经验,本科,招2人,05-20发布,五险一金|通讯补贴|餐饮补贴|年终奖金
医学编辑,西安中盛凯新技术发展有限责任公司,6-8千/月,西安-新城区,3-4年经验,本科,招1人,05-20发布,员工旅游|五险一金|节日补贴|员工生日会|年终奖金|补充医疗保险|股票期权|专业培训
产品专员,斯莱达医疗用品（惠州）有限公司,6-8千/月,陕西省,3-4年经验,大专,招1人,05-20发布,弹性工作|带薪年假|五险一金|绩效奖金|节日福利|专业培训|交通补贴|餐饮补贴|加班补贴|通讯补贴
产品运营经理,西安中盛凯新技术发展有限责任公司,6-8千/月,西安-新城区,1年经验,本科,招1人,05-20发布,员工旅游|五险一金|节日补贴|员工生日会|年终奖金|补充医疗保险|股票期权|专业培训
市场部经理,陕西普禾医药有限公司,20-30万/年,西安,3-4年经验,本科,招1人,05-20发布,周末双休|五险一金|绩效奖金|节日福利|专业培训|伯乐推荐奖|员工旅游
产品经理-可视化产品,中电长城网际系统应用有限公司,0.7-1.4万/月,西安-未央区,3-4年经验,本科,招1人,05-05发布,五险一金|免费班车|交通补贴|餐饮补贴|定期体检|绩效奖金
学术推广经理,西安世纪盛康药业有限公司,4.5-6千/月,西安,1年经验,本科,招2人,05-20发布,五险一金|补充医疗保险|补充公积金|通讯补贴|绩效奖金|定期体检|员工旅游
产品经理-信息安全领域,中电长城网际系统应用有限公司,0.7-1.4万/月,西安-未央区,3-4年经验,本科,招1人,05-05发布,五险一金|免费班车|交通补贴|餐饮补贴|定期体检|绩效奖金
产品经理,陕西省中医药研究院汉唐制药有限公司,4.5-6千/月,西安,3-4年经验,本科,招1人,05-08发布,五险一金|餐饮补贴|绩效奖金
金融产品经理,中国平安人寿保险股份有限公司陕西分公司,0.8-1万/月,西安-未央区,无工作经验,大专,招10人,05-13发布,
金融产品经理（高薪+双休）,中国平安人寿保险股份有限公司陕西分公司,1-1.5万/月,西安-未央区,3-4年经验,大专,招5人,05-13发布,补充医疗保险|补充公积金|员工旅游|专业培训|出国机会|绩效奖金|年终奖金|弹性工作|定期体检
银行系统产品经理/业务分析/需求分析,上海谐桐信息技术有限公司,1.2-2万/月,西安-高新技术产业开发区,3-4年经验,本科,招若干人,05-13发布,五险一金|弹性工作|年终奖金|定期体检|专业培训|交通补贴|餐饮补贴
Java高级工程师（偏架构方向）,重庆睿景信息技术有限公司,1.2-2.5万/月,重庆-九龙坡区,2年经验,招若干人,05-20发布,英语熟练,五险一金|员工旅游|交通补贴|餐饮补贴
客户经理,平安普惠投资咨询有限公司陕西分公司,6-8千/月,西安-雁塔区,1年经验,大专,招5人,05-20发布,
中国人寿诚招金融客户经理,中国人寿保险股份有限公司西安分公司经济技术开发区营销服务部,1-1.5万/月,西安-未央区,无工作经验,中专,招10人,05-20发布,
综合金融客户经理(职位编号：0001),中国平安人寿保险股份有限公司陕西分公司,3-4.5千/月,西安-莲湖区,1年经验,大专,招3人,05-20发布,补充医疗保险|员工旅游|专业培训|出国机会|绩效奖金|弹性工作|周末双休|法定节假日|公平晋升
中国平安诚招英才（双休+高薪）,中国平安人寿保险股份有限公司陕西分公司,4.5-6千/月,西安,无工作经验,大专,招10人,05-20发布,五险一金|补充医疗保险|员工旅游|专业培训|出国机会|绩效奖金|年终奖金|弹性工作|公平晋升
理财经理,中国人寿保险股份有限公司西安分公司,4.5-6千/月,西安-碑林区,无工作经验,大专,招若干人,05-20发布,补充医疗保险|年终奖金|弹性工作
理财规划师,中国人寿保险股份有限公司西安分公司,6-8千/月,西安-碑林区,无工作经验,大专,招5人,05-20发布,补充医疗保险|年终奖金|弹性工作|员工旅游|定期体检|专业培训|绩效奖金
企划主管,西安米旗食品有限公司,4-8千/月,西安-经济技术开发区,3-4年经验,本科,招1人,05-20发布,免费班车|员工旅游|年终奖金|五险一金|定期体检
金融业务经理,新华人寿保险股份有限公司西安市雁塔支公司,1-1.5万/月,西安-雁塔区,2年经验,大专,招3人,05-20发布,补充医疗保险|员工旅游|年终奖金|绩效奖金|弹性工作|定期体检|专业培训
金融客户经理,中国人寿保险股份有限公司西安市新城支公司,4-8千/月,西安-新城区,无工作经验,大专,招5人,05-17发布,周末双休|弹性工作|带薪年假|全勤奖|节日福利|专业培训|五险一金
门店经理（营业部经理  西安 ）,友众信业金融信息服务（上海）有限公司西安第一分公司,1-1.5万/月,西安-雁塔区,无工作经验,本科,招1人,05-20发布,五险一金|员工旅游|股票期权|年终奖金|定期体检|专业培训|出国机会|绩效奖金
销售内勤,杭州圣石科技有限公司,3.5-5千/月,西安,2年经验,大专,招1人,05-20发布,五险一金|免费班车|员工旅游|餐饮补贴|绩效奖金|年终奖金|专业培训|节日福利|带薪年假
急聘---综合金融客户经理,中国平安人寿保险股份有限公司陕西分公司,0.8-1万/月,西安-雁塔区,1年经验,本科,招8人,05-20发布,
自动化测试工程师,西安翼展电子科技有限公司,0.6-1.2万/月,西安-长安区,3-4年经验,本科,招1人,05-20发布,五险一金|员工旅游|餐饮补贴|年终奖金|免费健身房
高级理财经理,中国平安人寿保险股份有限公司陕西分公司,1-1.5万/月,西安-未央区,无工作经验,本科,招5人,05-20发布,
理财规划师,中国平安人寿保险股份有限公司陕西分公司,1-1.5万/月,西安-未央区,无工作经验,大专,招10人,05-20发布,
理财经理,新华人寿保险股份有限公司西安市雁塔支公司,1-1.5万/月,西安-雁塔区,1年经验,大专,招5人,05-20发布,补充医疗保险|员工旅游|定期体检|弹性工作|专业培训|出国机会|绩效奖金
中国平安管理储备岗（双休、透明公平晋升）,中国平安人寿保险股份有限公司陕西分公司,1.5-2万/月,西安-莲湖区,无工作经验,高中,招3人,05-19发布,
综合金融代理人,中国人寿保险股份有限公司西安市新城支公司,0.8-1万/月,西安-新城区,无工作经验,大专,招2人,05-19发布,弹性工作|绩效奖金|全勤奖|节日福利|专业培训|补充医疗保险|补充养老保险|出国机会
高级理财顾问,中国平安人寿保险股份有限公司陕西分公司,1-1.5万/月,西安-未央区,无工作经验,大专,招10人,05-20发布,
中国人寿优选主管,中国人寿保险股份有限公司西安市新城支公司,6-8千/月,西安-新城区,无工作经验,大专,招3人,05-19发布,补充医疗保险|员工旅游|出国机会|定期体检|弹性工作|绩效奖金|专业培训|年终奖金|补充养老保险
金融实习生,中国人寿保险股份有限公司西安市新城支公司,3-4.5千/月,西安-新城区,无工作经验,大专,招若干人,05-20发布,弹性工作|带薪年假|绩效奖金|节日福利|周末双休|专业培训|全勤奖|补充养老保险|补充医疗保险
综合金融客户经理,新华人寿保险股份有限公司西安市雁塔支公司,0.8-1万/月,西安-雁塔区,2年经验,大专,招1人,05-20发布,五险|补充医疗保险|员工旅游|定期体检|绩效奖金|年终奖金|专业培训|出国机会|弹性工作
双休五险一金无责任底薪2350,中国平安人寿保险股份有限公司陕西分公司,6-8千/月,西安-雁塔区,无工作经验,高中,招2人,05-20发布,
大客户销售代表(双休+六险一金+上市公司）,中国平安人寿保险股份有限公司陕西分公司,0.8-1万/月,西安-雁塔区,无工作经验,高中,招3人,05-20发布,
平安综合金融储备干部,中国平安人寿保险股份有限公司陕西分公司,1-1.5万/月,西安-未央区,1年经验,大专,招41人,05-13发布,周末双休|弹性工作|五险一金|绩效奖金|节日福利|专业培训|出国机会|补充医疗保险|员工旅游|年终奖金
中国平安招募（银行-保险-投资）综合金融经纪人/主管(职位编号：02),中国平安人寿保险股份有限公司陕西分公司,6-8千/月,西安-未央区,2年经验,大专,招若干人,05-13发布,
中国平安招募（银行-保险-投资）综合金融经纪人/主管(职位编号：01),中国平安人寿保险股份有限公司陕西分公司,6-8千/月,西安-未央区,2年经验,大专,招若干人,05-13发布,
中国平安招募（银行-保险-投资）综合金融经纪人/主管(职位编号：01),中国平安人寿保险股份有限公司陕西分公司,6-8千/月,西安-未央区,2年经验,高中,招若干人,05-13发布,
中国平安招募（银行-保险-投资）综合金融经纪人/主管(职位编号：02),中国平安人寿保险股份有限公司陕西分公司,6-8千/月,西安-未央区,2年经验,高中,招若干人,05-13发布,
中国平安招募（银行-保险-投资）综合金融经纪人/主管(职位编号：03),中国平安人寿保险股份有限公司陕西分公司,0.8-1万/月,西安-未央区,3-4年经验,大专,招若干人,05-13发布,
电话销售（月入8k-15k）,陕西小象兴通金融外包服务有限公司,1-1.5万/月,西安-雁塔区,无工作经验,大专,招10人,05-13发布,做五休二|周末双休|带薪年假|五险一金|全勤奖|绩效奖金|节日福利|专业培训|工龄工资|年终奖
金融产品营销员,中国平安人寿保险股份有限公司陕西分公司,1-1.5万/月,西安,1年经验,大专,招5人,04-15发布,做五休二|周末双休|弹性工作|带薪年假|节日福利|专业培训
客户经理/销售代表,中国平安人寿保险股份有限公司陕西分公司,1-1.5万/月,西安,1年经验,大专,招5人,04-15发布,做五休二|周末双休|弹性工作|带薪年假|节日福利|专业培训
中国平安客户经理,中国平安人寿保险股份有限公司陕西分公司,1-1.5万/月,西安,1年经验,大专,招3人,04-16发布,做五休二|周末双休|弹性工作|带薪年假|节日福利|专业培训
金融销售代表,中国平安人寿保险股份有限公司陕西分公司,1-1.5万/月,西安,1年经验,大专,招5人,04-15发布,做五休二|周末双休|弹性工作|带薪年假|节日福利|专业培训
金融销售专员（高薪+双休）,中国平安人寿保险股份有限公司陕西分公司,1-1.5万/月,西安,1年经验,大专,招3人,04-16发布,做五休二|周末双休|弹性工作|带薪年假|节日福利|专业培训
综合金融经理人,中国平安人寿保险股份有限公司陕西分公司,0.8-1万/月,西安,3-4年经验,大专,招6人,04-16发布,做五休二|周末双休|弹性工作|带薪年假|节日福利|专业培训
银行签约经理助理（底薪3000+地铁口+五险一金）,西安中融联合商务信息咨询有限公司,3-8千/月,西安-碑林区,无工作经验,大专,招5人,04-23发布,
金融理财产品电话销售,中国平安人寿保险股份有限公司陕西分公司,6-8千/月,西安-雁塔区,无工作经验,大专,招6人,04-24发布,周末双休|弹性工作|节日福利|专业培训|全勤奖|绩效奖金|五险一金|带薪年假|降温取暖费|无责任底薪
平安金融理财客户经理,中国平安人寿保险股份有限公司陕西分公司,6-8千/月,西安-雁塔区,无工作经验,大专,招6人,04-24发布,周末双休|弹性工作|节日福利|专业培训|全勤奖|绩效奖金|五险一金|带薪年假|降温取暖费|无责任底薪
（教育类产品）运营经理,西安恒谦教育科技股份有限公司,6-8千/月,西安-未央区,2年经验,本科,招2人,04-24发布,五险|带薪年假|员工节日福利|员工活动|专业培训|补充医疗保险
市场推广专员,陕西必康制药集团控股有限公司,4-8千/月,西安-高新技术产业开发区,2年经验,本科,招5人,04-25发布,五险一金|员工旅游|餐饮补贴|通讯补贴|绩效奖金|年终奖金|做五休二
综合金融理财师（高薪直聘）,中国平安人寿保险股份有限公司陕西分公司,1-1.5万/月,西安-未央区,3-4年经验,大专,招5人,05-13发布,补充医疗保险|补充公积金|员工旅游|专业培训|出国机会|绩效奖金|年终奖金|弹性工作|定期体检
平安综合金融主管,中国平安人寿保险股份有限公司陕西分公司,0.8-1万/月,西安-未央区,1年经验,高中,招10人,05-13发布,周末双休|弹性工作|五险一金|绩效奖金|节日福利|专业培训|出国机会|补充医疗保险|员工旅游|年终奖金
平安综合金融主管,中国平安人寿保险股份有限公司陕西分公司,0.8-1万/月,西安-未央区,1年经验,高中,招10人,05-13发布,周末双休|弹性工作|五险一金|绩效奖金|节日福利|专业培训|出国机会|补充医疗保险|员工旅游|年终奖金
理财规划师,中国平安人寿保险股份有限公司陕西分公司,1-1.5万/月,西安-未央区,1年经验,大专,招10人,05-13发布,周末双休|弹性工作|五险一金|绩效奖金|节日福利|专业培训|出国机会|补充医疗保险|员工旅游|年终奖金
培训讲师/讲师,中国平安人寿保险股份有限公司陕西分公司,0.8-1万/月,西安-未央区,1年经验,大专,招10人,05-13发布,周末双休|弹性工作|五险一金|绩效奖金|节日福利|专业培训|出国机会|补充医疗保险|员工旅游|年终奖金
平安业务员,中国平安人寿保险股份有限公司陕西分公司,3-4.5千/月,西安-未央区,无工作经验,高中,招10人,05-13发布,周末双休|弹性工作|五险一金|绩效奖金|节日福利|专业培训|出国机会|补充医疗保险|员工旅游|年终奖金
理财规划师,中国平安人寿保险股份有限公司陕西分公司,1-1.5万/月,西安-未央区,无工作经验,高中,招8人,05-13发布,周末双休|弹性工作|五险一金|绩效奖金|节日福利|专业培训|出国机会|补充医疗保险|员工旅游|年终奖金
平安综合金融主管,中国平安人寿保险股份有限公司陕西分公司,0.8-1万/月,西安-未央区,1年经验,高中,招10人,05-13发布,周末双休|弹性工作|五险一金|绩效奖金|节日福利|专业培训|出国机会|补充医疗保险|员工旅游|年终奖金
理财规划师,中国平安人寿保险股份有限公司陕西分公司,1-1.5万/月,西安-未央区,1年经验,大专,招9人,05-13发布,周末双休|弹性工作|五险一金|绩效奖金|节日福利|专业培训|出国机会|补充医疗保险|员工旅游|年终奖金
平安综合金融主管,中国平安人寿保险股份有限公司陕西分公司,0.8-1万/月,西安-未央区,1年经验,高中,招10人,05-13发布,周末双休|弹性工作|五险一金|绩效奖金|节日福利|专业培训|出国机会|补充医疗保险|员工旅游|年终奖金
平安综合金融主管,中国平安人寿保险股份有限公司陕西分公司,1-1.5万/月,西安-未央区,1年经验,中技,招22人,05-13发布,周末双休|弹性工作|五险一金|绩效奖金|节日福利|专业培训|出国机会|补充医疗保险|员工旅游|年终奖金
平安综合金融主管,中国平安人寿保险股份有限公司陕西分公司,1-1.5万/月,西安-未央区,无工作经验,中技,招10人,05-13发布,周末双休|弹性工作|五险一金|绩效奖金|节日福利|专业培训|出国机会|补充医疗保险|员工旅游|年终奖金
平安业务员,中国平安人寿保险股份有限公司陕西分公司,2-3千/月,西安-未央区,无工作经验,初中及以下,招10人,05-13发布,周末双休|弹性工作|五险一金|绩效奖金|节日福利|专业培训|出国机会|补充医疗保险|员工旅游|年终奖金
平安综合金融业务员,中国平安人寿保险股份有限公司陕西分公司,6-8千/月,西安-未央区,无工作经验,高中,招13人,05-13发布,周末双休|弹性工作|五险一金|绩效奖金|节日福利|专业培训|出国机会|补充医疗保险|员工旅游|年终奖金
综合金融代理人(职位编号：710000),中国平安人寿保险股份有限公司陕西分公司,1.5-2万/月,西安,1年经验,大专,招8人,05-09发布,
软件开发工程师（后处理）,英特工程仿真技术（大连）有限公司,0.6-1.2万/月,大连-高新园区,无工作经验,本科,招5人,05-10发布,五险一金|员工旅游|交通补贴|绩效奖金|年终奖金|股票期权|定期体检|通讯补贴|餐饮补贴
综合金融金融业务主管,中国平安人寿保险股份有限公司陕西分公司,1-1.5万/月,西安,1年经验,大专,招3人,05-09发布,做五休二|周末双休|弹性工作|带薪年假|节日福利|专业培训
软件工程师（CAD几何建模）,英特工程仿真技术（大连）有限公司,0.6-1.2万/月,大连-高新园区,无工作经验,本科,招5人,05-10发布,五险一金|员工旅游|交通补贴|绩效奖金|年终奖金|股票期权|定期体检|通讯补贴|餐饮补贴
软件实施工程师,华为三立（北京）能源科技有限公司,8-10万/年,西安-雁塔区,2年经验,大专,招3人,05-10发布,
销售经理,西安知北信息技术有限公司,0.5-1万/月,西安-雁塔区,1年经验,大专,招2人,05-10发布,节日福利|业绩提成|项目前景好|绩效奖金
理财总监,陕西邦宏资产管理有限公司,1.5-2万/月,西安-曲江文化新区,无工作经验,硕士,招2人,05-10发布,
平面设计师,陕西必康制药集团控股有限公司,5-8千/月,西安-高新技术产业开发区,5-7年经验,本科,招1人,05-11发布,五险一金|员工旅游|年终奖金|绩效奖金|通讯补贴|餐饮补贴|加班补助|做五休二
OA自动化办公软件系统项目经理,每一天便利超市连锁有限公司信息中心研发部,1-1.5万/月,西安-碑林区,3-4年经验,大专,招1人,05-11发布,五险一金|员工旅游|专业培训|绩效奖金
中国平安诚聘金融业务精英,中国平安人寿保险股份有限公司陕西分公司,1-1.5万/月,西安-未央区,3-4年经验,大专,招5人,05-13发布,补充医疗保险|补充公积金|员工旅游|专业培训|出国机会|绩效奖金|年终奖金|弹性工作|定期体检
中国平安培训讲师,中国平安人寿保险股份有限公司陕西分公司,0.8-1万/月,西安-未央区,3-4年经验,大专,招5人,05-13发布,补充医疗保险|补充公积金|员工旅游|专业培训|出国机会|绩效奖金|年终奖金|弹性工作|定期体检
金融优才计划（招募储备干部）,中国平安人寿保险股份有限公司陕西分公司,1-1.5万/月,西安-未央区,3-4年经验,大专,招5人,05-13发布,补充医疗保险|补充公积金|员工旅游|专业培训|出国机会|绩效奖金|年终奖金|弹性工作|定期体检
高薪诚聘综合金融客户服务经理,中国平安人寿保险股份有限公司陕西分公司,1-1.5万/月,西安-未央区,3-4年经验,大专,招4人,05-13发布,补充医疗保险|补充公积金|员工旅游|专业培训|出国机会|绩效奖金|年终奖金|弹性工作|定期体检
金融理财咨询顾问（高薪直聘）,中国平安人寿保险股份有限公司陕西分公司,1-1.5万/月,西安-未央区,3-4年经验,大专,招5人,05-13发布,补充医疗保险|补充公积金|员工旅游|专业培训|出国机会|绩效奖金|年终奖金|弹性工作|定期体检
团队经理,西安锐德尚网络科技有限公司,2-2.5万/月,西安-高新技术产业开发区,3-4年经验,大专,招3人,05-20发布,员工旅游|专业培训|绩效奖金|年终奖金|弹性工作|周末双休|不加班
平安车险专员,中国平安人寿保险股份有限公司陕西分公司,0.8-1万/月,西安-未央区,2年经验,大专,招7人,05-20发布,补充医疗保险|补充公积金|员工旅游|出国机会|专业培训|绩效奖金|年终奖金|弹性工作
中国平安综合金融客户经理(职位编号：01),中国平安人寿保险股份有限公司陕西分公司,0.6-1.3万/月,西安-未央区,1年经验,大专,招55人,05-20发布,
需求分析,东华软件股份公司,0.8-1.4万/月,西安,3-4年经验,本科,招若干人,05-20发布,
iOS开发工程师,西安彩虹星球农业科技有限公司,1-1.5万/月,西安-雁塔区,3-4年经验,本科,招1人,05-20发布,五险一金|专业培训|弹性工作|定期体检
产品实施工程师,东华软件股份公司,0.6-1.4万/月,西安,无工作经验,大专,招若干人,05-20发布,
金融产品经理,中国平安人寿保险股份有限公司陕西分公司,1-1.5万/月,西安-未央区,无工作经验,大专,招5人,05-13发布,
金融产品经理,中国平安人寿保险股份有限公司陕西分公司,1-1.5万/月,西安-未央区,2年经验,大专,招10人,05-13发布,
智慧旅游产品经理,陕西太白山旅游网络科技有限公司,1-1.2万/月,西安-高新技术产业开发区,3-4年经验,本科,招2人,05-14发布,五险一金|通讯补贴|餐饮补贴
保险产品经理,中国平安人寿保险股份有限公司陕西分公司,1-1.5万/月,西安-未央区,3-4年经验,大专,招6人,05-14发布,周末双休|弹性工作|绩效奖金|全勤奖|节日福利|专业培训
产品经理,陕西汉唐中天信息技术有限公司,3.5-6千/月,西安-高新技术产业开发区,2年经验,本科,招2人,05-15发布,周末双休|带薪年假|专业培训|节日福利|法定节假日|员工活动
大数据产品经理,西安因联信息科技有限公司,1.5-2.5万/月,北京-海淀区,5-7年经验,本科,招1人,05-15发布,五险一金|定期体检|弹性工作|餐饮补贴|交通补贴|员工旅游|节日福利|年底双薪|周末双休|全勤奖
双休、五险一金、汽车分期项目经理,西安吉京港实业有限公司,0.8-1万/月,西安-雁塔区,3-4年经验,本科,招2人,05-20发布,年终奖金|绩效奖金|员工旅游|五险一金|周末双休
HIS产品总监,上海京颐科技股份有限公司,1-2万/月,西安,5-7年经验,本科,招3人,05-20发布,五险一金|餐饮补贴|通讯补贴|定期体检|节日福利|员工旅游|出差补助
Web前端开发工程师,上海云首信息科技有限公司,1-2万/月,西安-雁塔区,3-4年经验,本科,招2人,05-20发布,五险一金|补充医疗保险|员工旅游|绩效奖金|弹性工作|定期体检
高薪诚聘金融产品经理,平安普惠投资咨询有限公司陕西分公司,1-1.5万/月,西安-碑林区,无工作经验,大专,招6人,03-26发布,五险一金|补充公积金|专业培训|绩效奖金|年终奖金|弹性工作|周末双休|季度旅游|年度体检
产品经理（西安）,华勤通讯技术有限公司,1-1.6万/月,西安-高新技术产业开发区,无工作经验,本科,招2人,03-28发布,五险一金|员工旅游|交通补贴|餐饮补贴|专业培训|绩效奖金|年终奖金|定期体检|弹性工作
储备主管/金融实习生,中国人寿保险股份有限公司西安市新城支公司,5-8千/月,西安-新城区,无工作经验,大专,招5人,05-17发布,周末双休|弹性工作|带薪年假|全勤奖|节日福利|专业培训|五险一金
储备主管/金融实习生,中国人寿保险股份有限公司西安市新城支公司,5-8千/月,西安-新城区,无工作经验,大专,招5人,05-17发布,周末双休|弹性工作|带薪年假|全勤奖|节日福利|专业培训|五险一金
储备主管/金融实习生,中国人寿保险股份有限公司西安市新城支公司,5-8千/月,西安-新城区,无工作经验,大专,招5人,05-17发布,周末双休|弹性工作|带薪年假|全勤奖|节日福利|专业培训|五险一金
综合金融理财规划师,中国人寿保险股份有限公司西安市新城支公司,3.5-7千/月,西安-新城区,无工作经验,大专,招5人,05-17发布,周末双休|弹性工作|带薪年假|全勤奖|节日福利|专业培训|五险一金
综合金融理财规划师,中国人寿保险股份有限公司西安市新城支公司,3.5-7千/月,西安-新城区,无工作经验,大专,招5人,05-17发布,周末双休|弹性工作|带薪年假|全勤奖|节日福利|专业培训|五险一金
储备主管/金融实习生,中国人寿保险股份有限公司西安市新城支公司,5-8千/月,西安-新城区,无工作经验,大专,招5人,05-17发布,周末双休|弹性工作|带薪年假|全勤奖|节日福利|专业培训|五险一金
高薪诚聘销售团队经理,中国平安人寿保险股份有限公司陕西分公司,1-1.5万/月,西安-未央区,3-4年经验,大专,招5人,05-18发布,补充医疗保险|补充公积金|员工旅游|专业培训|出国机会|绩效奖金|年终奖金|弹性工作|定期体检
紧急招募中国平安金融理财规划师,中国平安人寿保险股份有限公司陕西分公司,1-1.5万/月,西安-未央区,3-4年经验,大专,招5人,05-18发布,补充医疗保险|补充公积金|员工旅游|专业培训|出国机会|绩效奖金|年终奖金|弹性工作|定期体检
UI设计师,西安智贸信息科技有限公司,4.5-8千/月,西安-雁塔区,3-4年经验,本科,招若干人,05-18发布,五险一金|通讯补贴|绩效奖金|年终奖金|交通补贴|定期体检|餐饮补贴
文案策划（双休+五险一金）,西安道可拓企业管理咨询有限公司,3-5千/月,西安-莲湖区,无工作经验,本科,招若干人,05-18发布,五险一金|绩效奖金|出差补贴|生日惊喜|年终大奖|全面培训学习|国内旅游|节日福利|灵活休假体系
销售方面,平安普惠投资咨询有限公司陕西分公司,0.8-1万/月,西安-雁塔区,无工作经验,大专,招10人,05-18发布,
销售客户经理,平安普惠投资咨询有限公司陕西分公司,0.8-1万/月,西安-雁塔区,1年经验,本科,招5人,05-18发布,
综合金融销售代表/双休+旅游,中国平安人寿保险股份有限公司陕西分公司,1-1.5万/月,西安,1年经验,大专,招3人,04-04发布,做五休二|周末双休|弹性工作|带薪年假|节日福利|专业培训
中国平安客户经理,中国平安人寿保险股份有限公司陕西分公司,1-1.5万/月,西安,1年经验,大专,招3人,04-04发布,做五休二|周末双休|弹性工作|带薪年假|节日福利|专业培训
保险业务专员,中国平安人寿保险股份有限公司陕西分公司,1-1.5万/月,西安,1年经验,大专,招5人,04-04发布,做五休二|周末双休|弹性工作|带薪年假|节日福利|专业培训
高级理财顾问,中国平安人寿保险股份有限公司陕西分公司,1-1.5万/月,西安,1年经验,大专,招3人,04-04发布,做五休二|周末双休|弹性工作|带薪年假|节日福利|专业培训
平安理财规划师,中国平安人寿保险股份有限公司陕西分公司,1-1.5万/月,西安,1年经验,大专,招3人,04-04发布,做五休二|周末双休|弹性工作|带薪年假|节日福利|专业培训
中国平安 综合金融销售主管,中国平安人寿保险股份有限公司陕西分公司,1-1.5万/月,西安,1年经验,大专,招2人,04-04发布,做五休二|周末双休|弹性工作|带薪年假|节日福利|专业培训
中国平安业务主管,中国平安人寿保险股份有限公司陕西分公司,1-1.5万/月,西安,1年经验,大专,招3人,04-04发布,做五休二|周末双休|弹性工作|带薪年假|节日福利|专业培训
综合金融客户服务经理,中国平安人寿保险股份有限公司陕西分公司,1-1.5万/月,西安,1年经验,大专,招5人,04-04发布,做五休二|周末双休|弹性工作|带薪年假|节日福利|专业培训
中国平安综合金融销售主管,中国平安人寿保险股份有限公司陕西分公司,1-1.5万/月,西安,1年经验,大专,招3人,04-04发布,做五休二|周末双休|弹性工作|带薪年假|节日福利|专业培训
iOS开发工程师,西安银信博锐信息科技有限公司,6-8千/月,西安,3-4年经验,本科,招1人,05-20发布,五险一金|带薪年假|做五休二|节日福利|通讯补贴|高温补贴
B2C外贸专员,上海龙品信息技术有限公司,4-8千/月,西安-雁塔区,无工作经验,大专,招20人,05-20发布,带薪年假|五险一金|节日福利|全勤奖|绩效奖金|加班补贴|交通补贴|部门绩效奖金|公司旅游
双休+无责底薪+高提成急聘平安电销客户,西安聚航网络科技有限公司,0.8-1万/月,西安-雁塔区,无工作经验,大专,招14人,05-20发布,五险一金|补充公积金|员工旅游|弹性工作|定期体检|绩效奖金|专业培训|高温补贴|节日福利|周末双休
平安直聘2019届应届生+双休 +高薪,西安聚航网络科技有限公司,4.5-6千/月,西安-雁塔区,无工作经验,大专,招15人,05-20发布,
世界500强正式编制/双休/五险一金,中国平安人寿保险股份有限公司陕西分公司,6-8千/月,西安-雁塔区,无工作经验,高中,招2人,05-20发布,五险一金|员工旅游|专业培训|绩效奖金|周末双休
产品运维经理,西安优理克商务信息咨询有限公司,0.6-1万/月,西安-雁塔区,2年经验,本科,招1人,05-20发布,周末双休|五险一金|节日福利
金融管培生,中国人寿保险股份有限公司西安市新城支公司,6-8千/月,西安-新城区,无工作经验,本科,招3人,05-20发布,补充医疗保险|员工旅游|出国机会|定期体检|弹性工作|绩效奖金|专业培训|年终奖金|补充养老保险
产品专员,西安世龙世家商贸有限公司,3-4.5千/月,西安,无工作经验,大专,招1人,05-20发布,五险一金|员工旅游|交通补贴|餐饮补贴|通讯补贴|绩效奖金|年终奖金
市场营销经理（乐享融资租赁）,西安华中投资实业（集团）有限公司,6-8千/月,西安-雁塔区,3-4年经验,大专,招1人,05-20发布,带薪年假|五险一金|包吃|全勤奖|绩效奖金|节日福利|专业培训|免费午餐
平安正式编制（非业务员）双休+五险,中国平安人寿保险股份有限公司陕西分公司,6-8千/月,西安-雁塔区,无工作经验,大专,招5人,05-20发布,五险一金|补充医疗保险|补充公积金|员工旅游|专业培训|绩效奖金|弹性工作|定期体检|周末双休|降温取暖费
平安 (优才计划) 直招+五险一金+双休,中国平安人寿保险股份有限公司陕西分公司,6-8千/月,西安-雁塔区,无工作经验,大专,招6人,05-20发布,五险一金|补充医疗保险|补充公积金|员工旅游|专业培训|绩效奖金|弹性工作|定期体检|周末双休|降温取暖费
中国人寿诚聘金融管培生(晋升空间大),中国人寿保险股份有限公司西安市新城支公司,0.4-1万/月,西安-新城区,无工作经验,大专,招4人,05-20发布,弹性工作|绩效奖金|全勤奖|节日福利|专业培训|补充医疗保险|补充养老保险|做五休二
文档工程师,西安倍格特数据技术有限公司,3-5千/月,西安-雁塔区,无工作经验,大专,招1人,05-20发布,五险一金|年终奖金|餐饮补贴|员工旅游|交通补贴|定期体检|专业培训|周末双休|通讯补贴
理财总监,中国平安人寿保险股份有限公司陕西分公司,1-1.5万/月,西安-未央区,无工作经验,本科,招3人,05-13发布,
金融客户经理,中国平安人寿保险股份有限公司陕西分公司,0.8-1万/月,西安-未央区,无工作经验,大专,招5人,05-13发布,
金融客户经理,中国平安人寿保险股份有限公司陕西分公司,1-1.5万/月,西安-未央区,2年经验,大专,招10人,05-13发布,
综合金融运营经理,中国平安人寿保险股份有限公司陕西分公司,6-8千/月,西安-未央区,3-4年经验,大专,招若干人,05-14发布,补充公积金|员工旅游|出国机会|专业培训|弹性工作|年终奖金|绩效奖金
双休+客户专员 储备干部,中国平安人寿保险股份有限公司陕西分公司,4.5-6千/月,西安-未央区,2年经验,大专,招4人,05-14发布,补充医疗保险|补充公积金|员工旅游|出国机会|专业培训|弹性工作|年终奖金|绩效奖金
内勤+助理管理（高薪+双休）(职位编号：005),中国平安人寿保险股份有限公司陕西分公司,3-4.5千/月,西安-未央区,2年经验,大专,招3人,05-14发布,补充医疗保险|补充公积金|员工旅游|出国机会|专业培训|弹性工作|年终奖金|绩效奖金
鹏程综合业务主管（双休 ）,中国平安人寿保险股份有限公司陕西分公司,0.8-1万/月,西安-未央区,2年经验,大专,招6人,05-14发布,补充医疗保险|补充公积金|员工旅游|出国机会|专业培训|弹性工作|年终奖金|绩效奖金
双休客户经理(职位编号：008),中国平安人寿保险股份有限公司陕西分公司,4.5-6千/月,西安-未央区,1年经验,大专,招5人,05-14发布,周末双休|弹性工作|专业培训|节日福利|全勤奖|绩效奖金
理财经理,中国平安人寿保险股份有限公司陕西分公司,6-8千/月,西安-未央区,2年经验,大专,招3人,05-14发布,补充医疗保险|补充公积金|员工旅游|出国机会|专业培训|弹性工作|年终奖金|绩效奖金
招聘销售精英(职位编号：012),中国平安人寿保险股份有限公司陕西分公司,4.5-6千/月,西安-未央区,1年经验,大专,招6人,05-14发布,补充医疗保险|补充公积金|员工旅游|专业培训|出国机会|绩效奖金|年终奖金|弹性工作
平安理财规划师,中国平安人寿保险股份有限公司陕西分公司,0.8-1万/月,西安-未央区,无工作经验,高中,招5人,04-20发布,
平安 金融 实习生 可年后入职,中国平安人寿保险股份有限公司陕西分公司,4.5-6千/月,西安-未央区,无工作经验,大专,招10人,04-20发布,
中国平安综合金融储备主管,中国平安人寿保险股份有限公司陕西分公司,0.8-1万/月,西安-未央区,无工作经验,高中,招10人,04-20发布,
世界500强29位中国平安诚聘储备主管,中国平安人寿保险股份有限公司陕西分公司,0.8-1万/月,西安-未央区,1年经验,高中,招10人,04-20发布,
金融储备干部(底薪3000),中国人寿保险股份有限公司西安市新城支公司,10-15万/年,西安-新城区,无工作经验,大专,招3人,04-26发布,
高级软件研发工程师（LIS方向）,上海岛昌医学科技股份有限公司,1.5-1.6万/月,西安,2年经验,本科,招1人,04-26发布,五险一金|专业培训|绩效奖金|年终奖金
Lis高级研发工程师,上海岛昌医学科技股份有限公司,1-1.4万/月,西安,2年经验,本科,招1人,04-26发布,五险一金|专业培训|绩效奖金|年终奖金
金融客户经理,西安越普市场研究有限公司,6-8千/月,西安-新城区,无工作经验,中专,招10人,04-26发布,
金融产品专员,西安越普市场研究有限公司,6-8千/月,西安-新城区,无工作经验,中专,招15人,04-26发布,
销售经理,西安越普市场研究有限公司,6-8千/月,西安-新城区,无工作经验,中专,招15人,04-26发布,
大客户经理,中国平安人寿保险股份有限公司陕西分公司,6-8千/月,西安-雁塔区,2年经验,本科,招4人,04-27发布,周末双休|弹性工作|节日福利|专业培训|全勤奖|绩效奖金|五险一金|带薪年假|降温取暖费|无责任底薪
综合金融客户经理,中国平安人寿保险股份有限公司陕西分公司,6-8千/月,西安-雁塔区,无工作经验,大专,招6人,04-27发布,周末双休|弹性工作|节日福利|专业培训|全勤奖|绩效奖金|五险一金|带薪年假|降温取暖费|无责任底薪
5K催收专员（双休+六险一金）,广州谷创信息科技有限公司,4-8千/月,西安-高新技术产业开发区,无工作经验,大专,招6人,04-28发布,五险一金|做五休二|免费班车
电话逾期催收/双休/8-12k,广州谷创信息科技有限公司,0.8-1万/月,西安-高新技术产业开发区,无工作经验,大专,招10人,04-28发布,做五休二|五险一金|带薪年假|免费班车|绩效奖金|餐饮补贴|交通补贴
双休信贷审核/催收专员+高提成,广州谷创信息科技有限公司,4-8千/月,西安-高新技术产业开发区,无工作经验,大专,招6人,04-28发布,五险一金|做五休二|免费班车
UI/UE设计师,西安科融电子有限公司,5-7千/月,西安-高新技术产业开发区,3-4年经验,本科,招若干人,04-29发布,五险一金|员工旅游|交通补贴|通讯补贴|绩效奖金|年终奖金
金融实习生 （双休+津贴）,中国人寿保险股份有限公司西安市新城支公司,3-4.5千/月,西安-新城区,无工作经验,大专,招3人,04-29发布,员工旅游|绩效奖金|专业培训|补充养老保险|做五休二|通讯补贴|补充医疗保险|节日福利|全勤奖|带薪年假
大数据算法工程师,西安华创人力资源管理咨询有限公司,2-2.5万/月,北京-海淀区,3-4年经验,本科,招3人,04-29发布,五险一金|专业培训|员工旅游|年终奖金|定期体检|弹性工作|交通补贴|绩效奖金
产品运营/文案策划,西安栎安科技有限公司,0.5-1万/月,西安-雁塔区,3-4年经验,本科,招2人,04-30发布,周末双休|五险一金|补充医疗保险|员工旅游|交通补贴|通讯补贴|绩效奖金|弹性工作
平安综合金融业务员,中国平安人寿保险股份有限公司陕西分公司,6-8千/月,西安-未央区,1年经验,高中,招14人,05-13发布,周末双休|弹性工作|五险一金|绩效奖金|节日福利|专业培训|出国机会|补充医疗保险|员工旅游|年终奖金
平安综合金融业务员,中国平安人寿保险股份有限公司陕西分公司,6-8千/月,西安-未央区,无工作经验,高中,招16人,05-13发布,周末双休|弹性工作|五险一金|绩效奖金|节日福利|专业培训|出国机会|补充医疗保险|员工旅游|年终奖金
平安综合金融业务员,中国平安人寿保险股份有限公司陕西分公司,6-8千/月,西安-未央区,无工作经验,高中,招19人,05-13发布,周末双休|弹性工作|五险一金|绩效奖金|节日福利|专业培训|出国机会|补充医疗保险|员工旅游|年终奖金
平安综合金融业务员,中国平安人寿保险股份有限公司陕西分公司,6-8千/月,西安-未央区,无工作经验,高中,招19人,05-13发布,周末双休|弹性工作|五险一金|绩效奖金|节日福利|专业培训|出国机会|补充医疗保险|员工旅游|年终奖金
平安综合金融业务员,中国平安人寿保险股份有限公司陕西分公司,6-8千/月,西安-未央区,无工作经验,高中,招20人,05-13发布,周末双休|弹性工作|五险一金|绩效奖金|节日福利|专业培训|出国机会|补充医疗保险|员工旅游|年终奖金
平安综合金融业务员,中国平安人寿保险股份有限公司陕西分公司,6-8千/月,西安-未央区,无工作经验,高中,招21人,05-13发布,周末双休|弹性工作|五险一金|绩效奖金|节日福利|专业培训|出国机会|补充医疗保险|员工旅游|年终奖金
平安综合金融主管,中国平安人寿保险股份有限公司陕西分公司,0.8-1万/月,西安-未央区,1年经验,大专,招22人,05-13发布,周末双休|弹性工作|五险一金|绩效奖金|节日福利|专业培训|出国机会|补充医疗保险|员工旅游|年终奖金
平安综合金融业务员,中国平安人寿保险股份有限公司陕西分公司,6-8千/月,西安-未央区,无工作经验,高中,招18人,05-13发布,周末双休|弹性工作|五险一金|绩效奖金|节日福利|专业培训|出国机会|补充医疗保险|员工旅游|年终奖金
平安综合金融主管,中国平安人寿保险股份有限公司陕西分公司,0.8-1万/月,西安-未央区,无工作经验,大专,招23人,05-13发布,周末双休|弹性工作|五险一金|绩效奖金|节日福利|专业培训|出国机会|补充医疗保险|员工旅游|年终奖金
平安综合金融主管,中国平安人寿保险股份有限公司陕西分公司,0.8-1万/月,西安-未央区,无工作经验,高中,招24人,05-13发布,周末双休|弹性工作|五险一金|绩效奖金|节日福利|专业培训|出国机会|补充医疗保险|员工旅游|年终奖金
平安综合金融主管,中国平安人寿保险股份有限公司陕西分公司,0.8-1万/月,西安-未央区,1年经验,中专,招26人,05-13发布,周末双休|弹性工作|五险一金|绩效奖金|节日福利|专业培训|出国机会|补充医疗保险|员工旅游|年终奖金
平安综合金融业务主管,中国平安人寿保险股份有限公司陕西分公司,0.8-1万/月,西安-未央区,无工作经验,大专,招27人,05-13发布,周末双休|弹性工作|五险一金|绩效奖金|节日福利|专业培训|出国机会|补充医疗保险|员工旅游|年终奖金
平安综合金融业务主管,中国平安人寿保险股份有限公司陕西分公司,1-1.5万/月,西安-未央区,1年经验,大专,招28人,05-13发布,周末双休|弹性工作|五险一金|绩效奖金|节日福利|专业培训|出国机会|补充医疗保险|员工旅游|年终奖金
平安综合金融业务主管,中国平安人寿保险股份有限公司陕西分公司,1-1.5万/月,西安-未央区,1年经验,大专,招31人,05-13发布,周末双休|弹性工作|五险一金|绩效奖金|节日福利|专业培训|出国机会|补充医疗保险|员工旅游|年终奖金
平安综合金融业务主管,中国平安人寿保险股份有限公司陕西分公司,1-1.5万/月,西安-未央区,1年经验,本科,招35人,05-13发布,周末双休|弹性工作|五险一金|绩效奖金|节日福利|专业培训|出国机会|补充医疗保险|员工旅游|年终奖金
平安综合金融业务主管,中国平安人寿保险股份有限公司陕西分公司,1.5-2万/月,西安-未央区,1年经验,本科,招36人,05-13发布,周末双休|弹性工作|五险一金|绩效奖金|节日福利|专业培训|出国机会|补充医疗保险|员工旅游|年终奖金
金融理财大客户经理,中国平安人寿保险股份有限公司陕西分公司,1-1.5万/月,西安-未央区,3-4年经验,大专,招5人,05-13发布,补充医疗保险|补充公积金|员工旅游|专业培训|出国机会|绩效奖金|年终奖金|弹性工作|定期体检
平安综合金融业务主管,中国平安人寿保险股份有限公司陕西分公司,1-1.5万/月,西安-未央区,1年经验,大专,招30人,05-13发布,周末双休|弹性工作|五险一金|绩效奖金|节日福利|专业培训|出国机会|补充医疗保险|员工旅游|年终奖金
金融理财投资顾问（大客户岗位）,中国平安人寿保险股份有限公司陕西分公司,1-1.5万/月,西安-未央区,3-4年经验,大专,招5人,05-13发布,补充医疗保险|补充公积金|员工旅游|专业培训|出国机会|绩效奖金|年终奖金|弹性工作|定期体检
中国平安主任养成计划,中国平安人寿保险股份有限公司陕西分公司,1-1.5万/月,西安-未央区,3-4年经验,大专,招4人,05-13发布,补充医疗保险|补充公积金|员工旅游|专业培训|出国机会|绩效奖金|年终奖金|弹性工作|定期体检
平安综合金融理财顾问,中国平安人寿保险股份有限公司陕西分公司,1-1.5万/月,西安-未央区,3-4年经验,大专,招5人,05-13发布,补充医疗保险|补充公积金|员工旅游|专业培训|出国机会|绩效奖金|年终奖金|弹性工作|定期体检
高薪诚聘中国平安理财顾问,中国平安人寿保险股份有限公司陕西分公司,1-1.5万/月,西安-未央区,3-4年经验,大专,招5人,05-13发布,补充医疗保险|补充公积金|员工旅游|专业培训|出国机会|绩效奖金|年终奖金|弹性工作|定期体检
综合金融客户服务经理,中国平安人寿保险股份有限公司陕西分公司,1-1.5万/月,西安-未央区,3-4年经验,大专,招5人,05-13发布,补充医疗保险|补充公积金|员工旅游|专业培训|出国机会|绩效奖金|年终奖金|弹性工作|定期体检
综合金融团队储备主管,中国平安人寿保险股份有限公司陕西分公司,1-1.5万/月,西安-未央区,3-4年经验,大专,招5人,05-13发布,补充医疗保险|补充公积金|员工旅游|专业培训|出国机会|绩效奖金|年终奖金|弹性工作|定期体检
中国平安综合金融客户经理,中国平安人寿保险股份有限公司陕西分公司,1-1.5万/月,西安-未央区,3-4年经验,大专,招5人,05-13发布,补充医疗保险|补充公积金|员工旅游|专业培训|出国机会|绩效奖金|年终奖金|弹性工作|定期体检
综合金融保险理财规划师,中国平安人寿保险股份有限公司陕西分公司,1-1.5万/月,西安-未央区,3-4年经验,大专,招5人,05-13发布,补充医疗保险|补充公积金|员工旅游|专业培训|出国机会|绩效奖金|年终奖金|弹性工作|定期体检
高薪诚聘综合金融客服经理,中国平安人寿保险股份有限公司陕西分公司,1-1.5万/月,西安-未央区,3-4年经验,大专,招5人,05-13发布,补充医疗保险|补充公积金|员工旅游|专业培训|出国机会|绩效奖金|年终奖金|弹性工作|定期体检
招募综合金融渠道推广经理,中国平安人寿保险股份有限公司陕西分公司,1-1.5万/月,西安-未央区,3-4年经验,大专,招5人,05-13发布,补充医疗保险|补充公积金|员工旅游|专业培训|出国机会|绩效奖金|年终奖金|弹性工作|定期体检
特聘中国平安储备干部,中国平安人寿保险股份有限公司陕西分公司,1-1.5万/月,西安-未央区,3-4年经验,大专,招5人,05-13发布,补充医疗保险|补充公积金|员工旅游|专业培训|出国机会|绩效奖金|年终奖金|弹性工作|定期体检
产品经理（政务行业）,三门峡崤云信息服务股份有限公司,0.8-1.5万/月,三门峡,5-7年经验,本科,招1人,05-17发布,五险一金|年终奖金|定期体检|专业培训
互联网销售经理,三体云智能科技有限公司,1.5-2万/月,西安-经济技术开发区,1年经验,大专,招3人,05-18发布,五险一金|绩效奖金|员工旅游|年终奖金|弹性工作|团队聚餐|员工生日|节日福利|下午茶|水果趴
平安综合金融金牌优才计划,中国平安人寿保险股份有限公司陕西分公司,1-1.5万/月,西安-未央区,3-4年经验,大专,招8人,05-13发布,补充医疗保险|补充公积金|员工旅游|专业培训|出国机会|绩效奖金|年终奖金|弹性工作|定期体检
销售经理,三体云智能科技有限公司,1-1.5万/月,西安-未央区,无工作经验,大专,招3人,05-18发布,五险一金|绩效奖金|员工旅游|年终奖金|弹性工作|团队聚餐|员工生日|节日福利|下午茶|水果趴
软件销售  无责底薪4K+提成  双休,三体云智能科技有限公司,1-1.5万/月,西安-未央区,1年经验,大专,招2人,05-18发布,五险一金|绩效奖金|员工旅游|年终奖金|弹性工作|团队聚餐|员工生日|节日福利|下午茶|水果趴
中国平安销售主管/高薪/周末双休,中国平安人寿保险股份有限公司陕西分公司,6-8千/月,西安-高新技术产业开发区,无工作经验,大专,招若干人,05-18发布,五险一金|补充医疗保险|补充公积金|员工旅游|绩效奖金|定期体检
金融理财顾问/周末双休,中国平安人寿保险股份有限公司陕西分公司,4.5-6千/月,西安-高新技术产业开发区,无工作经验,大专,招若干人,05-18发布,五险一金|补充医疗保险|补充公积金|员工旅游|绩效奖金|定期体检
理财规划师：国寿大学生创业平台,中国人寿保险股份有限公司西安市新城支公司,4.3-8千/月,西安-新城区,无工作经验,大专,招4人,05-19发布,专业培训|周末双休|弹性工作|全勤奖|绩效奖金|通讯补贴|补充医疗保险|做五休二|节日福利|员工旅游
急聘——综合金融客户经理,中国平安人寿保险股份有限公司陕西分公司,1-1.5万/月,西安-雁塔区,1年经验,大专,招9人,05-19发布,
电话催收员/六险一金+行政班+晋升+8K,广州谷创信息科技有限公司,6-8千/月,西安-高新技术产业开发区,无工作经验,大专,招10人,05-19发布,做五休二|五险一金|包住宿|免费班车|绩效奖金|不加班|交通补贴|餐饮补贴
金融实习生,中国人寿保险股份有限公司西安市新城支公司,6-8千/月,西安-新城区,无工作经验,大专,招若干人,05-19发布,补充医疗保险|员工旅游|专业培训|出国机会|绩效奖金|年终奖金|弹性工作|定期体检|补充养老保险
实习信贷经理,平安普惠投资咨询有限公司陕西分公司,6-8千/月,西安-雁塔区,无工作经验,大专,招3人,05-19发布,
高端客户经理（金融渠道运营）,中国平安人寿保险股份有限公司陕西分公司,1-1.5万/月,西安,1年经验,大专,招3人,04-04发布,做五休二|周末双休|弹性工作|带薪年假|节日福利|专业培训
平安综合金融金牌优才计划,中国平安人寿保险股份有限公司陕西分公司,1-1.5万/月,西安,1年经验,大专,招3人,04-04发布,做五休二|周末双休|弹性工作|带薪年假|节日福利|专业培训
中国平安理财规划师,中国平安人寿保险股份有限公司陕西分公司,1-1.5万/月,西安,2年经验,大专,招3人,04-04发布,做五休二|周末双休|弹性工作|带薪年假|节日福利|专业培训
中国平安综合金融金融业务渠道推广主管,中国平安人寿保险股份有限公司陕西分公司,1-1.5万/月,西安,1年经验,大专,招3人,04-04发布,做五休二|周末双休|弹性工作|带薪年假|节日福利|专业培训
金融销售经理,中国平安人寿保险股份有限公司陕西分公司,1-1.5万/月,西安,1年经验,大专,招3人,04-04发布,做五休二|周末双休|弹性工作|带薪年假|节日福利|专业培训
高薪诚聘综合金融客户服务经理,中国平安人寿保险股份有限公司陕西分公司,1-1.5万/月,西安,1年经验,大专,招3人,04-04发布,做五休二|周末双休|弹性工作|带薪年假|节日福利|专业培训
金融理财咨询顾问,中国平安人寿保险股份有限公司陕西分公司,0.8-1万/月,西安,1年经验,大专,招5人,04-04发布,做五休二|周末双休|弹性工作|带薪年假|节日福利|专业培训
高薪诚聘综合金融团队储备干部,中国平安人寿保险股份有限公司陕西分公司,1-1.5万/月,西安,1年经验,大专,招5人,04-04发布,做五休二|周末双休|弹性工作|带薪年假|节日福利|专业培训
诚聘中国平安综合金融客户经理,中国平安人寿保险股份有限公司陕西分公司,1-5万/月,西安,1年经验,大专,招若干人,04-04发布,做五休二|周末双休|弹性工作|带薪年假|节日福利|专业培训
中国平安客户经理（保险+综合金融）15000-25000元/月,中国平安人寿保险股份有限公司陕西分公司,1.5-2.5万/月,西安,3-4年经验,本科,招5人,04-04发布,做五休二|周末双休|弹性工作|带薪年假|节日福利|专业培训
房产经理 贷款经理 汽车销售,中国平安人寿保险股份有限公司陕西分公司,6-8千/月,西安,2年经验,大专,招若干人,04-04发布,做五休二|周末双休|弹性工作|带薪年假|节日福利|专业培训
保险销售经理,中国平安人寿保险股份有限公司陕西分公司,1-1.5万/月,西安,2年经验,大专,招10人,04-04发布,
平安保险代理人,中国平安人寿保险股份有限公司陕西分公司,0.8-1万/月,西安,1年经验,高中,招10人,04-04发布,
综合金融经理人（中国平安优才计划）,中国平安人寿保险股份有限公司陕西分公司,0.8-1万/月,西安,3-4年经验,大专,招6人,04-04发布,做五休二|周末双休|弹性工作|带薪年假|节日福利|专业培训
中国平安客户经理（储备干部）,中国平安人寿保险股份有限公司陕西分公司,1.5-2万/月,西安,2年经验,大专,招6人,04-04发布,做五休二|周末双休|弹性工作|带薪年假|节日福利|专业培训
综合金融主管,中国平安人寿保险股份有限公司陕西分公司,1.5-2万/月,西安,1年经验,大专,招10人,04-04发布,
综合金融代理人(职位编号：710000),中国平安人寿保险股份有限公司陕西分公司,1.5-2万/月,西安,1年经验,大专,招8人,04-04发布,
Web前端开发工程师,江苏银丰信息技术有限公司,0.8-1.1万/月,西安,3-4年经验,本科,招1人,05-20发布,五险一金|员工旅游|股票期权|年终奖金|专业培训|餐饮补贴|弹性工作
个险营销部主管(职位编号：013),中国平安人寿保险股份有限公司陕西分公司,6-8千/月,西安-未央区,3-4年经验,大专,招3人,05-14发布,补充医疗保险|补充公积金|员工旅游|出国机会|专业培训|弹性工作|年终奖金|绩效奖金
综合金融客户经理(职位编号：015),中国平安人寿保险股份有限公司陕西分公司,0.8-1万/月,西安-未央区,3-4年经验,大专,招6人,05-14发布,补充医疗保险|补充公积金|员工旅游|出国机会|专业培训|弹性工作|年终奖金|绩效奖金
售后服务主管(职位编号：016),中国平安人寿保险股份有限公司陕西分公司,6-8千/月,西安-未央区,3-4年经验,大专,招5人,05-14发布,补充医疗保险|补充公积金|员工旅游|专业培训|出国机会|弹性工作|年终奖金|绩效奖金
贷款综合专员(职位编号：018),中国平安人寿保险股份有限公司陕西分公司,6-8千/月,西安-未央区,3-4年经验,大专,招10人,05-14发布,补充医疗保险|补充公积金|员工旅游|出国机会|专业培训|弹性工作|年终奖金|绩效奖金
信用卡服务经理(职位编号：019),中国平安人寿保险股份有限公司陕西分公司,6-8千/月,西安-未央区,3-4年经验,大专,招5人,05-14发布,补充公积金|补充医疗保险|员工旅游|出国机会|专业培训|弹性工作|年终奖金|绩效奖金
高级综合金融业务员(职位编号：020),中国平安人寿保险股份有限公司陕西分公司,0.8-1万/月,西安-未央区,3-4年经验,大专,招8人,05-14发布,补充医疗保险|补充公积金|员工旅游|出国机会|专业培训|弹性工作|年终奖金|绩效奖金
综合金融运营经理(职位编号：024),中国平安人寿保险股份有限公司陕西分公司,6-8千/月,西安-未央区,3-4年经验,大专,招若干人,05-14发布,补充医疗保险|补充公积金|员工旅游|出国机会|专业培训|弹性工作|年终奖金|绩效奖金
理财经理(职位编号：029),中国平安人寿保险股份有限公司陕西分公司,6-8千/月,西安-未央区,2年经验,大专,招3人,05-14发布,补充医疗保险|补充公积金|员工旅游|出国机会|专业培训|弹性工作|年终奖金|绩效奖金
贷款综合专员(职位编号：031),中国平安人寿保险股份有限公司陕西分公司,6-8千/月,西安-未央区,2年经验,大专,招10人,05-14发布,补充医疗保险|补充公积金|员工旅游|出国机会|专业培训|弹性工作|年终奖金|绩效奖金
贷款综合专员(职位编号：033),中国平安人寿保险股份有限公司陕西分公司,6-8千/月,西安-未央区,2年经验,大专,招10人,05-14发布,补充医疗保险|补充公积金|员工旅游|出国机会|专业培训|弹性工作|年终奖金|绩效奖金
鹏程综合业务主管（双休 ）(职位编号：034),中国平安人寿保险股份有限公司陕西分公司,0.8-1万/月,西安-未央区,2年经验,大专,招8人,05-14发布,补充医疗保险|补充公积金|员工旅游|专业培训|出国机会|弹性工作|年终奖金|绩效奖金
个险营销部主管(职位编号：035),中国平安人寿保险股份有限公司陕西分公司,6-8千/月,西安-未央区,1年经验,大专,招3人,05-14发布,
贷款综合专员(职位编号：031),中国平安人寿保险股份有限公司陕西分公司,6-8千/月,西安-未央区,2年经验,大专,招8人,05-14发布,补充医疗保险|补充公积金|员工旅游|专业培训|出国机会|弹性工作|年终奖金|绩效奖金
鹏程综合业务主管（双休 ）(职位编号：034),中国平安人寿保险股份有限公司陕西分公司,0.8-1万/月,西安-未央区,3-4年经验,大专,招8人,05-14发布,补充医疗保险|补充公积金|员工旅游|专业培训|出国机会|弹性工作|年终奖金|绩效奖金
Web前端开发工程师,太原易思软件技术有限公司,6-8千/月,西安-高新技术产业开发区,5-7年经验,本科,招1人,05-05发布,
高薪诚聘客户运营岗,中国平安人寿保险股份有限公司陕西分公司,1-1.5万/月,西安-未央区,3-4年经验,大专,招5人,05-07发布,补充医疗保险|补充公积金|员工旅游|专业培训|出国机会|绩效奖金|年终奖金|弹性工作|定期体检
综合金融服务理财规划师,中国平安人寿保险股份有限公司陕西分公司,1-1.5万/月,西安-未央区,3-4年经验,大专,招5人,05-07发布,补充医疗保险|补充公积金|员工旅游|专业培训|出国机会|绩效奖金|年终奖金|弹性工作|定期体检
高薪招募中国平安保险代理人,中国平安人寿保险股份有限公司陕西分公司,1-1.5万/月,西安-未央区,3-4年经验,大专,招5人,05-07发布,补充医疗保险|补充公积金|员工旅游|专业培训|出国机会|绩效奖金|年终奖金|弹性工作|定期体检
综合金融理财规划师,中国人寿保险股份有限公司西安市新城支公司,3.5-7千/月,西安-新城区,无工作经验,大专,招5人,05-14发布,周末双休|弹性工作|带薪年假|全勤奖|节日福利|专业培训|五险一金
综合金融理财规划师,中国人寿保险股份有限公司西安市新城支公司,3.5-7千/月,西安-新城区,无工作经验,大专,招5人,05-14发布,周末双休|弹性工作|带薪年假|全勤奖|节日福利|专业培训|五险一金
储备主管/金融实习生,中国人寿保险股份有限公司西安市新城支公司,5-8千/月,西安-新城区,无工作经验,大专,招5人,05-14发布,周末双休|弹性工作|带薪年假|全勤奖|节日福利|专业培训|五险一金
综合金融理财规划师,中国人寿保险股份有限公司西安市新城支公司,3.5-7千/月,西安-新城区,无工作经验,大专,招5人,05-14发布,周末双休|弹性工作|带薪年假|全勤奖|节日福利|专业培训|五险一金
储备主管/金融实习生,中国人寿保险股份有限公司西安市新城支公司,5-8千/月,西安-新城区,无工作经验,大专,招5人,05-14发布,周末双休|弹性工作|带薪年假|全勤奖|节日福利|专业培训|五险一金
综合金融理财规划师,中国人寿保险股份有限公司西安市新城支公司,3.5-7千/月,西安-新城区,无工作经验,大专,招5人,05-14发布,周末双休|弹性工作|带薪年假|全勤奖|节日福利|专业培训|五险一金
综合金融理财规划师,中国人寿保险股份有限公司西安市新城支公司,3.5-7千/月,西安-新城区,无工作经验,大专,招5人,05-14发布,周末双休|弹性工作|带薪年假|全勤奖|节日福利|专业培训|五险一金
大客户销售（云计算）,西安天互通信有限公司,0.8-1万/月,西安,3-4年经验,大专,招3人,05-15发布,五险一金|通讯补贴|餐饮补贴|专业培训|员工旅游|交通补贴|绩效奖金|节假日福利|员工生日会
学术推广经理,西安千禾药业股份有限公司,6-8千/月,西安,3-4年经验,本科,招3人,05-15发布,
平安贷款专员+融资专员,中国平安人寿保险股份有限公司陕西分公司,6-8千/月,西安-未央区,无工作经验,大专,招5人,04-20发布,
金融客户经理+五险一金,中国平安人寿保险股份有限公司陕西分公司,4.5-6千/月,西安-未央区,无工作经验,大专,招5人,04-20发布,
金融理财规划师(优才计划),中国平安人寿保险股份有限公司陕西分公司,0.8-1万/月,西安-未央区,无工作经验,大专,招10人,04-20发布,
2万起中国平安综合金融主管,中国平安人寿保险股份有限公司陕西分公司,0.8-1万/月,西安-未央区,无工作经验,大专,招10人,04-20发布,
国企待遇 朝九晚六 公司直招,中国平安人寿保险股份有限公司陕西分公司,6-8千/月,西安-未央区,无工作经验,大专,招5人,04-20发布,
实习生、储备干部、应届生正式编制,中国平安人寿保险股份有限公司陕西分公司,6-8千/月,西安-未央区,无工作经验,大专,招5人,04-20发布,
储备干部,中国平安人寿保险股份有限公司陕西分公司,0.8-1万/月,西安-未央区,无工作经验,大专,招若干人,04-20发布,
金融投资理财顾问,中国平安人寿保险股份有限公司陕西分公司,6-8千/月,西安-未央区,无工作经验,高中,招10人,04-20发布,
高薪金融实习（双休）,中国平安人寿保险股份有限公司陕西分公司,6-8千/月,西安-未央区,无工作经验,大专,招10人,04-20发布,
代理人自聘人员,中国平安人寿保险股份有限公司陕西分公司,6-8千/月,西安-未央区,无工作经验,大专,招若干人,04-20发布,
综合金融优才计划招募,中国平安人寿保险股份有限公司陕西分公司,0.8-1万/月,西安-未央区,无工作经验,高中,招5人,04-20发布,
金融管理培训生/双休/五险,中国平安人寿保险股份有限公司陕西分公司,0.8-1万/月,西安-雁塔区,无工作经验,大专,招5人,05-02发布,五险一金|补充医疗保险|补充公积金|专业培训|定期体检|弹性工作|绩效奖金
金融储备干部/双休/五险,中国平安人寿保险股份有限公司陕西分公司,0.8-1万/月,西安-雁塔区,无工作经验,大专,招5人,05-02发布,五险一金|补充医疗保险|补充公积金|专业培训|定期体检|弹性工作|绩效奖金
金融销售代表/双休/五险,中国平安人寿保险股份有限公司陕西分公司,0.8-1万/月,西安-雁塔区,无工作经验,大专,招5人,05-02发布,五险一金|补充医疗保险|补充公积金|专业培训|定期体检|弹性工作|绩效奖金
无责底薪+正式编制+双休客户经理(职位编号：5),平安普惠投资咨询有限公司陕西分公司,1-1.5万/月,西安-碑林区,无工作经验,大专,招3人,05-03发布,五险一金|补充医疗保险|补充公积金|通讯补贴|定期体检|员工旅游|绩效奖金
市场经理 服装公司,西安美大商贸有限公司,6-7千/月,西安-碑林区,2年经验,大专,招3人,05-03发布,交通补贴|餐饮补贴|通讯补贴|专业培训|出国机会|绩效奖金|年终奖金
高薪综合金融客户经理,中国平安人寿保险股份有限公司陕西分公司,0.8-1万/月,西安-未央区,1年经验,大专,招10人,05-04发布,年终奖金|弹性工作|定期体检|出国机会|专业培训|绩效奖金|员工旅游|补充医疗保险|五险一金
平安综合金融业务主管,中国平安人寿保险股份有限公司陕西分公司,1.5-2万/月,西安-未央区,1年经验,本科,招37人,05-13发布,周末双休|弹性工作|五险一金|绩效奖金|节日福利|专业培训|出国机会|补充医疗保险|员工旅游|年终奖金
平安综合金融储备干部,中国平安人寿保险股份有限公司陕西分公司,1-1.5万/月,西安-未央区,1年经验,大专,招38人,05-13发布,周末双休|弹性工作|五险一金|绩效奖金|节日福利|专业培训|出国机会|补充医疗保险|员工旅游|年终奖金
平安综合金融储备干部,中国平安人寿保险股份有限公司陕西分公司,1-1.5万/月,西安-未央区,1年经验,大专,招39人,05-13发布,周末双休|弹性工作|五险一金|绩效奖金|节日福利|专业培训|出国机会|补充医疗保险|员工旅游|年终奖金
平安综合金融储备干部,中国平安人寿保险股份有限公司陕西分公司,1-1.5万/月,西安-未央区,1年经验,大专,招40人,05-13发布,周末双休|弹性工作|五险一金|绩效奖金|节日福利|专业培训|出国机会|补充医疗保险|员工旅游|年终奖金
平安综合金融储备干部,中国平安人寿保险股份有限公司陕西分公司,1-1.5万/月,西安-未央区,1年经验,大专,招42人,05-13发布,周末双休|弹性工作|五险一金|绩效奖金|节日福利|专业培训|出国机会|补充医疗保险|员工旅游|年终奖金
平安综合金融储备干部,中国平安人寿保险股份有限公司陕西分公司,1.5-2万/月,西安-未央区,1年经验,本科,招43人,05-13发布,周末双休|弹性工作|五险一金|绩效奖金|节日福利|专业培训|出国机会|补充医疗保险|员工旅游|年终奖金
平安综合金融储备干部,中国平安人寿保险股份有限公司陕西分公司,1-1.5万/月,西安-未央区,1年经验,本科,招44人,05-13发布,周末双休|弹性工作|五险一金|绩效奖金|节日福利|专业培训|出国机会|补充医疗保险|员工旅游|年终奖金
平安综合金融储备干部,中国平安人寿保险股份有限公司陕西分公司,1-1.5万/月,西安-未央区,1年经验,本科,招45人,05-13发布,周末双休|弹性工作|五险一金|绩效奖金|节日福利|专业培训|出国机会|补充医疗保险|员工旅游|年终奖金
平安综合金融主管,中国平安人寿保险股份有限公司陕西分公司,0.8-1万/月,西安-未央区,1年经验,高中,招10人,05-13发布,周末双休|弹性工作|五险一金|绩效奖金|节日福利|专业培训|出国机会|补充医疗保险|员工旅游|年终奖金
平安综合金融主管,中国平安人寿保险股份有限公司陕西分公司,0.8-1万/月,西安-未央区,1年经验,高中,招10人,05-13发布,周末双休|弹性工作|五险一金|绩效奖金|节日福利|专业培训|出国机会|补充医疗保险|员工旅游|年终奖金
中国平安综合金融服务专员,中国平安人寿保险股份有限公司陕西分公司,1-1.5万/月,西安-未央区,3-4年经验,大专,招5人,05-13发布,补充医疗保险|补充公积金|员工旅游|专业培训|出国机会|绩效奖金|年终奖金|弹性工作|定期体检
急聘金融产品客户服务经理,中国平安人寿保险股份有限公司陕西分公司,0.8-1万/月,西安-未央区,3-4年经验,大专,招5人,05-13发布,补充医疗保险|补充公积金|员工旅游|专业培训|出国机会|绩效奖金|年终奖金|弹性工作|定期体检
急聘综合金融产品服务经理,中国平安人寿保险股份有限公司陕西分公司,1-1.5万/月,西安-未央区,3-4年经验,大专,招5人,05-13发布,补充医疗保险|补充公积金|员工旅游|专业培训|出国机会|绩效奖金|年终奖金|弹性工作|定期体检
高薪诚聘中国平安保险代理人,中国平安人寿保险股份有限公司陕西分公司,1-1.5万/月,西安-未央区,3-4年经验,大专,招5人,05-13发布,补充医疗保险|补充公积金|员工旅游|专业培训|出国机会|绩效奖金|年终奖金|弹性工作|定期体检
高薪诚聘综合金融团队储备干部,中国平安人寿保险股份有限公司陕西分公司,1-1.5万/月,西安-未央区,3-4年经验,大专,招5人,05-13发布,补充医疗保险|补充公积金|员工旅游|专业培训|出国机会|绩效奖金|年终奖金|弹性工作|定期体检
高福利特聘金融大客户服务经理,中国平安人寿保险股份有限公司陕西分公司,1-1.5万/月,西安-未央区,3-4年经验,大专,招5人,05-13发布,补充医疗保险|补充公积金|员工旅游|专业培训|出国机会|绩效奖金|年终奖金|弹性工作|定期体检
高薪急聘中国平安综合金融培训讲师,中国平安人寿保险股份有限公司陕西分公司,0.8-1万/月,西安-未央区,3-4年经验,大专,招5人,05-13发布,补充医疗保险|补充公积金|员工旅游|专业培训|出国机会|绩效奖金|年终奖金|弹性工作|定期体检
大客户业务代表（工业自动化事业群）(职位编号：002),研华（中国）有限公司,6-8千/月,西安-高新技术产业开发区,2年经验,本科,招1人,04-08发布,五险一金|补充医疗保险|员工旅游|餐饮补贴|年终奖金|定期体检|年底双薪|节日福利|绩效奖金
高薪聘保险金融销售主管,中国平安人寿保险股份有限公司陕西分公司,1-1.5万/月,西安-未央区,3-4年经验,大专,招5人,05-13发布,补充医疗保险|补充公积金|员工旅游|专业培训|出国机会|绩效奖金|年终奖金|弹性工作|定期体检
云平台技术支持工程师,研华（中国）有限公司,6-8千/月,西安-高新技术产业开发区,1年经验,本科,招2人,04-08发布,五险一金|补充医疗保险|员工旅游|餐饮补贴|年终奖金|定期体检|年底双薪|节日福利|交通补贴|通讯补贴
大客户业务代表（工业自动化事业群）(职位编号：002),研华（中国）有限公司,6-8千/月,西安-高新技术产业开发区,2年经验,本科,招1人,04-08发布,五险一金|补充医疗保险|员工旅游|餐饮补贴|年终奖金|定期体检|年底双薪|节日福利|绩效奖金
销售顾问,平安普惠投资咨询有限公司陕西分公司,6-8千/月,西安-雁塔区,1年经验,大专,招若干人,05-19发布,
产品运营经理,陕西勤务通后勤服务产业有限公司,6-8千/月,西安-雁塔区,3-4年经验,本科,招1人,04-08发布,年终奖金|绩效奖金|周末双休|五险一金|员工旅游|出国机会
高级前端开发工程师（西安）,杭州数云信息技术有限公司西安分公司,1.5-2万/月,西安-高新技术产业开发区,5-7年经验,大专,招1人,04-09发布,
项目经理,西安丝路金融资产交易中心有限公司,0.8-1万/月,西安-浐灞生态区,2年经验,本科,招2人,04-10发布,五险一金|补充医疗保险|餐饮补贴|年终奖金|定期体检|专业培训|绩效奖金
信贷经理,平安普惠投资咨询有限公司陕西分公司,1-1.5万/月,西安-碑林区,无工作经验,大专,招20人,04-10发布,五险一金|专业培训|补充医疗保险|补充公积金|员工旅游|定期体检|弹性工作|每月团建
售后客服经理（可实习）,中国人寿保险股份有限公司西安市新城支公司,3-6千/月,西安-新城区,无工作经验,大专,招8人,04-10发布,员工旅游|绩效奖金|专业培训|做五休二|年终奖金|全勤奖|带薪培训|弹性工作|补充医疗保险|定期体检
理财规划师、实习生/储备干部,中国人寿保险股份有限公司西安市新城支公司,4-8千/月,西安-新城区,1年经验,大专,招3人,04-10发布,全勤奖|节日福利|专业培训|交通补贴|带薪年假|季度旅游|带薪培训|周末双休|餐饮补贴|通讯补贴
电商运营,西安力邦艺术文化投资有限公司,3-6千/月,西安,无工作经验,本科,招若干人,04-11发布,全勤奖|年终奖金|交通补贴|通讯补贴
运营经理,梵界信息技术（上海）股份有限公司西安分公司,0.6-1.3万/月,西安-碑林区,2年经验,本科,招1人,04-11发布,五险一金|周末双休|带薪年假|生日礼物|过节礼品
市场运营主管,梵界信息技术（上海）股份有限公司西安分公司,6-8千/月,西安-碑林区,3-4年经验,本科,招1人,04-11发布,五险一金|周末双休|带薪年假|生日礼物|过节礼品
金融市场部总经理,西安丝路金融资产交易中心有限公司,1-1.5万/月,西安-浐灞生态区,5-7年经验,本科,招1人,04-12发布,五险一金|补充医疗保险|餐饮补贴|年终奖金|定期体检|专业培训|绩效奖金
平安银行信用卡中心客户经理,中国平安人寿保险股份有限公司陕西分公司,6-8千/月,西安-未央区,无工作经验,高中,招10人,04-12发布,
中国平安HR实习生,中国平安人寿保险股份有限公司陕西分公司,4.5-6千/月,西安-未央区,无工作经验,大专,招若干人,04-12发布,
平安APP推广专员,中国平安人寿保险股份有限公司陕西分公司,4.5-6千/月,西安-未央区,无工作经验,高中,招5人,04-12发布,
平安优才U+主管养成计划,中国平安人寿保险股份有限公司陕西分公司,1-1.5万/月,西安-未央区,无工作经验,大专,招10人,04-12发布,
全职妈妈来中国平安,中国平安人寿保险股份有限公司陕西分公司,6-8千/月,西安-未央区,无工作经验,高中,招10人,04-12发布,
售后服务主管(职位编号：016),中国平安人寿保险股份有限公司陕西分公司,6-8千/月,西安-未央区,2年经验,大专,招6人,05-14发布,补充医疗保险|员工旅游|补充公积金|专业培训|出国机会|弹性工作|年终奖金|绩效奖金
金融理财售后顾问,中国平安人寿保险股份有限公司陕西分公司,1-1.5万/月,西安-未央区,3-4年经验,大专,招5人,05-07发布,补充医疗保险|补充公积金|员工旅游|专业培训|出国机会|绩效奖金|年终奖金|弹性工作|定期体检
综合金融管理培训讲师,中国平安人寿保险股份有限公司陕西分公司,1-1.5万/月,西安-未央区,3-4年经验,大专,招5人,05-07发布,补充医疗保险|补充公积金|员工旅游|专业培训|出国机会|绩效奖金|年终奖金|弹性工作|定期体检
直聘中国平安金融售后专员,中国平安人寿保险股份有限公司陕西分公司,1-1.5万/月,西安-未央区,3-4年经验,大专,招5人,05-07发布,补充医疗保险|补充公积金|员工旅游|专业培训|出国机会|绩效奖金|年终奖金|弹性工作|定期体检
诚聘中国平安综合金融客户服务专员,中国平安人寿保险股份有限公司陕西分公司,1-1.5万/月,西安-未央区,3-4年经验,大专,招5人,05-07发布,补充医疗保险|补充公积金|员工旅游|专业培训|出国机会|绩效奖金|年终奖金|弹性工作|定期体检
直聘综合金融高端客户服务经理,中国平安人寿保险股份有限公司陕西分公司,0.8-1万/月,西安-未央区,3-4年经验,大专,招5人,05-07发布,补充医疗保险|补充公积金|员工旅游|专业培训|出国机会|绩效奖金|年终奖金|弹性工作|定期体检
高薪诚聘中国平安客户服务专员,中国平安人寿保险股份有限公司陕西分公司,0.8-1万/月,西安-未央区,3-4年经验,大专,招5人,05-07发布,补充医疗保险|补充公积金|员工旅游|专业培训|出国机会|绩效奖金|年终奖金|弹性工作|定期体检
中国平安综合金融主任培养计划,中国平安人寿保险股份有限公司陕西分公司,1-1.5万/月,西安-未央区,3-4年经验,大专,招5人,05-07发布,补充医疗保险|补充公积金|员工旅游|专业培训|出国机会|绩效奖金|年终奖金|弹性工作|定期体检
中国平安综合金融业务主任,中国平安人寿保险股份有限公司陕西分公司,0.8-1万/月,西安-未央区,3-4年经验,大专,招5人,05-07发布,补充医疗保险|补充公积金|员工旅游|专业培训|出国机会|绩效奖金|年终奖金|弹性工作|定期体检
平安金融渠道拓展专员,中国平安人寿保险股份有限公司陕西分公司,0.8-1万/月,西安-未央区,3-4年经验,大专,招5人,05-07发布,补充医疗保险|补充公积金|员工旅游|专业培训|出国机会|绩效奖金|年终奖金|弹性工作|定期体检
综合金融团队储备主管,中国平安人寿保险股份有限公司陕西分公司,1-1.5万/月,西安-未央区,3-4年经验,大专,招5人,05-07发布,补充医疗保险|补充公积金|员工旅游|专业培训|出国机会|绩效奖金|年终奖金|弹性工作|定期体检
中国平安急聘大客户经理,中国平安人寿保险股份有限公司陕西分公司,1-1.5万/月,西安-未央区,5-7年经验,本科,招5人,05-07发布,补充医疗保险|补充公积金|员工旅游|专业培训|出国机会|绩效奖金|年终奖金|弹性工作|定期体检
产品需求工程师（某互联网企业）,西安瀚特人力资源有限公司,2-2.5万/月,西安-高新技术产业开发区,3-4年经验,本科,招5人,05-16发布,
高级图像开发工程师（某互联网企业）,西安瀚特人力资源有限公司,2-2.5万/月,西安-高新技术产业开发区,3-4年经验,本科,招5人,05-16发布,
（某500强知名企业）React Native开发工程师,西安瀚特人力资源有限公司,1-1.5万/月,西安-高新技术产业开发区,3-4年经验,本科,招若干人,05-16发布,
大数据运维,南京烽火星空通信发展有限公司,1-2万/月,西安-高新技术产业开发区,2年经验,本科,招2人,05-16发布,五险一金|补充医疗保险|年底双薪|交通补贴|餐饮补贴|定期体检
金融客户经理(职位编号：001),上海友而信市场信息咨询有限公司西安第一分公司,0.6-2万/月,西安-新城区,无工作经验,大专,招5人,05-16发布,五险一金
金融销售经理（月薪8000—1W）,上海友而信市场信息咨询有限公司西安第一分公司,0.8-1万/月,西安-新城区,无工作经验,大专,招5人,05-16发布,五险一金|出国机会|专业培训|弹性工作|定期体检|绩效奖金|员工旅游
金融信贷经理（6000—22000）,上海友而信市场信息咨询有限公司西安第一分公司,0.5-2.2万/月,西安-新城区,无工作经验,大专,招5人,05-16发布,五险一金|出国机会|专业培训|弹性工作|定期体检|绩效奖金|员工旅游
销售专员（6000-10000）,上海友而信市场信息咨询有限公司西安第一分公司,0.6-1.2万/月,西安-新城区,无工作经验,大专,招5人,05-16发布,五险一金|出国机会|专业培训|弹性工作|定期体检|绩效奖金|员工旅游
高级UI设计师,西安菲服人力资源有限公司,1.5-2万/月,西安-雁塔区,8-9年经验,本科,招若干人,04-20发布,
金融销售代表（6K-10k）,上海友而信市场信息咨询有限公司西安第一分公司,0.6-1万/月,西安-新城区,无工作经验,大专,招5人,05-16发布,五险一金|出国机会|专业培训|弹性工作|定期体检|绩效奖金|员工旅游
销售代表（6000-12000）,上海友而信市场信息咨询有限公司西安第一分公司,0.6-1.2万/月,西安-新城区,无工作经验,大专,招5人,05-16发布,五险一金|出国机会|专业培训|弹性工作|定期体检|绩效奖金|员工旅游
金融销售（6000—12000）,上海友而信市场信息咨询有限公司西安第一分公司,0.6-1.2万/月,西安-新城区,无工作经验,大专,招5人,05-16发布,五险一金|出国机会|专业培训|弹性工作|定期体检|绩效奖金|员工旅游
金融销售（5000-22000）,上海友而信市场信息咨询有限公司西安第一分公司,0.5-2.2万/月,西安-新城区,无工作经验,大专,招5人,05-16发布,五险一金|出国机会|专业培训|弹性工作|定期体检|绩效奖金|员工旅游
高级UI设计师,西安飞鸟软件科技有限公司,0.5-2万/月,西安-高新技术产业开发区,5-7年经验,大专,招5人,04-23发布,五险一金|交通补贴|餐饮补贴|通讯补贴|年终奖金|员工旅游|出国机会|定期体检
中国平安优才计划经理,中国平安人寿保险股份有限公司陕西分公司,1-1.5万/月,西安-未央区,3-4年经验,大专,招5人,05-13发布,补充医疗保险|补充公积金|员工旅游|专业培训|出国机会|绩效奖金|年终奖金|弹性工作|定期体检
2018 应届生专场招聘,中国平安人寿保险股份有限公司陕西分公司,4.5-6千/月,西安-未央区,无工作经验,大专,招10人,04-12发布,
高薪急聘综合金融客户服务经理,中国平安人寿保险股份有限公司陕西分公司,1.5-2万/月,西安-未央区,3-4年经验,大专,招5人,05-07发布,补充医疗保险|补充公积金|员工旅游|专业培训|出国机会|绩效奖金|年终奖金|弹性工作|定期体检
平安综合金融主管,中国平安人寿保险股份有限公司陕西分公司,0.8-1万/月,西安-未央区,1年经验,高中,招10人,05-13发布,周末双休|弹性工作|五险一金|绩效奖金|节日福利|专业培训|出国机会|补充医疗保险|员工旅游|年终奖金
综合金融客户服务经理,中国平安人寿保险股份有限公司陕西分公司,1-1.5万/月,西安-未央区,3-4年经验,大专,招5人,05-07发布,补充医疗保险|补充公积金|员工旅游|专业培训|出国机会|绩效奖金|年终奖金|弹性工作|定期体检
综合金融客户服务经理,中国平安人寿保险股份有限公司陕西分公司,1-1.5万/月,西安-未央区,3-4年经验,大专,招5人,05-07发布,补充医疗保险|补充公积金|员工旅游|专业培训|出国机会|绩效奖金|年终奖金|弹性工作|定期体检
急聘投资理财顾问,中国平安人寿保险股份有限公司陕西分公司,1.5-2万/月,西安-未央区,3-4年经验,大专,招5人,05-07发布,补充医疗保险|补充公积金|员工旅游|专业培训|出国机会|绩效奖金|年终奖金|弹性工作|定期体检
平安综合金融业务经理,中国平安人寿保险股份有限公司陕西分公司,1-1.5万/月,西安-未央区,3-4年经验,大专,招5人,05-07发布,补充医疗保险|补充公积金|员工旅游|专业培训|出国机会|绩效奖金|年终奖金|弹性工作|定期体检
综合金融培训讲师,中国平安人寿保险股份有限公司陕西分公司,1-1.5万/月,西安-未央区,3-4年经验,大专,招5人,05-07发布,补充医疗保险|补充公积金|员工旅游|专业培训|出国机会|绩效奖金|年终奖金|弹性工作|定期体检
综合金融客户服务经理,中国平安人寿保险股份有限公司陕西分公司,1-1.5万/月,西安-未央区,3-4年经验,大专,招5人,05-07发布,补充医疗保险|补充公积金|员工旅游|专业培训|出国机会|绩效奖金|年终奖金|弹性工作|定期体检
综合金融团队储备主管,中国平安人寿保险股份有限公司陕西分公司,1-1.5万/月,西安-未央区,3-4年经验,大专,招5人,05-07发布,补充医疗保险|补充公积金|员工旅游|专业培训|出国机会|绩效奖金|年终奖金|弹性工作|定期体检
高薪诚聘综合金融客服经理,中国平安人寿保险股份有限公司陕西分公司,1-1.5万/月,西安-未央区,3-4年经验,大专,招5人,05-07发布,补充医疗保险|补充公积金|员工旅游|专业培训|出国机会|绩效奖金|年终奖金|弹性工作|定期体检
高薪诚聘综合金融客户经理,中国平安人寿保险股份有限公司陕西分公司,1-1.5万/月,西安-未央区,3-4年经验,大专,招5人,05-07发布,补充医疗保险|补充公积金|员工旅游|专业培训|出国机会|绩效奖金|年终奖金|弹性工作|定期体检
中国平安综合金融客户服务经理,中国平安人寿保险股份有限公司陕西分公司,1-1.5万/月,西安-未央区,3-4年经验,大专,招5人,05-07发布,补充医疗保险|补充公积金|员工旅游|专业培训|出国机会|绩效奖金|年终奖金|弹性工作|定期体检
高薪诚聘储备主管,中国平安人寿保险股份有限公司陕西分公司,1.5-2万/月,西安-未央区,3-4年经验,大专,招5人,05-07发布,补充医疗保险|补充公积金|员工旅游|专业培训|出国机会|绩效奖金|年终奖金|弹性工作|定期体检
综合金融客户服务经理,中国平安人寿保险股份有限公司陕西分公司,1-1.5万/月,西安-未央区,3-4年经验,大专,招5人,05-07发布,补充医疗保险|补充公积金|员工旅游|专业培训|出国机会|绩效奖金|年终奖金|弹性工作|定期体检
运营经理（无责3k)+五险一金+提成,西安中融联合商务信息咨询有限公司,6-8千/月,西安-碑林区,1年经验,大专,招若干人,04-23发布,五险一金|带薪年假|专业培训|节日福利|全勤奖|绩效奖金
销售服务经理（高薪+双休）,中国平安人寿保险股份有限公司陕西分公司,1-1.5万/月,西安-未央区,3-4年经验,大专,招5人,05-07发布,补充医疗保险|补充公积金|员工旅游|专业培训|出国机会|绩效奖金|年终奖金|弹性工作|定期体检
招募储备主管（高薪+双休）,中国平安人寿保险股份有限公司陕西分公司,1-1.5万/月,西安-未央区,3-4年经验,大专,招5人,05-07发布,补充医疗保险|补充公积金|员工旅游|专业培训|出国机会|绩效奖金|年终奖金|弹性工作|定期体检
中国平安团队储备经理,中国平安人寿保险股份有限公司陕西分公司,1-1.5万/月,西安-未央区,3-4年经验,大专,招5人,05-07发布,补充医疗保险|补充公积金|员工旅游|专业培训|出国机会|绩效奖金|年终奖金|弹性工作|定期体检
高薪诚聘中国平安综合金融团队主管,中国平安人寿保险股份有限公司陕西分公司,1-1.5万/月,西安-未央区,3-4年经验,大专,招5人,05-07发布,补充医疗保险|补充公积金|员工旅游|专业培训|出国机会|绩效奖金|年终奖金|弹性工作|定期体检
金融销售服务经理（高薪招募）,中国平安人寿保险股份有限公司陕西分公司,1-1.5万/月,西安-未央区,3-4年经验,大专,招5人,05-07发布,补充医疗保险|补充公积金|员工旅游|专业培训|出国机会|绩效奖金|年终奖金|弹性工作|定期体检
金融销售（6000-30000）,上海友而信市场信息咨询有限公司西安第一分公司,0.6-3万/月,西安-新城区,无工作经验,大专,招5人,05-16发布,五险一金|出国机会|专业培训|弹性工作|定期体检|绩效奖金|员工旅游
高薪金融销售（5000-22000）,上海友而信市场信息咨询有限公司西安第一分公司,0.5-1.2万/月,西安-新城区,无工作经验,大专,招若干人,05-16发布,五险一金|出国机会|专业培训|弹性工作|定期体检|绩效奖金|员工旅游
高薪金融销售（5000-22000）,上海友而信市场信息咨询有限公司西安第一分公司,0.6-2.2万/月,西安-新城区,无工作经验,大专,招5人,05-16发布,五险一金|出国机会|专业培训|弹性工作|定期体检|绩效奖金|员工旅游
产品策划,西安交大长天软件股份有限公司,1-1.5万/月,西安,3-4年经验,本科,招1人,05-16发布,五险一金|补充医疗保险|员工旅游|交通补贴|餐饮补贴|专业培训|绩效奖金|年终奖金
渠道销售经理,西安交大长天软件股份有限公司,0.8-1万/月,西安,无工作经验,大专,招2人,05-16发布,五险一金|通讯补贴|员工旅游|餐补
渠道分销,西安交大长天软件股份有限公司,0.8-1万/月,西安,无工作经验,本科,招3人,05-16发布,五险一金|通讯补贴|员工旅游|餐补
综合金融经纪人业务主管(职位编号：01),中国平安人寿保险股份有限公司陕西分公司,0.8-1万/月,西安-未央区,无工作经验,大专,招20人,05-17发布,做五休二|周末双休|带薪年假|五险一金|定期旅游|员工生日|专业培训|弹性工作|节日福利|绩效奖金
中国平安综合金融业务经理(职位编号：03),中国平安人寿保险股份有限公司陕西分公司,0.8-1万/月,西安-未央区,无工作经验,高中,招20人,05-17发布,做五休二|周末双休|带薪年假|五险一金|定期旅游|员工生日|专业培训|弹性工作|节日福利|绩效奖金
web前端开发工程师,美能国际生物科技（深圳）有限公司,0.8-1.5万/月,西安-高新技术产业开发区,3-4年经验,本科,招1人,05-17发布,年终分红|股票期权|每年多次调薪|绩效奖金|出国游|大牛带队|五险一金
5000诚聘销售精英双休,中国平安人寿保险股份有限公司陕西分公司,0.8-1万/月,西安-未央区,3-4年经验,大专,招6人,05-14发布,补充医疗保险|补充公积金|员工旅游|出国机会|专业培训|绩效奖金|年终奖金
客户服务续期专员月收入1万+,中国平安人寿保险股份有限公司陕西分公司,0.8-1万/月,西安-未央区,3-4年经验,大专,招8人,05-14发布,补充公积金|补充医疗保险|员工旅游|出国机会|专业培训|弹性工作|年终奖金|绩效奖金
业务主管/经理 投资理财顾问,中国平安人寿保险股份有限公司陕西分公司,0.8-1万/月,西安-未央区,3-4年经验,大专,招8人,05-14发布,补充医疗保险|补充公积金|员工旅游|出国机会|专业培训|弹性工作|年终奖金|绩效奖金|周末双休
适合宝妈的销售经理,中国平安人寿保险股份有限公司陕西分公司,0.8-1万/月,西安-未央区,1年经验,大专,招8人,05-14发布,补充医疗保险|补充公积金|员工旅游|出国机会|专业培训|弹性工作|年终奖金|绩效奖金
保险产品高级主任,中国平安人寿保险股份有限公司陕西分公司,0.8-1万/月,西安-未央区,3-4年经验,大专,招5人,05-14发布,周末双休|弹性工作|绩效奖金|全勤奖|节日福利|专业培训|出国旅游
综合金融经理 (银行 保险 证券 贷款 房产 汽车金融),中国平安人寿保险股份有限公司陕西分公司,0.8-1万/月,西安-未央区,无工作经验,大专,招5人,05-14发布,周末双休|弹性工作|绩效奖金|全勤奖|节日福利|专业培训
客户服务续期专员月收入1万+,中国平安人寿保险股份有限公司陕西分公司,0.8-1万/月,西安-未央区,3-4年经验,大专,招8人,05-14发布,补充医疗保险|补充公积金|员工旅游|专业培训|出国机会|弹性工作|年终奖金|绩效奖金
投资理财顾问,中国平安人寿保险股份有限公司陕西分公司,0.8-1万/月,西安-未央区,3-4年经验,大专,招6人,05-14发布,补充医疗保险|补充公积金|绩效奖金|年终奖金|专业培训|出国机会|员工旅游|弹性工作
综合金融经理 (银行 保险 证券 贷款 房产 汽车金融),中国平安人寿保险股份有限公司陕西分公司,0.8-1万/月,西安-未央区,3-4年经验,大专,招5人,05-14发布,
适合宝妈的销售经理,中国平安人寿保险股份有限公司陕西分公司,0.8-1万/月,西安-未央区,1年经验,大专,招3人,05-14发布,补充医疗保险|补充公积金|员工旅游|专业培训|弹性工作|年终奖金|绩效奖金|周末双休
业务主管/经理 投资理财顾问,中国平安人寿保险股份有限公司陕西分公司,0.8-1万/月,西安-未央区,3-4年经验,大专,招5人,05-14发布,补充医疗保险|补充公积金|员工旅游|出国机会|专业培训|弹性工作|年终奖金|绩效奖金|周末双休
急聘培训讲师 月薪5000起+双休,中国平安人寿保险股份有限公司陕西分公司,1-1.5万/月,西安-未央区,3-4年经验,大专,招3人,05-14发布,周末双休|弹性工作|绩效奖金|全勤奖|节日福利|专业培训
5000诚聘销售精英双休,中国平安人寿保险股份有限公司陕西分公司,0.8-1万/月,西安-未央区,3-4年经验,大专,招5人,05-14发布,
客户经理 +月薪过万,中国平安人寿保险股份有限公司陕西分公司,0.8-1万/月,西安-未央区,3-4年经验,大专,招5人,05-14发布,补充医疗保险|补充公积金|员工旅游|出国机会|专业培训|弹性工作|年终奖金|绩效奖金|周末双休
家族财富管理师,中国平安人寿保险股份有限公司陕西分公司,0.8-1万/月,西安-未央区,3-4年经验,大专,招3人,05-14发布,补充医疗保险|补充公积金|员工旅游|出国机会|专业培训|弹性工作|年终奖金|绩效奖金|周末双休
资深大客户经理,中国平安人寿保险股份有限公司陕西分公司,1-1.5万/月,西安-未央区,3-4年经验,大专,招3人,05-14发布,周末双休|弹性工作|绩效奖金|节日福利|专业培训|全勤奖
急聘培训讲师 月薪5000起+双休,中国平安人寿保险股份有限公司陕西分公司,0.8-1万/月,西安-未央区,3-4年经验,大专,招3人,05-14发布,周末双休|弹性工作|绩效奖金|全勤奖|节日福利|专业培训
保险产品高级主任,中国平安人寿保险股份有限公司陕西分公司,0.8-1万/月,西安-未央区,3-4年经验,大专,招3人,05-14发布,周末双休|弹性工作|绩效奖金|全勤奖|节日福利|专业培训
适合宝妈的销售经理,中国平安人寿保险股份有限公司陕西分公司,0.8-1万/月,西安-未央区,3-4年经验,大专,招3人,05-14发布,补充医疗保险|补充公积金|员工旅游|出国机会|专业培训|弹性工作|年终奖金|绩效奖金|周末双休
保险专员,中国平安人寿保险股份有限公司陕西分公司,0.8-1万/月,西安-未央区,3-4年经验,大专,招8人,05-14发布,补充医疗保险|补充公积金|员工旅游|专业培训|出国机会|绩效奖金|年终奖金|弹性工作
综合金融经理 (银行 保险 证券 贷款 房产 汽车金融),中国平安人寿保险股份有限公司陕西分公司,0.8-1万/月,西安-未央区,1年经验,大专,招3人,05-14发布,做五休二|周末双休|弹性工作|绩效奖金|全勤奖|节日福利|专业培训
招聘销售精英(职位编号：012),中国平安人寿保险股份有限公司陕西分公司,4.5-6千/月,西安-未央区,2年经验,大专,招6人,05-14发布,补充医疗保险|补充公积金|员工旅游|出国机会|专业培训|弹性工作|年终奖金|绩效奖金
综合金融（贷款，保险，银行）销售经理,中国平安人寿保险股份有限公司陕西分公司,0.8-1万/月,西安-未央区,3-4年经验,大专,招9人,05-14发布,补充医疗保险|补充公积金|员工旅游|出国机会|专业培训|弹性工作|年终奖金|绩效奖金
综合金融经理 (银行 保险 证券 贷款 房产 汽车金融),中国平安人寿保险股份有限公司陕西分公司,0.8-1万/月,西安-未央区,3-4年经验,大专,招9人,05-14发布,周末双休|弹性工作|绩效奖金|全勤奖|节日福利|专业培训
综合金融经理/销售主管,中国平安人寿保险股份有限公司陕西分公司,0.8-1万/月,西安-未央区,3-4年经验,大专,招8人,05-14发布,补充医疗保险|补充公积金|员工旅游|出国机会|专业培训|弹性工作|年终奖金|绩效奖金
客户经理 +月薪过万,中国平安人寿保险股份有限公司陕西分公司,0.8-1万/月,西安-未央区,3-4年经验,大专,招6人,05-14发布,补充医疗保险|补充公积金|员工旅游|出国机会|专业培训|弹性工作|年终奖金|绩效奖金
急聘培训讲师 月薪5000起+双休,中国平安人寿保险股份有限公司陕西分公司,6-8千/月,西安-未央区,3-4年经验,大专,招6人,05-14发布,周末双休|弹性工作|绩效奖金|全勤奖|节日福利|专业培训|出国旅游
信用卡服务经理(职位编号：019),中国平安人寿保险股份有限公司陕西分公司,0.8-1万/月,西安-未央区,3-4年经验,大专,招5人,05-14发布,补充医疗保险|补充公积金|员工旅游|出国机会|专业培训|弹性工作|年终奖金|绩效奖金
综合金融经理 (银行 保险 证券 贷款 房产 汽车金融),中国平安人寿保险股份有限公司陕西分公司,0.8-1万/月,西安-未央区,3-4年经验,大专,招9人,05-14发布,做五休二|周末双休|弹性工作|带薪年假|绩效奖金|节日福利|专业培训
理财经理,陕西融安盛祥资产管理有限公司,10-40万/年,西安-经济技术开发区,1年经验,大专,招6人,05-14发布,专业培训
综合金融理财规划师,中国人寿保险股份有限公司西安市新城支公司,3.5-7千/月,西安-新城区,无工作经验,大专,招5人,05-14发布,周末双休|弹性工作|带薪年假|全勤奖|节日福利|专业培训|五险一金
综合金融理财规划师,中国人寿保险股份有限公司西安市新城支公司,3.5-7千/月,西安-新城区,无工作经验,大专,招5人,05-14发布,周末双休|弹性工作|带薪年假|全勤奖|节日福利|专业培训|五险一金
储备主管/金融实习生,中国人寿保险股份有限公司西安市新城支公司,5-8千/月,西安-新城区,无工作经验,大专,招5人,05-14发布,周末双休|弹性工作|带薪年假|全勤奖|节日福利|专业培训|五险一金
储备主管/金融实习生,中国人寿保险股份有限公司西安市新城支公司,5-8千/月,西安-新城区,无工作经验,大专,招5人,05-14发布,周末双休|弹性工作|带薪年假|全勤奖|节日福利|专业培训|五险一金
综合金融理财规划师,中国人寿保险股份有限公司西安市新城支公司,3.5-7千/月,西安-新城区,无工作经验,大专,招5人,05-14发布,周末双休|弹性工作|带薪年假|全勤奖|节日福利|专业培训|五险一金
储备主管/金融实习生,中国人寿保险股份有限公司西安市新城支公司,5-8千/月,西安-新城区,无工作经验,大专,招5人,05-14发布,周末双休|弹性工作|带薪年假|全勤奖|节日福利|专业培训|五险一金
储备主管/金融实习生,中国人寿保险股份有限公司西安市新城支公司,5-8千/月,西安-新城区,无工作经验,大专,招5人,05-14发布,周末双休|弹性工作|带薪年假|全勤奖|节日福利|专业培训|五险一金
软件直销客户经理,三体云智能科技有限公司,1.5-2千/月,南京-建邺区,1年经验,大专,招若干人,05-18发布,五险一金|绩效奖金|员工旅游|年终奖金|弹性工作|团队聚餐|员工生日|节日福利|下午茶|水果趴
高级产品经理-车险方向(职位编号：014),中国平安人寿保险股份有限公司陕西分公司,4.5-6千/月,西安-未央区,3-4年经验,大专,招10人,05-14发布,补充医疗保险|补充公积金|员工旅游|出国机会|专业培训|弹性工作|绩效奖金|年终奖金
微粒贷二次续贷客户经理,友众信业金融信息服务（上海）有限公司西安第二分公司,0.5-1.8万/月,西安,无工作经验,大专,招6人,03-21发布,五险一金|补充医疗保险|补充公积金|员工旅游|专业培训|出国机会|绩效奖金|弹性工作|定期体检|做五休二
小额信贷专员月入过万,友众信业金融信息服务（上海）有限公司西安第二分公司,0.5-1.8万/月,西安,无工作经验,大专,招6人,03-21发布,五险一金|补充医疗保险|补充公积金|员工旅游|专业培训|出国机会|绩效奖金|弹性工作|定期体检|做五休二
平安鹏程计划储备主管,中国平安人寿保险股份有限公司陕西分公司,2-2.5万/月,西安-雁塔区,2年经验,本科,招5人,03-22发布,
信息流广告优化,陕西敏捷装饰工程有限公司,4.5-6千/月,西安-高新技术产业开发区,无工作经验,大专,招3人,03-22发布,
急聘—综合金融投资理财顾问,中国平安人寿保险股份有限公司陕西分公司,1-1.5万/月,西安-雁塔区,1年经验,大专,招9人,03-22发布,
月薪9000招聘优秀客户经理,友众信业金融信息服务（上海）有限公司西安第二分公司,1-1.5万/月,西安-碑林区,无工作经验,大专,招2人,03-24发布,带薪年假|五险一金|绩效奖金|全勤奖|节日福利|专业培训
UI设计师,畅移（上海）信息科技有限公司,0.8-1万/月,陕西省,无工作经验,大专,招1人,03-26发布,
信贷专员月薪8000-12000,友众信业金融信息服务(上海)有限公司西安第二分公司,1-1.5万/月,西安-碑林区,1年经验,大专,招3人,03-26发布,五险一金|补充医疗保险|员工旅游|出国机会|专业培训|绩效奖金|年终奖金|定期体检
高级客户经理/客户经理,友众信业金融信息服务（上海）有限公司西安第一分公司,0.8-1.5万/月,西安-雁塔区,无工作经验,大专,招3人,03-26发布,五险一金|专业培训|出国机会|定期体检|员工旅游
金融信贷专员月薪8000-15000,友众信业金融信息服务（上海）有限公司西安第一分公司,0.8-1.5万/月,西安,无工作经验,大专,招2人,03-26发布,五险一金|员工旅游|专业培训|出国机会|绩效奖金|弹性工作|定期体检
项目主管(职位编号：2),西安迪安医学检验实验室有限公司,10-15万/年,陕西省,2年经验,本科,招2人,03-27发布,五险一金|餐饮补贴|通讯补贴|专业培训|定期体检|年终奖金|绩效奖金|带薪年假|周末双休|交通补贴
直招销售经理+高提成+朝九晚五,百年人寿保险股份有限公司陕西分公司,0.4-1万/月,西安-雁塔区,无工作经验,大专,招3人,03-28发布,五险一金|周末双休|带薪年假|绩效奖金|节日福利|专业培训|高温补贴
Teamcenter实施顾问,南京易之恒软件技术有限公司,0.5-1.2万/月,西安,2年经验,本科,招3人,03-29发布,五险一金|绩效奖金|专业培训|员工旅游|出国机会
web前端工程师,西安悦泰科技有限责任公司,0.7-1.3万/月,西安,3-4年经验,本科,招2人,03-29发布,五险一金|交通补贴|通讯补贴|专业培训|定期体检
JAVA软件工程师,西安悦泰科技有限责任公司,5-8千/月,西安,3-4年经验,本科,招2人,03-29发布,五险一金|交通补贴|绩效奖金|通讯补贴|定期体检
金融产品销售经理（优才计划）,百年人寿保险股份有限公司陕西分公司,4.2-8千/月,西安-雁塔区,无工作经验,大专,招3人,03-29发布,五险一金|周末双休|带薪年假|绩效奖金|节日福利|专业培训|高温补贴
综合金融岗（银行 证券 信托 保险）,中国平安人寿保险股份有限公司陕西分公司,0.8-1万/月,西安-雁塔区,1年经验,大专,招10人,03-29发布,
金融产品专员,平安普惠投资咨询有限公司陕西分公司,1.5-2万/月,西安-雁塔区,无工作经验,大专,招5人,03-31发布,弹性工作|带薪年假|五险一金|绩效奖金|节日福利|专业培训|高温补贴|季度旅游
信用卡部负责人,上海阔礼商务咨询有限公司,0.8-1万/月,西安,3-4年经验,大专,招1人,04-02发布,五险一金|补充医疗保险|员工旅游|餐饮补贴|专业培训|绩效奖金|年终奖金|弹性工作
金融产品培训师 周末双休绩效奖金,百年人寿保险股份有限公司陕西分公司,4-6千/月,西安-雁塔区,无工作经验,大专,招若干人,04-02发布,五险一金|周末双休|带薪年假|绩效奖金|节日福利|专业培训|高温补贴
三生三世 职等你来 双休五险一金,百年人寿保险股份有限公司陕西分公司,5-8千/月,西安-雁塔区,无工作经验,大专,招3人,04-02发布,五险一金|周末双休|带薪年假|绩效奖金|节日福利|专业培训|高温补贴
产品经理,安康龙成网络科技有限公司,3-5万/月,上海,3-4年经验,大专,招3人,05-20发布,免费班车|员工旅游|餐饮补贴|交通补贴|通讯补贴|年终奖金
产品经理,西安银桥乳业（集团）有限公司临潼分公司,7-8千/月,西安-高新技术产业开发区,无工作经验,大专,招2人,05-20发布,
综合金融产品经理,中国平安人寿保险股份有限公司陕西分公司,0.8-1万/月,西安-未央区,无工作经验,大专,招10人,05-20发布,
互联网产品经理,西安银信博锐信息科技有限公司,0.8-1.5万/月,西安,1年经验,大专,招3人,05-20发布,做五休二|带薪年假|五险一金|年终奖金|绩效奖金|专业培训|交通补贴|节日福利
产品经理/需求分析,苏州思源科安信息技术有限公司,0.8-1.6万/月,西安-高新技术产业开发区,3-4年经验,本科,招1人,05-20发布,做五休二|节日福利|专业培训|五险一金|法定假日|员工旅游|年终奖金|绩效奖金|交通补贴|餐饮补贴
投资顾问（西安未央路营业部）,安信证券股份有限公司,1-1.5万/月,西安-未央区,2年经验,本科,招3人,03-25发布,
产品经理,陕西百年健康药业有限公司,6-8千/月,西安-经济技术开发区,5-7年经验,大专,招1人,05-20发布,五险一金|通讯补贴|员工旅游|免费班车|交通补贴|弹性工作|餐饮补贴
金融信贷产品经理（集团正式编制）,平安普惠信息服务有限公司陕西分公司,4-5万/月,西安-碑林区,3-4年经验,大专,招4人,05-20发布,
产品经理,陕西科福实业有限公司,4-6千/月,西安-灞桥区,2年经验,大专,招1人,05-20发布,餐饮补贴|高温补贴|通讯补贴
英语翻译,百川资讯,4-6千/月,西安,无工作经验,本科,招1人,05-20发布,五险一金|绩效奖金|年终奖金|带薪年假
产品业务经理（PSM）,陕西瑞迅电子信息技术有限公司,0.6-1万/月,西安-高新技术产业开发区,3-4年经验,本科,招2人,04-23发布,周末双休|带薪年假|五险一金|节日福利|通讯补贴|餐饮补贴
办公室电话催收/晋升快+培训+节假日8500+,广州谷创信息科技有限公司,0.8-1万/月,西安-高新技术产业开发区,无工作经验,大专,招10人,05-20发布,做五休二|五险一金|绩效奖金|餐饮补贴|专业培训|带薪年假|节日福利|交通补贴|年终奖金
销售工程师,上海鼎鬲智能科技有限公司西安分公司,0.6-1万/月,西安-雁塔区,3-4年经验,大专,招若干人,05-20发布,五险一金|餐饮补贴|绩效奖金|年终奖金|弹性工作
金融实习生,中国平安人寿保险股份有限公司陕西分公司,0.8-1万/月,西安-雁塔区,无工作经验,大专,招3人,05-20发布,周末双休|带薪年假|绩效奖金|全勤奖|员工旅游|交通补贴|不加班|五险一金|弹性工作|免费班车
培训导师,陕西建工网络科技有限公司,0.8-1万/月,西安-雁塔区,无工作经验,大专,招6人,05-20发布,
中国人寿直招金融客户经理,中国人寿保险股份有限公司西安分公司经济技术开发区营销服务部,0.8-1万/月,西安-未央区,无工作经验,中专,招10人,05-20发布,
理财规划师,新华人寿保险股份有限公司西安市雁塔支公司,1-1.5万/月,西安-雁塔区,2年经验,大专,招2人,05-20发布,五险|补充医疗保险|补充公积金|员工旅游|专业培训|绩效奖金|年终奖金|定期体检|周末双休|弹性工作
旅游产品经理,陕西候鸟家园国际旅行社有限公司,5-8千/月,西安-未央区,5-7年经验,大专,招若干人,04-08发布,
产品经理-智能零售方向,研华（中国）有限公司,1-1.5万/月,西安-高新技术产业开发区,2年经验,本科,招1人,04-08发布,五险一金|补充医疗保险|员工旅游|餐饮补贴|年终奖金|定期体检|年底双薪|节日福利|绩效奖金
产品经理,陕西勤务通后勤服务产业有限公司,6-8千/月,西安-雁塔区,3-4年经验,本科,招1人,04-08发布,年终奖金|绩效奖金|周末双休|五险一金
产品经理-西安,北京明略软件系统有限公司,1.5-2万/月,西安-未央区,无工作经验,本科,招若干人,04-08发布,五险一金|补充医疗保险|交通补贴|餐饮补贴|绩效奖金|年终奖金|股票期权
售前产品经理（年薪15W起）(职位编号：sangfor000417),深信服科技股份有限公司,1-1.5万/月,深圳-南山区,无工作经验,本科,招若干人,03-28发布,五险一金|交通补贴|通讯补贴|专业培训|年终奖金|定期体检
家庭风险管理师,新华人寿保险股份有限公司西安市雁塔支公司,1-1.5万/月,西安-雁塔区,2年经验,大专,招2人,05-20发布,五险|补充医疗保险|员工旅游|定期体检|绩效奖金|年终奖金|专业培训|出国机会
团队经理,上海友而信市场信息咨询有限公司西安第二分公司,1.5-2万/月,西安-莲湖区,3-4年经验,大专,招1人,05-20发布,五险一金|员工旅游|绩效奖金
产品经理,郑州信大捷安信息技术股份有限公司,1-1.5万/月,西安,5-7年经验,本科,招1人,05-20发布,周末双休|五险一金|绩效奖金|节日福利|交通补贴|餐饮补贴|通讯补贴
HIS&CIS初级产品经理,东华医为科技有限公司,0.8-1.5万/月,西安,5-7年经验,本科,招若干人,05-20发布,五险一金|通讯补贴|年终奖金|定期体检
产品经理/专员,北京胜康瑞丽医疗科技有限公司,0.5-1万/月,北京,3-4年经验,招若干人,05-20发布,口腔医学,五险一金|专业培训|弹性工作|年终奖金
互联网产品经理,陕西劳动者共享科技有限公司,0.6-1万/月,西安,3-4年经验,大专,招3人,04-20发布,五险|绩效奖金|年终奖金|节日福利|早午餐
产品经理（产品设计方向）,西安好乐互娱文化传播有限责任公司,0.8-1万/月,西安-曲江文化新区,3-4年经验,大专,招1人,04-22发布,五险一金|补充医疗保险|弹性工作
产品经理,西安八阵图电子科技有限公司,0.6-1.5万/月,西安-浐灞生态区,1年经验,本科,招5人,04-24发布,五险一金|年终奖金|专业培训
产品经理B端,吉林省带客通网络科技有限公司,1-1.6万/月,西安-曲江文化新区,3-4年经验,本科,招1人,04-24发布,五险一金|员工旅游|绩效奖金|年终奖金|不打卡|免费零食
互联网产品经理(五险+双休+互联网）,西安恒谦教育科技股份有限公司,0.6-1.2万/月,西安-未央区,3-4年经验,本科,招3人,04-24发布,五险一金|定期体检|补充医疗保险
产品经理,西安多普多信息科技有限公司,10-18万/年,西安-碑林区,3-4年经验,本科,招1人,05-20发布,五险一金|定期体检|绩效奖金|每年多次调薪|餐补|话补|交通补助|年终奖
产品经理,陕西必康制药集团控股有限公司,0.8-1.2万/月,西安-高新技术产业开发区,2年经验,本科,招2人,04-25发布,五险一金|员工旅游|餐饮补贴|通讯补贴|绩效奖金|年终奖金|弹性工作|做五休二
综合金融产品经理（团队培训讲师）,中国平安人寿保险股份有限公司陕西分公司,1-1.5万/月,西安-未央区,3-4年经验,大专,招6人,05-18发布,补充医疗保险|补充公积金|员工旅游|专业培训|出国机会|绩效奖金|年终奖金|弹性工作|定期体检
金融管理培训生/金融产品经理,中国人寿保险股份有限公司西安市新城支公司,3-6千/月,西安-新城区,无工作经验,大专,招6人,05-18发布,专业培训|周末双休|节日福利|带薪年假|出国机会|季度旅游|补充医疗保险|弹性工作|员工旅游|交通补贴
产品经理,陕西合成药业股份有限公司,6-8万/年,西安-雁塔区,2年经验,本科,招1人,05-18发布,五险一金|通讯补贴|专业培训|交通补贴|餐饮补贴|绩效奖金
软件开发产品经理,西安大市道网络科技有限责任公司,5-8千/月,西安-未央区,2年经验,本科,招1人,05-18发布,
金融产品经理,中国人寿保险股份有限公司西安分公司经济技术开发区营销服务部,6-8千/月,西安-未央区,1年经验,大专,招4人,05-19发布,五险一金|带薪年假|弹性工作|全勤奖|绩效奖金|专业培训|通讯补贴
金融产品经理,平安普惠投资咨询有限公司陕西分公司,1-1.5万/月,西安-雁塔区,2年经验,大专,招5人,05-19发布,
产品经理,陕西鼎辉餐饮管理有限公司,0.8-1万/月,西安-碑林区,2年经验,中专,招2人,05-19发布,
保险产品经理助理,中国平安人寿保险股份有限公司陕西分公司,6-8千/月,西安-未央区,3-4年经验,大专,招5人,05-14发布,补充医疗保险|补充公积金|员工旅游|出国机会|专业培训|弹性工作|年终奖金|绩效奖金|周末双休
教学产品经理,北京百通世纪科技有限公司,0.8-1.3万/月,西安,3-4年经验,本科,招2人,05-19发布,周末双休|带薪年假|五险一金|绩效奖金|专业培训|做五休二|节日福利|全勤奖
供应链金融产品经理,新华人寿保险股份有限公司西安市雁塔支公司,1.5-3.5万/月,西安-雁塔区,3-4年经验,大专,招5人,05-19发布,补充医疗保险|员工旅游|年终奖金|绩效奖金|弹性工作|定期体检|专业培训
产品经理,浙江正元智慧科技股份有限公司,1.2-2万/月,西安-高新技术产业开发区,3-4年经验,大专,招2人,05-14发布,五险一金|免费班车|交通补贴|餐饮补贴|通讯补贴|专业培训|年终奖金|定期体检
产品经理（五险一金+双休+丰厚奖金）,深圳坐标软件集团有限公司,1-1.5万/月,西安-未央区,5-7年经验,本科,招2人,05-14发布,股票期权|五险一金|补充医疗保险|餐饮补贴|交通补贴|绩效奖金|年终奖金|专业培训
高级产品经理,酷渲（北京）科技有限公司,1.2-2万/月,西安-高新技术产业开发区,无工作经验,本科,招1人,05-14发布,五险一金|补充医疗保险|补充公积金|员工旅游|年终奖金|弹性工作|专业培训|股票期权
产品经理助理,陕西汉唐中天信息技术有限公司,3.5-6千/月,西安-高新技术产业开发区,无工作经验,本科,招3人,05-15发布,周末双休|带薪年假|专业培训|节日福利|法定节假日|员工活动
产品经理(售前支持),湖南青果软件有限公司,0.6-1万/月,西安,10年以上经验,本科,招1人,05-15发布,
产品经理（包吃住）,陕西伟业医药有限公司,4-6千/月,西安-莲湖区,2年经验,大专,招1人,05-15发布,五险一金|免费班车|员工旅游|定期体检|包吃包住|全勤奖|生日礼物|节日福利
产品经理,神州数码系统集成服务有限公司西安分公司,0.8-1.6万/月,西安,5-7年经验,本科,招1人,05-15发布,五险一金|补充医疗保险|免费班车|通讯补贴|年终奖金|弹性工作|定期体检
MES产品经理,西安维德汇通工业自动化有限公司,1.5-2万/月,西安-高新技术产业开发区,5-7年经验,本科,招3人,05-15发布,周末双休|带薪年假|五险一金|绩效奖金|节日福利|专业培训
产品经理,山西天之润枣业有限公司,3-5千/月,西安-新城区,无工作经验,本科,招1人,05-15发布,交通补贴|餐饮补贴|通讯补贴|绩效奖金|年终奖金|员工旅游|五险|岗位津贴|全勤奖金
产品经理,西安千禾药业股份有限公司,6-8千/月,西安,2年经验,本科,招2人,05-15发布,
产品经理,华为三立（北京）能源科技有限公司,8-10万/年,西安-雁塔区,2年经验,大专,招3人,05-16发布,
数据处理产品线产品经理,中科星图股份有限公司,1.5-2万/月,西安-国家民用航天产业基地,5-7年经验,本科,招1人,05-16发布,五险一金|补充医疗保险|交通补贴|餐饮补贴|绩效奖金|股票期权|弹性工作|定期体检|员工旅游|专业培训
产品经理,旅拍通科技有限公司,6-8千/月,西安-未央区,3-4年经验,大专,招1人,04-26发布,
LIS产品经理,上海岛昌医学科技股份有限公司,18-25万/年,西安,5-7年经验,本科,招若干人,04-26发布,五险一金|专业培训|绩效奖金|年终奖金
高级产品经理(J11848),瑞庭网络技术（上海）有限公司-安居客,1.4-2.5万/月,西安-碑林区,无工作经验,本科,招3人,04-27发布,五险一金|出国机会|绩效奖金|年终奖金|股票期权
旅游产品经理,西安新联邦国际旅行社有限公司,3-4.5千/月,西安-新城区,1年经验,大专,招2人,04-29发布,
商业化产品经理,西安华创人力资源管理咨询有限公司,1.5-3万/月,西安-雁塔区,无工作经验,本科,招1人,04-29发布,五险一金|定期体检|绩效奖金|年终奖金|员工旅游
产品经理,西安鑫烁电力科技有限公司,1-1.5万/月,西安,8-9年经验,本科,招1人,04-29发布,带薪年假|绩效奖金|全勤奖|节日福利|专业培训
产品经理,西安金穗生物科技有限责任公司,4.5-6千/月,西安,3-4年经验,本科,招1人,04-30发布,带薪年假|五险一金|全勤奖|绩效奖金
产品经理,陕西亿海石化有限公司,10-15万/年,西安-未央区,3-4年经验,本科,招若干人,05-02发布,五险一金|员工旅游|年终奖金|绩效奖金|通讯补贴|餐饮补贴
产品经理,西安大恒制药有限责任公司,3-4.5千/月,西安-高新技术产业开发区,3-4年经验,本科,招2人,05-05发布,补充医疗保险|员工旅游|交通补贴|年终奖金|绩效奖金|专业培训|通讯补贴|弹性工作|定期体检|五险一金
产品经理,西安比邻卓越人力资源服务有限公司,0.5-1万/月,西安-未央区,3-4年经验,本科,招1人,05-20发布,
互联网产品经理,太原易思软件技术有限公司,1-2万/月,西安,3-4年经验,大专,招2人,05-05发布,五险一金|员工旅游|交通补贴|餐饮补贴
产品经理-云计算,中电长城网际系统应用有限公司,0.7-1.4万/月,西安-未央区,3-4年经验,本科,招1人,05-05发布,五险一金|免费班车|交通补贴|餐饮补贴|定期体检|绩效奖金
IT产品经理（西安）,中建材信息技术股份有限公司,6-8千/月,西安,2年经验,大专,招1人,05-20发布,五险一金|定期体检|补充医疗保险|弹性工作|绩效奖金
产品经理,西安唐远信息科技有限公司,5-8千/月,西安-曲江文化新区,2年经验,本科,招1人,05-20发布,五险一金|包吃|绩效奖金|出差补贴|年终奖金
产品经理,卡漠网络科技股份有限公司,0.8-1.4万/月,西安-灞桥区,3-4年经验,本科,招4人,05-20发布,五险一金|免费班车|绩效奖金|全勤奖|节日福利|通讯补贴|员工旅游
产品经理,西安源森生物科技有限公司,10-15万/年,西安,无工作经验,硕士,招2人,05-20发布,
产品经理-西安,视联动力信息技术股份有限公司,6-8千/月,西安,3-4年经验,本科,招3人,05-20发布,五险一金|补充医疗保险|员工旅游|年终奖金|定期体检
高级产品经理（财务产品方向）,上海京颐科技股份有限公司,1-2万/月,西安,3-4年经验,本科,招1人,05-20发布,节日福利|交通补贴|五险一金|员工旅游|餐饮补贴|通讯补贴|绩效奖金
高级产品经理,北京时代一峰信息技术有限公司,0.7-1.5万/月,西安-高新技术产业开发区,3-4年经验,本科,招1人,05-20发布,五险一金|弹性工作|定期体检|员工旅游
跨境支付产品经理,西安优理克商务信息咨询有限公司,1-2万/月,西安-雁塔区,3-4年经验,本科,招1人,05-20发布,周末双休|五险一金|节日福利|绩效奖金|交通补贴|年终奖金|餐饮补贴|员工旅游
金融管理培训生/金融产品经理,中国人寿保险股份有限公司西安市新城支公司,3.8-8千/月,西安-新城区,无工作经验,大专,招5人,05-19发布,弹性工作|绩效奖金|全勤奖|节日福利|专业培训|补充医疗保险|补充养老保险|出国机会
金融产品经理,中国平安人寿保险股份有限公司西安电话销售中心,6-8千/月,西安-雁塔区,无工作经验,大专,招20人,05-19发布,做五休二|周末双休|带薪年假|五险一金|绩效奖金|全勤奖|节日福利|专业培训|高温补贴
产品经理（西安区域）,广州广电运通金融电子股份有限公司,0.8-1.5万/月,西安,3-4年经验,本科,招若干人,05-19发布,五险一金|免费班车|员工旅游|绩效奖金|定期体检|餐饮补贴
金融管理培训生/金融产品经理,中国人寿保险股份有限公司西安市新城支公司,3-6千/月,西安-新城区,无工作经验,大专,招2人,05-19发布,员工旅游|专业培训|弹性工作|绩效奖金|补充医疗保险|带薪年假|全勤奖|周末双休|做五休二|节日福利
产品经理,深圳友讯达科技股份有限公司,0.8-2万/月,西安-碑林区,3-4年经验,本科,招2人,05-20发布,五险一金|包住宿|免费班车|包吃|加班补贴|节日福利
产品经理,陕西国博政通信息科技有限公司,4-8千/月,西安-高新技术产业开发区,2年经验,大专,招若干人,05-20发布,五险一金|餐饮补贴|周末双休|生日节日福利|绩效奖金|年终奖金|专业培训
POS机产品经理(职位编号：10022),陕西聚富鑫信息科技有限公司,6-8千/月,西安-灞桥区,无工作经验,高中,招2人,05-20发布,五险一金|弹性工作|绩效奖金|包住|专业培训|年终奖金
产品经理,陕西普禾医药有限公司,12-18万/年,西安,1年经验,本科,招若干人,05-20发布,周末双休|五险一金|绩效奖金|节日福利|专业培训|伯乐推荐奖|员工旅游|公司重点项目
存储售前产品经理,杭州宏杉科技股份有限公司,0.8-1万/月,西安,2年经验,本科,招若干人,05-20发布,五险一金|补充医疗保险|员工旅游|通讯补贴|交通补贴|年终奖金|股票期权|专业培训|定期体检
产品经理（医药）,广誉远中药股份有限公司,0.8-2万/月,北京,2年经验,硕士,招1人,05-20发布,五险一金|通讯补贴|绩效奖金|专业培训|交通补贴|餐饮补贴|节日福利
产品经理,三全食品股份有限公司,1-1.5万/月,西安,无工作经验,本科,招2人,05-20发布,弹性工作|免费班车|绩效奖金|专业培训|包住宿|带薪年假
互联网产品经理,红星美凯龙国际家居连锁(集团),1.5-2.5万/月,西安-雁塔区,2年经验,本科,招若干人,05-20发布,五险一金|餐饮补贴|绩效奖金|年终奖金|带薪年假|节日福利
产品经理,广联达科技股份有限公司,6-9千/月,西安-未央区,3-4年经验,本科,招2人,05-20发布,五险一金|补充医疗保险|餐饮补贴|通讯补贴|专业培训|定期体检|下午茶|员工宿舍|绩效奖金|交通补贴
（某500强知名企业）产品经理,西安瀚特人力资源有限公司,1-1.5万/月,西安-高新技术产业开发区,3-4年经验,本科,招若干人,05-16发布,
产品经理,西安惠普生物科技有限公司,5-6千/月,西安-经济技术开发区,2年经验,本科,招1人,05-16发布,
产品经理,江苏亨通光网科技有限公司,1-1.5万/月,苏州,3-4年经验,本科,招若干人,05-16发布,周末双休|五险一金|全勤奖|节日福利|绩效奖金|餐饮补贴|通讯补贴|专业培训|定期体检
互联网产品经理,西安绿豆芽信息科技有限公司,0.5-1万/月,西安-碑林区,2年经验,本科,招若干人,05-16发布,五险一金|专业培训|弹性工作|绩效奖金|股票期权|腾讯空间旗下|最美办公环境
产品经理,西安盈达信息科技有限公司,0.8-1万/月,西安-雁塔区,3-4年经验,本科,招2人,05-16发布,五险一金|专业培训|年终奖金|周末双休
电商产品经理,西安交大长天软件股份有限公司,1.5-2万/月,西安,5-7年经验,本科,招1人,05-16发布,五险一金|补充医疗保险|员工旅游|交通补贴|餐饮补贴|专业培训|绩效奖金|年终奖金
教育产品经理,西安时代顾邦教育科技有限公司,0.8-1.2万/月,西安-雁塔区,2年经验,本科,招1人,05-16发布,五险一金|专业培训|绩效奖金|年终奖金
C端产品经理,西安华炎信息科技有限公司,1-1.5万/月,杭州-滨江区,3-4年经验,本科,招若干人,05-17发布,五险一金|员工旅游|餐饮补贴|年终奖金|定期体检
产品经理,陕西万尚星软件科技有限公司,1-1.2万/月,西安-碑林区,3-4年经验,大专,招1人,05-05发布,五险一金|餐饮补贴|弹性工作|绩效奖金|年终奖金|定期体检|交通补贴|周末双休
高级产品经理,陕西同纳信息技术有限公司,1-1.5万/月,西安-雁塔区,5-7年经验,本科,招3人,05-05发布,
产品经理,陕西昱鑫科技发展有限责任公司,4-6千/月,西安,2年经验,大专,招1人,05-06发布,五险一金|专业培训|餐饮补贴|通讯补贴|绩效奖金|节日福利
产品经理（15K+项目奖金）,北京宜选科技股份公司,1-1.5万/月,西安,3-4年经验,本科,招1人,05-06发布,五险一金|餐饮补贴|专业培训|绩效奖金|节日福利|带薪年假|周末双休|年底双薪
APP产品经理,陕西怡迪影视文化传媒有限公司,6-9千/月,西安-曲江文化新区,2年经验,大专,招1人,05-17发布,五险一金|通讯补贴|餐饮补贴|绩效奖金
通信售前产品经理,陕西圣凯信息技术有限公司,6-8千/月,西安-未央区,3-4年经验,本科,招3人,05-06发布,五险一金|补充医疗保险|专业培训|通讯补贴|交通补贴|年终奖金|定期体检|绩效奖金|周末双休|节日福利
家具软体及沙发产品经理,积木家（原蘑菇装修）,0.5-1万/月,西安-未央区,3-4年经验,大专,招2人,05-07发布,五险一金|餐饮补贴|绩效奖金
产品经理,西安巴斯光年软件科技有限公司,5-8千/月,西安-雁塔区,1年经验,本科,招若干人,05-08发布,周末双休|带薪年假|五险一金|绩效奖金|节日福利
广告产品经理,上海米赋网络科技有限公司,0.8-1.5万/月,西安-雁塔区,2年经验,本科,招若干人,05-08发布,五险一金|员工旅游|专业培训|年终奖金|弹性工作|定期体检
软件产品经理,西安驭思软件科技有限公司,0.8-1万/月,西安,1年经验,本科,招1人,05-08发布,五险一金|员工旅游|交通补贴|通讯补贴|绩效奖金|年终奖金|弹性工作
区域产品经理,江苏恩华药业股份有限公司,10-15万/年,西安,3-4年经验,本科,招2人,05-08发布,五险一金|绩效奖金|专业培训|通讯补贴|交通补贴|定期体检
金融业务经理,新华人寿保险股份有限公司西安市雁塔支公司,1.5-2万/月,西安,5-7年经验,大专,招1人,05-20发布,弹性工作|带薪年假|全勤奖|绩效奖金|补充医疗保险|员工旅游|专业培训|出国机会|弹性福利|生日福利
运营专员,江苏银丰信息技术有限公司,6-8千/月,西安,1年经验,本科,招1人,05-20发布,五险一金|餐饮补贴|弹性工作|专业培训|年终奖金|绩效奖金|定期体检
Android应用中级开发工程师,深圳市德卡科技股份有限公司,0.7-1.2万/月,西安-高新技术产业开发区,3-4年经验,本科,招2人,05-20发布,五险一金|补充医疗保险|员工旅游|定期体检|年终奖金|4.5天工作制|节日福利|部门活动|法定假期|项目奖金
咨询顾问,平安普惠投资咨询有限公司陕西分公司,0.8-1.5万/月,西安-碑林区,无工作经验,大专,招若干人,05-20发布,周末双休|五险一金|节日福利|专业培训|绩效奖金|高温补贴
产品经理,西安智售宝智能科技有限公司,0.6-1万/月,西安-长安区,无工作经验,本科,招1人,03-23发布,团建活动|五险一金|补充医疗保险|年终奖金
产品经理,梵界信息技术（上海）股份有限公司西安分公司,0.7-1.1万/月,西安-碑林区,3-4年经验,本科,招1人,03-25发布,五险一金|周末双休|带薪年假|生日礼物|过节礼品
产品经理,西安维沃通信设备有限责任公司,6-8千/月,西安,2年经验,本科,招1人,03-25发布,弹性工作|绩效奖金|全勤奖|节日福利|专业培训|通讯补贴|高温补贴
金融产品经理,平安普惠投资咨询有限公司陕西分公司,0.8-2万/月,西安-碑林区,无工作经验,大专,招6人,03-26发布,五险一金|补充公积金|专业培训|绩效奖金|年终奖金|弹性工作|周末双休|季度旅游|年度体检
产品经理,西安丝路智慧旅游科技有限公司,6-8千/月,西安-曲江文化新区,3-4年经验,大专,招1人,03-21发布,五险一金|专业培训|绩效奖金|年终奖金|弹性工作
WP-海外产品经理(职位编号：001203),维谛技术有限公司,0.7-1.4万/月,西安,无工作经验,本科,招若干人,03-27发布,五险一金|交通补贴|年终奖金|专业培训
平安电销+带薪培训+双休,西安聚航网络科技有限公司,6-8千/月,西安-雁塔区,无工作经验,大专,招10人,05-20发布,五险一金|补充公积金|员工旅游|弹性工作|定期体检|绩效奖金|专业培训|高温补贴|节日福利|周末双休
储备经理/主管（大学生）  双休,中国人寿保险股份有限公司西安市新城支公司,3-6千/月,西安,1年经验,大专,招2人,05-20发布,专业培训|出国机会|员工旅游|绩效奖金|弹性工作|补充医疗保险|年终奖金|做五休二|节日福利|全勤奖
项目运营实习生（西安）(职位编号：20),亚信科技（中国）有限公司,,西安,无工作经验,本科,招若干人,05-20发布,
Studio Production Director,维塔士电脑软件（西安）有限公司,3-4万/月,西安,无工作经验,本科,招1人,05-20发布,五险一金|补充医疗保险|员工旅游|餐饮补贴|专业培训|年终奖金|弹性工作|定期体检|水果|出国机会
底薪+培训+双休+快速晋升空间,中国平安人寿保险股份有限公司陕西分公司,0.8-1万/月,西安-雁塔区,无工作经验,高中,招2人,05-20发布,
用户界面（UI）设计师签约实习,陕西摩天黑石教育科技有限公司,4-8千/月,西安-碑林区,无工作经验,大专,招3人,05-20发布,
醋销售主管/专员,陕西云集恒丰商贸有限公司,6-8千/月,西安-高新技术产业开发区,1年经验,大专,招1人,05-20发布,
地区产品经理/学术推广经理,广州南新制药有限公司,10-15万/年,西安,3-4年经验,本科,招3人,05-20发布,做五休二|周末双休|带薪年假|五险一金|免费班车|节日福利|加班补贴|高温补贴
产品经理,西安世龙世家商贸有限公司,6-8千/月,西安,3-4年经验,大专,招3人,05-20发布,餐饮补贴|通讯补贴|绩效奖金|交通补贴|十三薪|带薪年假|节日福利|季度劳保|五险一金|全勤奖
产品经理（无线通讯模块）,深圳高新兴物联科技有限公司,20-30万/年,深圳-南山区,无工作经验,本科,招1人,05-20发布,五险一金|免费班车|员工旅游|餐饮补贴|通讯补贴|绩效奖金|定期体检|年终奖金|交通补贴
产品经理,西安迈盛悦合体育用品有限公司,0.8-1万/月,西安-碑林区,2年经验,本科,招若干人,05-20发布,做五休二|周末双休|带薪年假|五险一金|绩效奖金|全勤奖|节日福利|交通补贴
产品经理,西安倍格特数据技术有限公司,0.5-1万/月,西安-雁塔区,无工作经验,本科,招1人,05-20发布,五险一金|年终奖金|餐饮补贴|员工旅游|交通补贴|定期体检|专业培训|周末双休|通讯补贴
产品经理（需求方向）,邦正科技股份有限公司,0.6-1万/月,西安,3-4年经验,本科,招2人,05-20发布,五险一金|员工旅游|专业培训|定期体检|周末双休|带薪年假|绩效奖金|节日福利|项目奖金
产品经理,上海红星美凯龙品牌管理有限公司西安未央分公司,6-8千/月,西安,2年经验,大专,招3人,05-20发布,五险一金|绩效奖金|餐饮补贴|通讯补贴|做五休二|带薪年假|加班补贴|节日福利|生日福利|员工体检
产品经理,西安众方生物科技有限公司,4.5-6千/月,西安-雁塔区,3-4年经验,本科,招3人,05-20发布,
产品经理,陕西省君凯电子科技有限公司,1-2万/月,西安,8-9年经验,本科,招2人,05-20发布,五险一金|专业培训|交通补贴|餐饮补贴|通讯补贴|绩效奖金
产品经理,莱尔夫医疗集团,0.8-1万/月,西安,2年经验,大专,招1人,05-20发布,五险一金|通讯补贴|绩效奖金|周末双休
产品经理,浙江盘石信息技术股份有限公司,0.8-1万/月,西安-莲湖区,3-4年经验,本科,招2人,05-20发布,五险一金|餐饮补贴|绩效奖金|定期体检|带薪年假
数据产品经理,北京翔睿信诚科技有限公司,1-1.5万/月,西安-长安区,3-4年经验,招1人,05-20发布,信息与计算科学 数学与应用数学,专业培训|下午茶|创业公司
产品经理（产品设计方向）,西安未来国际信息股份有限公司,0.8-1.2万/月,西安,5-7年经验,本科,招2人,05-20发布,五险一金|交通补贴|餐饮补贴|通讯补贴|股票期权
产品经理（4k-7k）,陕西鹤鸣健康科技有限公司,3.5-5千/月,西安-高新技术产业开发区,2年经验,大专,招1人,05-20发布,不加班|五险一金|绩效奖金|节日福利
医药产品经理,西安正浩生物制药有限公司,4-8千/月,陕西省,2年经验,本科,招5人,05-20发布,弹性工作|专业培训|五险一金|绩效奖金|带薪年假|通讯补贴
产品经理（西安）,广州亿程交通信息集团有限公司,0.6-1万/月,西安-高新技术产业开发区,3-4年经验,大专,招1人,05-20发布,五险一金|免费班车|年终奖金|员工旅游|绩效奖金|定期体检
产品经理,西安梅花鹿医药有限公司,0.6-1.5万/月,西安-碑林区,3-4年经验,本科,招3人,05-20发布,五险一金|餐饮补贴|弹性工作|交通补贴|绩效奖金|补充医疗保险|员工旅游|通讯补贴|年终奖金
高级产品经理,西安彩虹星球农业科技有限公司,1.1-2万/月,西安-雁塔区,5-7年经验,本科,招1人,05-20发布,五险一金|专业培训|弹性工作|定期体检
产品经理（售前技术支持）,陕西浦思金融网络科技有限公司,0.6-1万/月,西安-雁塔区,1年经验,本科,招3人,05-20发布,周末双休|带薪年假|五险一金|专业培训|节日福利|通讯补贴|交通补贴
互联网产品经理,上海科箭软件科技有限公司,1-2万/月,西安-雁塔区,无工作经验,本科,招若干人,05-20发布,五险一金|补充医疗保险|员工旅游|交通补贴|餐饮补贴|通讯补贴|专业培训|绩效奖金|定期体检
西安产品经理,江苏诺瑞思医疗器械有限公司,0.6-1.2万/月,常州-武进区,无工作经验,大专,招3人,05-20发布,五险一金|专业培训|餐饮补贴|绩效奖金|定期体检|节假日福利|出国机会
产品经理,西安富立叶微电子有限责任公司,1-1.5万/月,西安-高新技术产业开发区,5-7年经验,本科,招1人,05-17发布,五险一金|补充医疗保险|员工旅游|通讯补贴|专业培训|出国机会|绩效奖金|年终奖金
高级产品经理,美能国际生物科技（深圳）有限公司,2-4万/月,西安-高新技术产业开发区,5-7年经验,本科,招1人,05-17发布,年终分红|股票期权|每年多次调薪|绩效奖金|出国游|大牛带队|五险一金|带薪年假|项目奖金|年终双薪
产品经理,汇纳科技股份有限公司,0.8-1.2万/月,西安,2年经验,本科,招1人,05-17发布,五险一金|交通补贴|餐饮补贴|绩效奖金|股票期权|定期体检
优选产品经理,山东星宏电讯有限责任公司,1.5-2万/月,济南,3-4年经验,大专,招10人,05-17发布,五险一金|绩效奖金|定期体检|周末双休|带薪年假
产品经理,陕西美邦农药有限公司,1-2万/月,西安-未央区,3-4年经验,本科,招6人,05-17发布,带薪年假|五险一金|餐饮补贴|交通补贴|节日福利|专业培训|高温补贴|绩效奖金
食品保健品产品经理,陕西华建国康循环产业发展股份有限公司西安分公司,4.5-6千/月,西安-未央区,3-4年经验,本科,招1人,05-17发布,高温补贴|交通补贴|住房补贴|通讯补贴|节日福利
产品经理,北京必创科技股份有限公司,1-2万/月,上海,3-4年经验,本科,招若干人,05-17发布,五险一金|餐饮补贴|通讯补贴|绩效奖金|年终奖金|专业培训|弹性工作|定期体检
产品经理(2019应届生)(001855)(职位编号：netposa001855),东方网力科技股份有限公司,1-1.5万/月,西安-雁塔区,无工作经验,硕士,招3人,05-17发布,五险一金|餐饮补贴|弹性工作|年终奖金
诚招贷款专员（五险一金 周末双休）,西安创赢商务信息咨询有限公司,4.5-6千/月,西安-雁塔区,无工作经验,本科,招6人,05-10发布,
理财经理,陕西邦宏资产管理有限公司,0.8-1万/月,西安-曲江文化新区,无工作经验,本科,招若干人,05-10发布,
渠道客户经理,西安转折点金融外包服务有限公司,6-8千/月,西安,1年经验,大专,招10人,05-11发布,绩效奖金|生日福利|节假日正常休|年终奖金|专业培训|周末双休|朝九晚六|做五休二|五险一金|弹性工作
产品经理,吉林步长医药销售有限公司,1-1.5万/月,西安-莲湖区,2年经验,本科,招1人,05-09发布,
文创产品经理,陕西智地商业品牌管理有限公司,6-8千/月,西安-雁塔区,2年经验,大专,招1人,05-09发布,
产品经理,西安艾润物联网技术服务有限责任公司,0.8-1万/月,西安-雁塔区,3-4年经验,本科,招1人,05-09发布,通讯补贴|专业培训|绩效奖金|交通补贴|带薪年假|周末双休|餐饮补贴|节日福利
CAE产品经理,英特工程仿真技术（大连）有限公司,0.7-1.4万/月,大连-高新园区,5-7年经验,本科,招5人,05-10发布,五险一金|员工旅游|交通补贴|绩效奖金|年终奖金|股票期权|定期体检|通讯补贴|餐饮补贴
APP产品经理,商消乐电子商务有限公司,0.8-1.2万/月,西安-雁塔区,3-4年经验,本科,招1人,05-10发布,员工旅游|周末双休|五险|带薪年假|朝九晚六
互联网产品经理,陕西绝顶人峰网络科技有限公司,0.6-1万/月,西安-高新技术产业开发区,2年经验,本科,招1人,05-12发布,绩效奖金|全勤奖|通讯补贴|员工旅游|节日福利|免费班车|专业培训|餐饮补贴|交通补贴|弹性工作
产品总监/高级产品经理,陕西天宇制药有限公司,6-8千/月,西安,无工作经验,本科,招1人,05-13发布,五险一金|通讯补贴|绩效奖金|年终奖金|交通补贴|员工旅游|专业培训|定期体检|股票期权
OTC/保健品产品经理,西安利君制药有限责任公司,6-8千/月,西安,5-7年经验,本科,招若干人,05-13发布,做五休二|弹性工作|带薪年假|五险一金|免费班车|节日福利|餐饮补贴|高温补贴|绩效奖金
银行系统产品经理或咨询顾问,上海谐桐信息技术有限公司,1-3万/月,西安-高新技术产业开发区,3-4年经验,本科,招若干人,05-13发布,五险一金|弹性工作|年终奖金|定期体检|专业培训|交通补贴|餐饮补贴
产品经理（10-15K）,西安优音通信有限公司,1-1.5万/月,西安-未央区,无工作经验,本科,招3人,05-13发布,五险一金|餐饮补贴|专业培训|出国机会|绩效奖金|员工旅游|定期体检
UI设计师,西安飞鸟软件科技有限公司,0.5-2万/月,西安-高新技术产业开发区,3-4年经验,大专,招5人,04-23发布,五险一金|交通补贴|餐饮补贴|通讯补贴|年终奖金|员工旅游|出国机会|定期体检
理财经理,海银财富管理有限公司西安分公司,6-8千/月,西安-雁塔区,3-4年经验,大专,招5人,04-25发布,五险一金|定期体检|餐饮补贴|弹性工作|绩效奖金
品牌策划,陕西中和宠物食品有限公司,0.5-1万/月,西安-西咸新区,3-4年经验,大专,招若干人,04-26发布,
产品经理,西安优势物联网科技有限公司,1-2万/月,西安,3-4年经验,本科,招1人,03-29发布,周末双休|带薪年假|五险一金|节日福利|专业培训|加班补贴|绩效奖金|年终奖金|餐饮补贴|交通补贴
渠道产品经理,上海阔礼商务咨询有限公司,1-1.5万/月,西安,5-7年经验,大专,招1人,04-02发布,五险一金|补充医疗保险|员工旅游|餐饮补贴|专业培训|绩效奖金|年终奖金|弹性工作
销售经理,北京海源时光网络科技有限公司,0.5-1.8万/月,西安,无工作经验,招2人,04-26发布,英语,
产品经理,陕西智地商业品牌管理有限公司,4.5-6千/月,西安-高新技术产业开发区,2年经验,大专,招1人,04-01发布,
产品经理,北京裕翔创力科技有限责任公司,1-1.5万/月,西安,3-4年经验,大专,招5人,04-04发布,五险一金|员工旅游|出国机会|年终奖金|绩效奖金|专业培训
产品经理,西安荣峰软件科技有限公司,1-1.5万/月,西安-高新技术产业开发区,5-7年经验,本科,招若干人,04-04发布,
技术支持工程师（应届毕业生）-珠海、西安、郑州,珠海万力达电气自动化有限公司,4.5-6千/月,珠海,无工作经验,本科,招10人,05-20发布,五险一金|免费班车|员工旅游|餐饮补贴|专业培训|绩效奖金|定期体检
电池产品经理（西安分公司）,陕西煤业化工技术研究院有限责任公司,0.8-1万/月,西安-长安区,5-7年经验,本科,招1人,04-05发布,五险一金|带薪年假|高温补贴|交通补贴|餐饮补贴|通讯补贴|绩效奖金|年终奖金|定期体检
急招客户经理,中国平安人寿保险股份有限公司陕西分公司,3-4.5千/月,西安-雁塔区,无工作经验,大专,招15人,05-20发布,五险一金|补充公积金|补充医疗保险|年终奖金|绩效奖金|定期体检|出国机会|员工旅游|专业培训|降温取暖费
7000金融销售专员+双休+五险一金,中国平安人寿保险股份有限公司西安电话销售中心,0.8-1万/月,西安-雁塔区,无工作经验,大专,招8人,05-20发布,定期体检|绩效奖金|员工旅游|补充医疗保险|降温取暖|周末双休|发展自由|六险二金|朝九晚六点半
综合金融储备干部,中国人寿保险股份有限公司西安市新城支公司,0.8-1万/月,西安-新城区,无工作经验,大专,招3人,05-20发布,补充医疗保险|员工旅游|出国机会|定期体检|弹性工作|绩效奖金|专业培训|年终奖金|补充养老保险
软件工程师,陕西众森电能科技有限公司,1-1.5万/月,西安-经济技术开发区,3-4年经验,本科,招5人,05-20发布,五险一金|交通补贴|通讯补贴|补充医疗保险|周末双休|年终奖金|定期体检|绩效奖金|餐饮补贴|专业培训
中国平安西北总部客户经理 双休 6-8千/月,西安德塔电子科技有限公司,6-8千/月,西安-雁塔区,无工作经验,大专,招17人,05-20发布,五险一金|周末双休|免费班车|补充医疗保险|员工旅游|绩效奖金|专业培训|定期体检|年终奖金|弹性工作
中国平安销售储备干部,中国平安人寿保险股份有限公司陕西分公司,6-8千/月,西安-高新技术产业开发区,无工作经验,大专,招6人,05-20发布,五险一金|补充医疗保险|补充公积金|员工旅游|绩效奖金|定期体检
综合金融,中国平安人寿保险股份有限公司陕西分公司,6-8千/月,西安-雁塔区,无工作经验,大专,招10人,05-20发布,
朝九晚六诚聘客户经理,友众信业金融信息服务（上海）有限公司西安第二分公司,1.5-2万/月,西安-碑林区,无工作经验,高中,招10人,03-25发布,做五休二|弹性工作|带薪年假|五险一金|绩效奖金|全勤奖|节日福利|专业培训|住房补贴|高温补贴
学术经理(职位编号：HZ002),陕西万盛健康产业有限公司,6-8千/月,杭州-西湖区,3-4年经验,本科,招1人,03-25发布,专业培训|周末双休|提供住宿|年终奖金|绩效奖金
门店经理（营业部经理  咸阳 ）,友众信业金融信息服务(上海)有限公司咸阳第一分公司,1-1.5万/月,咸阳,无工作经验,本科,招1人,03-26发布,五险一金|员工旅游|股票期权|年终奖金|定期体检|专业培训|出国机会|绩效奖金
商品运营主管,美菜网,6-8千/月,西安,3-4年经验,大专,招若干人,03-27发布,弹性工作|带薪年假|五险一金|节日福利|绩效奖金|交通补贴|通讯补贴
网站运营专员,西安吉客印电子商务有限公司,6-8千/月,西安-高新技术产业开发区,无工作经验,大专,招1人,05-20发布,五险一金|弹性工作|绩效奖金|专业培训|下午茶|节日福利|带薪年假|团队建设
金融保险经理,陕西运通瑞迪汽车销售服务有限公司,7-9千/月,西安,3-4年经验,大专,招1人,03-26发布,五险一金|餐饮补贴|专业培训|绩效奖金|定期体检|节日福利|通讯补贴
资深财富规划经理,上海北广股权投资基金管理有限公司,0.8-1.2万/月,西安,无工作经验,本科,招3人,03-27发布,做五休二|绩效奖金|节日福利|专业培训|餐饮补贴|带薪年假|五险一金|周末双休
高级贷款顾问,陕西伙伴领域信息服务有限公司,6-8千/月,西安-高新技术产业开发区,1年经验,初中及以下,招5人,05-20发布,五险一金|年终奖金|绩效奖金|员工旅游|专业培训|弹性工作|周末双休
运营经理,华润太平洋餐饮管理（北京）有限公司,4.5-6千/月,西安,2年经验,大专,招1人,05-20发布,做五休二|带薪年假|五险一金|高温补贴|通讯补贴|加班补贴|餐饮补贴|交通补贴|节日福利|专业培训
产品专员（2019届毕业生）,恒瑞医药-江苏新晨医药有限公司,0.6-1万/月,西安,无工作经验,本科,招10人,05-20发布,五险一金|员工旅游|专业培训|弹性工作|定期体检|补充医疗保险|出国机会|提供住宿|带薪年假
PhP开发工程师,西安天亦寰宇科技有限公司,0.6-1.5万/月,西安-雁塔区,3-4年经验,大专,招3人,05-20发布,五险一金|绩效奖金|年终奖金|全勤奖|项目奖金|节日福利|带薪年假
综合金融开拓专员,中国平安人寿保险股份有限公司西安电话销售中心,0.8-1万/月,西安-雁塔区,无工作经验,大专,招2人,05-20发布,五险一金|专业培训|出国机会|补充公积金|员工旅游|绩效奖金|补充医疗保险|定期体检
金融理财产品电话销售,中国平安人寿保险股份有限公司陕西分公司,6-8千/月,西安-高新技术产业开发区,无工作经验,大专,招3人,05-20发布,五险一金|补充医疗保险|补充公积金|员工旅游|专业培训|绩效奖金|弹性工作|定期体检|周末双休|降温取暖费
产品主管（乐享融资租赁）,西安华中投资实业（集团）有限公司,6-8千/月,西安-雁塔区,3-4年经验,大专,招1人,05-20发布,带薪年假|五险一金|包吃|全勤奖|绩效奖金|节日福利|专业培训|免费午餐
团队经理(职位编号：001),西安锐德尚网络科技有限公司,2-2.5万/月,西安-高新技术产业开发区,3-4年经验,大专,招若干人,05-20发布,员工旅游|专业培训|绩效奖金|年终奖金|弹性工作|周末双休|不加班
首席软件质量工程师,次元境界科技（北京）有限公司,30-40万/年,西安,8-9年经验,本科,招1人,05-20发布,
保险销售专员可***高提成,中国人寿保险股份有限公司西安市新城支公司,6-8千/月,西安-新城区,无工作经验,中专,招2人,05-20发布,专业培训|周末双休|弹性工作|全勤奖|绩效奖金|通讯补贴|补充医疗保险|做五休二|节日福利|员工旅游
经理助理,西安鼎鑫汇业商务信息咨询有限公司,6-8千/月,西安-未央区,无工作经验,本科,招2人,05-20发布,五险一金|弹性工作|员工旅游|专业培训|年终奖金
产品运营专员,咸阳三源新科设备工程有限公司,4.5-6千/月,西安-雁塔区,1年经验,中专,招2人,05-20发布,交通补贴|餐饮补贴|通讯补贴|绩效奖金|年终奖金|弹性工作|五险一金|带薪年假|全勤奖
营销产品经理,西安图迹信息科技有限公司,1-1.5万/月,西安,3-4年经验,本科,招2人,05-20发布,五险一金|补充医疗保险|员工旅游|弹性工作|定期体检|绩效奖金|年终奖金
产品专员,江苏唯德康医疗科技有限公司,0.5-1万/月,常州,1年经验,本科,招4人,05-20发布,五险一金|交通补贴|餐饮补贴|通讯补贴
五险+双休+无责任在线网络销售,中国平安人寿保险股份有限公司陕西分公司,6-8千/月,西安-雁塔区,无工作经验,大专,招3人,05-20发布,五险一金|补充医疗保险|补充公积金|专业培训|员工旅游|定期体检|周末双休|带薪年假|全勤奖|高温补贴
产品助理,陕西医药控股集团派昂医疗器械有限公司,4.5-6千/月,西安,3-4年经验,大专,招2人,05-20发布,五险一金|免费班车|员工旅游|交通补贴|餐饮补贴|通讯补贴|专业培训|出国机会|绩效奖金|定期体检
品牌经理,西安唐华精工环境工程有限公司,6-8千/月,西安-碑林区,无工作经验,大专,招若干人,05-20发布,交通补贴|节日福利|全勤奖|专业培训|通讯补贴
品牌经理,西安市泰升食品有限责任公司,6-8千/月,西安,3-4年经验,大专,招1人,05-17发布,员工旅游|交通补贴|餐饮补贴|通讯补贴|专业培训|出国机会|绩效奖金|年终奖金
销售专员（底薪3500+提成+双休）,陕西小象兴通金融外包服务有限公司,0.8-1万/月,西安-雁塔区,无工作经验,大专,招10人,05-17发布,做五休二|周末双休|带薪年假|五险一金|全勤奖|绩效奖金|节日福利|专业培训|工龄工资|年终奖
项目经理（西安）,杭州三汇数字信息技术有限公司,1-1.5万/月,西安-未央区,5-7年经验,本科,招1人,05-17发布,五险一金|免费班车|员工旅游|年终奖金|绩效奖金|定期体检|免费中餐
测试经理,美格智能西安研究所,1-1.5万/月,西安-高新技术产业开发区,5-7年经验,本科,招2人,05-17发布,五险一金|定期体检|出国机会|员工旅游|年终奖金|绩效奖金|股票期权
SE工程师,深圳市卓翼科技股份有限公司,1.5-2万/月,西安-高新技术产业开发区,8-9年经验,本科,招2人,05-17发布,五险一金|通讯补贴|餐饮补贴|绩效奖金|年终奖金|节日福利|带薪年假|上市公司
Web前端,陕西西建大聚慧软件科技有限公司,0.6-1.2万/月,西安-碑林区,3-4年经验,本科,招5人,05-18发布,
游戏测试工程师,西安飞蝶虚拟现实科技有限公司,4-8千/月,西安-高新技术产业开发区,3-4年经验,大专,招3人,05-18发布,五险一金|周末双休|绩效奖金|节日福利
金融实习生/理财规划师（双休）,中国平安人寿保险股份有限公司陕西分公司,4.5-6千/月,西安-雁塔区,无工作经验,大专,招3人,05-18发布,五险一金|专业培训|周末双休|绩效奖金|全勤奖|高温补贴|节日福利|带薪年假
Android开发工程师,西安火枪手教育培训学校有限公司,1-1.5万/月,西安-碑林区,3-4年经验,本科,招1人,05-18发布,五险一金|绩效奖金|免费工作餐
销售代表/业务（月薪8000+）,和信金融信息服务（北京）有限公司西安分公司,0.8-1万/月,西安-雁塔区,无工作经验,大专,招5人,05-18发布,专业培训|员工旅游|出国机会|绩效奖金|五险一金|弹性工作
投资顾问(J13089),西安道股商贸有限公司,0.4-1万/月,西安-碑林区,无工作经验,大专,招30人,05-11发布,
大客户经理  无责底薪4000+提成+双休,三体云智能科技有限公司,1-1.5万/月,西安-未央区,1年经验,大专,招2人,05-18发布,五险一金|绩效奖金|员工旅游|年终奖金|弹性工作|团队聚餐|员工生日|节日福利|下午茶|水果趴
综合金融产品经理,中国人寿保险股份有限公司西安市新城支公司,4-8千/月,西安-新城区,无工作经验,大专,招5人,05-17发布,周末双休|弹性工作|带薪年假|全勤奖|节日福利|专业培训|五险一金
3k无责任底薪招销售代表,西安美都电器有限公司,3-4.5千/月,西安-曲江文化新区,无工作经验,大专,招2人,05-12发布,带薪年假|绩效奖金|节日福利|员工旅游|专业培训
平安综合金融储备干部,中国平安人寿保险股份有限公司陕西分公司,1-1.5万/月,西安-未央区,1年经验,本科,招46人,05-13发布,周末双休|弹性工作|五险一金|绩效奖金|节日福利|专业培训|出国机会|补充医疗保险|员工旅游|年终奖金
中国平安招募（银行-保险-投资）综合金融经纪人/主管(职位编号：03),中国平安人寿保险股份有限公司陕西分公司,6-8千/月,西安-未央区,2年经验,大专,招若干人,05-13发布,
游戏项目经理,西安西品网络科技有限公司,1-1.5万/月,西安,3-4年经验,本科,招1人,05-14发布,五险一金|补充医疗保险|员工旅游|交通补贴|餐饮补贴|绩效奖金|年终奖金|弹性工作|补充公积金|定期体检
城市经理,上海凯京信达科技集团有限公司,0.6-1.2万/月,西安-经济技术开发区,1年经验,大专,招若干人,05-15发布,周末双休|五险一金|专业培训|绩效奖金|交通补贴|扁平化管理|节日福利
.NET开发工程师,北京北斗兴业信息技术股份有限公司,0.7-1.2万/月,西安-雁塔区,3-4年经验,大专,招1人,05-15发布,五险一金|带薪年假|通讯补贴|交通补贴|餐饮补贴
前端开发工程师,西安开轩自动化有限责任公司,4.5-6千/月,西安,2年经验,本科,招3人,05-15发布,专业培训|食堂免费午餐|周末双休|健身俱乐部|员工旅游
金融运营管理经理,霆科国际融资租赁有限公司,0.6-1万/月,西安-经济技术开发区,3-4年经验,本科,招1人,05-15发布,员工旅游|交通补贴|绩效奖金|享受五险|父母体检|生日福利|弹性工作
AI产品经理  公司直聘  正式编制  周末双休,中国平安人寿保险股份有限公司陕西分公司,6-8千/月,西安-雁塔区,无工作经验,本科,招3人,05-14发布,周末双休|弹性工作|带薪年假|五险一金|专业培训|节日福利|全勤奖|绩效奖金|高温补贴
产品经理,新华人寿保险股份有限公司西安市雁塔支公司,1.5-2万/月,西安-雁塔区,3-4年经验,大专,招3人,05-19发布,补充医疗保险|员工旅游|年终奖金|绩效奖金|弹性工作|定期体检|专业培训
综合金融产品经理,中国平安人寿保险股份有限公司陕西分公司,0.8-1万/月,西安-未央区,无工作经验,大专,招10人,05-20发布,
电话销售,西安轻松易电子商务有限公司,0.8-1万/月,西安-碑林区,1年经验,大专,招2人,04-26发布,绩效奖金|年终奖金|做五休二|五险一金|节日福利|餐饮补贴|专业培训|定期体检|通讯补贴
团队经理,上海红歆财富投资管理有限公司西安分公司,0.8-1.5万/月,西安,1年经验,大专,招若干人,04-26发布,五险一金|补充医疗保险|专业培训|出国机会|绩效奖金|员工旅游|弹性工作|带薪年假|周末双休
金融客户经理,西安越普市场研究有限公司,0.8-1万/月,西安-新城区,无工作经验,中专,招10人,04-26发布,
平安诚聘2019届实习生,中国平安人寿保险股份有限公司陕西分公司,4.5-6千/月,西安-高新技术产业开发区,无工作经验,大专,招8人,04-27发布,周末双休|弹性工作|节日福利|专业培训|全勤奖|绩效奖金|五险一金|带薪年假|降温取暖费|无责任底薪
催收专员（双休+福利+高提成）,广州谷创信息科技有限公司,4-8千/月,西安-雁塔区,无工作经验,大专,招6人,04-28发布,五险一金|做五休二|免费班车
旅游项目经理,陕西交通运输实业有限公司,4.5-6千/月,西安-新城区,3-4年经验,大专,招2人,04-29发布,五险|交通补贴|餐饮补贴|通讯补贴|带薪年假|年终奖金
金融储备干部,中国人寿保险股份有限公司西安市新城支公司,10-15万/年,西安-新城区,无工作经验,大专,招3人,04-29发布,
金融代理,云南我连科技有限公司,4.5-6千/月,深圳-宝安区,2年经验,高中,招若干人,05-01发布,包三餐|包住宿|绩效奖金|全勤奖|节日福利|专业培训|带薪年假
产品经理,西安万隆制药股份有限公司,0.7-1万/月,西安,2年经验,本科,招若干人,04-09发布,
智慧城市产品经理,西安立人科技股份有限公司,0.8-1万/月,西安,5-7年经验,大专,招1人,04-10发布,五险一金|绩效奖金|节日福利
产品经理,广州石竹计算机软件有限公司,1.5-2万/月,西安-高新技术产业开发区,5-7年经验,本科,招1人,04-12发布,五险一金|补充医疗保险|通讯补贴|绩效奖金|定期体检
产品经理,陕西巨子生物技术有限公司,5-7千/月,西安,无工作经验,本科,招1人,04-12发布,五险一金|员工旅游|年终奖金|绩效奖金|餐饮补贴
助理产品经理（西安）,杭州数云信息技术有限公司西安分公司,0.8-1.3万/月,西安-高新技术产业开发区,2年经验,本科,招1人,04-13发布,
产品经理,红牛公司陕西分公司,0.8-1.2万/月,西安-高新技术产业开发区,3-4年经验,大专,招1人,04-19发布,五险一金|通讯补贴|餐饮补贴|专业培训|绩效奖金|年终奖金|交通补贴|定期体检
综合金融主管（年薪10万）,中国人寿保险股份有限公司西安市新城支公司,10-15万/年,西安-新城区,无工作经验,大专,招3人,05-20发布,补充医疗保险|员工旅游|专业培训|出国机会|绩效奖金|年终奖金|弹性工作|定期体检
UI工程师,南京烽火星空通信发展有限公司,0.8-1万/月,西安-高新技术产业开发区,无工作经验,本科,招若干人,05-20发布,五险一金|补充医疗保险|员工旅游|交通补贴|年终奖金|绩效奖金|餐饮补贴
医疗器械产品专员（月薪6K+）,陕西华信医疗设备器械有限公司,6-8千/月,西安-雁塔区,3-4年经验,大专,招1人,05-20发布,五险一金|绩效奖金|弹性工作
人事行政助理,陕西京兆宏图商务信息咨询有限公司,3-4.5千/月,西安-雁塔区,2年经验,大专,招10人,05-20发布,周末双休|带薪年假|专业培训|节日福利|全勤奖|绩效奖金|加班补贴
解决方案专家,特变电工西安电气科技有限公司,0.8-1万/月,西安,3-4年经验,本科,招1人,03-28发布,五险一金|定期体检|出国机会|交通补贴|通讯补贴
销售经理,西安知北信息技术有限公司,0.5-1万/月,西安-雁塔区,1年经验,大专,招2人,05-20发布,节日福利|业绩提成|项目前景好|绩效奖金
综合金融储备主管（正式编制）,中国平安人寿保险股份有限公司陕西分公司,0.8-1万/月,西安-雁塔区,1年经验,大专,招10人,03-29发布,
旅游电商专员,陕西懿铄商旅服务有限公司,4.5-6千/月,西安-未央区,无工作经验,大专,招10人,03-30发布,员工旅游|交通补贴|绩效奖金|年终奖金|全勤奖|节日福利
金融贷款专员办,平安普惠投资咨询有限公司陕西分公司,0.8-1万/月,西安-雁塔区,无工作经验,本科,招3人,03-31发布,弹性工作|带薪年假|五险一金|绩效奖金|节日福利|专业培训|高温补贴|季度旅游
UX设计师,西安神交科技有限公司,2-5万/月,西安-曲江文化新区,3-4年经验,本科,招2人,04-03发布,带薪年假|五险一金|绩效奖金|节日福利|专业培训
理财顾问   双休  朝九晚五,中国平安人寿保险股份有限公司陕西分公司,4.5-6千/月,西安-高新技术产业开发区,无工作经验,大专,招4人,04-02发布,周末双休|带薪年假|五险一金|全勤奖|节日福利|高温补贴|免费班车|专业培训|降温补贴|弹性工作
UI/UE/工程师 (双休、五险）,西安朗晟电子科技有限公司,6-8千/月,西安,1年经验,大专,招2人,04-02发布,五险一金|年终奖金|餐饮补贴|员工旅游|交通补贴|补充医疗保险|节日福利|生日福利
集团总部诚聘金融客户经理,中国平安人寿保险股份有限公司陕西分公司,4.5-6千/月,西安-高新技术产业开发区,无工作经验,大专,招13人,04-02发布,五险一金|正式编制|周末双休|带薪年假|免费班车|全勤奖|节日福利|专业培训|高温补贴|降温补贴
基金经理,西安创元基金管理有限公司,1-2万/月,西安-曲江文化新区,无工作经验,本科,招3人,04-07发布,
A323-1产品专员,西安卓睿信息技术有限公司,4.5-6千/月,西安,无工作经验,大专,招5人,04-10发布,五险一金|补充医疗保险|补充公积金|免费班车|员工旅游|交通补贴|绩效奖金
咨询顾问,平安普惠投资咨询有限公司陕西分公司,0.8-1万/月,西安-碑林区,无工作经验,大专,招6人,04-10发布,五险一金|专业培训|补充医疗保险|补充公积金|员工旅游|定期体检|弹性工作|每月团建
咨询中级工程师,福建新大陆软件工程有限公司,0.9-1.6万/月,西安,3-4年经验,本科,招2人,05-20发布,五险一金|交通补贴|通讯补贴|专业培训|绩效奖金|年终奖金|定期体检|免费班车
软件测试工程师,黑讯互联网科技（苏州）有限公司,4.5-6千/月,西安-高新技术产业开发区,2年经验,本科,招1人,05-20发布,五险一金|员工旅游|年终奖金|绩效奖金|出国机会|股票期权
股票交易员（美股+双休+非销售）,西安梦端网络科技有限公司,1-1.5万/月,西安-雁塔区,无工作经验,大专,招6人,05-20发布,弹性工作|员工旅游|绩效奖金
全国各地营业部总经理、副总经理,宁证期货有限责任公司,1-5万/月,南京,无工作经验,本科,招20人,05-20发布,五险一金|餐饮补贴|专业培训|绩效奖金|定期体检|补充医疗保险|年终奖金
综合金融专员,中国人寿保险股份有限公司西安市新城支公司,4.5-6千/月,西安-新城区,1年经验,大专,招3人,05-20发布,员工旅游|专业培训|绩效奖金|弹性工作|年终奖金|补充医疗保险
培训师,成都市保丽康科技有限公司,4-6千/月,西安,无工作经验,大专,招1人,05-20发布,购买社保|全勤奖|节日福利|周末双休
华为UPS售前工程师（西安）,神州数码（中国）有限公司西安分公司,1-1.5万/月,西安-高新技术产业开发区,无工作经验,本科,招1人,05-20发布,五险一金|补充医疗保险|免费班车|员工旅游|交通补贴|餐饮补贴|通讯补贴|专业培训|绩效奖金|弹性工作
高级客户经理/客户经理,上海友而信市场信息咨询有限公司西安第一分公司,0.6-1.8万/月,西安,无工作经验,高中,招3人,05-20发布,周末双休|带薪年假|五险一金|绩效奖金|节日福利|交通补贴|餐饮补贴|年终奖金
高级客户经理/客户经理,友众信业金融信息服务(上海)有限公司西安第二分公司,4-9千/月,西安-碑林区,无工作经验,大专,招3人,05-20发布,
P2P营业部经理（保险、寿险优先 西安 ）,友众信业金融信息服务（上海）有限公司西安第一分公司,1-1.5万/月,西安-雁塔区,无工作经验,本科,招1人,05-20发布,五险一金|员工旅游|股票期权|年终奖金|定期体检|专业培训|出国机会|绩效奖金
金融实习生,中国人寿保险股份有限公司西安市新城支公司,4.5-6千/月,西安-新城区,无工作经验,大专,招若干人,05-20发布,弹性工作|带薪年假|绩效奖金|节日福利|周末双休|专业培训|全勤奖|补充养老保险|补充医疗保险
国企直聘信用卡专员,中国人寿保险股份有限公司西安分公司经济技术开发区营销服务部,0.8-1.3万/月,西安-未央区,无工作经验,大专,招3人,05-20发布,五险一金|补充医疗保险|员工旅游|专业培训|绩效奖金|年终奖金|弹性工作|出国机会|周末双休
销售工程师（西安、延安、杨陵）,上海泰坦科技股份有限公司,0.8-1万/月,西安,无工作经验,大专,招若干人,05-20发布,五险一金|定期体检|员工旅游
咨询顾问,平安普惠投资咨询有限公司陕西分公司,6-8千/月,西安-碑林区,1年经验,本科,招5人,05-20发布,
金融机构部项目管理(职位编号：001806),永安期货股份有限公司,6-8千/月,西安,无工作经验,本科,招2人,05-20发布,五险一金|年终奖金|定期体检|专业培训
市场营销总监,江苏吴中嘉业集团有限公司,1.5-2万/月,西安-莲湖区,5-7年经验,大专,招1人,05-20发布,周末双休|五险一金|通讯补贴|餐饮补贴|绩效奖金
Web前端开发工程师,西安凯达科技有限公司,4.5-6千/月,西安-长安区,2年经验,本科,招1人,05-20发布,五险一金|定期体检|年终奖金
公司直招 做五休二交易员,陕西倍利投资管理有限公司,6-8千/月,西安-高新技术产业开发区,无工作经验,大专,招8人,05-20发布,五险一金|专业培训
OTA运营经理,山东雄狮建筑装饰股份有限公司,0.8-1万/月,西安-雁塔区,3-4年经验,大专,招1人,05-19发布,
综合金融实习生（国企  双休）,中国人寿保险股份有限公司西安市新城支公司,3.8-7.5千/月,西安-新城区,无工作经验,大专,招5人,05-19发布,弹性工作|带薪年假|绩效奖金|节日福利|专业培训|员工旅游|做五休二|定期体检
工作轻松，保底4000,中国平安人寿保险股份有限公司陕西分公司,3-4.5千/月,西安-雁塔区,无工作经验,大专,招5人,05-18发布,五险一金|周末双休|绩效奖金|带薪年假|专业培训|节日福利|无责底薪|免费班车|员工旅游|做五休二
社保+双休+过节福利+提成 +市场专员,陕西爱瑞科技发展有限公司,6-8千/月,西安-碑林区,无工作经验,大专,招若干人,05-19发布,
外汇经纪人,陕西联合仲汇资本管理有限公司,4.5-6千/月,西安-高新技术产业开发区,无工作经验,中专,招15人,05-19发布,五险一金|专业培训|绩效奖金
幼师专业需求顾问,西安千策电子信息科技有限公司,4.5-6千/月,西安,3-4年经验,硕士,招2人,05-19发布,五险一金|绩效奖金|员工旅游
诚招  平安优才  高级主管,中国平安人寿保险股份有限公司陕西分公司,1.5-2万/月,西安-莲湖区,无工作经验,高中,招3人,05-19发布,
金融理财服务,中国人寿保险股份有限公司西安市新城支公司,4-6千/月,西安-新城区,无工作经验,大专,招5人,05-19发布,补充医疗保险|员工旅游|出国机会|专业培训|绩效奖金|年终奖金|弹性工作|定期体检
城市经理,查马货道（西安）信息科技有限公司,1-1.5万/月,西安,3-4年经验,本科,招1人,05-19发布,
检验员,陕西天元智能再制造股份有限公司,3-4.5千/月,西安,3-4年经验,大专,招1人,05-15发布,五险一金|绩效奖金|包住宿|餐饮补贴|高温补贴|专业培训
中国平安客服专员（正式编制+双休）,中国平安人寿保险股份有限公司陕西分公司,4.5-6千/月,西安-高新技术产业开发区,无工作经验,大专,招若干人,05-19发布,周末双休|带薪年假|五险一金|交通补贴|高温补贴|全勤奖|绩效奖金|节日福利|专业培训|定期体检
综合金融理财顾问/培育主管,中国人寿保险股份有限公司西安分公司西大街营销服务部,4.5-6千/月,西安-莲湖区,1年经验,大专,招2人,05-15发布,补充医疗保险|员工旅游|专业培训|出国机会|绩效奖金|年终奖金|弹性工作|五险一金|定期体检
产品运营专员（互联网）,陕西链家,4.5-6千/月,西安-高新技术产业开发区,2年经验,本科,招5人,05-15发布,绩效奖金|节日福利|专业培训|弹性工作
产品运营经理,西安禧九网络科技有限公司,5-8千/月,西安,3-4年经验,本科,招1人,05-16发布,餐饮补贴|通讯补贴|绩效奖金|年终奖金|五险一金|定期体检|周末双休
产品经理助理,陕西省中医药研究院汉唐制药有限公司,3-4.5千/月,西安,1年经验,本科,招1人,05-20发布,五险一金|餐饮补贴|绩效奖金
高级销售顾问月薪8K-2w,友众信业金融信息服务（上海）有限公司西安财务咨询分公司,1-1.5万/月,西安-未央区,1年经验,大专,招5人,05-16发布,
产品经理（事业五部）,陕西步长制药有限公司,1-1.5万/月,西安,1年经验,本科,招2人,05-20发布,五险一金|专业培训|法定节假日|员工旅游|交通补贴|通讯补贴|绩效奖金|弹性工作|定期体检
产品经理（医药）,广誉远中药股份有限公司,0.9-1.5万/月,西安-高新技术产业开发区,3-4年经验,硕士,招2人,05-20发布,通讯补贴|专业培训|绩效奖金|交通补贴|社会保险|节日礼物|法定节假日
金融产品经理,中国平安人寿保险股份有限公司陕西分公司,6-8千/月,西安-未央区,1年经验,高中,招45人,05-20发布,补充医疗保险|补充公积金|员工旅游|出国机会|专业培训|绩效奖金|年终奖金|弹性工作
产品经理,东华软件股份公司,2-3万/月,西安-雁塔区,5-7年经验,本科,招10人,05-20发布,
HIS&CIS高级产品经理,东华医为科技有限公司,1.5-2.5万/月,西安,5-7年经验,本科,招3人,05-20发布,五险一金|通讯补贴|年终奖金|定期体检
市场经理 服装公司,西安美大商贸有限公司,6-7千/月,西安-碑林区,1年经验,大专,招3人,05-03发布,交通补贴|餐饮补贴|通讯补贴|专业培训|出国机会|绩效奖金|年终奖金
投资经理,西安中科创星科技孵化器有限公司,1-1.2万/月,西安-高新技术产业开发区,无工作经验,硕士,招1人,05-05发布,五险一金|通讯补贴|年终奖金|补充医疗保险|餐饮补贴|定期体检
市场营销总监,民生证券股份有限公司西安南二环证券营业部,6-8千/月,西安-莲湖区,3-4年经验,本科,招1人,05-05发布,五险一金|定期体检|餐饮补贴|绩效奖金|通讯补贴|补充医疗保险|专业培训|年终奖金|员工旅游
贝壳找房-培训主管,西安链家总部,6-8千/月,西安,3-4年经验,本科,招1人,05-06发布,绩效奖金|带薪年假|弹性工作|节日福利|专业培训
软件测试工程师,西安科融电子有限公司,4-6千/月,西安-高新技术产业开发区,1年经验,本科,招1人,05-07发布,五险一金|员工旅游|交通补贴|通讯补贴|绩效奖金|年终奖金
UI设计师工程师,陕西智华信科技有限公司,6-8千/月,西安,3-4年经验,本科,招1人,05-06发布,五险一金|免费班车|员工旅游|绩效奖金|年终奖金|周末双休|节日福利
金融保险师,中国人寿保险股份有限公司西安市新城支公司,4.5-6千/月,西安-新城区,1年经验,大专,招10人,05-06发布,做五休二|周末双休|绩效奖金|全勤奖
银行信贷经理,西安卓泰信息技术有限公司,0.8-1万/月,西安-雁塔区,2年经验,大专,招15人,05-07发布,五险一金|员工旅游|定期体检|年终奖金|绩效奖金
中国平安综合金融经理 (银行 保险 证券 贷款 ）,西安飞鸟网络科技有限公司,6-8千/月,西安-雁塔区,无工作经验,大专,招16人,05-20发布,五险一金|专业培训|定期体检|带薪年假|周末双休|采暖补贴|降温补贴|补充医疗保险
信贷经理人,平安普惠投资咨询有限公司西安唐延路分公司,1.5-2万/月,西安-雁塔区,1年经验,本科,招8人,05-20发布,五险一金|补充公积金|员工旅游|专业培训|出国机会|绩效奖金|年终奖金|弹性工作|降温费|取暖费
百度云客户经理,西安天互通信有限公司,6-8千/月,西安,1年经验,大专,招10人,05-20发布,五险一金|通讯补贴|餐饮补贴|专业培训|员工旅游|交通补贴|绩效奖金|节假日福利|员工生日会
销售经理（互联网支付方向）(职位编号：2),银盛支付服务股份有限公司陕西分公司,6-9千/月,西安-高新技术产业开发区,3-4年经验,本科,招2人,05-20发布,五险一金|补充医疗保险|员工旅游|交通补贴|绩效奖金|定期体检|通讯补贴|司龄补贴|带薪年假|节日福利
市场总监,西安吉京港实业有限公司,20-30万/年,西安-雁塔区,5-7年经验,本科,招1人,05-20发布,年终奖金|绩效奖金|员工旅游|五险一金|周末双休
金融客户经理,平安普惠投资咨询有限公司陕西分公司,1.5-2万/月,西安-碑林区,无工作经验,大专,招若干人,04-12发布,五险一金|补充医疗保险|定期体检|弹性工作|绩效奖金|年终奖金|员工旅游|出国机会|专业培训|补充公积金
产品创新部总经理,西安丝路金融资产交易中心有限公司,1-1.5万/月,西安-浐灞生态区,5-7年经验,本科,招1人,04-12发布,五险一金|补充医疗保险|餐饮补贴|年终奖金|定期体检|专业培训|绩效奖金
生物产品技术支持,北京安必奇生物科技有限公司,6-8千/月,西安-未央区,无工作经验,招2人,04-12发布,英语良好,五险一金|补充医疗保险|补充公积金|员工旅游|专业培训|出国机会|绩效奖金|年终奖金|定期体检
推广专员8000提成+被动收入,陕西盛嘉银通商贸有限公司,0.4-1万/月,西安-未央区,无工作经验,中专,招10人,04-16发布,周末双休|五险一金|绩效奖金|全勤奖|专业培训|交通补贴|弹性工作|节日福利
题库运营专员,作业帮教育科技（北京）有限公司,2-4千/月,西安-雁塔区,1年经验,大专,招40人,04-16发布,带薪年假|车补|五险一金
西北总部直招储备主管,百年人寿保险股份有限公司陕西分公司,0.6-1万/月,西安-雁塔区,1年经验,大专,招1人,04-16发布,五险一金|周末双休|带薪年假|绩效奖金|节日福利|专业培训|高温补贴
高薪聘网络销售,西安福鼎信息技术有限公司,6-8千/月,西安-雁塔区,1年经验,高中,招10人,04-16发布,专业培训|绩效奖金
学术推广经理（西安）,华润紫竹药业有限公司,0.8-1万/月,西安,1年经验,本科,招1人,04-17发布,做五休二|周末双休|带薪年假|五险一金|免费班车|绩效奖金|节日福利|专业培训|餐饮补贴|住房补贴
金融产品科员,比亚迪汽车金融有限公司,0.6-1万/月,西安-高新技术产业开发区,2年经验,本科,招1人,04-18发布,五险一金|餐饮补贴|通讯补贴|绩效奖金
Web前端开发工程师,西安海邻科信息技术有限公司,8-10万/年,西安-莲湖区,2年经验,本科,招1人,04-18发布,五险一金|通讯补贴|年终奖金|股票期权|定期体检|绩效奖金|专业培训|员工旅游
市场经理,西安迪安医学检验实验室有限公司,0.8-1.3万/月,西安,3-4年经验,硕士,招1人,04-17发布,五险一金|餐饮补贴|通讯补贴|专业培训|定期体检|年终奖金|绩效奖金|带薪年假|周末双休|节假日
市场专员+带薪培训,陕西棱智电子科技有限公司,0.8-1万/月,西安-未央区,无工作经验,中专,招5人,04-18发布,五险一金|专业培训|全勤奖|绩效奖金|带薪年假|员工旅游|年终奖金|定期体检|出国机会
金融客户经理 上市企业+五险一金,微贷网陕西分公司,6-8千/月,陕西省,1年经验,大专,招若干人,04-18发布,五险一金|餐饮补贴|专业培训|绩效奖金|年终奖金|员工旅游
高级客户经理 周末双休,中国平安人寿保险股份有限公司陕西分公司,6-8千/月,西安-未央区,无工作经验,大专,招3人,04-20发布,
产品培训师,西安庄和地产集团有限公司,1-1.2万/月,西安-高新技术产业开发区,10年以上经验,本科,招1人,04-18发布,节日福利|五险一金|周末双休
售前咨询顾问,陕西思宇信息技术股份有限公司,0.9-1.6万/月,西安-雁塔区,3-4年经验,本科,招2人,05-20发布,五险一金|交通补贴|餐饮补贴|通讯补贴|绩效奖金|定期体检
综合金融客户经理,中国人寿保险股份有限公司西安市新城支公司,3-6.5千/月,西安,无工作经验,大专,招5人,05-20发布,节日福利|专业培训|弹性工作|绩效奖金|五险一金|免费班车|定期体检|年终奖金|员工旅游|做五休二
商务拓展-西安,江苏欧飞电子商务有限公司,1-1.5万/月,南京-雨花台区,3-4年经验,本科,招2人,05-20发布,五险一金|通讯补贴|专业培训|绩效奖金|年终奖金|定期体检
客户代表,陕西大麦汽车销售服务有限公司,6-8千/月,西安-未央区,无工作经验,初中及以下,招10人,05-20发布,带薪年假|包吃|绩效奖金|专业培训|节日福利
电子元器件销售工程师,北京远大创新科技有限公司,1-1.5万/月,西安-高新技术产业开发区,1年经验,大专,招5人,05-20发布,五险一金|做五休二|周末双休|全勤奖|节日福利|带薪年假
ebay跨境电商运营,上海龙品信息技术有限公司,3-6千/月,西安-雁塔区,无工作经验,大专,招6人,05-20发布,带薪年假|五险一金|节日福利|全勤奖|绩效奖金|加班补贴|交通补贴|部门绩效奖金|公司旅游
业务经理（陕西区域）,芜湖圣大医疗器械技术股份有限公司,6-8千/月,西安,1年经验,中专,招1人,05-20发布,五险一金|交通补贴|餐饮补贴|通讯补贴|绩效奖金|专业培训|定期体检|周末双休
中国平安西北总部客户经理  双休,中国平安人寿保险股份有限公司陕西分公司,6-8千/月,西安-雁塔区,无工作经验,大专,招5人,05-20发布,
UI视觉设计工程师(研发运作)(职位编号：uniview002267),浙江宇视科技有限公司,0.5-1.2万/月,陕西省,1年经验,本科,招若干人,05-20发布,五险一金|餐饮补贴|定期体检|绩效奖金|年终奖金|弹性工作|员工旅游|专业培训|通讯补贴
软件测试工程师,西安环太科技发展有限公司,4-7千/月,西安-高新技术产业开发区,1年经验,大专,招若干人,05-20发布,定期体检|员工旅游|员工食堂|节日福利|带薪年假|五险
ui设计师--实习(职位编号：03),威发（西安）软件有限公司,2-4千/月,西安-高新技术产业开发区,无工作经验,硕士,招2人,05-20发布,员工旅游|专业培训|年终奖金|五险一金|定期体检|补充医疗保险|部分餐补|加班交通补|部分商业保险|文娱体育锻炼
链家培训主管,西安链家总部,6-8千/月,西安-高新技术产业开发区,2年经验,本科,招1人,05-20发布,带薪年假|五险一金|绩效奖金|节日福利|专业培训|加班补贴
iOS开发工程师,陕西三金电梯配件有限公司,0.6-1.2万/月,西安-莲湖区,3-4年经验,本科,招1人,05-20发布,带薪年假|五险一金|节日福利|全勤奖|股权激励
高薪急聘销售经理（空调/机电行业）,陕西爱和森机电设备有限公司,6-8千/月,西安,3-4年经验,大专,招5人,05-20发布,五险一金|员工旅游|专业培训|出国机会|绩效奖金|年终奖金
财富部团队长,西部信托有限公司,,西安,2年经验,本科,招3人,05-20发布,五险一金|餐饮补贴|通讯补贴|绩效奖金
贷款顾问（双休，五险一金）,西安盈宽网络科技有限公司,0.6-1万/月,西安-雁塔区,无工作经验,大专,招若干人,05-20发布,周末双休|带薪年假|五险一金|免费班车|专业培训|高温补贴|全勤奖|绩效奖金|节日福利|住房补贴
17210I-寿险渠道专员(职位编号：17210I),平安普惠融资担保有限公司陕西分公司,6-8千/月,西安-碑林区,1年经验,本科,招1人,05-20发布,五险一金|绩效奖金|采暖补贴|高温补贴|带薪年假|节日福利
前端开发工程师,格尔软件股份有限公司,0.8-1.1万/月,西安-雁塔区,2年经验,本科,招2人,05-20发布,五险一金|员工旅游|餐饮补贴|专业培训|年终奖金|弹性工作|定期体检
前端开发工程师,西安中服软件有限公司,1-1.5万/月,西安,3-4年经验,本科,招若干人,05-20发布,五险一金|补充医疗保险|员工旅游|绩效奖金|年终奖金|定期体检
市场/学术推广经理,陕西诺勤医药有限公司,0.8-1.2万/月,西安-莲湖区,无工作经验,大专,招1人,05-20发布,五险一金|员工旅游|交通补贴|专业培训|绩效奖金|年终奖金
信贷经理,平安普惠信息服务有限公司陕西分公司,1-1.5万/月,西安-莲湖区,无工作经验,大专,招10人,05-20发布,五险一金|补充医疗保险|补充公积金|专业培训|绩效奖金|弹性工作|定期体检
金融业务经理,深圳雍金商业保理有限公司,10-15万/年,西安-未央区,无工作经验,本科,招2人,05-20发布,五险一金
金融客户经理,中国人寿保险股份有限公司西安分公司经济技术开发区营销服务部,6-8千/月,西安-未央区,无工作经验,高中,招5人,05-20发布,
西北市场推广经理,北京佳诚医药有限公司,1-1.5万/月,西安,2年经验,本科,招若干人,05-20发布,绩效奖金|年终奖金|带薪年假|通讯补贴|弹性工作|交通补贴
综合金融规划师,中国人寿保险股份有限公司西安市新城支公司,4-6千/月,西安-新城区,无工作经验,大专,招3人,05-20发布,周末双休|弹性工作|五险一金|绩效奖金|节日福利|全勤奖|专业培训|员工旅游|年终奖金|补充医疗保险
APP运营经理,陕西鸿祥幕墙工程有限公司,0.6-1万/月,西安,3-4年经验,大专,招2人,05-20发布,年终奖金|交通补贴|弹性工作|专业培训|社会保险
三维Web前端工程师,陕西土豆数据科技有限公司,1-1.5万/月,西安,3-4年经验,本科,招2人,05-20发布,五险一金|餐饮补贴|绩效奖金|通讯补贴|年终奖金
顾问咨询主管（储备干部）接受实习,中国人寿保险股份有限公司西安市新城支公司,3.5-7.5千/月,西安-未央区,1年经验,大专,招3人,05-19发布,周末双休|做五休二|弹性工作|绩效奖金|节日福利|专业培训|五险一金
软件工程师,浙江大华技术股份有限公司,1-2万/月,西安,无工作经验,本科,招若干人,05-20发布,免费班车|餐饮补贴|专业培训|弹性工作|年终奖金|通讯补贴|定期体检|周末双休|五险一金|绩效奖金
金融理财实习生,中国人寿保险股份有限公司西安市新城支公司,4-6千/月,西安-新城区,无工作经验,大专,招5人,05-19发布,补充医疗保险|员工旅游|专业培训|出国机会|定期体检|弹性工作|年终奖金|绩效奖金
财富管理总监,西安德鸿财行投资管理有限公司,1.5-2万/月,西安-雁塔区,5-7年经验,本科,招1人,05-20发布,五险一金|员工旅游|专业培训|绩效奖金|年终奖金
银泰商业-新零售运营经理-新零售(职位编号：GP537204),阿里巴巴集团,,西安,3-4年经验,本科,招1人,05-20发布,
项目经理,神州数码信息服务股份有限公司,1-1.5万/月,西安,5-7年经验,本科,招4人,05-20发布,
软件产品工程师/应用工程师（医学检验专业）,上海杏和软件有限公司,0.6-1.2万/月,西安,1年经验,本科,招2人,05-20发布,五险一金|通讯补贴|餐饮补贴|年终奖金|员工旅游|绩效奖金
培训师,中国平安人寿保险股份有限公司陕西分公司,0.8-1万/月,西安-雁塔区,无工作经验,大专,招10人,05-20发布,
销售管理,斯莱达医疗用品（惠州）有限公司,6-8千/月,陕西省,3-4年经验,大专,招1人,05-20发布,弹性工作|带薪年假|五险一金|绩效奖金|节日福利|专业培训|交通补贴|餐饮补贴|加班补贴|通讯补贴
咨询顾问,平安普惠投资咨询有限公司陕西分公司,0.8-1万/月,西安-碑林区,无工作经验,大专,招3人,05-16发布,
高薪金融销售（5000-22000）,上海友而信市场信息咨询有限公司西安第一分公司,0.5-2.2万/月,西安-新城区,无工作经验,大专,招5人,05-16发布,五险一金|出国机会|专业培训|弹性工作|定期体检|绩效奖金|员工旅游
贝壳找房+培训主管,西安链家总部,6-8千/月,西安-高新技术产业开发区,3-4年经验,本科,招1人,05-16发布,五险一金|弹性工作|带薪年假|高温补贴|专业培训|节日福利|绩效奖金
UI设计师,陕西优百信息技术有限公司,6-8千/月,西安-高新技术产业开发区,2年经验,本科,招1人,05-17发布,五险一金|补充医疗保险|员工旅游|交通补贴|绩效奖金|定期体检
电气设备区域销售工程师,安士缔（中国）电气设备有限公司,15-20万/年,西安-未央区,2年经验,大专,招5人,05-17发布,提成奖金
产品经理,珠海网博信息科技股份有限公司,0.8-1万/月,西安,3-4年经验,大专,招1人,05-20发布,五险一金|员工旅游|绩效奖金|年终奖金|定期体检|餐饮补贴|弹性工作
天线研发工程师,摩比科技（西安）有限公司,8-9千/月,西安,3-4年经验,本科,招1人,05-17发布,五险一金|补充医疗保险|定期体检|专业培训|绩效奖金|年终奖金
IT产品经理---西安,中建材信息技术股份有限公司,0.7-1.5万/月,西安-高新技术产业开发区,1年经验,大专,招2人,05-20发布,五险一金|补充医疗保险|绩效奖金|年终奖金|定期体检|交通补贴|通讯补贴
互联网产品经理,西安比邻卓越人力资源服务有限公司,1.2-2.3万/月,西安-未央区,3-4年经验,本科,招1人,05-20发布,
产品经理,西安图迹信息科技有限公司,0.8-1.5万/月,西安-高新技术产业开发区,3-4年经验,本科,招1人,05-20发布,五险一金|补充医疗保险|员工旅游|通讯补贴|绩效奖金|年终奖金|定期体检|周末双休
视频监控产品经理---西安,中建材信息技术股份有限公司,6-8千/月,西安-高新技术产业开发区,3-4年经验,大专,招1人,05-20发布,五险一金|定期体检|补充医疗保险|弹性工作|绩效奖金
产品经理-数通-西安,中建材信息技术股份有限公司,1-1.5万/月,西安,1年经验,大专,招3人,05-20发布,五险一金|补充医疗保险|年终奖金|绩效奖金|定期体检|通讯补贴|餐饮补贴
产品经理（电力现货）,西安图迹信息科技有限公司,1-1.5万/月,西安,3-4年经验,本科,招1人,05-20发布,五险一金|补充医疗保险|员工旅游|弹性工作|定期体检|绩效奖金|年终奖金
00078-高级产品经理,上海京颐科技股份有限公司,1-1.5万/月,西安,2年经验,本科,招1人,05-20发布,五险一金|员工旅游|交通补贴|餐饮补贴|通讯补贴|绩效奖金|年终奖金|股票期权|年底双薪|餐补
产品经理周末双休,西安金穗源昌信息咨询有限公司,4.5-6千/月,西安-莲湖区,无工作经验,大专,招若干人,05-20发布,做五休二|全勤奖|节日福利|交通补贴|餐饮补贴
APP产品经理,西安瑜乐文化科技股份有限公司,0.8-1.2万/月,西安,3-4年经验,本科,招1人,05-20发布,五险一金|绩效奖金|年终奖金
产品经理（云平台）,深圳市有方科技股份有限公司,1.5-2.5万/月,西安-雁塔区,2年经验,本科,招若干人,05-20发布,五险一金|员工旅游|餐饮补贴|通讯补贴|年终奖金|定期体检
产品经理,陕西淘丁实业集团有限公司,6-9千/月,西安-长安区,5-7年经验,本科,招若干人,05-20发布,五险一金|股票期权|弹性工作
银行签约助理,西安中融联合商务信息咨询有限公司,4-8千/月,西安-碑林区,2年经验,大专,招10人,05-08发布,五险一金|带薪年假|专业培训|节日福利|全勤奖|绩效奖金
软件部经理,西安魔盾电气工程自动化研究所有限公司,1.5-2万/月,西安-高新技术产业开发区,8-9年经验,本科,招1人,05-08发布,社保|五险一金|员工旅游|年终奖金|周末双休
流量运营经理/高级经理,DotC United Group,2-2.5万/月,上海-徐汇区,3-4年经验,本科,招1人,05-08发布,五险一金|员工旅游|餐饮补贴|绩效奖金|年终奖金|股票期权|弹性工作|定期体检
美工设计员,陕西聚哲科技有限公司,5-8千/月,西安,2年经验,大专,招5人,05-08发布,
数据分析师（德银控股.西安/上海）,陕西天行健车联网信息技术有限公司,1-1.5万/月,西安-经济技术开发区,2年经验,本科,招1人,05-09发布,五险一金|补充医疗保险|交通补贴|餐饮补贴|通讯补贴|专业培训|绩效奖金|年终奖金|定期体检|做五休二
客服专员,陕西腾东信息科技有限公司,2-4千/月,西安-雁塔区,无工作经验,大专,招2人,05-08发布,
保险产品经理,新华人寿保险股份有限公司西安市未央支公司,1-3万/月,西安-未央区,无工作经验,大专,招若干人,05-20发布,补充医疗保险|员工旅游|专业培训|绩效奖金|年终奖金|弹性工作|定期体检
Cocos-H5开发工程师,西安兔肯通证信息技术有限公司,0.8-1万/月,西安-未央区,2年经验,大专,招1人,05-09发布,
经执委-总部区域经理岗（西安）,国金证券股份有限公司,1.5千以下/月,西安-高新技术产业开发区,2年经验,本科,招1人,04-02发布,五险一金|员工旅游|餐饮补贴|交通补贴|通讯补贴
产品经理实习生,龙尚科技（上海）有限公司,2-4千/月,西安-高新技术产业开发区,无工作经验,本科,招3人,05-16发布,五险一金|交通补贴|餐饮补贴|绩效奖金|定期体检
产品经理助理,游久游戏,2.5-6千/月,西安-高新技术产业开发区,2年经验,大专,招1人,05-16发布,五险一金|补充公积金|员工旅游|交通补贴|餐饮补贴|绩效奖金|年终奖金|弹性工作|定期体检|通讯补贴
友信普惠管理培训生（储备干部）,友众信业金融信息服务（上海）有限公司西安第二分公司,0.5-1.8万/月,西安,无工作经验,本科,招6人,03-21发布,五险一金|补充医疗保险|补充公积金|员工旅游|专业培训|出国机会|绩效奖金|弹性工作|定期体检|做五休二
交互设计师-实习生,陕西敏捷装饰工程有限公司,3-4.5千/月,西安-高新技术产业开发区,无工作经验,大专,招3人,03-22发布,
财务经理,中国平安人寿保险股份有限公司陕西分公司,1-1.5万/月,西安,2年经验,大专,招3人,05-09发布,做五休二|周末双休|弹性工作|带薪年假|节日福利|专业培训
产品经理,西安金穗源昌信息咨询有限公司,6-8千/月,西安-莲湖区,无工作经验,大专,招10人,05-20发布,做五休二|全勤奖|节日福利|交通补贴|餐饮补贴
移动产品经理,西安瑜乐文化科技股份有限公司,1-1.5万/月,西安,3-4年经验,大专,招1人,05-20发布,五险一金|绩效奖金|年终奖金
产品经理,浙江仙居制药销售有限公司,20-30万/年,西安,2年经验,本科,招1人,05-20发布,五险一金|交通补贴|通讯补贴|专业培训|定期体检
技术支持（产品经理）,北京康为世纪生物科技有限公司,0.8-1万/月,西安,无工作经验,硕士,招若干人,05-20发布,五险一金|员工旅游|餐饮补贴|专业培训|绩效奖金|定期体检|交通补贴|高温补贴|通讯补贴
云计算产品经理,上海云首信息科技有限公司,1.5-2万/月,西安-雁塔区,3-4年经验,本科,招若干人,05-20发布,五险一金|补充医疗保险|员工旅游|绩效奖金|弹性工作|定期体检
高级产品经理,陕西淘丁实业集团有限公司,0.8-1.3万/月,西安-长安区,8-9年经验,本科,招2人,05-20发布,五险一金
互联网产品经理,陕西东正知识产权代理有限公司,0.5-1万/月,西安,无工作经验,大专,招2人,05-20发布,带薪年假|五险一金|专业培训|绩效奖金|节日福利|弹性工作
产品经理+住宿+高提成,西安建昭企业管理咨询有限公司,6-8千/月,西安-雁塔区,无工作经验,大专,招5人,05-20发布,五险一金|包住宿|绩效奖金|节日福利|专业培训|弹性工作|带薪年假
产品经理（学术推广方向）,西安中盛凯新技术发展有限责任公司,5-7千/月,西安-新城区,2年经验,本科,招1人,05-20发布,员工旅游|五险一金|节日补贴|员工生日会|年终奖金|补充医疗保险|股票期权|专业培训
B2C产品经理,每一天便利超市连锁有限公司信息中心研发部,0.8-1万/月,西安-碑林区,2年经验,本科,招1人,05-20发布,五险一金|员工旅游|专业培训|绩效奖金
